secCode,docID,流動資産_EDINET,負債合計_EDINET,投資有価証券_EDINET,更新日
44650,S100Z0B0,14116005000.0,7827927000.0,465419000.0,2026-09-06
95170,S100Z0MU,49973000000.0,64528000000.0,3615000000.0,2026-09-06
98160,S100Z0JB,3497253000.0,3034750000.0,10000000.0,2026-09-06
208A0,S100Z0JO,9444243000.0,11898779000.0,4239727000.0,2026-09-06
31540,S100Z02J,91252708000.0,95089368000.0,4713827000.0,2026-09-06
40990,S100YZOS,80288000000.0,51659000000.0,24023000000.0,2026-09-06
49230,S100YYQN,8898184000.0,3670072000.0,191837000.0,2026-09-06
192A0,S100YZEV,1958557000.0,223924000.0,,2026-09-06
288A0,S100YYR9,1896493000.0,1699150000.0,,2026-09-06
40880,S100YZGY,122825000000.0,423315000000.0,42001000000.0,2026-09-06
78880,S100YZ2B,40097000000.0,43272000000.0,22000000.0,2026-09-06
90230,S100YZAA,316446000000.0,1313215000000.0,5240000000.0,2026-09-06
63800,S100YZBS,2665127000.0,3274464000.0,223958000.0,2026-09-06
45680,S100YZB3,1257803000000.0,1758539000000.0,49122000000.0,2026-09-06
24620,S100YZCT,17232215000.0,22648434000.0,441087000.0,2026-09-06
59670,S100YZDE,8715492000.0,3233118000.0,2293262000.0,2026-09-06
61500,S100YZ4M,5267692000.0,2401404000.0,107143000.0,2026-09-06
38100,S100YZC8,752000000.0,531000000.0,90000000.0,2026-09-06
353A0,S100YZBZ,1448089000.0,1326837000.0,,2026-09-06
82530,S100YZ8K,286215000.0,2404109000.0,,2026-09-06
32360,S100YZF9,44996000000.0,29692000000.0,271000000.0,2026-09-06
24370,S100YZC3,2643516000.0,965191000.0,7564000.0,2026-09-06
88870,S100YZFP,48863000000.0,51651000000.0,453000000.0,2026-09-06
581A0,S100YZFU,53908000000.0,39524000000.0,0.0,2026-09-06
78080,S100YYY4,9569614000.0,15649286000.0,311658000.0,2026-09-06
33210,S100YYVJ,37918528000.0,24321519000.0,69644000.0,2026-09-06
505A0,S100YZ0G,2546352000.0,1356810000.0,,2026-09-06
37600,S100YXXZ,8479365000.0,6981732000.0,869216000.0,2026-09-06
76730,S100YYF5,13054536000.0,9175125000.0,549000000.0,2026-09-06
38770,S100YYQ0,54612000000.0,65946000000.0,11651000000.0,2026-09-06
77250,S100YYJX,12155541000.0,1891359000.0,130429000.0,2026-09-06
35010,S100YYVN,54931000000.0,57813000000.0,4534000000.0,2026-09-06
41130,S100YY8G,16226000000.0,11908000000.0,88000000.0,2026-09-06
44300,S100YYUD,5227063000.0,5181720000.0,196924000.0,2026-09-06
48290,S100YZ0T,4711295000.0,694660000.0,279940000.0,2026-09-06
27690,S100YZ31,15261000000.0,15526000000.0,,2026-09-06
87950,S100YZ3S,22471000000.0,15303878000000.0,,2026-09-06
60440,S100YYT4,8367577000.0,5135369000.0,307862000.0,2026-09-06
198A0,S100YZ4E,1217514000.0,255334000.0,,2026-09-06
189A0,S100YZ57,9092322000.0,7160809000.0,,2026-09-06
21530,S100YYLT,33829000000.0,17957000000.0,3298000000.0,2026-09-06
65050,S100YYOS,30086000000.0,25825000000.0,14178000000.0,2026-09-06
29840,S100YYQ5,26862187000.0,37053051000.0,320695000.0,2026-09-06
79210,S100YYNO,26111519000.0,9456782000.0,3206222000.0,2026-09-06
64960,S100YYFP,23192378000.0,10995764000.0,2675365000.0,2026-09-06
13760,S100YYEO,38277060000.0,24306505000.0,2264370000.0,2026-09-06
96510,S100YYEW,11909262000.0,3384960000.0,1587423000.0,2026-09-06
58690,S100YYSK,4419070000.0,2300000000.0,524590000.0,2026-09-06
40760,S100YYRG,4505570000.0,1300385000.0,5000000.0,2026-09-06
64600,S100YYNN,388744000000.0,263173000000.0,51185000000.0,2026-09-06
205A0,S100YYTC,14351739000.0,17716081000.0,,2026-09-06
36450,S100YYS4,2958057000.0,2311671000.0,55732000.0,2026-09-06
38240,S100YYIA,569122000.0,326836000.0,,2026-09-06
45770,S100YYNI,41708000000.0,25936000000.0,2091000000.0,2026-09-06
277A0,S100YYQX,6681359000.0,2685290000.0,,2026-09-06
14190,S100YYFR,67570000000.0,58027000000.0,315000000.0,2026-09-06
41980,S100YXP8,2518171000.0,1082629000.0,579000.0,2026-09-06
37910,S100YYRV,10643190000.0,5262694000.0,285825000.0,2026-09-06
340A0,S100YYUS,2506208000.0,1217483000.0,,2026-09-06
40430,S100YY70,234630000000.0,202349000000.0,36050000000.0,2026-09-06
27220,S100YYQQ,5217025000.0,3688997000.0,24428000.0,2026-09-06
59320,S100YYN7,147710000000.0,205649000000.0,15447000000.0,2026-09-06
14010,S100YYQB,3290133000.0,1181760000.0,377818000.0,2026-09-06
60830,S100YYGU,9579233000.0,7050690000.0,96034000.0,2026-09-06
463A0,S100YYT8,45731456000.0,47641280000.0,1651451000.0,2026-09-06
372A0,S100YYO2,16076493000.0,42674790000.0,698025000.0,2026-09-06
33490,S100YYDI,165622000000.0,267292000000.0,4000000.0,2026-09-06
402A0,S100YYV1,9396800000.0,6495187000.0,,2026-09-06
464A0,S100YYOW,23443000000.0,10782000000.0,,2026-09-06
32970,S100YYGF,5228045000.0,1712453000.0,33435000.0,2026-09-06
27910,S100YYHK,25200000000.0,55339000000.0,442000000.0,2026-09-06
92650,S100YXFY,21766000000.0,18560000000.0,1139000000.0,2026-09-06
92160,S100YYAI,10603000000.0,5541000000.0,147000000.0,2026-09-06
98120,S100YYIN,8034781000.0,16403238000.0,74442000.0,2026-09-06
30210,S100YYIV,2360327000.0,8986618000.0,,2026-09-06
38920,S100YYF7,10140417000.0,3649181000.0,3656133000.0,2026-09-06
52900,S100YXM1,34690168000.0,15332238000.0,1540362000.0,2026-09-06
29340,S100YYK8,5654626000.0,7158505000.0,281503000.0,2026-09-06
97650,S100YY0T,9473920000.0,4733367000.0,1626501000.0,2026-09-06
74870,S100YY6D,13986364000.0,7194845000.0,7812873000.0,2026-09-06
48850,S100YYBG,3608522000.0,2812792000.0,301431000.0,2026-09-06
72690,S100YYB1,1096097000000.0,1391588000000.0,276650000000.0,2026-09-06
60470,S100YYKZ,7238000000.0,1938000000.0,5049000000.0,2026-09-06
55750,S100YYMC,1831171000.0,1341727000.0,19980000.0,2026-09-06
65520,S100YYH7,2778102000.0,671595000.0,233744000.0,2026-09-06
523A0,S100YYKB,931000000.0,5002000000.0,,2026-09-06
24590,S100YY3G,629324000.0,425474000.0,91718000.0,2026-09-06
27920,S100YY3Q,30789275000.0,8290611000.0,966468000.0,2026-09-06
77130,S100YXKH,11943814000.0,2571042000.0,1031780000.0,2026-09-06
14300,S100YXXB,24208066000.0,15128861000.0,32033000.0,2026-09-06
89080,S100YY3A,22476157000.0,17545038000.0,214190000.0,2026-09-06
70680,S100YYE5,6425000000.0,4331000000.0,0.0,2026-09-06
23030,S100YXLE,2089143000.0,323976000.0,645138000.0,2026-09-06
58850,S100YXZQ,4391214000.0,1756672000.0,,2026-09-06
47160,S100YY0V,203861000000.0,152722000000.0,36000000.0,2026-09-06
92780,S100YY2G,33517000000.0,38513000000.0,296000000.0,2026-09-06
18870,S100YXXI,112609000000.0,74219000000.0,9567000000.0,2026-09-06
13770,S100YXUM,113848000000.0,29217000000.0,18464000000.0,2026-09-06
73700,S100YXYC,4506270000.0,659287000.0,73177000.0,2026-09-06
31480,S100YXNS,112041000000.0,93840000000.0,175000000.0,2026-09-06
137A0,S100YXSF,1020383000.0,168279000.0,,2026-09-06
48250,S100YXMM,22372531000.0,4212176000.0,190368000.0,2026-09-06
27960,S100YXWI,13239000000.0,25005000000.0,339000000.0,2026-09-06
40570,S100YXG0,1330648000.0,931833000.0,9181000.0,2026-09-06
38560,S100YXMA,90680000000.0,101807000000.0,1453000000.0,2026-09-06
44430,S100YXFQ,35392000000.0,31943000000.0,3727000000.0,2026-09-06
35490,S100YXF5,145368000000.0,206705000000.0,3747000000.0,2026-09-06
34090,S100YXKX,895347000.0,964411000.0,140784000.0,2026-09-06
27760,S100YXHH,1243330000.0,566902000.0,5827000.0,2026-09-06
43500,S100YX7Q,22627000000.0,54241000000.0,702000000.0,2026-09-06
96860,S100YXF2,15719840000.0,17060342000.0,4166451000.0,2026-09-06
31600,S100YX88,15178585000.0,21082830000.0,1338458000.0,2026-09-06
73630,S100YX4F,697175000.0,853713000.0,0.0,2026-09-06
72560,S100YWLG,83630000000.0,122493000000.0,2730000000.0,2026-09-06
21680,S100YW7F,188948000000.0,123904000000.0,7655000000.0,2026-09-06
87980,S100YWH6,7582462000.0,10035499000.0,119164000.0,2026-09-06
82520,S100YWE4,737587000000.0,806716000000.0,46523000000.0,2026-09-06
14470,S100YWQ2,10803735000.0,14154677000.0,289202000.0,2026-09-06
25020,S100YVTZ,82984000000.0,1641106000000.0,2709000000.0,2026-09-06
69050,S100YUI9,47760000000.0,4162000000.0,3355000000.0,2026-09-06
70120,S100YU10,1289505000000.0,1592262000000.0,13995000000.0,2026-09-06
64930,S100YVDP,31532615000.0,28567528000.0,7664081000.0,2026-09-06
90720,S100YVHV,87015000000.0,180638000000.0,28031000000.0,2026-09-06
42240,S100YUM9,18051000000.0,6888000000.0,1329000000.0,2026-09-06
85580,S100YUNS,,2291582000000.0,,2026-09-06
35440,S100YUHC,21696000000.0,36272000000.0,802000000.0,2026-09-06
77940,S100YTZ3,2721889000.0,958897000.0,,2026-09-06
72720,S100YTNF,420685000000.0,329536000000.0,52813000000.0,2026-09-06
25030,S100YT3M,324868000000.0,1285288000000.0,2223000000.0,2026-09-06
46890,S100YTT6,626751000000.0,1585535000000.0,14056000000.0,2026-09-06
46670,S100YTFF,6433644000.0,2322318000.0,818876000.0,2026-09-06
71330,S100YT7I,2703139000.0,4679429000.0,999000.0,2026-09-06
78750,S100YT5G,15617000000.0,13143000000.0,2872000000.0,2026-09-06
29980,S100YTD0,50755665000.0,47663084000.0,1036000.0,2026-09-06
94440,S100YTD8,6296015000.0,22214676000.0,95663000.0,2026-09-06
66620,S100YTAR,2089108000.0,354992000.0,,2026-09-06
391A0,S100YT4P,5988104000.0,7966503000.0,,2026-09-06
83030,S100YT5Q,,19370612000000.0,,2026-09-06
80300,S100YTB5,29590000000.0,40948000000.0,12514000000.0,2026-09-06
26780,S100YSYE,149752000000.0,146527000000.0,100000000.0,2026-09-06
49340,S100YTAL,8882000000.0,4877000000.0,10000000.0,2026-09-06
38230,S100YTBE,1735057000.0,895308000.0,0.0,2026-09-06
96270,S100YSTQ,112808000000.0,169288000000.0,3233000000.0,2026-09-06
45520,S100YSOS,51487000000.0,57114000000.0,9629000000.0,2026-09-06
186A0,S100YSZC,13497606000.0,13825992000.0,,2026-09-06
324A0,S100YSTV,1423517000.0,651210000.0,,2026-09-06
50790,S100YSTZ,22956900000.0,7766450000.0,11718000.0,2026-09-06
39030,S100YSP4,15736683000.0,6004409000.0,1523345000.0,2026-09-06
70500,S100YSV9,11861924000.0,5453248000.0,567931000.0,2026-09-06
184A0,S100YSR5,151375000.0,84255000.0,,2026-09-06
31610,S100YSKW,6325829000.0,1683893000.0,173880000.0,2026-09-06
33610,S100YSDU,11417447000.0,6396752000.0,1462857000.0,2026-09-06
76040,S100YSIF,6845740000.0,21125392000.0,348026000.0,2026-09-06
33290,S100YSG1,5271607000.0,1997619000.0,62272000.0,2026-09-06
27510,S100YS8T,17941000000.0,8996000000.0,1161000000.0,2026-09-06
61610,S100YSNM,8421127000.0,1485825000.0,188960000.0,2026-09-06
30700,S100YSM1,614664000.0,423202000.0,73000.0,2026-09-06
44310,S100YSPI,7825243000.0,3244796000.0,,2026-09-06
272A0,S100YSCR,13682765000.0,14161140000.0,596325000.0,2026-09-06
82820,S100YSC3,224686000000.0,171423000000.0,1044000000.0,2026-09-06
29100,S100YSC6,18786000000.0,6399000000.0,530000000.0,2026-09-06
66990,S100YRS9,50928000000.0,67725000000.0,2802000000.0,2026-09-06
215A0,S100YS8Y,30528858000.0,19068527000.0,369628000.0,2026-09-06
50320,S100YSEA,25622000000.0,7175000000.0,,2026-09-06
70950,S100YSEQ,6470000000.0,7009000000.0,1043000000.0,2026-09-06
500A0,S100YSBO,5012130000.0,1898648000.0,,2026-09-06
74350,S100YSCT,21768377000.0,11846091000.0,2335851000.0,2026-09-06
46710,S100YS5W,18228000000.0,10765000000.0,3675000000.0,2026-09-06
24380,S100YRYL,3073565000.0,962872000.0,331602000.0,2026-09-06
90240,S100YS3Z,359816000000.0,1266992000000.0,86672000000.0,2026-09-06
71800,S100YS88,3431000000.0,12573645000000.0,56000000.0,2026-09-06
68220,S100YS21,18145109000.0,14761327000.0,664452000.0,2026-09-06
436A0,S100YRSR,1356994000.0,2647487000.0,7450000.0,2026-09-06
31340,S100YS4J,13421855000.0,6402467000.0,10934000.0,2026-09-06
17660,S100YS6C,150464000000.0,94911000000.0,761000000.0,2026-09-06
31800,S100YS74,13093186000.0,8392107000.0,337172000.0,2026-09-06
23340,S100YS79,9534650000.0,7502595000.0,1355811000.0,2026-09-06
14360,S100YRWH,11249763000.0,8254679000.0,234450000.0,2026-09-06
92680,S100YRX1,21440000000.0,46418000000.0,72000000.0,2026-09-06
68140,S100YS03,91605000000.0,50899000000.0,4548000000.0,2026-09-06
72450,S100YRAI,107585000000.0,114561000000.0,8034000000.0,2026-09-06
89350,S100YS0Y,92778000000.0,32555000000.0,299000000.0,2026-09-06
64180,S100YRPE,41465835000.0,17354006000.0,950992000.0,2026-09-06
43820,S100YS1Z,4538859000.0,2946230000.0,356294000.0,2026-09-06
35240,S100YQZ2,17292332000.0,22639842000.0,468980000.0,2026-09-06
22940,S100YRG8,11530000000.0,4152000000.0,219000000.0,2026-09-06
441A0,S100YRYV,3558593000.0,706694000.0,,2026-09-06
59710,S100YR73,12504607000.0,2495833000.0,2324741000.0,2026-09-06
30310,S100YRIV,13312957000.0,11633564000.0,681766000.0,2026-09-06
18730,S100YR5P,12399000000.0,20365000000.0,253000000.0,2026-09-06
79010,S100YRR3,605736000.0,1260420000.0,142885000.0,2026-09-06
34440,S100YROC,5005696000.0,3159644000.0,1888404000.0,2026-09-06
92040,S100YRPF,39424000000.0,76769000000.0,,2026-09-06
77770,S100YR3G,6418787000.0,4296926000.0,7688000.0,2026-09-06
82670,S100YQ6Y,8693526000000.0,11698047000000.0,326209000000.0,2026-09-06
69430,S100YQ47,9413863000.0,2272192000.0,1175166000.0,2026-09-06
29230,S100YR44,23888584000.0,26363967000.0,2375302000.0,2026-09-06
84210,S100YRHX,,46726449000000.0,,2026-09-06
92060,S100YR88,16326000000.0,20238000000.0,37000000.0,2026-09-06
556A0,S100YRFE,721724000.0,514947000.0,,2026-09-06
25930,S100YRK7,231995000000.0,168626000000.0,4939000000.0,2026-09-06
83990,S100YR60,,2837687000000.0,,2026-09-06
66560,S100YR8L,2229608000.0,2042118000.0,,2026-09-06
92380,S100YRA4,1568231000.0,1407474000.0,,2026-09-06
64700,S100YQR5,63902000000.0,53052000000.0,5063000000.0,2026-09-06
44030,S100YO71,211978000000.0,77646000000.0,41864000000.0,2026-09-06
19820,S100YQYG,72886000000.0,28230000000.0,20379000000.0,2026-09-06
90010,S100YQNE,176839000000.0,1192447000000.0,99253000000.0,2026-09-06
37630,S100YQQC,9740621000.0,2485628000.0,584581000.0,2026-09-06
31680,S100YQFO,23421328000.0,17129059000.0,481238000.0,2026-09-06
40260,S100YQCW,11806000000.0,17766000000.0,418000000.0,2026-09-06
42030,S100YITP,69275000000.0,86909000000.0,36372000000.0,2026-09-06
76110,S100YQ0A,17710683000.0,8577899000.0,156361000.0,2026-09-06
33580,S100YQ83,848899000.0,1038358000.0,47660000.0,2026-09-06
65080,S100YQ5Z,217116000000.0,199134000000.0,23498000000.0,2026-09-06
78150,S100YQAW,4765693000.0,10123557000.0,112001000.0,2026-09-06
60850,S100YPV3,630582000.0,1896148000.0,20000000.0,2026-09-06
18820,S100YP7Y,60001000000.0,33790000000.0,4087000000.0,2026-09-06
41820,S100YOVV,460268000000.0,422312000000.0,233519000000.0,2026-09-06
19680,S100YPZ0,108609000000.0,40018000000.0,17635000000.0,2026-09-06
79910,S100YPE4,26490269000.0,15505325000.0,5991783000.0,2026-09-06
78640,S100YPHI,133075000000.0,64553000000.0,3530000000.0,2026-09-06
45280,S100YOIE,377758000000.0,229023000000.0,77923000000.0,2026-09-06
31330,S100YPJM,770847000.0,3093917000.0,,2026-09-06
74880,S100YP3N,14798319000.0,4993943000.0,976255000.0,2026-09-06
51330,S100YPAC,5536108000.0,4238186000.0,427625000.0,2026-09-06
62330,S100YO1C,5660335000.0,7191048000.0,76472000.0,2026-09-06
68670,S100YPAA,3571280000.0,1327788000.0,155508000.0,2026-09-06
80150,S100YOTT,1556987000000.0,1884080000000.0,298520000000.0,2026-09-06
34330,S100YOZB,39960000000.0,15953000000.0,2344000000.0,2026-09-06
68200,S100YP1U,48685000000.0,6528000000.0,8447000000.0,2026-09-06
43230,S100YOCW,16647188000.0,8080956000.0,1667447000.0,2026-09-06
28180,S100YOI8,3275339000.0,3913551000.0,15522000.0,2026-09-06
39620,S100YONX,13903000000.0,34933000000.0,4574000000.0,2026-09-06
23450,S100YOOP,85470772000.0,85106288000.0,895027000.0,2026-09-06
23320,S100YOIU,7122068000.0,2565260000.0,808502000.0,2026-09-06
53880,S100YOPN,17399744000.0,3487548000.0,1631810000.0,2026-09-06
52530,S100YOKU,22872000000.0,16112000000.0,,2026-09-06
61550,S100YOLD,13404000000.0,5622000000.0,1116000000.0,2026-09-06
70420,S100YON3,2053560000.0,1143904000.0,20869000.0,2026-09-06
47500,S100YNWZ,6456775000.0,4625929000.0,3203000.0,2026-09-06
23230,S100YOGM,1344991000.0,1872130000.0,44126000.0,2026-09-06
78590,S100YNXZ,7514795000.0,1483210000.0,,2026-09-06
39150,S100YO1B,12844915000.0,6630545000.0,4269158000.0,2026-09-06
61660,S100YO1L,2458717000.0,4535347000.0,1572000.0,2026-09-06
65740,S100YN95,995170000.0,737176000.0,,2026-09-06
79850,S100YN9E,4577858000.0,3691133000.0,80156000.0,2026-09-06
76010,S100YN5U,1741232000.0,2999415000.0,61412000.0,2026-09-06
39250,S100YN9T,6402871000.0,1143272000.0,0.0,2026-09-06
87250,S100YNCJ,31438000000.0,317707000000.0,162311000000.0,2026-09-06
42400,S100YNDU,1320313000.0,184388000.0,,2026-09-06
54710,S100YNEC,276213000000.0,227099000000.0,39714000000.0,2026-09-06
67060,S100YH6S,38343000000.0,15908000000.0,2988000000.0,2026-09-06
90850,S100YNFT,17851777000.0,9913436000.0,2772886000.0,2026-09-06
98180,S100YNGJ,9624002000.0,7220695000.0,774200000.0,2026-09-06
23210,S100YNI3,1625994000.0,417835000.0,41568000.0,2026-09-06
90600,S100YNBV,16042119000.0,33232291000.0,1963786000.0,2026-09-06
46500,S100YNJD,1363184000.0,2622447000.0,14904000.0,2026-09-06
49360,S100YN1G,8631804000.0,2006452000.0,,2026-09-06
57210,S100YNKO,2912570000.0,135605000.0,1377000.0,2026-09-06
96100,S100YNLK,1238337000.0,817674000.0,50000000.0,2026-09-06
68400,S100YH7L,12657642000.0,9649853000.0,,2026-09-06
65620,S100YNBB,4696247000.0,13528529000.0,62328000.0,2026-09-06
554A0,S100YNO3,519766000.0,244690000.0,,2026-09-06
78860,S100YMK7,5863684000.0,6123058000.0,44180000.0,2026-09-06
21340,S100YNIS,890712000.0,646314000.0,59938000.0,2026-09-06
60690,S100YNGH,7390763000.0,4145885000.0,,2026-09-06
147A0,S100YGJH,12308184000.0,3048329000.0,161600000.0,2026-09-06
48820,S100YNJJ,1775974000.0,386431000.0,,2026-09-06
71380,S100YNOG,1408533000.0,667502000.0,,2026-09-06
81540,S100YNQJ,257164000000.0,139292000000.0,12556000000.0,2026-09-06
23400,S100YNP2,4134303000.0,9204306000.0,248499000.0,2026-09-06
87460,S100YNMZ,6833000000.0,1640000000.0,397000000.0,2026-09-06
36860,S100YNSR,1133310000.0,770196000.0,1329253000.0,2026-09-06
19090,S100YNKG,34771774000.0,20421721000.0,2045477000.0,2026-09-06
65790,S100YNSQ,963603000.0,629422000.0,94966000.0,2026-09-06
54840,S100YNM9,17413177000.0,6110624000.0,6389909000.0,2026-09-06
81360,S100YNR0,151698000000.0,94798000000.0,7558000000.0,2026-09-06
44440,S100YNSJ,1112927000.0,920790000.0,49750000.0,2026-09-06
39330,S100YNS5,6222115000.0,6773624000.0,628932000.0,2026-09-06
61950,S100YMFF,1804876000.0,995271000.0,5792000.0,2026-09-06
75650,S100YLNO,17177140000.0,8672067000.0,1259383000.0,2026-09-06
21460,S100YKK1,54270000000.0,30023000000.0,6000000.0,2026-09-06
77090,S100XQ6A,1485801000.0,1533451000.0,368000.0,2026-09-06
79800,S100YKGZ,10433841000.0,9480660000.0,1931600000.0,2026-09-06
74260,S100YMIT,2727980000.0,3056075000.0,21972000.0,2026-09-06
30590,S100YJ9F,10317122000.0,8506159000.0,126497000.0,2026-09-06
73990,S100YM6C,9890736000.0,2706428000.0,344932000.0,2026-09-06
31560,S100YJ4V,240568000000.0,209961000000.0,3477000000.0,2026-09-06
74900,S100YKC9,15637610000.0,16778549000.0,8148730000.0,2026-09-06
59660,S100YJPO,9557875000.0,4035485000.0,1722807000.0,2026-09-06
27630,S100YLMI,14758000000.0,9144000000.0,8619000000.0,2026-09-06
32240,S100YMM9,2173050000.0,1929048000.0,,2026-09-06
78720,S100YLKC,23921000000.0,17634000000.0,226000000.0,2026-09-06
94230,S100YKOH,1778046000.0,1128303000.0,,2026-09-06
26560,S100YLWG,282035000.0,116232000.0,,2026-09-06
70310,S100YMRC,2064593000.0,860232000.0,,2026-09-06
32930,S100YL9X,8557315000.0,14669259000.0,13846000.0,2026-09-06
63560,S100YMQ1,10483231000.0,2672166000.0,1060316000.0,2026-09-06
75240,S100YML0,2583592000.0,3016848000.0,32523000.0,2026-09-06
74620,S100YM73,4032835000.0,3443126000.0,61495000.0,2026-09-06
99040,S100YMU6,6321000000.0,3084000000.0,0.0,2026-09-06
32050,S100YMAI,19736000000.0,25200000000.0,4282000000.0,2026-09-06
75380,S100YM6T,17912000000.0,13382000000.0,3735000000.0,2026-09-06
77210,S100YMS0,56190000000.0,35490000000.0,4577000000.0,2026-09-06
21520,S100YMXV,9642344000.0,3213279000.0,2505930000.0,2026-09-06
35210,S100YMXL,1607002000.0,1165830000.0,600000.0,2026-09-06
54820,S100YLIN,111587000000.0,117902000000.0,26614000000.0,2026-09-06
31790,S100YMZS,15733356000.0,7920785000.0,,2026-09-06
75220,S100YMJJ,56408000000.0,44357000000.0,686000000.0,2026-09-06
549A0,S100YM06,183000000.0,7094000000.0,,2026-09-06
78630,S100YLE6,3981806000.0,3057480000.0,687355000.0,2026-09-06
78360,S100YM6H,2566492000.0,1445793000.0,56098000.0,2026-09-06
81050,S100YM8W,3112522000.0,654773000.0,51318000.0,2026-09-06
94350,S100YN0V,334788000000.0,1208155000000.0,34268000000.0,2026-09-06
65640,S100YMTN,9605214000.0,13040885000.0,255064000.0,2026-09-06
24790,S100YN23,2071342000.0,798926000.0,5031000.0,2026-09-06
263A0,S100YN30,226961000.0,284418000.0,,2026-09-06
81410,S100YME7,71517000000.0,27511000000.0,6103000000.0,2026-09-06
62980,S100YMTQ,29760000000.0,23992000000.0,2313000000.0,2026-09-06
64050,S100YN3J,10841277000.0,3502851000.0,47229000.0,2026-09-06
98900,S100YN3H,12905928000.0,19032049000.0,1420989000.0,2026-09-06
63570,S100YMU3,54169895000.0,42483895000.0,8058452000.0,2026-09-06
30110,S100YHFW,2046985000.0,6210015000.0,1502000.0,2026-09-06
97600,S100YM41,15700104000.0,14303282000.0,534862000.0,2026-09-06
92570,S100YB3Z,,,,2026-09-06
36460,S100YMSD,1833862000.0,811435000.0,29506000.0,2026-09-06
36280,S100YMTV,4108984000.0,5873657000.0,59996000.0,2026-09-06
254A0,S100YCG3,169000000.0,2730000000.0,,2026-09-06
71870,S100YM65,11555655000.0,9725499000.0,128680000.0,2026-09-06
75780,S100YN6A,536192000.0,2890123000.0,,2026-09-06
85180,S100YMG4,9882000000.0,8260000000.0,117000000.0,2026-09-06
38580,S100YDYA,2513353000.0,1054428000.0,265341000.0,2026-09-06
48140,S100YN09,1017014000.0,323558000.0,140211000.0,2026-09-06
45840,S100YMXX,6700570000.0,5597518000.0,283137000.0,2026-09-06
61040,S100YLEZ,151150000000.0,82436000000.0,11754000000.0,2026-09-06
39050,S100YMGV,1391803000.0,2193817000.0,49326000.0,2026-09-06
28940,S100YMHZ,3862495000.0,3805336000.0,777918000.0,2026-09-06
62480,S100YETX,2816826000.0,707021000.0,,2026-09-06
45700,S100YLCK,1390318000.0,331031000.0,95058000.0,2026-09-06
36410,S100YJ7Y,11869000000.0,3704000000.0,66000000.0,2026-09-06
29240,S100Y9CI,9967000000.0,5588000000.0,175000000.0,2026-09-06
83610,S100YLKM,,6312601000000.0,,2026-09-06
64390,S100YIME,3875515000.0,6023276000.0,497999000.0,2026-09-06
81350,S100YJPU,26348000000.0,18205000000.0,3622000000.0,2026-09-06
77710,S100YKSP,3208865000.0,4169671000.0,27840000.0,2026-09-06
40080,S100YKNS,80122000000.0,47219000000.0,1198000000.0,2026-09-06
80120,S100YK28,560126000000.0,401683000000.0,72028000000.0,2026-09-06
82250,S100YJCQ,2191464000.0,2034688000.0,54477000.0,2026-09-06
97390,S100YJ3Q,36858000000.0,11735000000.0,1001000000.0,2026-09-06
42220,S100YLN8,5454244000.0,8624315000.0,737390000.0,2026-09-06
63330,S100YL5Z,31623710000.0,8891852000.0,1147726000.0,2026-09-06
39530,S100YK44,4539299000.0,1997052000.0,237097000.0,2026-09-06
97660,S100YKX5,182881000000.0,62696000000.0,723000000.0,2026-09-06
66760,S100YGR6,69043000000.0,31749000000.0,2298000000.0,2026-09-06
90350,S100Y9O5,93188000000.0,146147000000.0,4348000000.0,2026-09-06
35040,S100YLPB,29507263000.0,16880601000.0,23727326000.0,2026-09-06
69420,S100YFIK,1258867000.0,1005243000.0,,2026-09-06
35290,S100YKV3,16832000000.0,9184000000.0,3702000000.0,2026-09-06
78680,S100YLHM,38021000000.0,29317000000.0,1758000000.0,2026-09-06
39320,S100YLRB,41252000000.0,13177000000.0,11375000000.0,2026-09-06
68320,S100YLRR,33429242000.0,8677100000.0,2951046000.0,2026-09-06
64940,S100YL8X,3772110000.0,585516000.0,1490738000.0,2026-09-06
93360,S100YKY3,69781000000.0,90223000000.0,7763000000.0,2026-09-06
35610,S100YLK6,9778862000.0,7879743000.0,149527000.0,2026-09-06
71140,S100YJIB,2893110000.0,925321000.0,,2026-09-06
46800,S100YJKU,26321000000.0,42206000000.0,,2026-09-06
71190,S100YLIQ,652000000.0,2277000000.0,,2026-09-06
37500,S100YLDW,517163000.0,2907056000.0,250000.0,2026-09-06
72550,S100YI1Y,2971364000.0,2510798000.0,422592000.0,2026-09-06
19210,S100YLBY,30737134000.0,43526744000.0,35767825000.0,2026-09-06
24320,S100YLDV,127867000000.0,106106000000.0,93552000000.0,2026-09-06
74130,S100YKKP,2297555000.0,1783118000.0,125828000.0,2026-09-06
52870,S100YJYN,2535577000.0,2163397000.0,139045000.0,2026-09-06
90810,S100YF1P,31874000000.0,102042000000.0,17864000000.0,2026-09-06
69610,S100YLHU,38695000000.0,6559000000.0,746000000.0,2026-09-06
52470,S100YLUK,1488783000.0,920598000.0,,2026-09-06
38030,S100YLT6,437175000.0,306286000.0,16219000.0,2026-09-06
72470,S100YLLZ,60464000000.0,71268000000.0,8740000000.0,2026-09-06
68240,S100YJBP,42910272000.0,16027166000.0,7568157000.0,2026-09-06
26660,S100YLV8,1825971000.0,3380847000.0,,2026-09-06
70620,S100YLVZ,3464914000.0,7152502000.0,,2026-09-06
35910,S100YKJC,4781000000.0,30775000000.0,233000000.0,2026-09-06
53560,S100YG4G,12939781000.0,6828996000.0,2177854000.0,2026-09-06
62820,S100YLBX,59319000000.0,16516000000.0,7545000000.0,2026-09-06
99890,S100YL7Q,216777000000.0,174293000000.0,34013000000.0,2026-09-06
77460,S100YL4M,4191651000.0,6876613000.0,161135000.0,2026-09-06
38510,S100YLU7,6868170000.0,3286014000.0,1174718000.0,2026-09-06
41190,S100YGDM,25205310000.0,22825286000.0,9069841000.0,2026-09-06
19920,S100Y9QZ,5313860000.0,3370133000.0,2018540000.0,2026-09-06
60700,S100YHI9,18288963000.0,4965490000.0,222709000.0,2026-09-06
69960,S100YLMG,108254000000.0,78768000000.0,26688000000.0,2026-09-06
36940,S100YLSB,5476085000.0,2574787000.0,647188000.0,2026-09-06
88350,S100YL7T,19451000000.0,31647000000.0,1110000000.0,2026-09-06
46230,S100YLY9,9716855000.0,7380083000.0,2877120000.0,2026-09-06
43600,S100YGOW,9045000000.0,2340000000.0,1520000000.0,2026-09-06
68190,S100YLUW,2485268000.0,1509948000.0,194601000.0,2026-09-06
21620,S100YF8Q,26063025000.0,31663214000.0,17411000.0,2026-09-06
68570,S100YKTA,547716000000.0,383295000000.0,684000000.0,2026-09-06
56440,S100YLLM,24461000000.0,17746000000.0,243000000.0,2026-09-06
59850,S100YKOJ,34996000000.0,33582000000.0,5898000000.0,2026-09-06
73430,S100YKOR,3591357000.0,1230772000.0,,2026-09-06
61380,S100YHNC,8394425000.0,8016245000.0,1632637000.0,2026-09-06
78200,S100YLHV,25638713000.0,11272648000.0,2405901000.0,2026-09-06
97230,S100YIC1,4122135000.0,13967375000.0,5314000.0,2026-09-06
96850,S100YM1I,3356294000.0,3474298000.0,1373206000.0,2026-09-06
62180,S100YKK8,15249000000.0,19433000000.0,13000000.0,2026-09-06
44370,S100YK7L,3523448000.0,2502241000.0,103501000.0,2026-09-06
65800,S100YLCH,3740374000.0,1065764000.0,51159000.0,2026-09-06
75550,S100YLK4,3877000000.0,3185000000.0,825000000.0,2026-09-06
67870,S100YIE8,114112000000.0,140760000000.0,2145000000.0,2026-09-06
548A0,S100YKKE,6780727000.0,2248955000.0,2140000.0,2026-09-06
13840,S100YK1Y,6795000000.0,5062000000.0,530000000.0,2026-09-06
98490,S100YM2W,6785005000.0,5622402000.0,582456000.0,2026-09-06
62730,S100YLC6,1421842000000.0,172461000000.0,145267000000.0,2026-09-06
73830,S100YM27,9640000000.0,61000000.0,,2026-09-06
485A0,S100Y7SQ,6226000000.0,9160000000.0,,2026-09-06
34770,S100YKFC,9278918000.0,5644990000.0,,2026-09-06
65450,S100YLGZ,3306774000.0,2681922000.0,299000.0,2026-09-06
66370,S100YKLJ,51199382000.0,22463871000.0,1143456000.0,2026-09-06
31750,S100YLZQ,2872565000.0,7739449000.0,176324000.0,2026-09-06
46620,S100YFP2,13584854000.0,6845651000.0,2883564000.0,2026-09-06
18660,S100YM22,41519000000.0,28360000000.0,10954000000.0,2026-09-06
74630,S100YM3U,27863714000.0,26429503000.0,2591220000.0,2026-09-06
18920,S100YKW2,40368000000.0,33143000000.0,3543000000.0,2026-09-06
52800,S100YJO9,38675872000.0,16627531000.0,2985654000.0,2026-09-06
48010,S100YEYH,8774000000.0,15312000000.0,168000000.0,2026-09-06
90090,S100YL5Y,119084000000.0,569462000000.0,236626000000.0,2026-09-06
81230,S100YLIH,6912100000.0,5319755000.0,1154883000.0,2026-09-06
73170,S100YI6P,7501356000.0,3975411000.0,,2026-09-06
67020,S100YM3K,921556000000.0,849272000000.0,68881000000.0,2026-09-06
477A0,S100YM56,2052156000.0,4904061000.0,,2026-09-06
65220,S100YJXS,1532202000.0,1117939000.0,101250000.0,2026-09-06
70670,S100YKT7,1906992000.0,890105000.0,11346000.0,2026-09-06
64120,S100YM5Z,137807000000.0,859819000000.0,8520000000.0,2026-09-06
55920,S100YKTN,6229037000.0,3640476000.0,67812000.0,2026-09-06
87660,S100YLS8,69481000000.0,14287000000.0,,2026-09-06
70460,S100YJTH,2465835000.0,522824000.0,,2026-09-06
60420,S100YKJL,9415649000.0,10304382000.0,1883543000.0,2026-09-06
31990,S100YJZ2,43312000000.0,56193000000.0,2057000000.0,2026-09-06
58020,S100YL2M,2320091000000.0,1911192000000.0,604733000000.0,2026-09-06
69600,S100YLF7,127139000000.0,39669000000.0,14740000000.0,2026-09-06
51940,S100YL8G,6250942000.0,7518457000.0,969539000.0,2026-09-06
27640,S100YL5S,9423644000.0,6246872000.0,56371000.0,2026-09-06
86980,S100YM8I,23439000000.0,14448000000.0,9312000000.0,2026-09-06
66290,S100YLV9,28398735000.0,27298973000.0,457291000.0,2026-09-06
79180,S100YL9S,1936000000.0,5206000000.0,371000000.0,2026-09-06
45710,S100YLFM,3621653000.0,1257054000.0,222120000.0,2026-09-06
49780,S100YLVF,4896441000.0,685808000.0,4403537000.0,2026-09-06
72730,S100YLTN,8152616000.0,9184065000.0,349818000.0,2026-09-06
74160,S100YLJD,23503388000.0,19283558000.0,567654000.0,2026-09-06
79530,S100YKW4,10348348000.0,6538897000.0,1750100000.0,2026-09-06
79460,S100YLWX,2089839000.0,1392975000.0,113349000.0,2026-09-06
73740,S100YKQ9,4829268000.0,797488000.0,15000000.0,2026-09-06
17110,S100YM7I,2596916000.0,3966881000.0,21930000.0,2026-09-06
70780,S100YMA3,2747970000.0,1633878000.0,189121000.0,2026-09-06
36610,S100YK0J,19743000000.0,15881000000.0,1977000000.0,2026-09-06
57070,S100YI2P,74896000000.0,89216000000.0,156000000.0,2026-09-06
60720,S100YM7M,1388137000.0,291378000.0,,2026-09-06
24670,S100YMA4,721317000.0,768791000.0,498975000.0,2026-09-06
70840,S100YL46,6741704000.0,8724573000.0,16095000.0,2026-09-06
39090,S100YMC0,2994395000.0,2191295000.0,42091000.0,2026-09-06
72390,S100YLGY,112786000000.0,73772000000.0,6459000000.0,2026-09-06
85540,S100YMAO,,789322000000.0,,2026-09-06
330A0,S100YGDN,1339462000.0,801677000.0,,2026-09-06
78510,S100YMBT,1635638000.0,1031822000.0,589732000.0,2026-09-06
55710,S100YMC7,5083337000.0,6732586000.0,889820000.0,2026-09-06
44250,S100YIKS,2882149000.0,280037000.0,500000000.0,2026-09-06
64280,S100YLT7,17931210000.0,20651399000.0,400744000.0,2026-09-06
59730,S100YDF3,9645224000.0,8293624000.0,622914000.0,2026-09-06
42310,S100YK4M,36702877000.0,14162621000.0,4916875000.0,2026-09-06
79870,S100YKAO,29789000000.0,27206000000.0,3081000000.0,2026-09-06
87420,S100YJB4,14437334000.0,11110419000.0,2198450000.0,2026-09-06
31230,S100YJC8,6557981000.0,21816194000.0,6601304000.0,2026-09-06
56580,S100YIXZ,35828607000.0,16963509000.0,17628222000.0,2026-09-06
22860,S100YJI4,15325000000.0,15841000000.0,4286000000.0,2026-09-06
81370,S100YJ4F,82875000000.0,43966000000.0,6399000000.0,2026-09-06
84160,S100YJZJ,,1099333000000.0,,2026-09-06
68500,S100YJHF,27268000000.0,12731000000.0,1390000000.0,2026-09-06
93800,S100YHD3,12857602000.0,23577754000.0,3756655000.0,2026-09-06
23490,S100YK0N,20769041000.0,6703576000.0,5114030000.0,2026-09-06
93650,S100YJV2,3921439000.0,6141341000.0,2177823000.0,2026-09-06
13800,S100YK4U,2933981000.0,4939243000.0,118784000.0,2026-09-06
74830,S100YGD2,80665000000.0,12827000000.0,2404000000.0,2026-09-06
59620,S100YIX3,4538608000.0,2622051000.0,1437093000.0,2026-09-06
21140,S100YK3Q,17696000000.0,9887000000.0,11338000000.0,2026-09-06
45210,S100YK2Q,111393000000.0,40742000000.0,18875000000.0,2026-09-06
61400,S100YJMM,34456000000.0,12772000000.0,10778000000.0,2026-09-06
75670,S100YJKR,4125519000.0,2218443000.0,785651000.0,2026-09-06
60220,S100YI3O,6738659000.0,5075933000.0,2302766000.0,2026-09-06
97820,S100YIWH,12083666000.0,3894291000.0,1144810000.0,2026-09-06
80060,S100YIWQ,33314000000.0,25004000000.0,11927000000.0,2026-09-06
61340,S100YKAW,155427000000.0,25606000000.0,20962000000.0,2026-09-06
39410,S100YI9N,469481000000.0,742872000000.0,156961000000.0,2026-09-06
49980,S100YGPK,44502000000.0,37246000000.0,5177000000.0,2026-09-06
96430,S100YJUB,1344625000.0,2019037000.0,720989000.0,2026-09-06
64170,S100YI30,294541000000.0,51704000000.0,5349000000.0,2026-09-06
42740,S100YJCX,2126000000.0,1285603000.0,486734000.0,2026-09-06
42470,S100YK0F,3013957000.0,1434713000.0,681271000.0,2026-09-06
62920,S100YJHG,18524916000.0,11824251000.0,479421000.0,2026-09-06
51920,S100YJBU,77289000000.0,32375000000.0,16189000000.0,2026-09-06
78870,S100YIWV,17842100000.0,8019643000.0,876922000.0,2026-09-06
30550,S100YJPG,103819000000.0,85590000000.0,17038000000.0,2026-09-06
54440,S100YGVD,310115000000.0,54540000000.0,74427000000.0,2026-09-06
63170,S100YHUP,41500000000.0,40260000000.0,4323000000.0,2026-09-06
75080,S100YI5T,34898000000.0,38118000000.0,123000000.0,2026-09-06
92200,S100YK1M,3845844000.0,5217361000.0,48765000.0,2026-09-06
69190,S100YJK1,11541717000.0,3380814000.0,1225958000.0,2026-09-06
95110,S100YGEA,71091000000.0,376860000000.0,,2026-09-06
61470,S100YGTK,2183228000.0,2530096000.0,142795000.0,2026-09-06
29220,S100YJ2U,20975084000.0,15359813000.0,2094121000.0,2026-09-06
36400,S100YJ1O,11723720000.0,8752382000.0,581190000.0,2026-09-06
18100,S100YHYW,44767000000.0,30271000000.0,14657000000.0,2026-09-06
79900,S100YGZ1,73233000000.0,52689000000.0,6692000000.0,2026-09-06
81520,S100YI5G,22733389000.0,10799274000.0,2388151000.0,2026-09-06
80910,S100YIWE,56501000000.0,52869000000.0,14434000000.0,2026-09-06
74640,S100YJG0,7991334000.0,5197145000.0,503752000.0,2026-09-06
45590,S100YKC2,69529694000.0,69374568000.0,8865571000.0,2026-09-06
82190,S100YJ44,193876000000.0,136915000000.0,4729000000.0,2026-09-06
40640,S100YJLD,38453000000.0,25454000000.0,387000000.0,2026-09-06
66430,S100YJNT,20807625000.0,9749676000.0,1879209000.0,2026-09-06
71850,S100YJPR,117077409000.0,97856071000.0,,2026-09-06
26810,S100YJMA,165072000000.0,162338000000.0,194000000.0,2026-09-06
63780,S100YF9Q,24394000000.0,14776000000.0,2024000000.0,2026-09-06
60180,S100YJVP,13025721000.0,10203802000.0,1943997000.0,2026-09-06
63930,S100YJ87,29495220000.0,18702423000.0,3613639000.0,2026-09-06
78220,S100YJDA,46443000000.0,46922000000.0,5957000000.0,2026-09-06
99300,S100YKDH,8729858000.0,7304432000.0,2687007000.0,2026-09-06
46290,S100YJ59,19439967000.0,8675993000.0,543913000.0,2026-09-06
35770,S100YJEV,7109113000.0,6303745000.0,2696944000.0,2026-09-06
52610,S100YK7M,9279000000.0,27300000000.0,0.0,2026-09-06
82260,S100YK3T,10292445000.0,5698766000.0,31630000.0,2026-09-06
23070,S100YJU2,8161046000.0,4672826000.0,1255126000.0,2026-09-06
28190,S100YJNX,28196000000.0,13155000000.0,2224000000.0,2026-09-06
34650,S100YIZP,276435000000.0,225750000000.0,2704000000.0,2026-09-06
98540,S100YJUD,7393000000.0,1843000000.0,604000000.0,2026-09-06
53910,S100YK9E,18620000000.0,22185000000.0,692000000.0,2026-09-06
46780,S100YJWK,1860361000.0,4890365000.0,,2026-09-06
22010,S100YHJS,104667000000.0,77592000000.0,10251000000.0,2026-09-06
64950,S100YKBD,3522617000.0,4922346000.0,296864000.0,2026-09-06
40920,S100YJUC,31448000000.0,28709000000.0,4548000000.0,2026-09-06
37740,S100YHYH,100249000000.0,110404000000.0,15226000000.0,2026-09-06
25310,S100YINV,245433000000.0,176683000000.0,34467000000.0,2026-09-06
99280,S100YKDZ,24629000000.0,15693000000.0,2023000000.0,2026-09-06
97610,S100YJ2Z,15079983000.0,19579477000.0,314427000.0,2026-09-06
34470,S100YJZ0,8960323000.0,10443832000.0,52094000.0,2026-09-06
63510,S100YKE5,81657000000.0,35657000000.0,12662000000.0,2026-09-06
59180,S100YJYC,25693000000.0,20911000000.0,21228000000.0,2026-09-06
44640,S100YKEL,32275527000.0,8062197000.0,8039073000.0,2026-09-06
29110,S100YI4Q,5026849000.0,1968615000.0,847388000.0,2026-09-06
64570,S100YG4D,126929000000.0,127714000000.0,9738000000.0,2026-09-06
79320,S100YIZ2,27574000000.0,29603000000.0,4789000000.0,2026-09-06
59410,S100YJT1,15631859000.0,10018320000.0,3448020000.0,2026-09-06
20550,S100YIEA,23625000000.0,11469000000.0,950000000.0,2026-09-06
543A0,S100YK16,0.0,407000000.0,,2026-09-06
76020,S100YKCQ,5431973000.0,2214570000.0,62908000.0,2026-09-06
67710,S100YGW1,23543000000.0,15183000000.0,403000000.0,2026-09-06
88810,S100YK7Q,116407506000.0,63924041000.0,4426309000.0,2026-09-06
59150,S100YKDC,43863000000.0,37497000000.0,7519000000.0,2026-09-06
52330,S100YJYE,405731000000.0,747571000000.0,135374000000.0,2026-09-06
18080,S100YJVQ,1053200000000.0,833170000000.0,102774000000.0,2026-09-06
59220,S100YJYT,17953611000.0,14499945000.0,5294896000.0,2026-09-06
46280,S100YJ5K,140500000000.0,27586000000.0,11369000000.0,2026-09-06
38400,S100YKGU,1540257000.0,777410000.0,,2026-09-06
90680,S100YKCI,72113000000.0,59936000000.0,27186000000.0,2026-09-06
63920,S100YJDP,11258422000.0,2599388000.0,349903000.0,2026-09-06
75020,S100YJCG,7389239000.0,9404247000.0,46183000.0,2026-09-06
33750,S100YKCU,3887839000.0,2489814000.0,144519000.0,2026-09-06
96350,S100YKI6,950481000.0,2456283000.0,447628000.0,2026-09-06
69890,S100YJZD,30625000000.0,20482000000.0,1431000000.0,2026-09-06
64070,S100YGB2,131473000000.0,74345000000.0,8599000000.0,2026-09-06
19050,S100YJFD,16957282000.0,7781730000.0,572862000.0,2026-09-06
67180,S100YIVR,56333000000.0,10274000000.0,9059000000.0,2026-09-06
55790,S100YKIG,2183568000.0,1025461000.0,618560000.0,2026-09-06
61250,S100YKCW,47214000000.0,26241000000.0,404000000.0,2026-09-06
59360,S100YKHR,11414836000.0,9226438000.0,169844000.0,2026-09-06
59750,S100YHLP,173927000000.0,147829000000.0,19610000000.0,2026-09-06
71920,S100YKHZ,20128570000.0,13320158000.0,1531000.0,2026-09-06
81470,S100YJEU,13746457000.0,6435678000.0,2307805000.0,2026-09-06
65170,S100YHXJ,66647000000.0,22444000000.0,10758000000.0,2026-09-06
70210,S100Y8BD,7562962000.0,4905084000.0,2547843000.0,2026-09-06
66480,S100YKAV,19158767000.0,7685196000.0,697038000.0,2026-09-06
59050,S100YK2J,7084268000.0,7946673000.0,1663686000.0,2026-09-06
44920,S100YJQM,4620133000.0,4745846000.0,,2026-09-06
69860,S100YK0D,58955000000.0,12778000000.0,13343000000.0,2026-09-06
56030,S100YJMF,20297000000.0,15665000000.0,3477000000.0,2026-09-06
62470,S100YJL5,38651000000.0,22677000000.0,12387000000.0,2026-09-06
24400,S100YJQU,8644503000.0,6150897000.0,367422000.0,2026-09-06
18530,S100YJ3W,21906000000.0,10399000000.0,623000000.0,2026-09-06
92020,S100YKL4,1693726000000.0,2480202000000.0,150654000000.0,2026-09-06
74610,S100YJ86,12725881000.0,12293466000.0,1033398000.0,2026-09-06
69940,S100YKEP,20112977000.0,14597580000.0,1745251000.0,2026-09-06
75710,S100YJEK,6077215000.0,6628928000.0,121975000.0,2026-09-06
42340,S100YK61,22559598000.0,16835648000.0,5601274000.0,2026-09-06
41670,S100YKE7,1570180000.0,525887000.0,,2026-09-06
75700,S100YK09,48674000000.0,53182000000.0,9575000000.0,2026-09-06
90070,S100YIO2,173118000000.0,841402000000.0,76269000000.0,2026-09-06
97670,S100YJLW,4731562000.0,1934073000.0,980182000.0,2026-09-06
93270,S100YI5P,1208253000.0,2318561000.0,149520000.0,2026-09-06
47200,S100YKMH,2191819000.0,3791987000.0,136139000.0,2026-09-06
88410,S100YJ5N,30633000000.0,14071000000.0,23027000000.0,2026-09-06
43870,S100YKM3,5380492000.0,3348316000.0,3974970000.0,2026-09-06
30690,S100YK48,20848396000.0,30383395000.0,1249611000.0,2026-09-06
39360,S100YIGW,1601276000.0,596615000.0,119968000.0,2026-09-06
52370,S100YK4Z,14929249000.0,9574131000.0,3614424000.0,2026-09-06
51420,S100YJF9,45720000000.0,40168000000.0,6162000000.0,2026-09-06
18780,S100YFJK,753861000000.0,754626000000.0,44160000000.0,2026-09-06
81040,S100YJIQ,32188000000.0,25154000000.0,1530000000.0,2026-09-06
63460,S100YHXC,10497859000.0,2231750000.0,1520989000.0,2026-09-06
92540,S100YIBJ,1483140000.0,1453943000.0,52176000.0,2026-09-06
23290,S100YKO9,78986000000.0,17689000000.0,8854000000.0,2026-09-06
366A0,S100YKON,6591116000.0,3896627000.0,,2026-09-06
43470,S100YK4A,7603869000.0,5519048000.0,169455000.0,2026-09-06
43160,S100YK9U,835578000.0,424130000.0,38303000.0,2026-09-06
41160,S100YGML,110147000000.0,66286000000.0,18514000000.0,2026-09-06
60230,S100YCLQ,63573000000.0,51901000000.0,1472000000.0,2026-09-06
33700,S100YIJ4,705329000.0,2560362000.0,61897000.0,2026-09-06
66470,S100YJH1,5735234000.0,3746320000.0,1279784000.0,2026-09-06
24350,S100YJJS,4598000000.0,18507000000.0,,2026-09-06
74440,S100YK4R,17734816000.0,11490772000.0,3010399000.0,2026-09-06
27370,S100YJQ2,112703000000.0,64349000000.0,231000000.0,2026-09-06
46640,S100YIKA,2927502000.0,1982106000.0,155140000.0,2026-09-06
65070,S100YI4V,77049000000.0,56337000000.0,14086000000.0,2026-09-06
70600,S100YJZ1,6452119000.0,4503756000.0,25895000.0,2026-09-06
59470,S100YJCU,362482000000.0,144867000000.0,35919000000.0,2026-09-06
82810,S100YJT6,130727000000.0,81827000000.0,2733000000.0,2026-09-06
77350,S100YK9N,480046000000.0,250593000000.0,45365000000.0,2026-09-06
91710,S100YKD9,23429729000.0,46556615000.0,18893177000.0,2026-09-06
31060,S100YIYE,84835000000.0,69346000000.0,55994000000.0,2026-09-06
31030,S100YJHA,75277000000.0,133197000000.0,2974000000.0,2026-09-06
67500,S100YK25,94222000000.0,32048000000.0,2639000000.0,2026-09-06
93630,S100YK5Y,2738011000.0,1963306000.0,1668889000.0,2026-09-06
39540,S100YK0Y,19260696000.0,9105314000.0,5806011000.0,2026-09-06
68460,S100YJMI,3750767000.0,2653161000.0,317921000.0,2026-09-06
85420,S100YJ7V,,1308165000000.0,,2026-09-06
26540,S100YIEY,8158413000.0,2685096000.0,1000.0,2026-09-06
94020,S100YJ8A,23031000000.0,16948000000.0,28956000000.0,2026-09-06
97900,S100YHZN,23077000000.0,5942000000.0,4698000000.0,2026-09-06
68030,S100YG7Z,5077000000.0,7097000000.0,0.0,2026-09-06
23760,S100YICX,7060792000.0,6766446000.0,698472000.0,2026-09-06
33150,S100YK1Z,45955000000.0,89030000000.0,1292000000.0,2026-09-06
17230,S100YH9O,32681000000.0,13391000000.0,15262000000.0,2026-09-06
68360,S100YHPG,811224000.0,416433000.0,1400000.0,2026-09-06
78850,S100YITM,24405180000.0,6563287000.0,3607813000.0,2026-09-06
14910,S100YKQY,13126548000.0,8343687000.0,110071000.0,2026-09-06
98670,S100YKQM,19974578000.0,11164743000.0,596453000.0,2026-09-06
66550,S100YKQN,7510558000.0,4469220000.0,486070000.0,2026-09-06
20030,S100YK99,32444000000.0,13519000000.0,8394000000.0,2026-09-06
80860,S100YJLK,574418000000.0,858942000000.0,15287000000.0,2026-09-06
74140,S100YK40,112648000000.0,105256000000.0,3032000000.0,2026-09-06
90510,S100YKGW,6394200000.0,12712696000.0,389946000.0,2026-09-06
47190,S100YK7V,34102138000.0,8544035000.0,3769777000.0,2026-09-06
97910,S100YJP6,20677154000.0,18700643000.0,1791651000.0,2026-09-06
66200,S100YJZT,12794000000.0,869000000.0,,2026-09-06
53630,S100YI3M,36309679000.0,11798095000.0,12379783000.0,2026-09-06
93590,S100YE7Y,29404675000.0,12384471000.0,5624127000.0,2026-09-06
39450,S100YJ4G,10173000000.0,9870000000.0,1483000000.0,2026-09-06
66260,S100YJ3G,23416799000.0,7971059000.0,198782000.0,2026-09-06
38490,S100YJVO,1009089000.0,168544000.0,14144000.0,2026-09-06
63910,S100YJ76,7421054000.0,3740997000.0,,2026-09-06
88360,S100YIFC,496000000.0,177000000.0,6000000.0,2026-09-06
70180,S100YJMY,28451000000.0,31629000000.0,1014000000.0,2026-09-06
18610,S100YK9Q,357413000000.0,280703000000.0,50372000000.0,2026-09-06
61900,S100YKSV,1717435000.0,919936000.0,9397000.0,2026-09-06
35830,S100YK22,6585675000.0,3135047000.0,124970000.0,2026-09-06
29160,S100YKFH,11173971000.0,8802558000.0,2789526000.0,2026-09-06
24330,S100YHXU,713273000000.0,636509000000.0,126834000000.0,2026-09-06
58210,S100YKSU,30099000000.0,8386000000.0,2183000000.0,2026-09-06
80370,S100YKU0,187829000000.0,154247000000.0,21859000000.0,2026-09-06
17190,S100YHJP,287813000000.0,199790000000.0,28048000000.0,2026-09-06
75640,S100YGNI,121066000000.0,26928000000.0,1000000.0,2026-09-06
93640,S100YG9D,156362000000.0,106574000000.0,96863000000.0,2026-09-06
77800,S100YIHS,82669000000.0,101460000000.0,822000000.0,2026-09-06
77220,S100YJ8C,15864572000.0,9239333000.0,712386000.0,2026-09-06
90360,S100YK2G,5959653000.0,4372422000.0,2235934000.0,2026-09-06
56070,S100YJLT,15541940000.0,12969943000.0,3124406000.0,2026-09-06
63840,S100YKGJ,11725302000.0,3861154000.0,173248000.0,2026-09-06
52730,S100YJGQ,72884000000.0,34692000000.0,31563000000.0,2026-09-06
18790,S100YHI2,158693000000.0,50641000000.0,1345000000.0,2026-09-06
30960,S100YKNJ,11172079000.0,12877617000.0,579274000.0,2026-09-06
68370,S100YHX8,15834000000.0,14654000000.0,592000000.0,2026-09-06
79370,S100Y7SI,56415000000.0,1837000000.0,52000000.0,2026-09-06
18690,S100YK2R,71939000000.0,35717000000.0,20932000000.0,2026-09-06
63680,S100YK07,164367000000.0,73201000000.0,2373000000.0,2026-09-06
36920,S100YKWG,3234030000.0,1521843000.0,372284000.0,2026-09-06
38630,S100YJ5X,638305000000.0,1192873000000.0,172984000000.0,2026-09-06
69640,S100YJUI,15143376000.0,6426253000.0,1277957000.0,2026-09-06
88500,S100YKTS,157435000000.0,155408000000.0,13920000000.0,2026-09-06
69620,S100YKVO,48934375000.0,44670701000.0,2759028000.0,2026-09-06
81450,S100YI2J,9430850000.0,2781578000.0,3799643000.0,2026-09-06
70030,S100YKIO,239646000000.0,275058000000.0,29674000000.0,2026-09-06
71180,S100YK6C,1494704000.0,1455130000.0,0.0,2026-09-06
61450,S100YKQX,41527000000.0,23812000000.0,2999000000.0,2026-09-06
59450,S100YJDZ,20398926000.0,3239007000.0,9227377000.0,2026-09-06
50710,S100YJJP,7487246000.0,3860344000.0,329796000.0,2026-09-06
40410,S100YJKO,129643000000.0,99994000000.0,63328000000.0,2026-09-06
33880,S100YKYA,43673424000.0,19438161000.0,3980360000.0,2026-09-06
74580,S100YK39,67543000000.0,91454000000.0,7044000000.0,2026-09-06
41930,S100YK86,3765003000.0,1715546000.0,371538000.0,2026-09-06
23950,S100YK73,32939848000.0,52330917000.0,19762231000.0,2026-09-06
74430,S100YI62,3115588000.0,2892772000.0,748313000.0,2026-09-06
17360,S100YKWY,21555712000.0,11768791000.0,6297294000.0,2026-09-06
30340,S100YJYW,60348000000.0,97531000000.0,143000000.0,2026-09-06
63710,S100YKVK,193313000000.0,109348000000.0,39876000000.0,2026-09-06
97690,S100YKPV,3517752000.0,4818545000.0,493094000.0,2026-09-06
43670,S100YKG9,13039523000.0,13602477000.0,96000.0,2026-09-06
63310,S100YK3Y,50839000000.0,27947000000.0,4434000000.0,2026-09-06
46510,S100YKAR,13873000000.0,26484000000.0,161000000.0,2026-09-06
59020,S100YIET,51675000000.0,70097000000.0,11920000000.0,2026-09-06
23780,S100YK5N,12591159000.0,43317093000.0,42198000.0,2026-09-06
77260,S100YK6H,13054229000.0,14577290000.0,2367790000.0,2026-09-06
69980,S100YIQP,10145000000.0,5070000000.0,1730000000.0,2026-09-06
44100,S100YEIE,52143000000.0,62033000000.0,9292000000.0,2026-09-06
18140,S100YK21,48264000000.0,32601000000.0,898000000.0,2026-09-06
81190,S100YJU6,17204840000.0,10278090000.0,4370475000.0,2026-09-06
97330,S100YK8I,25396000000.0,58934000000.0,19360000000.0,2026-09-06
64080,S100YJ6L,31118000000.0,29311000000.0,1010000000.0,2026-09-06
21120,S100YJQ7,9756000000.0,12786000000.0,8375000000.0,2026-09-06
69690,S100YD97,4252421000.0,3833342000.0,15000000.0,2026-09-06
19810,S100YDX8,17002068000.0,9487797000.0,4103417000.0,2026-09-06
78770,S100YJVJ,5813964000.0,2647534000.0,234512000.0,2026-09-06
67750,S100YK9X,1146445000.0,957691000.0,232446000.0,2026-09-06
66170,S100YL24,70255000000.0,47195000000.0,1359000000.0,2026-09-06
87470,S100YJ8P,119790116000.0,112060766000.0,2012878000.0,2026-09-06
90340,S100YK2X,6058294000.0,11490786000.0,505748000.0,2026-09-06
95370,S100YIW6,15738860000.0,13039350000.0,3852248000.0,2026-09-06
47620,S100YKNO,2220796000.0,3759160000.0,2697866000.0,2026-09-06
91580,S100YKO7,25011000000.0,32608000000.0,1738000000.0,2026-09-06
96870,S100YIFE,14520000000.0,6224000000.0,6002000000.0,2026-09-06
54450,S100YJ6R,40591000000.0,21533000000.0,8378000000.0,2026-09-06
90630,S100YJ0L,13051574000.0,23984778000.0,3786679000.0,2026-09-06
58520,S100YIGS,64114000000.0,82105000000.0,1460000000.0,2026-09-06
96330,S100YL02,8879876000.0,13352408000.0,3378265000.0,2026-09-06
52020,S100YL06,123066000000.0,382806000000.0,1643000000.0,2026-09-06
40950,S100YJGK,137868000000.0,43951000000.0,34482000000.0,2026-09-06
69930,S100YL2D,4870956000.0,5284469000.0,66199000.0,2026-09-06
25940,S100YK1N,39467000000.0,27277000000.0,3782000000.0,2026-09-06
77950,S100YJSY,19329971000.0,24626795000.0,3342501000.0,2026-09-06
38650,S100YITB,179486000000.0,153012000000.0,30608000000.0,2026-09-06
69070,S100YKF2,10744295000.0,7253932000.0,2354521000.0,2026-09-06
39260,S100YKIK,2760741000.0,457526000.0,1625579000.0,2026-09-06
56120,S100YKL0,13330000000.0,12582000000.0,135000000.0,2026-09-06
94330,S100YKG2,2613725000000.0,3445237000000.0,236433000000.0,2026-09-06
81390,S100YJAK,19031894000.0,13243967000.0,1345782000.0,2026-09-06
79740,S100Y9NX,2752352000000.0,673068000000.0,369373000000.0,2026-09-06
77310,S100YKBP,311317000000.0,394373000000.0,67291000000.0,2026-09-06
53340,S100YJTF,309117000000.0,269452000000.0,88787000000.0,2026-09-06
45940,S100YJ3C,1071315000.0,195624000.0,,2026-09-06
13750,S100YK0W,9229000000.0,23803000000.0,88000000.0,2026-09-06
66250,S100YKK9,23293876000.0,58607675000.0,604819000.0,2026-09-06
84730,S100YK3R,550972000000.0,1638584000000.0,52175000000.0,2026-09-06
87690,S100YKPM,3700785000.0,4764129000.0,557579000.0,2026-09-06
15140,S100YKD1,21227000000.0,1023000000.0,2806000000.0,2026-09-06
438A0,S100YL3J,4002119000.0,2819941000.0,14488000.0,2026-09-06
41790,S100YIOX,386188000.0,338310000.0,31978000.0,2026-09-06
25860,S100YKRG,3404526000.0,592017000.0,,2026-09-06
75500,S100YKA9,252006000000.0,572737000000.0,1528000000.0,2026-09-06
80390,S100YISR,7175000000.0,10065000000.0,2291000000.0,2026-09-06
332A0,S100YKM2,6774176000.0,1990552000.0,,2026-09-06
46610,S100YCJX,525366000000.0,461113000000.0,55553000000.0,2026-09-06
25400,S100YK3W,10172947000.0,7456797000.0,24834328000.0,2026-09-06
87710,S100YKOI,18907097000.0,6622796000.0,11288851000.0,2026-09-06
28310,S100YJSM,37570133000.0,27347964000.0,14759622000.0,2026-09-06
99560,S100YHUD,134948000000.0,272523000000.0,11930000000.0,2026-09-06
48000,S100YJQT,5040147000.0,1260348000.0,684608000.0,2026-09-06
24130,S100YJ25,98909000000.0,31927000000.0,9506000000.0,2026-09-06
67860,S100YKOS,880203000.0,301056000.0,57359000.0,2026-09-06
54910,S100YJG2,38693000000.0,42040000000.0,2881000000.0,2026-09-06
21380,S100YL1X,12775565000.0,20202911000.0,3656678000.0,2026-09-06
65990,S100YI0V,4645755000.0,1117991000.0,14281000.0,2026-09-06
90650,S100YJRS,280256000000.0,248126000000.0,32541000000.0,2026-09-06
79510,S100YJE7,120383000000.0,83357000000.0,45927000000.0,2026-09-06
90060,S100YK5J,191544000000.0,667121000000.0,114136000000.0,2026-09-06
30680,S100YKH9,8457062000.0,14439991000.0,318096000.0,2026-09-06
68900,S100YJVG,295367000000.0,277043000000.0,11654000000.0,2026-09-06
66150,S100YK9A,45736000000.0,58308000000.0,36000000.0,2026-09-06
98310,S100YJWD,655250000000.0,679704000000.0,15423000000.0,2026-09-06
29150,S100YDV4,34312000000.0,24116000000.0,5631000000.0,2026-09-06
61130,S100YKCP,178680000000.0,55814000000.0,16603000000.0,2026-09-06
13790,S100YKAZ,38621000000.0,50811000000.0,8374000000.0,2026-09-06
71620,S100YHVT,8624511000.0,9919460000.0,447223000.0,2026-09-06
40930,S100YL3N,19489581000.0,13249628000.0,2210125000.0,2026-09-06
66440,S100YGJ0,59547000000.0,37170000000.0,8344000000.0,2026-09-06
56600,S100YJTL,24471000000.0,20059000000.0,1883000000.0,2026-09-06
67360,S100YKGG,16733345000.0,5519180000.0,10774890000.0,2026-09-06
93570,S100YL49,50624123000.0,27596352000.0,28403015000.0,2026-09-06
51620,S100YKQB,5073948000.0,4418570000.0,198256000.0,2026-09-06
60920,S100YKUO,8957000000.0,11964000000.0,836000000.0,2026-09-06
38960,S100YL59,9247124000.0,19605174000.0,199818000.0,2026-09-06
69250,S100YKRT,186560000000.0,96794000000.0,37473000000.0,2026-09-06
56210,S100YL5B,4944986000.0,1456398000.0,845000.0,2026-09-06
71020,S100YK10,74180000000.0,66515000000.0,17511000000.0,2026-09-06
81180,S100YKP8,12818000000.0,3242000000.0,3100000000.0,2026-09-06
39230,S100YL65,19296000000.0,9676000000.0,3877000000.0,2026-09-06
64820,S100YJC5,26420335000.0,5546994000.0,559944000.0,2026-09-06
38440,S100YL64,20843000000.0,7143000000.0,88000000.0,2026-09-06
76380,S100YL5P,17548747000.0,16656214000.0,1128000.0,2026-09-06
23260,S100YKKS,20112000000.0,5262000000.0,,2026-09-06
33600,S100YJZ3,259457000000.0,231421000000.0,29381000000.0,2026-09-06
97880,S100YKSL,23736000000.0,15796000000.0,1096000000.0,2026-09-06
65250,S100YJUA,129750000000.0,127114000000.0,,2026-09-06
73680,S100YKV6,10502518000.0,7267776000.0,410195000.0,2026-09-06
76770,S100YJ1S,21796823000.0,16030301000.0,2128210000.0,2026-09-06
21390,S100YHNL,3613741000.0,2955146000.0,171201000.0,2026-09-06
91300,S100YK3U,10648605000.0,52231372000.0,1779467000.0,2026-09-06
61930,S100YK5W,2679051000.0,2013261000.0,427646000.0,2026-09-06
33920,S100YJQR,10594645000.0,17610461000.0,699354000.0,2026-09-06
92290,S100YL7U,9967000000.0,30377000000.0,,2026-09-06
44880,S100YJYU,5978625000.0,2419626000.0,1192000.0,2026-09-06
38640,S100YJLB,91512000000.0,122934000000.0,24813000000.0,2026-09-06
63650,S100YI72,30815000000.0,12639000000.0,3765000000.0,2026-09-06
70910,S100YKPS,3868849000.0,10063197000.0,70373000.0,2026-09-06
72540,S100YFXP,23784526000.0,18249308000.0,4524190000.0,2026-09-06
39100,S100YL5Q,1512994000.0,1766483000.0,,2026-09-06
73670,S100YL5T,2866136000.0,4476741000.0,109636000.0,2026-09-06
63640,S100YI16,47507097000.0,23164729000.0,3888325000.0,2026-09-06
17800,S100YK4B,24481777000.0,7566639000.0,2209153000.0,2026-09-06
29760,S100YIXO,2727937000.0,3770046000.0,19357000.0,2026-09-06
52620,S100YL8F,27099105000.0,14157934000.0,19857935000.0,2026-09-06
59390,S100YKRJ,5754258000.0,3487283000.0,137865000.0,2026-09-06
23930,S100YK97,5790199000.0,9194016000.0,459756000.0,2026-09-06
60740,S100YGXC,1450310000.0,4509662000.0,27055000.0,2026-09-06
38610,S100YJ8J,806504000000.0,1502238000000.0,197835000000.0,2026-09-06
69520,S100YJ1H,235883000000.0,112717000000.0,4866000000.0,2026-09-06
90270,S100YHW8,11045000000.0,15154000000.0,2094000000.0,2026-09-06
68620,S100YKH4,12523238000.0,11643026000.0,725003000.0,2026-09-06
40470,S100YJCK,57426000000.0,55995000000.0,8181000000.0,2026-09-06
69970,S100YL3Z,86620000000.0,106034000000.0,15007000000.0,2026-09-06
49600,S100YIYR,8047786000.0,8520519000.0,254891000.0,2026-09-06
58580,S100YL7C,3967420000.0,4228951000.0,66306000.0,2026-09-06
34220,S100YJJI,25380000000.0,36115000000.0,290000000.0,2026-09-06
38800,S100YJ8D,360882000000.0,636352000000.0,21382000000.0,2026-09-06
69040,S100YJHN,28808765000.0,25551171000.0,244473000.0,2026-09-06
77150,S100YLAN,43791727000.0,29750615000.0,9320227000.0,2026-09-06
92720,S100YJV7,3720797000.0,2524267000.0,,2026-09-06
76210,S100YL71,6876459000.0,6132218000.0,136230000.0,2026-09-06
70750,S100YLB1,3242445000.0,3433400000.0,,2026-09-06
93480,S100YL5W,19067950000.0,20181542000.0,,2026-09-06
40460,S100YKCT,92916000000.0,38339000000.0,28510000000.0,2026-09-06
65130,S100YJF6,25268259000.0,18781570000.0,7711534000.0,2026-09-06
63580,S100YKE1,26611283000.0,12494096000.0,5661936000.0,2026-09-06
72970,S100YKN6,17195216000.0,5495000000.0,2073787000.0,2026-09-06
72770,S100YLAF,26402000000.0,24013000000.0,3364000000.0,2026-09-06
71290,S100YK3E,5458888000.0,9482454000.0,,2026-09-06
42050,S100YJ12,298134000000.0,175793000000.0,71191000000.0,2026-09-06
90740,S100YC3A,12111000000.0,17331000000.0,7309000000.0,2026-09-06
61440,S100YLBS,23409000000.0,15616000000.0,5571000000.0,2026-09-06
78600,S100YKQ4,77774000000.0,54848000000.0,9839000000.0,2026-09-06
81440,S100YFT7,19527000000.0,9310000000.0,4497000000.0,2026-09-06
37620,S100YL8T,66902993000.0,64336132000.0,1723512000.0,2026-09-06
30790,S100YL91,22027921000.0,16157236000.0,451548000.0,2026-09-06
29280,S100YF9Y,36602000000.0,45112000000.0,53000000.0,2026-09-06
65840,S100YL53,70348000000.0,69051000000.0,6707000000.0,2026-09-06
79160,S100YL1G,10377351000.0,9944573000.0,5158886000.0,2026-09-06
62570,S100YK8S,32425000000.0,6391000000.0,9719000000.0,2026-09-06
70870,S100YHRI,15120000000.0,10046000000.0,41000000.0,2026-09-06
331A0,S100YHLO,6746537000.0,4168777000.0,166886000.0,2026-09-06
61370,S100YKGK,41686000000.0,29163000000.0,11019000000.0,2026-09-06
30420,S100YH8N,1428274000.0,366186000.0,59397000.0,2026-09-06
18320,S100YH4H,34383000000.0,16488000000.0,1835000000.0,2026-09-06
21080,S100YEPB,51318000000.0,27385000000.0,25456000000.0,2026-09-06
43660,S100YGAU,13530000000.0,9475000000.0,2100000000.0,2026-09-06
77910,S100YHQB,4456970000.0,6759736000.0,172628000.0,2026-09-06
85960,S100YHO7,150252000000.0,159302000000.0,10494000000.0,2026-09-06
27820,S100YH2R,97898000000.0,33493000000.0,406000000.0,2026-09-06
89950,S100YI2H,5601995000.0,2963349000.0,474568000.0,2026-09-06
93100,S100YGL7,46825000000.0,69837000000.0,25366000000.0,2026-09-06
18880,S100YHAB,70253000000.0,42032000000.0,6705000000.0,2026-09-06
44910,S100YGM1,4399612000.0,1556651000.0,293471000.0,2026-09-06
59740,S100YHRE,6181000000.0,6582000000.0,2235000000.0,2026-09-06
61110,S100YHGQ,11620483000.0,5842183000.0,2953945000.0,2026-09-06
52850,S100YFLV,11116994000.0,9317232000.0,378924000.0,2026-09-06
79550,S100YHN2,55467000000.0,33388000000.0,4811000000.0,2026-09-06
33170,S100YHND,1927091000.0,1554050000.0,,2026-09-06
93010,S100YA7K,125881000000.0,246782000000.0,163716000000.0,2026-09-06
31070,S100YGNL,407778000000.0,287811000000.0,10409000000.0,2026-09-06
256A0,S100YIL8,127794000000.0,106715000000.0,4054000000.0,2026-09-06
95030,S100YFXZ,1971023000000.0,6545202000000.0,,2026-09-06
18260,S100YILD,22255000000.0,11966000000.0,415000000.0,2026-09-06
54800,S100YC9N,101735000000.0,120855000000.0,6052000000.0,2026-09-06
53570,S100YHT7,29584180000.0,8430452000.0,3085052000.0,2026-09-06
48870,S100YITS,76944000000.0,71046000000.0,518000000.0,2026-09-06
67680,S100YIQG,78607000000.0,60314000000.0,6922000000.0,2026-09-06
72710,S100YFR1,20758000000.0,25753000000.0,750000000.0,2026-09-06
73450,S100YHKS,833648000.0,369877000.0,,2026-09-06
74820,S100YIAX,23232000000.0,6665000000.0,515000000.0,2026-09-06
35120,S100YIXB,11188795000.0,4545030000.0,8232581000.0,2026-09-06
31130,S100YHET,3127878000.0,3222923000.0,181092000.0,2026-09-06
52100,S100YHIJ,40409000000.0,40476000000.0,2865000000.0,2026-09-06
63350,S100YI7P,11410023000.0,5240764000.0,255778000.0,2026-09-06
17930,S100YI8J,67344000000.0,25276000000.0,9825000000.0,2026-09-06
64190,S100YHFR,52004781000.0,8770634000.0,16113027000.0,2026-09-06
34350,S100YHPR,15775038000.0,7809215000.0,1454632000.0,2026-09-06
66510,S100YIVN,106841000000.0,67390000000.0,5970000000.0,2026-09-06
64670,S100YGVK,8372840000.0,4003267000.0,74283000.0,2026-09-06
43410,S100YFFX,10513000000.0,6706000000.0,118000000.0,2026-09-06
75210,S100YHDE,34843000000.0,15845000000.0,3559000000.0,2026-09-06
95080,S100YHHO,905553000000.0,4742744000000.0,,2026-09-06
35370,S100YHFB,10826424000.0,8162437000.0,5575689000.0,2026-09-06
46760,S100YHYX,398592000000.0,610273000000.0,414896000000.0,2026-09-06
93850,S100YIVY,6632794000.0,6156816000.0,582080000.0,2026-09-06
78980,S100YI45,29453000000.0,56492000000.0,3276000000.0,2026-09-06
52680,S100YIYA,9005629000.0,3781571000.0,1201738000.0,2026-09-06
62220,S100YIO7,74205000000.0,21665000000.0,6115000000.0,2026-09-06
24250,S100YIQF,3346947000.0,1195933000.0,,2026-09-06
68230,S100YI2O,22683445000.0,7696786000.0,1188399000.0,2026-09-06
90750,S100YIXL,74045000000.0,212901000000.0,58005000000.0,2026-09-06
68440,S100YHJ7,84189000000.0,70352000000.0,14913000000.0,2026-09-06
93120,S100YHI4,15817000000.0,20850000000.0,8303000000.0,2026-09-06
24830,S100YILW,7667084000.0,2075536000.0,346316000.0,2026-09-06
57290,S100YIW1,14972851000.0,9004711000.0,173118000.0,2026-09-06
17990,S100YILN,48897021000.0,12284388000.0,7455064000.0,2026-09-06
56020,S100YDW9,92901000000.0,62859000000.0,20151000000.0,2026-09-06
96160,S100YIIM,69576000000.0,202109000000.0,16506000000.0,2026-09-06
29020,S100YD3Q,32796347000.0,9902771000.0,5219428000.0,2026-09-06
44090,S100YGU8,36943000000.0,46785000000.0,3730000000.0,2026-09-06
42120,S100YIY2,54941000000.0,42141000000.0,16062000000.0,2026-09-06
63900,S100YG4R,80292000000.0,58144000000.0,2823000000.0,2026-09-06
29080,S100YF97,34542000000.0,10833000000.0,3944000000.0,2026-09-06
95020,S100YDH0,1142746000000.0,4266281000000.0,,2026-09-06
63670,S100YFQL,2853654000000.0,2266723000000.0,160032000000.0,2026-09-06
99940,S100YIXT,43760000000.0,29611000000.0,910000000.0,2026-09-06
40210,S100YIML,210352000000.0,94582000000.0,24353000000.0,2026-09-06
52320,S100YH1Y,104143000000.0,159369000000.0,39372000000.0,2026-09-06
37710,S100YHX1,13607732000.0,5697309000.0,12879000.0,2026-09-06
34310,S100YDPT,66744000000.0,42024000000.0,6887000000.0,2026-09-06
35690,S100YH1G,127064000000.0,55340000000.0,10364000000.0,2026-09-06
18120,S100YGGI,2137129000000.0,2176603000000.0,397478000000.0,2026-09-06
80520,S100YIO8,81082000000.0,56655000000.0,15459000000.0,2026-09-06
67270,S100YHU2,56498000000.0,39911000000.0,3167000000.0,2026-09-06
89200,S100YI5M,22430939000.0,29912045000.0,500000.0,2026-09-06
95070,S100YH23,346400000000.0,1246640000000.0,,2026-09-06
71400,S100YI94,3213675000.0,2084466000.0,,2026-09-06
99900,S100YJ0B,22821204000.0,10771886000.0,4376931000.0,2026-09-06
58340,S100YIA9,94742000000.0,80604000000.0,,2026-09-06
46200,S100YJ15,33993476000.0,15851542000.0,5430250000.0,2026-09-06
62460,S100YJ0X,25217324000.0,12987354000.0,1908069000.0,2026-09-06
27900,S100YJ0H,90228000000.0,71239000000.0,405000000.0,2026-09-06
72800,S100Y9OD,210648000000.0,222648000000.0,16201000000.0,2026-09-06
31430,S100YI27,14905249000.0,10965386000.0,429126000.0,2026-09-06
44960,S100YHS5,2379069000.0,948307000.0,443689000.0,2026-09-06
98450,S100YJ1T,47896000000.0,22375000000.0,5400000000.0,2026-09-06
99860,S100YJ27,10731653000.0,1881171000.0,78200000.0,2026-09-06
30320,S100YHOE,2974627000.0,3014680000.0,49766000.0,2026-09-06
20580,S100YI3U,6756000000.0,9091000000.0,868000000.0,2026-09-06
70940,S100YHNA,12272000000.0,9116000000.0,,2026-09-06
72120,S100YHFG,81495000000.0,113309000000.0,9242000000.0,2026-09-06
31570,S100YI2B,64580000000.0,66170000000.0,1833000000.0,2026-09-06
81150,S100YDWL,5981295000.0,4464904000.0,253880000.0,2026-09-06
51220,S100YHXH,89348000000.0,51669000000.0,30979000000.0,2026-09-06
37080,S100YHWR,54397000000.0,53602000000.0,14006000000.0,2026-09-06
46250,S100YIIT,8709380000.0,4673441000.0,565252000.0,2026-09-06
41000,S100YIHV,25807000000.0,38894000000.0,3374000000.0,2026-09-06
38370,S100YFRS,6679608000.0,2810238000.0,1764280000.0,2026-09-06
68490,S100YHO8,183085000000.0,76981000000.0,4117000000.0,2026-09-06
80500,S100YHM2,174183000000.0,211221000000.0,53123000000.0,2026-09-06
81630,S100YIH4,18090516000.0,28922366000.0,1188514000.0,2026-09-06
53550,S100YINX,6656782000.0,5635406000.0,1137567000.0,2026-09-06
285A0,S100YJ18,181786000000.0,448559000000.0,,2026-09-06
18020,S100YITC,1809460000000.0,1832577000000.0,311557000000.0,2026-09-06
63340,S100YJ53,4850718000.0,3815019000.0,149409000.0,2026-09-06
90760,S100YI52,233579000000.0,347269000000.0,71142000000.0,2026-09-06
82070,S100YIGD,4057355000.0,4649606000.0,504658000.0,2026-09-06
38170,S100YHQM,38516000000.0,20344000000.0,9323000000.0,2026-09-06
29810,S100YHQX,18737997000.0,13448281000.0,,2026-09-06
59230,S100YI9L,17467664000.0,10647463000.0,4816013000.0,2026-09-06
78670,S100YHL0,114402000000.0,59372000000.0,3890000000.0,2026-09-06
37730,S100YGKZ,9341923000.0,3663177000.0,3774005000.0,2026-09-06
58010,S100YCF0,556437000000.0,614286000000.0,98794000000.0,2026-09-06
75620,S100YEJV,10659537000.0,16826639000.0,185860000.0,2026-09-06
95010,S100YIHR,2463599000000.0,11200862000000.0,,2026-09-06
88030,S100YJ5I,60036000000.0,301541000000.0,37027000000.0,2026-09-06
45340,S100YI28,119669000000.0,29426000000.0,15022000000.0,2026-09-06
33460,S100YI7T,778450000.0,1080331000.0,,2026-09-06
57130,S100YJ6N,900951000000.0,942717000000.0,211313000000.0,2026-09-06
90480,S100YHOL,256417000000.0,950597000000.0,147074000000.0,2026-09-06
63070,S100YJ78,3470248000.0,1724834000.0,,2026-09-06
44620,S100YHRO,15832079000.0,5097932000.0,4086282000.0,2026-09-06
70110,S100YHZG,2126642000000.0,2874665000000.0,232145000000.0,2026-09-06
62450,S100YIRK,48505434000.0,23452749000.0,4481501000.0,2026-09-06
65380,S100YH9V,1642000000.0,1589000000.0,2000000.0,2026-09-06
63470,S100YFZB,2272702000.0,1468707000.0,22653000.0,2026-09-06
51890,S100YIQ8,11990698000.0,7530136000.0,559125000.0,2026-09-06
59580,S100YFD2,20362000000.0,8925000000.0,1027000000.0,2026-09-06
80250,S100YDV3,6126087000.0,14843848000.0,8066425000.0,2026-09-06
59760,S100YIP6,44785000000.0,17431000000.0,9857000000.0,2026-09-06
99960,S100YHOR,17127454000.0,9328686000.0,9506389000.0,2026-09-06
88970,S100YIRG,215263000000.0,283401000000.0,3125000000.0,2026-09-06
67240,S100YJ6A,393556000000.0,372523000000.0,6972000000.0,2026-09-06
21790,S100YCFW,3848057000.0,5613454000.0,10620000.0,2026-09-06
63420,S100YIVE,7704958000.0,3498574000.0,582538000.0,2026-09-06
80660,S100YJ7S,240898000000.0,106827000000.0,13627000000.0,2026-09-06
58700,S100YGEJ,4646635000.0,6487451000.0,13949000.0,2026-09-06
88020,S100YBLA,2125111000000.0,5255717000000.0,358442000000.0,2026-09-06
93040,S100YI5J,28884000000.0,52117000000.0,27822000000.0,2026-09-06
79500,S100YI56,6478189000.0,2222410000.0,3362211000.0,2026-09-06
69120,S100YIEI,11589028000.0,3387885000.0,2099518000.0,2026-09-06
75230,S100YI6G,29681055000.0,19457617000.0,2336716000.0,2026-09-06
68550,S100YHWG,28463000000.0,11944000000.0,74000000.0,2026-09-06
21170,S100YIPK,34918000000.0,30278000000.0,3887000000.0,2026-09-06
79020,S100YJAF,5067927000.0,614994000.0,2162939000.0,2026-09-06
72240,S100YFNV,179037000000.0,153377000000.0,14483000000.0,2026-09-06
71220,S100YI50,39687000000.0,25223000000.0,6329000000.0,2026-09-06
24150,S100YIDK,41590435000.0,32647692000.0,409201000.0,2026-09-06
368A0,S100YIB6,14835000000.0,1499000000.0,,2026-09-06
167A0,S100YHJV,190415000000.0,99052000000.0,7986000000.0,2026-09-06
38450,S100YJ02,1383737000.0,532402000.0,,2026-09-06
81290,S100YHSN,548946000000.0,465907000000.0,64095000000.0,2026-09-06
80710,S100YIEJ,23499924000.0,11559774000.0,1867403000.0,2026-09-06
90330,S100YI48,16444000000.0,61319000000.0,9329000000.0,2026-09-06
41020,S100YFE2,8564328000.0,6660812000.0,4551328000.0,2026-09-06
40980,S100YGE8,7105000000.0,8339000000.0,534000000.0,2026-09-06
18270,S100YHMT,54430000000.0,36210000000.0,4402000000.0,2026-09-06
67440,S100YHTN,117150000000.0,36846000000.0,9755000000.0,2026-09-06
80890,S100YI3N,106717000000.0,109376000000.0,10514000000.0,2026-09-06
62290,S100YHR0,8744524000.0,2851243000.0,142224000.0,2026-09-06
22210,S100YJ2N,12112581000.0,23152550000.0,63601080000.0,2026-09-06
62860,S100YHL2,15544587000.0,11731422000.0,2736492000.0,2026-09-06
97130,S100YHWF,15339000000.0,15325000000.0,197000000.0,2026-09-06
72840,S100YIWC,14404083000.0,12972150000.0,683850000.0,2026-09-06
76940,S100YI9F,6731209000.0,6246465000.0,158055000.0,2026-09-06
22810,S100YDH8,99561000000.0,109382000000.0,9275000000.0,2026-09-06
66660,S100YJ84,6417722000.0,6291968000.0,165443000.0,2026-09-06
94010,S100YI1U,202958000000.0,346892000000.0,756458000000.0,2026-09-06
40780,S100YICQ,71416000000.0,43933000000.0,5120000000.0,2026-09-06
44830,S100YJCA,36728000000.0,40265000000.0,1278000000.0,2026-09-06
22070,S100YHY5,17395000000.0,28412000000.0,43064000000.0,2026-09-06
90030,S100YFL1,141683000000.0,575184000000.0,23387000000.0,2026-09-06
35980,S100YI4G,8225363000.0,7048728000.0,104025000.0,2026-09-06
92560,S100YJBO,2609046000.0,766813000.0,12255000.0,2026-09-06
47710,S100YIXJ,7269183000.0,4092179000.0,910444000.0,2026-09-06
34070,S100YGRD,1769448000000.0,2101271000000.0,168371000000.0,2026-09-06
87080,S100YIEX,70047000000.0,61929000000.0,25208000000.0,2026-09-06
336A0,S100YJGF,12562000000.0,7016000000.0,,2026-09-06
69230,S100YERJ,390038000000.0,150698000000.0,77828000000.0,2026-09-06
77170,S100YITH,65392000000.0,39619000000.0,1046000000.0,2026-09-06
54100,S100YCUF,129800000000.0,119410000000.0,26730000000.0,2026-09-06
46240,S100YJCY,8391761000.0,3247292000.0,7218571000.0,2026-09-06
80230,S100YIXP,21490511000.0,14120256000.0,2359370000.0,2026-09-06
76340,S100YHH0,13783412000.0,5874081000.0,2966992000.0,2026-09-06
72310,S100YJBN,155185000000.0,145038000000.0,30748000000.0,2026-09-06
62370,S100YHPM,37405328000.0,16040845000.0,2161607000.0,2026-09-06
57570,S100YIA1,62961000000.0,27936000000.0,1759000000.0,2026-09-06
19460,S100YIKH,146274000000.0,173879000000.0,25958000000.0,2026-09-06
30020,S100YGEM,77974000000.0,38694000000.0,3924000000.0,2026-09-06
63490,S100YJ3O,124039000000.0,57447000000.0,13749000000.0,2026-09-06
19300,S100YI00,39658000000.0,16814000000.0,1366000000.0,2026-09-06
37790,S100YHI1,3065586000.0,2460295000.0,,2026-09-06
94070,S100YJDD,16862000000.0,14687000000.0,9613000000.0,2026-09-06
68640,S100YIMB,12879221000.0,3654748000.0,245134000.0,2026-09-06
15150,S100YI8I,101970000000.0,88207000000.0,39161000000.0,2026-09-06
34670,S100YIPZ,32500419000.0,26060150000.0,,2026-09-06
90170,S100YI97,4908092000.0,37388440000.0,179873000.0,2026-09-06
49660,S100YIOW,86652000000.0,24469000000.0,16971000000.0,2026-09-06
22640,S100YIHY,198069000000.0,249319000000.0,19703000000.0,2026-09-06
57150,S100YIDC,116759000000.0,123534000000.0,19903000000.0,2026-09-06
18670,S100YIPR,32700693000.0,21835512000.0,2512488000.0,2026-09-06
52690,S100YI1J,30471333000.0,37297074000.0,15248883000.0,2026-09-06
18110,S100YJ24,112486000000.0,109893000000.0,68058000000.0,2026-09-06
56090,S100YGG5,9646000000.0,10366000000.0,70000000.0,2026-09-06
65880,S100YHCF,209574000000.0,230686000000.0,37148000000.0,2026-09-06
69180,S100Y38P,16173356000.0,2177299000.0,2677284000.0,2026-09-06
62280,S100YJGG,24423000000.0,13923000000.0,,2026-09-06
18070,S100YJEE,21049823000.0,14005557000.0,3895195000.0,2026-09-06
91150,S100YGYV,56294405000.0,202064271000.0,26692735000.0,2026-09-06
44170,S100YFEX,4799420000.0,5062246000.0,764371000.0,2026-09-06
68060,S100YJDW,75084000000.0,22578000000.0,16566000000.0,2026-09-06
66230,S100YHJY,89307000000.0,60745000000.0,7079000000.0,2026-09-06
45580,S100YJGX,2924966000.0,2539145000.0,76430000.0,2026-09-06
78740,S100YIJB,55449000000.0,52943000000.0,9026000000.0,2026-09-06
19450,S100YJBK,58018000000.0,39654000000.0,15427000000.0,2026-09-06
88690,S100YJF1,140112000000.0,118118000000.0,96000000.0,2026-09-06
79110,S100YIAY,1406905000000.0,1096479000000.0,310633000000.0,2026-09-06
42650,S100YIQZ,678886000.0,64029000.0,82315000.0,2026-09-06
53420,S100YJHR,2728524000.0,3355798000.0,404666000.0,2026-09-06
67720,S100YJ3Z,7838414000.0,4439061000.0,703799000.0,2026-09-06
69260,S100YJ7H,8823837000.0,6976498000.0,2121797000.0,2026-09-06
54080,S100YIVA,92524000000.0,42337000000.0,3193000000.0,2026-09-06
30230,S100YJIY,20219000000.0,11397000000.0,4218000000.0,2026-09-06
96440,S100YJ07,9091754000.0,3187668000.0,17746000.0,2026-09-06
22690,S100YILP,540765000000.0,392688000000.0,78354000000.0,2026-09-06
59810,S100YJJW,40509000000.0,50683000000.0,7177000000.0,2026-09-06
68100,S100YJH7,84191000000.0,70343000000.0,9667000000.0,2026-09-06
99360,S100YHJQ,43092000000.0,22394000000.0,4894000000.0,2026-09-06
48940,S100YIP2,5125116000.0,211911000.0,,2026-09-06
19340,S100YHQP,154335000000.0,85840000000.0,11102000000.0,2026-09-06
59400,S100YIDL,47839000000.0,60694000000.0,3799000000.0,2026-09-06
93620,S100YGR4,3907000000.0,7693000000.0,2078000000.0,2026-09-06
98800,S100YJ5D,29711605000.0,20875791000.0,2648107000.0,2026-09-06
66750,S100YJLC,29476000000.0,14438000000.0,2933000000.0,2026-09-06
67760,S100YIYI,8876000000.0,11493000000.0,3983000000.0,2026-09-06
40420,S100YE5Q,754383000000.0,424880000000.0,70132000000.0,2026-09-06
93550,S100YHZP,3635319000.0,20518705000.0,5667692000.0,2026-09-06
49260,S100YIUO,4613892000.0,2819883000.0,317142000.0,2026-09-06
70900,S100YJLO,2734618000.0,2822391000.0,,2026-09-06
77490,S100YI2W,33243669000.0,7314791000.0,778786000.0,2026-09-06
80430,S100YIM9,111416000000.0,83168000000.0,21597000000.0,2026-09-06
19260,S100YIK2,78411000000.0,33534000000.0,8313000000.0,2026-09-06
49900,S100YJME,6789683000.0,5535627000.0,3706238000.0,2026-09-06
60590,S100YJMS,15736778000.0,16818401000.0,1334670000.0,2026-09-06
88980,S100YJMR,6485196000.0,1311438000.0,715500000.0,2026-09-06
66950,S100YJNO,2087087000.0,906056000.0,2000000.0,2026-09-06
99970,S100YJ5M,131443000000.0,170805000000.0,14576000000.0,2026-09-06
34890,S100YHL1,26394354000.0,20271044000.0,0.0,2026-09-06
89380,S100YJMT,4339000000.0,806000000.0,,2026-09-06
44360,S100YJON,2039279000.0,9662399000.0,438832000.0,2026-09-06
32890,S100YHXW,1374745000000.0,2412667000000.0,354713000000.0,2026-09-06
39790,S100YJOL,4258667000.0,3212705000.0,515150000.0,2026-09-06
95130,S100YISC,673708000000.0,2205238000000.0,,2026-09-06
89990,S100YIKY,54008846000.0,43904395000.0,377850000.0,2026-09-06
64360,S100YJFL,128119000000.0,57775000000.0,17097000000.0,2026-09-06
31830,S100YEHT,39725454000.0,22551110000.0,1078023000.0,2026-09-06
64850,S100YIVJ,29544000000.0,6148000000.0,5512000000.0,2026-09-06
59560,S100YHLG,16491957000.0,7424349000.0,1000493000.0,2026-09-06
21480,S100YHX3,8784588000.0,1326333000.0,498740000.0,2026-09-06
35420,S100YIJ8,6611361000.0,2114702000.0,93663000.0,2026-09-06
67070,S100YI8X,136955000000.0,111138000000.0,15632000000.0,2026-09-06
50330,S100YH55,3736847000.0,2336133000.0,,2026-09-06
31820,S100YJ0Y,53246000000.0,95076000000.0,3841000000.0,2026-09-06
50210,S100YI3A,1079108000000.0,1449128000000.0,98538000000.0,2026-09-06
97800,S100Y7GN,9467116000.0,5596296000.0,1065121000.0,2026-09-06
45980,S100YJOM,394676000.0,156538000.0,,2026-09-06
71270,S100YHIO,2071732000.0,4812841000.0,188799000.0,2026-09-06
195A0,S100YGM7,1855867000.0,2389633000.0,,2026-09-06
94450,S100YJ9I,7729064000.0,7042199000.0,6000000.0,2026-09-06
94090,S100YCD2,176941000000.0,111715000000.0,209180000000.0,2026-09-06
97990,S100YHT5,10435076000.0,2961790000.0,2285406000.0,2026-09-06
19040,S100YIC7,30613983000.0,18782053000.0,3878822000.0,2026-09-06
93110,S100YIGL,13327998000.0,22936106000.0,2894090000.0,2026-09-06
44160,S100YI9P,1142272000.0,281841000.0,7485000.0,2026-09-06
38250,S100YJHT,18657000000.0,2631000000.0,350000000.0,2026-09-06
95050,S100YE68,431670000000.0,1458982000000.0,,2026-09-06
61850,S100YIYU,4377902000.0,1982929000.0,3075000.0,2026-09-06
96050,S100YI7S,170851000000.0,109315000000.0,150364000000.0,2026-09-06
57060,S100YBQV,370889000000.0,317087000000.0,64220000000.0,2026-09-06
71110,S100YJEX,1085000000.0,2492000000.0,,2026-09-06
31090,S100YGL9,25794000000.0,50372000000.0,1112000000.0,2026-09-06
42880,S100YGM0,1440907000.0,1234134000.0,29518000.0,2026-09-06
98430,S100YIMF,19024000000.0,226111000000.0,22986000000.0,2026-09-06
97350,S100YICV,968815000000.0,697840000000.0,435635000000.0,2026-09-06
86990,S100YJQ6,36400000000.0,28633000000.0,4567000000.0,2026-09-06
72760,S100YHHQ,546361000000.0,210086000000.0,100620000000.0,2026-09-06
26730,S100YE9G,773254000.0,873601000.0,2200000.0,2026-09-06
66590,S100YHY4,3423745000.0,1225229000.0,0.0,2026-09-06
34420,S100YGQT,5251379000.0,5387270000.0,201192000.0,2026-09-06
51210,S100YJDM,29973548000.0,13394136000.0,1810453000.0,2026-09-06
14430,S100YEE3,4082888000.0,5248909000.0,5911023000.0,2026-09-06
67940,S100YJIM,83045000000.0,38094000000.0,2328000000.0,2026-09-06
73180,S100YI8U,16193903000.0,24109794000.0,2421890000.0,2026-09-06
98870,S100YJ71,33968372000.0,58539645000.0,102940000.0,2026-09-06
69810,S100YHPY,723418000000.0,690167000000.0,21443000000.0,2026-09-06
39290,S100YF9R,1941315000.0,945864000.0,58606000.0,2026-09-06
42750,S100YIGR,22906000000.0,15533000000.0,8631000000.0,2026-09-06
77340,S100YIB1,60548326000.0,15259153000.0,7119804000.0,2026-09-06
88010,S100YHUO,3168436000000.0,6589133000000.0,1334510000000.0,2026-09-06
160A0,S100YIQV,16352654000.0,17244663000.0,,2026-09-06
83060,S100YJQO,1359600000000.0,391385368000000.0,,2026-09-06
21370,S100YIGV,6048898000.0,3992649000.0,,2026-09-06
33950,S100YI0O,21097696000.0,40605441000.0,258042000.0,2026-09-06
64790,S100YISS,330807000000.0,637924000000.0,10324000000.0,2026-09-06
65490,S100YJGW,4341384000.0,4841770000.0,65500000.0,2026-09-06
22240,S100YICN,1527673000.0,2686767000.0,216457000.0,2026-09-06
94080,S100YHOV,16054457000.0,7824655000.0,6304074000.0,2026-09-06
90120,S100YIV6,2030781000.0,11896257000.0,111793000.0,2026-09-06
88300,S100YI5D,1117715000000.0,4554314000000.0,842125000000.0,2026-09-06
59830,S100YHYU,12966330000.0,5211697000.0,2872489000.0,2026-09-06
50160,S100YINW,275866000000.0,318808000000.0,8090000000.0,2026-09-06
69410,S100YHIH,32112340000.0,13713311000.0,65042000.0,2026-09-06
75370,S100YIN7,130607000000.0,84390000000.0,3723000000.0,2026-09-06
49010,S100YIBH,704288000000.0,922957000000.0,45276000000.0,2026-09-06
59700,S100YIKX,141416000000.0,109029000000.0,10986000000.0,2026-09-06
43860,S100YH0Q,3727904000.0,3364322000.0,233094000.0,2026-09-06
19750,S100YIGB,60288000000.0,38834000000.0,9836000000.0,2026-09-06
52580,S100YJ6W,17246390000.0,16863703000.0,280040000.0,2026-09-06
19380,S100YI6M,55695375000.0,30896481000.0,16185080000.0,2026-09-06
68040,S100YI0D,171516000000.0,59962000000.0,7228000000.0,2026-09-06
80840,S100YGNM,125802000000.0,52782000000.0,6850000000.0,2026-09-06
28770,S100YGFI,21063002000.0,23302605000.0,3524705000.0,2026-09-06
49750,S100YIEL,40223000000.0,7028000000.0,1402000000.0,2026-09-06
92230,S100YJ2P,4186659000.0,9979868000.0,,2026-09-06
46860,S100YHW4,109649000000.0,16015000000.0,14000000.0,2026-09-06
429A0,S100YJ5L,16289000000.0,73339000000.0,5000000.0,2026-09-06
19510,S100YI51,387728000000.0,315721000000.0,32531000000.0,2026-09-06
80970,S100YH4U,96390000000.0,87086000000.0,15516000000.0,2026-09-06
72170,S100YIDI,3919611000.0,1848438000.0,70704000.0,2026-09-06
82180,S100YJBF,181484000000.0,140345000000.0,1699000000.0,2026-09-06
50290,S100YHBZ,1329427000.0,893297000.0,59470000.0,2026-09-06
30100,S100YITQ,13101826000.0,38845394000.0,2415000.0,2026-09-06
68750,S100YDEK,43602421000.0,31699473000.0,101636005000.0,2026-09-06
37990,S100YI9M,8558205000.0,3209507000.0,361600000.0,2026-09-06
64200,S100YJPK,96318000000.0,38356000000.0,11752000000.0,2026-09-06
40280,S100YIFO,154830000000.0,110648000000.0,11488000000.0,2026-09-06
37410,S100YIG2,9326219000.0,2445233000.0,1179059000.0,2026-09-06
63060,S100YH1J,40126000000.0,29164000000.0,5565000000.0,2026-09-06
62090,S100YHYP,105376000000.0,64375000000.0,37109000000.0,2026-09-06
520A0,S100YJUW,2839086000.0,478849000.0,,2026-09-06
76950,S100YG44,2121026000.0,2285106000.0,16188000.0,2026-09-06
36000,S100YHMW,6719497000.0,1677204000.0,1983404000.0,2026-09-06
31040,S100YIS2,25052000000.0,19148000000.0,2923000000.0,2026-09-06
98560,S100YIY6,43695000000.0,24772000000.0,1100000000.0,2026-09-06
99060,S100YJUL,50413000000.0,26625000000.0,4061000000.0,2026-09-06
42560,S100YJVR,2282370000.0,1548479000.0,,2026-09-06
51610,S100YIPC,76120000000.0,46679000000.0,22877000000.0,2026-09-06
68000,S100YI9J,47556000000.0,24248000000.0,2813000000.0,2026-09-06
40400,S100YI8M,9505000000.0,13967000000.0,427000000.0,2026-09-06
25850,S100YIP0,12443000000.0,18976000000.0,123000000.0,2026-09-06
51030,S100YJM4,3052471000.0,3418887000.0,2302207000.0,2026-09-06
29800,S100YJPC,24492416000.0,16124057000.0,45000000.0,2026-09-06
85110,S100YIQY,13178942000000.0,13635242000000.0,544475000000.0,2026-09-06
475A0,S100YJX2,1231391000.0,918054000.0,,2026-09-06
90820,S100YHKH,8742000000.0,20769000000.0,1114000000.0,2026-09-06
52520,S100YJNJ,1457017000.0,1048363000.0,38983000.0,2026-09-06
59940,S100YJXV,21362837000.0,30841250000.0,1508472000.0,2026-09-06
53930,S100YG7B,190047000000.0,72609000000.0,13834000000.0,2026-09-06
63600,S100YHZL,9860141000.0,6416422000.0,2891296000.0,2026-09-06
71770,S100YHX6,1357691000000.0,1346376000000.0,12390000000.0,2026-09-06
98530,S100YJPB,2428008000.0,2786185000.0,89630000.0,2026-09-06
63430,S100YIIQ,8768980000.0,13525810000.0,6383065000.0,2026-09-06
97530,S100YIII,10819581000.0,5010617000.0,2905513000.0,2026-09-06
99690,S100YJTJ,1710669000.0,2780121000.0,7504000.0,2026-09-06
41180,S100YIFD,444524000000.0,427724000000.0,61184000000.0,2026-09-06
52880,S100YJPY,64862000000.0,48081000000.0,4174000000.0,2026-09-06
98960,S100YJ4A,149625000000.0,157261000000.0,4454000000.0,2026-09-06
31900,S100YEJ9,7782414000.0,8981511000.0,345563000.0,2026-09-06
42410,S100YDEW,1521474000.0,2971607000.0,,2026-09-06
19800,S100YGXY,165326000000.0,106102000000.0,17116000000.0,2026-09-06
82550,S100YBP0,39605000000.0,46001000000.0,3778000000.0,2026-09-06
91930,S100YEHQ,10930324000.0,6466815000.0,2593958000.0,2026-09-06
82910,S100YGG9,36305000000.0,40436000000.0,6216000000.0,2026-09-06
72610,S100YDZ1,2227652000000.0,2280052000000.0,271063000000.0,2026-09-06
54640,S100YEUF,43053000000.0,14269000000.0,7068000000.0,2026-09-06
83620,S100YFJC,,4150345000000.0,,2026-09-06
22180,S100YHEK,4283906000.0,8702864000.0,695392000.0,2026-09-06
49700,S100YGHH,24069000000.0,41032000000.0,472000000.0,2026-09-06
79520,S100YG4C,48518000000.0,29449000000.0,7232000000.0,2026-09-06
40270,S100YHFP,49963000000.0,28944000000.0,12235000000.0,2026-09-06
34170,S100YF0K,115908000000.0,108284000000.0,11670000000.0,2026-09-06
74810,S100YDVR,26492000000.0,23121000000.0,811000000.0,2026-09-06
35510,S100YFSH,27739256000.0,34491173000.0,6665936000.0,2026-09-06
20040,S100YGEO,112749000000.0,116884000000.0,47221000000.0,2026-09-06
24450,S100YFC3,28888000000.0,52747000000.0,532000000.0,2026-09-06
57260,S100YHFZ,61880000000.0,58087000000.0,,2026-09-06
87070,S100YG9I,168237000000.0,117750000000.0,13871000000.0,2026-09-06
52820,S100YG98,25847581000.0,12979421000.0,1541700000.0,2026-09-06
59090,S100YF55,52536000000.0,25944000000.0,22664000000.0,2026-09-06
65700,S100YF8W,6688442000.0,10525363000.0,330733000.0,2026-09-06
23170,S100YFPF,44184000000.0,18812000000.0,3293000000.0,2026-09-06
90830,S100YHAF,14364000000.0,17610000000.0,4526000000.0,2026-09-06
77620,S100YGYK,271950000000.0,151405000000.0,36993000000.0,2026-09-06
99000,S100YGZJ,8869242000.0,7472715000.0,757896000.0,2026-09-06
72260,S100YE9E,96933000000.0,70476000000.0,15379000000.0,2026-09-06
61970,S100YGQU,31166000000.0,47412000000.0,409000000.0,2026-09-06
29070,S100YGFU,13763000000.0,9508000000.0,961000000.0,2026-09-06
81010,S100YGXI,68587000000.0,49879000000.0,5978000000.0,2026-09-06
65260,S100YHHK,126290000000.0,33266000000.0,0.0,2026-09-06
46840,S100YGBS,219589000000.0,66525000000.0,221988000000.0,2026-09-06
49680,S100YF3H,62264000000.0,65060000000.0,10105000000.0,2026-09-06
65570,S100YH7U,4651054000.0,9654609000.0,749802000.0,2026-09-06
64840,S100YH48,20813181000.0,7950677000.0,1686605000.0,2026-09-06
57140,S100YGIN,367039000000.0,257501000000.0,76709000000.0,2026-09-06
83950,S100YH10,,3061412000000.0,,2026-09-06
39630,S100YGE7,5683214000.0,804564000.0,14952000.0,2026-09-06
59860,S100YGQQ,26362167000.0,21914407000.0,2637164000.0,2026-09-06
90080,S100YF0G,266341000000.0,707831000000.0,85963000000.0,2026-09-06
74560,S100YGWM,116124000000.0,69124000000.0,7894000000.0,2026-09-06
35710,S100YIBK,5939112000.0,5089021000.0,6572750000.0,2026-09-06
35800,S100YHIR,25885000000.0,13324000000.0,16185000000.0,2026-09-06
85930,S100YF4V,6018651000000.0,9957809000000.0,550198000000.0,2026-09-06
96840,S100YHJ4,344515000000.0,79792000000.0,5553000000.0,2026-09-06
75090,S100YGK3,11862315000.0,12421465000.0,109948000.0,2026-09-06
94040,S100Y9BG,351813000000.0,241125000000.0,567732000000.0,2026-09-06
93670,S100YH3W,7519413000.0,5620552000.0,1455081000.0,2026-09-06
28160,S100YGNU,7788000000.0,8905000000.0,259000000.0,2026-09-06
62720,S100YFES,29073703000.0,10527268000.0,1953777000.0,2026-09-06
18150,S100YGCF,145960000000.0,154986000000.0,23020000000.0,2026-09-06
78970,S100YGLJ,7603727000.0,7906813000.0,407337000.0,2026-09-06
81590,S100YG86,130240000000.0,70423000000.0,25794000000.0,2026-09-06
45060,S100YH3M,107709000000.0,364509000000.0,22823000000.0,2026-09-06
75100,S100YHGY,50876000000.0,22845000000.0,5666000000.0,2026-09-06
57420,S100YGNV,3747297000.0,3944968000.0,245453000.0,2026-09-06
99800,S100YHKB,14337840000.0,5572776000.0,,2026-09-06
95340,S100YGOL,51086000000.0,106945000000.0,9435000000.0,2026-09-06
62540,S100YG4U,108990341000.0,79769204000.0,846167000.0,2026-09-06
85630,S100YHKN,,818344000000.0,,2026-09-06
54400,S100YGQP,211297000000.0,143671000000.0,17526000000.0,2026-09-06
93070,S100YEZX,8930884000.0,5577858000.0,865679000.0,2026-09-06
79430,S100YH8A,86002000000.0,53297000000.0,10210000000.0,2026-09-06
22820,S100YEEQ,347400000000.0,378470000000.0,18950000000.0,2026-09-06
51990,S100YGMK,6457945000.0,6988225000.0,193788000.0,2026-09-06
34230,S100YG2M,16094068000.0,14248777000.0,297915000.0,2026-09-06
62580,S100YH6Y,88035288000.0,61439287000.0,2738741000.0,2026-09-06
66780,S100YGSP,15678302000.0,3549555000.0,,2026-09-06
19610,S100YH3A,138834000000.0,94458000000.0,31383000000.0,2026-09-06
98820,S100YC2P,76789000000.0,65346000000.0,11341000000.0,2026-09-06
75060,S100YHK9,5383733000.0,2761159000.0,141111000.0,2026-09-06
49180,S100YHO9,2472064000.0,1098790000.0,,2026-09-06
67450,S100YH50,66087000000.0,30333000000.0,5280000000.0,2026-09-06
80850,S100YHOM,39001000000.0,29778000000.0,3952000000.0,2026-09-06
48270,S100YHAI,17361570000.0,24452809000.0,98886000.0,2026-09-06
74760,S100YHL5,69957000000.0,33431000000.0,14573000000.0,2026-09-06
38020,S100YHB3,1583879000.0,168596000.0,,2026-09-06
80410,S100YGQH,68521000000.0,54714000000.0,7108000000.0,2026-09-06
45310,S100YHPD,12506000000.0,13765000000.0,2047000000.0,2026-09-06
95090,S100YDWY,411594000000.0,1836667000000.0,,2026-09-06
45160,S100YGRG,135023000000.0,28623000000.0,36526000000.0,2026-09-06
59790,S100YGWS,11795486000.0,2322830000.0,40367000.0,2026-09-06
27300,S100YDWB,191173000000.0,211884000000.0,5401000000.0,2026-09-06
61570,S100YG7J,13791530000.0,1526019000.0,31515000.0,2026-09-06
99340,S100YFJE,215720000000.0,105959000000.0,19974000000.0,2026-09-06
59690,S100YGO7,5757545000.0,3769443000.0,657409000.0,2026-09-06
79790,S100YGMA,27521000000.0,7257000000.0,8709000000.0,2026-09-06
45430,S100YGMG,393941000000.0,549718000000.0,11531000000.0,2026-09-06
95040,S100YGCV,695835000000.0,3655094000000.0,,2026-09-06
54580,S100YH3H,7270000000.0,4310000000.0,22000000.0,2026-09-06
72220,S100YGCO,174219000000.0,93351000000.0,324000000.0,2026-09-06
72910,S100YHRY,48015000000.0,49169000000.0,3510000000.0,2026-09-06
76150,S100YH5X,5305001000.0,5297350000.0,0.0,2026-09-06
90590,S100YHF0,20512000000.0,21717000000.0,1581000000.0,2026-09-06
22220,S100YCOO,37649000000.0,11894000000.0,211000000.0,2026-09-06
66140,S100YHLM,3546848000.0,2941509000.0,96584000.0,2026-09-06
48380,S100YHJ3,10306307000.0,7877830000.0,43758000.0,2026-09-06
69760,S100YHU5,279284000000.0,254017000000.0,20000000.0,2026-09-06
40970,S100YHRU,64644000000.0,43302000000.0,13655000000.0,2026-09-06
22910,S100YHU1,5543000000.0,10673000000.0,2059000000.0,2026-09-06
99590,S100YGUH,7505000000.0,12431000000.0,1650000000.0,2026-09-06
95330,S100YGFW,187725000000.0,310370000000.0,170019000000.0,2026-09-06
352A0,S100YGOP,2919306000.0,6255581000.0,,2026-09-06
88770,S100YHNU,213514900000.0,153569228000.0,499971000.0,2026-09-06
81730,S100YHVK,125169000000.0,126837000000.0,6032000000.0,2026-09-06
25880,S100YHDW,19707000000.0,41609000000.0,8862000000.0,2026-09-06
94680,S100YGF5,272447000000.0,132621000000.0,38397000000.0,2026-09-06
27800,S100YHJR,68457419000.0,55426514000.0,152446000.0,2026-09-06
46350,S100YDYR,29729000000.0,21000000000.0,4486000000.0,2026-09-06
72420,S100YHB1,137034000000.0,147137000000.0,19874000000.0,2026-09-06
80590,S100YGOV,149940000000.0,91521000000.0,12709000000.0,2026-09-06
34340,S100YGLQ,38829000000.0,31409000000.0,3993000000.0,2026-09-06
46130,S100YHKQ,355530000000.0,400689000000.0,57907000000.0,2026-09-06
40940,S100YH9F,28502318000.0,7825045000.0,8854753000.0,2026-09-06
65680,S100YACF,7475498000.0,6632216000.0,232610000.0,2026-09-06
28130,S100YGOO,7859594000.0,6010588000.0,807248000.0,2026-09-06
72640,S100YGBE,16358366000.0,8423064000.0,1852793000.0,2026-09-06
88920,S100YGKW,335103000000.0,381166000000.0,19546000000.0,2026-09-06
64540,S100YHEY,74246000000.0,20541000000.0,20448000000.0,2026-09-06
97010,S100YFQM,7765141000.0,16540443000.0,4419745000.0,2026-09-06
65860,S100YH4M,222497000000.0,77517000000.0,32541000000.0,2026-09-06
58030,S100YGP3,561343000000.0,394978000000.0,34348000000.0,2026-09-06
56970,S100YGAZ,13797018000.0,8749709000.0,536076000.0,2026-09-06
68590,S100YG4Z,50589000000.0,19153000000.0,4006000000.0,2026-09-06
59890,S100YFUA,28771000000.0,42651000000.0,740000000.0,2026-09-06
46170,S100YGSJ,108373000000.0,55342000000.0,8229000000.0,2026-09-06
67430,S100YEMV,27439449000.0,16485626000.0,5950234000.0,2026-09-06
54490,S100YHWP,108890000000.0,45273000000.0,553000000.0,2026-09-06
42370,S100YH1C,7157953000.0,5946841000.0,998838000.0,2026-09-06
46870,S100YH3J,23247699000.0,7405542000.0,3077253000.0,2026-09-06
26740,S100YHYF,13918216000.0,7244624000.0,3639795000.0,2026-09-06
18280,S100YHGU,35010887000.0,20988125000.0,330657000.0,2026-09-06
61180,S100YG50,88927000000.0,39224000000.0,9979000000.0,2026-09-06
50200,S100YF7I,222249000000.0,1679557000000.0,34755000000.0,2026-09-06
74410,S100YHK6,15086000000.0,21633000000.0,3980000000.0,2026-09-06
43890,S100YHXO,3258092000.0,987714000.0,29751000.0,2026-09-06
88640,S100YGNC,39421000000.0,45986000000.0,10554000000.0,2026-09-06
39700,S100YHYE,4975920000.0,4254474000.0,104358000.0,2026-09-06
67540,S100YH5E,58113000000.0,34772000000.0,337000000.0,2026-09-06
95310,S100YH8W,1047130000000.0,2053623000000.0,383571000000.0,2026-09-06
69820,S100YGCM,2569390000.0,5282878000.0,936557000.0,2026-09-06
27080,S100YG7R,15871000000.0,15049000000.0,1731000000.0,2026-09-06
54230,S100YDWW,164153000000.0,83055000000.0,25392000000.0,2026-09-06
63320,S100YH1A,111716000000.0,80193000000.0,24363000000.0,2026-09-06
55990,S100YHZO,2242543000.0,701837000.0,,2026-09-06
91190,S100YGFN,41139000000.0,160787000000.0,25660000000.0,2026-09-06
93470,S100YHX4,64916000000.0,30765000000.0,11951000000.0,2026-09-06
42180,S100YGTG,39756000000.0,24415000000.0,2889000000.0,2026-09-06
60550,S100YHDN,46990000000.0,11118000000.0,413000000.0,2026-09-06
22040,S100YF3Z,11202339000.0,16471006000.0,6529882000.0,2026-09-06
46940,S100YFSM,102259000000.0,49100000000.0,3127000000.0,2026-09-06
27840,S100YH29,1094496000000.0,957637000000.0,115315000000.0,2026-09-06
67420,S100YH1N,92833000000.0,74293000000.0,11991000000.0,2026-09-06
143A0,S100YHBL,1734316000.0,519216000.0,368837000.0,2026-09-06
46110,S100YHL6,53066000000.0,57173000000.0,9447000000.0,2026-09-06
94750,S100YH2P,10227143000.0,5396261000.0,2885006000.0,2026-09-06
98950,S100YI0I,5270478000.0,3822215000.0,1460645000.0,2026-09-06
60160,S100YH5Z,22787936000.0,19080043000.0,810450000.0,2026-09-06
74590,S100YI1C,1282746000000.0,1067037000000.0,199078000000.0,2026-09-06
74600,S100YHKP,55969000000.0,36020000000.0,10858000000.0,2026-09-06
22930,S100YGEP,5940378000.0,8986037000.0,1728450000.0,2026-09-06
31320,S100YGVR,524936000000.0,294961000000.0,7958000000.0,2026-09-06
80700,S100YEID,62646000000.0,63593000000.0,7197000000.0,2026-09-06
23510,S100YHBT,1027696000.0,1378575000.0,34212000.0,2026-09-06
18700,S100YEMP,108192000000.0,75384000000.0,5662000000.0,2026-09-06
24800,S100YGTA,2416683000.0,681338000.0,821634000.0,2026-09-06
95060,S100YEK2,1141952000000.0,4389404000000.0,,2026-09-06
14200,S100YGLY,45291402000.0,35232144000.0,30140000.0,2026-09-06
13320,S100YHOQ,332568000000.0,348938000000.0,30453000000.0,2026-09-06
51860,S100YGN5,84262000000.0,25754000000.0,60444000000.0,2026-09-06
19590,S100YI0L,299268000000.0,176319000000.0,80153000000.0,2026-09-06
54460,S100YG3Z,12994099000.0,8895560000.0,2199120000.0,2026-09-06
74330,S100YI76,120853000000.0,71825000000.0,8670000000.0,2026-09-06
75040,S100YEIF,32987524000.0,21477246000.0,5931900000.0,2026-09-06
44060,S100YGXD,17584000000.0,18523000000.0,9950000000.0,2026-09-06
93660,S100YFGT,8515553000.0,12877026000.0,516829000.0,2026-09-06
79270,S100YGVG,19910168000.0,11717344000.0,303414000.0,2026-09-06
98200,S100YFVP,4563167000.0,992694000.0,30000000.0,2026-09-06
37870,S100YI1N,1013467000.0,81032000.0,784220000.0,2026-09-06
87720,S100YI2V,121566899000.0,77391775000.0,,2026-09-06
28140,S100YGVL,12592354000.0,1869308000.0,3466946000.0,2026-09-06
28040,S100YGZB,8153454000.0,11029149000.0,9475969000.0,2026-09-06
45380,S100YHSC,48342000000.0,48685000000.0,4375000000.0,2026-09-06
28060,S100YHEX,10828000000.0,3251000000.0,2136000000.0,2026-09-06
63370,S100YHSE,9300000000.0,1309000000.0,3399000000.0,2026-09-06
29190,S100YG8L,6209946000.0,3707898000.0,940054000.0,2026-09-06
47360,S100YGDA,3161838000.0,1422181000.0,595152000.0,2026-09-06
17700,S100YGU7,20575867000.0,11309581000.0,5750729000.0,2026-09-06
19500,S100YGLL,177804000000.0,86739000000.0,41318000000.0,2026-09-06
92740,S100YHDZ,231312000000.0,265818000000.0,19603000000.0,2026-09-06
32210,S100YEWX,10720550000.0,3466630000.0,100454000.0,2026-09-06
177A0,S100YB5D,5066964000.0,3284826000.0,581277000.0,2026-09-06
91040,S100YI2T,570022000000.0,2260230000000.0,1779474000000.0,2026-09-06
76280,S100YHS4,37642177000.0,9029774000.0,2566782000.0,2026-09-06
39340,S100YHUS,11045268000.0,3920919000.0,5524000.0,2026-09-06
80740,S100YGZX,210333000000.0,178682000000.0,13082000000.0,2026-09-06
291A0,S100YI71,1583600000.0,349369000.0,119493000.0,2026-09-06
71500,S100YHPP,,553838000000.0,,2026-09-06
44190,S100YHUU,18079945000.0,9399774000.0,46153000.0,2026-09-06
86140,S100YH08,53473000000.0,39264000000.0,7050000000.0,2026-09-06
77010,S100YGJF,454457000000.0,174110000000.0,15182000000.0,2026-09-06
72870,S100YHIT,114650000000.0,89064000000.0,18210000000.0,2026-09-06
72460,S100YGAC,87789000000.0,70282000000.0,8001000000.0,2026-09-06
96290,S100YGVP,26426000000.0,15691000000.0,3115000000.0,2026-09-06
69580,S100YHVS,62382000000.0,67112000000.0,4041000000.0,2026-09-06
550A0,S100YA88,1687726000.0,713302000.0,,2026-09-06
55350,S100YFV9,52457148000.0,43232738000.0,232355000.0,2026-09-06
42280,S100YI2M,63592000000.0,86567000000.0,12579000000.0,2026-09-06
48880,S100YDYN,5243479000.0,2209619000.0,,2026-09-06
71990,S100YHAQ,2363000000.0,10501000000.0,7000000.0,2026-09-06
44980,S100YI8R,7096422000.0,2999602000.0,157975000.0,2026-09-06
18220,S100YI2K,120066000000.0,76777000000.0,11491000000.0,2026-09-06
60820,S100YHAZ,8709499000.0,4966523000.0,2497131000.0,2026-09-06
36110,S100YHK4,47715000000.0,31924000000.0,528000000.0,2026-09-06
67530,S100YHZV,979817000000.0,1286021000000.0,185710000000.0,2026-09-06
82420,S100YDD0,169516000000.0,417079000000.0,97048000000.0,2026-09-06
61810,S100YHBC,2292032000.0,4284458000.0,,2026-09-06
63700,S100YBAT,71519000000.0,140135000000.0,7165000000.0,2026-09-06
44420,S100YE1A,3988487000.0,3246238000.0,213612000.0,2026-09-06
54010,S100YF8E,2004329000000.0,4129940000000.0,223331000000.0,2026-09-06
46810,S100YFZK,196390000000.0,342207000000.0,33818000000.0,2026-09-06
63300,S100YI4K,244209000000.0,226355000000.0,6889000000.0,2026-09-06
47180,S100YHCO,11251972000.0,9300376000.0,669317000.0,2026-09-06
39270,S100YI0F,3326249000.0,3874593000.0,135802000.0,2026-09-06
60880,S100YG2R,14073977000.0,5468792000.0,3024643000.0,2026-09-06
37720,S100YGX4,53697329000.0,42703422000.0,3748981000.0,2026-09-06
76980,S100YHLL,9668902000.0,13518075000.0,19562000.0,2026-09-06
32310,S100YH2N,1484563000000.0,1935129000000.0,189916000000.0,2026-09-06
70960,S100YI32,5313624000.0,5050360000.0,830135000.0,2026-09-06
32380,S100YH5L,32624609000.0,35159397000.0,232198000.0,2026-09-06
93030,S100YHFI,83787000000.0,165701000000.0,155645000000.0,2026-09-06
70890,S100YIA4,2812898000.0,1187273000.0,89283000.0,2026-09-06
90050,S100YE63,459501000000.0,1826685000000.0,272657000000.0,2026-09-06
66740,S100YH71,320219000000.0,302751000000.0,78432000000.0,2026-09-06
77790,S100YIAC,15884000000.0,1036000000.0,3910000000.0,2026-09-06
48890,S100YGXR,1871252000.0,151210000.0,,2026-09-06
41770,S100YHOY,2866785000.0,2427777000.0,15393000.0,2026-09-06
68090,S100YFVG,45249000000.0,16071000000.0,9004000000.0,2026-09-06
72920,S100YHRX,78598000000.0,23264000000.0,4831000000.0,2026-09-06
38390,S100YHN8,5840706000.0,2949153000.0,1183723000.0,2026-09-06
43080,S100YH2T,10439180000.0,2127073000.0,8698000.0,2026-09-06
299A0,S100YH46,14371077000.0,3673647000.0,286717000.0,2026-09-06
142A0,S100YHUZ,1843605000.0,1700829000.0,50000.0,2026-09-06
76370,S100YI9D,35028630000.0,20990059000.0,1244509000.0,2026-09-06
24540,S100YFW5,5999469000.0,3963655000.0,558510000.0,2026-09-06
48190,S100YIB5,41126000000.0,68976000000.0,3257000000.0,2026-09-06
78830,S100YFTU,7488970000.0,7773172000.0,4201538000.0,2026-09-06
76860,S100YIAO,22248000000.0,31829000000.0,380000000.0,2026-09-06
60450,S100YIBN,9918227000.0,7071306000.0,599891000.0,2026-09-06
72020,S100YFBQ,580010000000.0,810570000000.0,151437000000.0,2026-09-06
33740,S100YH0J,16721165000.0,12683072000.0,649945000.0,2026-09-06
45640,S100YHRD,1105697000.0,426091000.0,,2026-09-06
45400,S100YFC1,295709000000.0,134270000000.0,10276000000.0,2026-09-06
67400,S100YH91,100156000000.0,141141000000.0,3110000000.0,2026-09-06
81600,S100YGX7,19503000000.0,16440000000.0,2994000000.0,2026-09-06
77450,S100YHHI,51668000000.0,26207000000.0,315000000.0,2026-09-06
69320,S100YH7Z,43072000000.0,23615000000.0,93000000.0,2026-09-06
79120,S100YF74,824692000000.0,709059000000.0,393125000000.0,2026-09-06
81380,S100YIC4,10974124000.0,7466244000.0,3424920000.0,2026-09-06
36340,S100Y9J8,696749000.0,262482000.0,12290000.0,2026-09-06
67770,S100YH8U,20268057000.0,8099161000.0,2591694000.0,2026-09-06
36760,S100YH90,14069461000.0,10688795000.0,1340609000.0,2026-09-06
65230,S100YHPK,69433000000.0,332364000000.0,8405000000.0,2026-09-06
21580,S100YGJA,4003036000.0,3239040000.0,966614000.0,2026-09-06
90690,S100YH4R,229227000000.0,475523000000.0,27045000000.0,2026-09-06
20010,S100YIC9,159014000000.0,152742000000.0,85530000000.0,2026-09-06
49770,S100YHPC,24845000000.0,15038000000.0,3073000000.0,2026-09-06
64240,S100YEQL,11853753000.0,10884152000.0,929234000.0,2026-09-06
69510,S100YIDD,169492000000.0,85833000000.0,14769000000.0,2026-09-06
66160,S100YFAJ,20836112000.0,16207366000.0,1232434000.0,2026-09-06
75250,S100YGQ4,32408401000.0,17760378000.0,3836028000.0,2026-09-06
90730,S100YGY5,2532212000.0,3927798000.0,1797449000.0,2026-09-06
32910,S100YID4,230507000000.0,364328000000.0,,2026-09-06
86160,S100YGI5,1322176000000.0,1214600000000.0,56226000000.0,2026-09-06
62030,S100YF38,21604000000.0,15314000000.0,6530000000.0,2026-09-06
93600,S100YIBT,5908000000.0,7651000000.0,308000000.0,2026-09-06
19290,S100YIDU,40342000000.0,22378000000.0,4288000000.0,2026-09-06
61580,S100YI25,8794513000.0,2247052000.0,410023000.0,2026-09-06
49140,S100YGT4,155016000000.0,115779000000.0,23204000000.0,2026-09-06
72380,S100YHCS,64951000000.0,72381000000.0,85000000.0,2026-09-06
72350,S100YG1L,21122106000.0,8967335000.0,1806728000.0,2026-09-06
74380,S100YEX8,40740000000.0,26896000000.0,280000000.0,2026-09-06
32800,S100YI6D,36400000000.0,34381000000.0,62000000.0,2026-09-06
39370,S100YHAT,6604056000.0,2268614000.0,352449000.0,2026-09-06
70400,S100YIEN,12223841000.0,29553524000.0,3800131000.0,2026-09-06
75510,S100YFMB,16906578000.0,7053484000.0,635005000.0,2026-09-06
81110,S100YGJI,93438000000.0,39674000000.0,33014000000.0,2026-09-06
69550,S100YH9L,31734000000.0,29925000000.0,211000000.0,2026-09-06
60960,S100YIA0,3444468000.0,3959705000.0,2524000.0,2026-09-06
78440,S100YGG0,22636000000.0,6716000000.0,2908000000.0,2026-09-06
96910,S100YIGO,13783684000.0,11105759000.0,415078000.0,2026-09-06
91100,S100YCN8,116172000000.0,125210000000.0,5506000000.0,2026-09-06
63050,S100YIBR,480160000000.0,445822000000.0,11715000000.0,2026-09-06
46850,S100YH80,22989000000.0,9498000000.0,2077000000.0,2026-09-06
59010,S100YGR9,594327000000.0,508015000000.0,167035000000.0,2026-09-06
37530,S100YH2V,911857000.0,1005866000.0,,2026-09-06
31010,S100YGRC,267495000000.0,385755000000.0,12274000000.0,2026-09-06
99600,S100YGTS,60285000000.0,44000000000.0,15055000000.0,2026-09-06
29330,S100YGHF,31225698000.0,51138326000.0,2367432000.0,2026-09-06
19410,S100YD98,129723000000.0,64298000000.0,102681000000.0,2026-09-06
24690,S100YG1N,26614000000.0,32104000000.0,223000000.0,2026-09-06
76190,S100YDHJ,16371397000.0,14582167000.0,83499000.0,2026-09-06
19440,S100YFY8,503656000000.0,221955000000.0,128500000000.0,2026-09-06
17680,S100YEJU,10295010000.0,3837926000.0,762206000.0,2026-09-06
47520,S100YE2I,6762192000.0,3334116000.0,447466000.0,2026-09-06
54610,S100Y9WS,46579000000.0,8543000000.0,12325000000.0,2026-09-06
68820,S100YFP9,24900000000.0,9230000000.0,88000000.0,2026-09-06
59980,S100YFF6,14653876000.0,20412329000.0,119478000.0,2026-09-06
53430,S100YDSD,6787000000.0,7901000000.0,162000000.0,2026-09-06
64860,S100YFUB,111369000000.0,80964000000.0,18196000000.0,2026-09-06
31310,S100YEWH,16329813000.0,9231310000.0,25000000.0,2026-09-06
97420,S100YF4O,24764000000.0,17535000000.0,11836000000.0,2026-09-06
39460,S100YFA2,89483000000.0,113453000000.0,11012000000.0,2026-09-06
57030,S100YFJY,304858000000.0,293826000000.0,38369000000.0,2026-09-06
56590,S100YDZS,38121000000.0,13980000000.0,68000000.0,2026-09-06
81580,S100YFPG,51247000000.0,43664000000.0,13794000000.0,2026-09-06
87930,S100YEUV,1002303000000.0,1082412000000.0,85090000000.0,2026-09-06
81530,S100YE7I,43730000000.0,26250000000.0,9645000000.0,2026-09-06
64880,S100YDUY,10642923000.0,3293903000.0,3827805000.0,2026-09-06
70790,S100YFVI,4895010000.0,1289591000.0,,2026-09-06
97590,S100YEYZ,54432000000.0,22233000000.0,1785000000.0,2026-09-06
49940,S100YG2P,17843923000.0,9063487000.0,943751000.0,2026-09-06
73050,S100Y8QF,29180000000.0,20482000000.0,9306000000.0,2026-09-06
58200,S100YG3G,8017156000.0,6065022000.0,466748000.0,2026-09-06
95320,S100YFQT,812779000000.0,1461234000000.0,569252000000.0,2026-09-06
76700,S100YFWA,29945000000.0,24280000000.0,10419000000.0,2026-09-06
45470,S100YFN3,106980000000.0,33933000000.0,84869000000.0,2026-09-06
19480,S100YFSO,25825000000.0,11461000000.0,1440000000.0,2026-09-06
85910,S100YG5L,3248697000000.0,4417310000000.0,185290000000.0,2026-09-06
38950,S100YE3K,8230845000.0,4961026000.0,149601000.0,2026-09-06
96250,S100YF00,8907328000.0,3884135000.0,23842000.0,2026-09-06
81170,S100YFX5,31449434000.0,7790939000.0,17769678000.0,2026-09-06
19600,S100YFBB,39842000000.0,28450000000.0,2866000000.0,2026-09-06
31850,S100YG5J,1826326000.0,2746215000.0,,2026-09-06
32020,S100YFWH,2403413000.0,15112730000.0,443136000.0,2026-09-06
66380,S100YCRC,57603719000.0,43800346000.0,143815000.0,2026-09-06
63960,S100YF8O,5512020000.0,5066982000.0,478689000.0,2026-09-06
13010,S100YE8K,134260000000.0,113769000000.0,14053000000.0,2026-09-06
36220,S100YF6I,3049760000.0,494100000.0,,2026-09-06
65180,S100YE1K,10829394000.0,6610365000.0,974133000.0,2026-09-06
80350,S100YEOO,1800756000000.0,770771000000.0,200013000000.0,2026-09-06
150A0,S100YFUO,1449568000.0,944088000.0,1851000.0,2026-09-06
17770,S100YG5D,19644000000.0,10939000000.0,311000000.0,2026-09-06
51950,S100YEMC,30692000000.0,26824000000.0,8645000000.0,2026-09-06
85600,S100YG72,,769801000000.0,,2026-09-06
94050,S100YD4D,49526000000.0,50312000000.0,17354000000.0,2026-09-06
74800,S100YG54,23369609000.0,10410085000.0,424477000.0,2026-09-06
57110,S100YFRY,1464306000000.0,1686132000000.0,310772000000.0,2026-09-06
97440,S100YE6X,77050000000.0,44828000000.0,27000000.0,2026-09-06
66450,S100YG81,143587000000.0,331832000000.0,7081000000.0,2026-09-06
72700,S100YFKZ,2221368000000.0,1739359000000.0,8692000000.0,2026-09-06
20530,S100YF88,66157000000.0,34064000000.0,6943000000.0,2026-09-06
18480,S100YG4M,27865000000.0,25447000000.0,159000000.0,2026-09-06
85840,S100YEIM,3701379000000.0,3550976000000.0,33542000000.0,2026-09-06
80810,S100YFEF,72011000000.0,41100000000.0,4358000000.0,2026-09-06
67980,S100YFRH,33149000000.0,28462000000.0,4205000000.0,2026-09-06
26760,S100YFGR,19206711000.0,6625089000.0,3193046000.0,2026-09-06
44140,S100YG80,3733005000.0,1476196000.0,,2026-09-06
98320,S100YF3G,127028000000.0,96206000000.0,9145000000.0,2026-09-06
63220,S100YFBY,9595059000.0,4432213000.0,1888491000.0,2026-09-06
40220,S100YD99,23581000000.0,17961000000.0,3234000000.0,2026-09-06
33060,S100YFIL,1451644000.0,1448007000.0,151205000.0,2026-09-06
86170,S100YFAQ,12837000000.0,6060000000.0,4607000000.0,2026-09-06
34430,S100YF5H,87241000000.0,73942000000.0,4074000000.0,2026-09-06
80560,S100YFCP,131174000000.0,69762000000.0,17934000000.0,2026-09-06
80450,S100YCTS,7326266000.0,7850429000.0,13675446000.0,2026-09-06
79940,S100YFDV,139618000000.0,102349000000.0,43971000000.0,2026-09-06
44840,S100YFEP,2491517000.0,1922214000.0,,2026-09-06
99870,S100YFRU,844099000000.0,706410000000.0,84399000000.0,2026-09-06
77020,S100YF50,45773000000.0,40504000000.0,5437000000.0,2026-09-06
59290,S100YFHH,362699000000.0,210417000000.0,33426000000.0,2026-09-06
75960,S100YGEC,14609327000.0,5215851000.0,5251895000.0,2026-09-06
66320,S100YG3R,73001000000.0,118157000000.0,4357000000.0,2026-09-06
38530,S100YGH9,2658665000.0,1213921000.0,548117000.0,2026-09-06
45530,S100YFVM,247306000000.0,299198000000.0,871000000.0,2026-09-06
14170,S100YG40,321194000000.0,267862000000.0,19397000000.0,2026-09-06
79390,S100YEUJ,2665122000.0,2287779000.0,28079000.0,2026-09-06
28970,S100YEWB,72441000000.0,233278000000.0,46522000000.0,2026-09-06
49320,S100YFI1,4429546000.0,2847853000.0,,2026-09-06
416A0,S100YGHU,13842000000.0,12573000000.0,107000000.0,2026-09-06
37390,S100YFS8,1294493000.0,926545000.0,0.0,2026-09-06
81070,S100YER7,2117547000.0,8958616000.0,451000.0,2026-09-06
47320,S100YGIC,144641000000.0,59993000000.0,511000000.0,2026-09-06
83830,S100YDT2,,1058366000000.0,,2026-09-06
61860,S100YFD3,10289794000.0,15624092000.0,100000000.0,2026-09-06
72400,S100YFWJ,420723000000.0,275245000000.0,162144000000.0,2026-09-06
19760,S100YFOI,61236000000.0,19377000000.0,6297000000.0,2026-09-06
62380,S100YFJB,22393180000.0,5686442000.0,14477000.0,2026-09-06
96580,S100YG97,12253458000.0,7566265000.0,1173507000.0,2026-09-06
46790,S100YFEW,557368000.0,1570042000.0,,2026-09-06
19720,S100YCWL,32486000000.0,14326000000.0,10000000.0,2026-09-06
67790,S100YFNH,31873000000.0,38755000000.0,919000000.0,2026-09-06
72960,S100YFKQ,37945000000.0,26163000000.0,4633000000.0,2026-09-06
43650,S100YG2G,66121000000.0,13822000000.0,20707000000.0,2026-09-06
62300,S100YEJ7,15618110000.0,9677714000.0,484999000.0,2026-09-06
68690,S100YFAW,165215000000.0,89506000000.0,7989000000.0,2026-09-06
78400,S100YE44,38483000000.0,30281000000.0,326000000.0,2026-09-06
300A0,S100YFMQ,6080381000.0,2418439000.0,,2026-09-06
59840,S100YEZU,20233332000.0,7913345000.0,658013000.0,2026-09-06
71340,S100YFV1,4146219000.0,1980924000.0,18849000.0,2026-09-06
61510,S100YFFT,38687000000.0,8421000000.0,4123000000.0,2026-09-06
19420,S100YDOZ,385262000000.0,222271000000.0,67429000000.0,2026-09-06
59280,S100YF9N,5388475000.0,2049966000.0,1631631000.0,2026-09-06
79380,S100YFIT,14958000000.0,13512000000.0,3815000000.0,2026-09-06
46580,S100YC3N,28662000000.0,22443000000.0,6094000000.0,2026-09-06
97060,S100YGGN,130933000000.0,271608000000.0,22766000000.0,2026-09-06
54510,S100YEVQ,159857000000.0,49136000000.0,40961000000.0,2026-09-06
89340,S100YGKR,183706000000.0,112298000000.0,,2026-09-06
93510,S100YELE,10777000000.0,23460000000.0,8741000000.0,2026-09-06
34020,S100YFG9,352791000000.0,746391000000.0,98318000000.0,2026-09-06
83980,S100YE9H,,850664000000.0,,2026-09-06
80320,S100YF3W,233953000000.0,246670000000.0,37017000000.0,2026-09-06
87150,S100YFY1,6343000000.0,44427000000.0,,2026-09-06
18030,S100YDXD,1517057000000.0,1600296000000.0,299507000000.0,2026-09-06
99840,S100YGH5,1458620000000.0,17719377000000.0,512128000000.0,2026-09-06
19140,S100YGM2,12560958000.0,8826398000.0,5452850000.0,2026-09-06
30580,S100YFXN,8474200000.0,9589151000.0,340043000.0,2026-09-06
27500,S100YEZP,29996945000.0,25330197000.0,1241387000.0,2026-09-06
255A0,S100YFOK,34341419000.0,13968236000.0,3603807000.0,2026-09-06
40230,S100YFHO,64275000000.0,117202000000.0,18608000000.0,2026-09-06
53330,S100YF7M,668874000000.0,415480000000.0,68892000000.0,2026-09-06
52790,S100YFPM,8768974000.0,8296018000.0,656933000.0,2026-09-06
93060,S100Y9SP,12708907000.0,21941286000.0,8708425000.0,2026-09-06
28920,S100YF39,28035000000.0,21696000000.0,4934000000.0,2026-09-06
80200,S100YGCZ,214064000000.0,302076000000.0,27214000000.0,2026-09-06
99290,S100YGD5,11807459000.0,8054473000.0,3073949000.0,2026-09-06
42900,S100YFPN,42224013000.0,21948755000.0,9592066000.0,2026-09-06
18600,S100YG3E,458380000000.0,570374000000.0,185721000000.0,2026-09-06
70040,S100YGOR,357114000000.0,411771000000.0,27571000000.0,2026-09-06
79880,S100YGQB,259565000000.0,101090000000.0,684000000.0,2026-09-06
96640,S100YG20,1033056000.0,1287831000.0,65268000.0,2026-09-06
69270,S100YF8D,18022170000.0,5062507000.0,1079200000.0,2026-09-06
62620,S100YGO3,31074543000.0,12754158000.0,513463000.0,2026-09-06
93320,S100YGQ8,20408000000.0,14481000000.0,1636000000.0,2026-09-06
63250,S100YFLC,6193221000.0,1840050000.0,829267000.0,2026-09-06
93220,S100YF5T,9615350000.0,13955262000.0,1638208000.0,2026-09-06
31500,S100YFUS,21518496000.0,9725640000.0,2082529000.0,2026-09-06
61030,S100YFQC,184600000000.0,60103000000.0,34033000000.0,2026-09-06
49720,S100YFCG,33435181000.0,16111734000.0,76578000.0,2026-09-06
17860,S100YDUO,55740000000.0,25508000000.0,3955000000.0,2026-09-06
28100,S100YD7A,189802000000.0,112196000000.0,48344000000.0,2026-09-06
31660,S100YFNF,46142000000.0,46511000000.0,1954000000.0,2026-09-06
32370,S100YGR8,714628000.0,323616000.0,,2026-09-06
43880,S100YGJY,2121682000.0,442165000.0,0.0,2026-09-06
88910,S100YF0Z,26233050000.0,18343414000.0,84718000.0,2026-09-06
41120,S100YGIX,36381000000.0,21328000000.0,10223000000.0,2026-09-06
69280,S100YF9J,17610154000.0,10932175000.0,523139000.0,2026-09-06
62260,S100YGR0,12726158000.0,5702753000.0,488131000.0,2026-09-06
90220,S100YD7H,1942917000000.0,5664794000000.0,458717000000.0,2026-09-06
37660,S100YGLS,4829071000.0,1778007000.0,171164000.0,2026-09-06
247A0,S100YGSY,6557367000.0,3656505000.0,,2026-09-06
49800,S100YGAR,55644000000.0,54234000000.0,845000000.0,2026-09-06
41880,S100YFSR,406833000000.0,1265371000000.0,1549000000.0,2026-09-06
59510,S100YDWR,21580965000.0,3970446000.0,2896987000.0,2026-09-06
50130,S100YEVT,31694000000.0,18433000000.0,5584000000.0,2026-09-06
60390,S100YGKM,1597996000.0,4605192000.0,,2026-09-06
77230,S100YF4W,38190000000.0,15931000000.0,9145000000.0,2026-09-06
33720,S100YGBF,2310021000.0,2027160000.0,18552000.0,2026-09-06
17210,S100YFLP,327747000000.0,158747000000.0,31261000000.0,2026-09-06
36700,S100YG51,2314084000.0,1078659000.0,11650000.0,2026-09-06
64800,S100YD87,79602000000.0,45034000000.0,11110000000.0,2026-09-06
483A0,S100YGDD,2993790000.0,903224000.0,16500000.0,2026-09-06
40310,S100YFRR,29878000000.0,26229000000.0,1100000000.0,2026-09-06
19660,S100YGU2,31101353000.0,24592851000.0,410662000.0,2026-09-06
77690,S100YFZJ,28363000000.0,13784000000.0,3512000000.0,2026-09-06
57530,S100YEXB,13362000000.0,4565000000.0,533000000.0,2026-09-06
94710,S100YCYT,13483067000.0,4825272000.0,1770515000.0,2026-09-06
83700,S100YE5S,,5690163000000.0,,2026-09-06
41830,S100YGUI,493164000000.0,933810000000.0,49117000000.0,2026-09-06
36520,S100YGPD,3277977000.0,484071000.0,536318000.0,2026-09-06
52840,S100YG9T,16823114000.0,11485345000.0,499110000.0,2026-09-06
67030,S100YFGL,231878000000.0,265219000000.0,38380000000.0,2026-09-06
31670,S100YFV5,54955000000.0,115259000000.0,16274000000.0,2026-09-06
70130,S100YENT,878111000000.0,1163131000000.0,18604000000.0,2026-09-06
82280,S100YFT2,48563000000.0,54472000000.0,4609000000.0,2026-09-06
28050,S100YGTZ,81619000000.0,56825000000.0,15585000000.0,2026-09-06
40050,S100YAUO,723191000000.0,1423017000000.0,76403000000.0,2026-09-06
37930,S100YGW0,7842218000.0,8787099000.0,20006000.0,2026-09-06
83930,S100YGVF,,3882137000000.0,,2026-09-06
41690,S100YGHR,5475642000.0,2860062000.0,1419994000.0,2026-09-06
77430,S100YGWB,20677162000.0,33375855000.0,1031648000.0,2026-09-06
20020,S100YE6A,338728000000.0,287143000000.0,158338000000.0,2026-09-06
48490,S100YGWT,37089000000.0,19323000000.0,4661000000.0,2026-09-06
83650,S100YFUZ,,519066000000.0,,2026-09-06
17870,S100YF2C,10365854000.0,3415589000.0,394880000.0,2026-09-06
92010,S100YFIO,996513000000.0,1692309000000.0,62533000000.0,2026-09-06
67880,S100YF0Y,24750348000.0,9807610000.0,1306584000.0,2026-09-06
51380,S100YGUZ,1720024000.0,581847000.0,,2026-09-06
302A0,S100YF60,3652947000.0,2887548000.0,26890000.0,2026-09-06
52440,S100YGSA,5661360000.0,2659188000.0,,2026-09-06
21810,S100YGCS,86145000000.0,182467000000.0,925000000.0,2026-09-06
53680,S100YG71,11543141000.0,4112029000.0,662158000.0,2026-09-06
39170,S100YG4N,4555400000.0,3388308000.0,97988000.0,2026-09-06
26070,S100YEWN,99955000000.0,219822000000.0,3050000000.0,2026-09-06
297A0,S100YC5Z,14683841000.0,43828710000.0,340226000.0,2026-09-06
37960,S100YF6G,594479000.0,476908000.0,,2026-09-06
42590,S100YFZ6,5229000000.0,4484000000.0,40000000.0,2026-09-06
65660,S100YFRW,7328392000.0,4551627000.0,1009311000.0,2026-09-06
64710,S100YFE3,360504000000.0,393738000000.0,31453000000.0,2026-09-06
89190,S100YGXU,81050000000.0,37610000000.0,,2026-09-06
74210,S100YDD5,13445000000.0,20182000000.0,861000000.0,2026-09-06
64480,S100YECO,129126000000.0,99987000000.0,19243000000.0,2026-09-06
86040,S100YC5C,5501732000000.0,8506434000000.0,103586000000.0,2026-09-06
60270,S100YFWI,6604869000.0,5858032000.0,483612000.0,2026-09-06
42420,S100YGHA,20709000000.0,21035000000.0,1479000000.0,2026-09-06
17170,S100YGMU,6324955000.0,2430458000.0,470000000.0,2026-09-06
96980,S100YGVQ,8499000000.0,2658000000.0,133000000.0,2026-09-06
31780,S100YE67,8228063000.0,10656119000.0,541849000.0,2026-09-06
68630,S100YFWS,13267998000.0,2679663000.0,1560952000.0,2026-09-06
98500,S100YGWW,9436877000.0,22045381000.0,914834000.0,2026-09-06
76160,S100YG3O,69195000000.0,86857000000.0,154000000.0,2026-09-06
72200,S100YGX6,146908000000.0,161156000000.0,13135000000.0,2026-09-06
69540,S100YG3Q,1085787000000.0,197141000000.0,192214000000.0,2026-09-06
63630,S100YDRV,81190000000.0,59204000000.0,10463000000.0,2026-09-06
40440,S100YGND,114889000000.0,83770000000.0,17835000000.0,2026-09-06
72940,S100YGY8,81159000000.0,75397000000.0,7372000000.0,2026-09-06
27490,S100YF75,26862421000.0,18114004000.0,546995000.0,2026-09-06
65010,S100YGBO,1123104000000.0,2927951000000.0,64117000000.0,2026-09-06
64580,S100Y1I3,48153000000.0,20716000000.0,13212000000.0,2026-09-06
45240,S100YE3I,8187000000.0,5743000000.0,3856000000.0,2026-09-06
64300,S100YGWC,36122959000.0,11978843000.0,296151000.0,2026-09-06
93410,S100YFQH,7727631000.0,1527539000.0,50192000.0,2026-09-06
80930,S100YESK,43688000000.0,28653000000.0,9405000000.0,2026-09-06
53510,S100YFV6,106964000000.0,101386000000.0,9222000000.0,2026-09-06
40620,S100YFCS,549580000000.0,584385000000.0,58797000000.0,2026-09-06
21830,S100YGWG,11627196000.0,9521845000.0,272500000.0,2026-09-06
341A0,S100YFPI,2823144000.0,1859236000.0,420582000.0,2026-09-06
63790,S100YDME,87315000000.0,29541000000.0,4711000000.0,2026-09-06
81320,S100YGS4,62862000000.0,50704000000.0,8243000000.0,2026-09-06
51850,S100YG75,45597000000.0,33465000000.0,1259000000.0,2026-09-06
59110,S100YH06,154494000000.0,87088000000.0,10468000000.0,2026-09-06
53310,S100Y4PM,90406000000.0,47450000000.0,42879000000.0,2026-09-06
72010,S100YH2B,12323467000000.0,13578712000000.0,1428641000000.0,2026-09-06
26940,S100YGJS,6432902000.0,9858747000.0,80554000.0,2026-09-06
93020,S100YEZT,83240000000.0,150625000000.0,17148000000.0,2026-09-06
45490,S100YFP4,31532000000.0,18773000000.0,408000000.0,2026-09-06
58380,S100YGME,,14429522000000.0,,2026-09-06
90490,S100YEN3,5566000000.0,11597000000.0,470000000.0,2026-09-06
63690,S100YDS7,40140000000.0,28526000000.0,6497000000.0,2026-09-06
97290,S100YE2Y,56311000000.0,28447000000.0,8257000000.0,2026-09-06
64330,S100YGSS,2394514000.0,2188933000.0,1620000.0,2026-09-06
82140,S100YFPQ,79819000000.0,90835000000.0,760000000.0,2026-09-06
37680,S100YGM6,2567213000.0,1157086000.0,1387142000.0,2026-09-06
26130,S100YFUT,101415000000.0,63876000000.0,19753000000.0,2026-09-06
75930,S100YEXL,18834000000.0,50925000000.0,18741000000.0,2026-09-06
80220,S100YFWX,147421000000.0,61358000000.0,9569000000.0,2026-09-06
61650,S100YE8P,23518000000.0,10931000000.0,1248000000.0,2026-09-06
36260,S100YH5C,319080000000.0,201986000000.0,57041000000.0,2026-09-06
72180,S100YH4P,21751186000.0,12661938000.0,3113889000.0,2026-09-06
86280,S100YFPS,1100470000000.0,1045228000000.0,7698000000.0,2026-09-06
90250,S100YGFS,140129000000.0,139278000000.0,13005000000.0,2026-09-06
35590,S100YH49,1481834000.0,355321000.0,110469000.0,2026-09-06
343A0,S100YG2V,4552919000.0,2036198000.0,24000000.0,2026-09-06
21270,S100YGWF,42566000000.0,14196000000.0,13945000000.0,2026-09-06
87060,S100YEU4,46295000000.0,26988000000.0,28903000000.0,2026-09-06
46150,S100YD50,12139000000.0,17393000000.0,2732000000.0,2026-09-06
83370,S100YDK0,,3072056000000.0,,2026-09-06
79700,S100YE3Y,99414000000.0,29834000000.0,929000000.0,2026-09-06
47050,S100YDSM,3471866000.0,680380000.0,1072558000.0,2026-09-06
83310,S100YDSE,,20486102000000.0,,2026-09-06
27950,S100YEGQ,7576357000.0,2481825000.0,1283670000.0,2026-09-06
88760,S100YE6Y,43255000000.0,51948000000.0,,2026-09-06
86090,S100YDTC,1271956000000.0,1171505000000.0,75520000000.0,2026-09-06
42290,S100YD30,25285000000.0,11287000000.0,13211000000.0,2026-09-06
74170,S100YCGG,25183000000.0,15538000000.0,3052000000.0,2026-09-06
53860,S100YD8C,4278933000.0,3756016000.0,874527000.0,2026-09-06
85370,S100YC1U,,1603290000000.0,,2026-09-06
47830,S100YEMH,12586277000.0,8241768000.0,235728000.0,2026-09-06
83670,S100YEBM,,6575432000000.0,,2026-09-06
85510,S100Y8FP,,1439875000000.0,,2026-09-06
22880,S100YD4W,55746000000.0,53912000000.0,16222000000.0,2026-09-06
54630,S100YDSC,226582000000.0,65907000000.0,66631000000.0,2026-09-06
83490,S100YEUT,,974237000000.0,,2026-09-06
78960,S100YEA0,6782000000.0,4628000000.0,11000000.0,2026-09-06
33970,S100YDW4,25762000000.0,116041000000.0,161000000.0,2026-09-06
98850,S100YE1F,12234000000.0,2407000000.0,2325000000.0,2026-09-06
28750,S100YDW0,366721000000.0,101333000000.0,35123000000.0,2026-09-06
53040,S100YDCX,45824000000.0,7593000000.0,17724000000.0,2026-09-06
73260,S100YDWS,2084000000.0,175192000000.0,7000000.0,2026-09-06
26120,S100YEW9,30369000000.0,8271000000.0,2213000000.0,2026-09-06
47610,S100YEEF,14244000000.0,5690000000.0,6344000000.0,2026-09-06
49250,S100YA2L,9035495000.0,3417224000.0,,2026-09-06
69990,S100YDTW,57505000000.0,63255000000.0,4942000000.0,2026-09-06
83080,S100YDP3,78860000000.0,74618000000000.0,27448000000.0,2026-09-06
23310,S100Y7EC,256722000000.0,196401000000.0,62312000000.0,2026-09-06
64550,S100YE56,87132000000.0,45650000000.0,14298000000.0,2026-09-06
83680,S100YBNQ,,6997770000000.0,,2026-09-06
95360,S100YE54,124388000000.0,336064000000.0,59430000000.0,2026-09-06
76060,S100YEY5,44816000000.0,32320000000.0,,2026-09-06
40630,S100YE9I,3209652000000.0,799016000000.0,134632000000.0,2026-09-06
42060,S100YE8Y,179554000000.0,98334000000.0,19467000000.0,2026-09-06
31510,S100YDSN,187896000000.0,192120000000.0,45131000000.0,2026-09-06
50110,S100YE06,56076000000.0,35047000000.0,9252000000.0,2026-09-06
78930,S100YEYJ,12999254000.0,7465537000.0,4721912000.0,2026-09-06
22670,S100YCBJ,377892000000.0,234802000000.0,68019000000.0,2026-09-06
39510,S100YEXW,29578000000.0,34890000000.0,4615000000.0,2026-09-06
67520,S100YETA,165980000000.0,2917453000000.0,38394000000.0,2026-09-06
45910,S100YF0X,3147518000.0,142209000.0,,2026-09-06
71840,S100YCB2,,1441729000000.0,,2026-09-06
75950,S100YF23,61792449000.0,26820678000.0,21185887000.0,2026-09-06
96390,S100YF0N,18646000000.0,16533000000.0,87000000.0,2026-09-06
69470,S100YD7O,48495961000.0,23325692000.0,3410311000.0,2026-09-06
67970,S100YEDT,19146575000.0,5137944000.0,1133113000.0,2026-09-06
36480,S100YEL6,12499846000.0,6915056000.0,2100214000.0,2026-09-06
58450,S100YEH1,16677000000.0,15568000000.0,60000000.0,2026-09-06
19650,S100YF2U,56216000000.0,27215000000.0,10231000000.0,2026-09-06
70140,S100YEFT,141310000000.0,103895000000.0,32552000000.0,2026-09-06
38340,S100YEHW,8924000000.0,1696000000.0,401000000.0,2026-09-06
80780,S100YED6,903705000000.0,776335000000.0,116299000000.0,2026-09-06
85500,S100YE6L,,3180813000000.0,,2026-09-06
75750,S100YEH7,44336000000.0,15208000000.0,7374000000.0,2026-09-06
75610,S100YF3L,29557000000.0,48765000000.0,3244000000.0,2026-09-06
39180,S100YECU,12123167000.0,6448054000.0,206103000.0,2026-09-06
66580,S100YEDB,10439000000.0,9399000000.0,634000000.0,2026-09-06
59550,S100YDSY,8829881000.0,5599637000.0,261983000.0,2026-09-06
68450,S100YEE5,230770000000.0,74555000000.0,22791000000.0,2026-09-06
87000,S100YEDZ,7524152000.0,2323835000.0,1718597000.0,2026-09-06
80750,S100YEV4,337539000000.0,293893000000.0,32574000000.0,2026-09-06
70220,S100YDDF,12806000000.0,17504000000.0,4805000000.0,2026-09-06
30040,S100YANZ,17502000000.0,18777000000.0,5889000000.0,2026-09-06
45070,S100YF57,522990000000.0,149401000000.0,60461000000.0,2026-09-06
93190,S100YF4M,13594596000.0,12850803000.0,12008628000.0,2026-09-06
77290,S100YEOP,169341000000.0,61723000000.0,3246000000.0,2026-09-06
73890,S100YE5H,2865000000.0,6445891000000.0,,2026-09-06
60050,S100YEGC,80513000000.0,149854000000.0,10773000000.0,2026-09-06
60330,S100YF6F,6392698000.0,2371199000.0,1499078000.0,2026-09-06
43450,S100YDWN,7002000000.0,4208000000.0,6206000000.0,2026-09-06
18710,S100YEO8,104616000000.0,72955000000.0,3749000000.0,2026-09-06
85590,S100YF85,,565443000000.0,,2026-09-06
67630,S100YDZX,21249618000.0,5051078000.0,2707875000.0,2026-09-06
94670,S100YET5,17102350000.0,4335418000.0,,2026-09-06
18330,S100Y95Z,241135000000.0,221010000000.0,60397000000.0,2026-09-06
93050,S100YEYD,24878000000.0,108660000000.0,26316000000.0,2026-09-06
79810,S100YE7H,160391000000.0,82405000000.0,14745000000.0,2026-09-06
31530,S100YE8H,51370000000.0,33311000000.0,3353000000.0,2026-09-06
97630,S100YEAG,22369000000.0,20653000000.0,5179000000.0,2026-09-06
18200,S100YEDU,299147000000.0,410855000000.0,86058000000.0,2026-09-06
33710,S100YF8C,23831184000.0,10994532000.0,7349334000.0,2026-09-06
81740,S100YEGP,57403000000.0,88572000000.0,2130000000.0,2026-09-06
39430,S100YE9U,15506000000.0,7968000000.0,1528000000.0,2026-09-06
24640,S100YE51,3179192000.0,2839231000.0,13487000.0,2026-09-06
79190,S100YEXP,4852639000.0,6043733000.0,263666000.0,2026-09-06
85410,S100YENS,,2826951000000.0,,2026-09-06
43680,S100YEIS,67052435000.0,37453093000.0,714487000.0,2026-09-06
66220,S100YEET,193568000000.0,136949000000.0,15980000000.0,2026-09-06
84390,S100YDRI,3076059000000.0,5685971000000.0,451367000000.0,2026-09-06
84110,S100YF8Y,473977000000.0,272796651000000.0,9000000.0,2026-09-06
21090,S100YCZI,98689000000.0,82855000000.0,16728000000.0,2026-09-06
63390,S100YE4V,119723000000.0,109638000000.0,32985000000.0,2026-09-06
81570,S100YE5P,65063000000.0,35433000000.0,4538000000.0,2026-09-06
82830,S100YDG4,365735000000.0,219379000000.0,25600000000.0,2026-09-06
80460,S100YF98,32854000000.0,13043000000.0,1290000000.0,2026-09-06
55410,S100YDBT,38510000000.0,4138000000.0,24873000000.0,2026-09-06
67370,S100YEV1,80709000000.0,33403000000.0,50716000000.0,2026-09-06
84240,S100YFCA,2166425000000.0,2912998000000.0,158182000000.0,2026-09-06
82300,S100YDVL,7546000000.0,7373000000.0,664000000.0,2026-09-06
63150,S100YERT,50652299000.0,21842118000.0,4446381000.0,2026-09-06
98880,S100YDU2,39960632000.0,34421333000.0,2882646000.0,2026-09-06
63810,S100YF9W,45229000000.0,15641000000.0,3173000000.0,2026-09-06
42720,S100YD4R,206794000000.0,105188000000.0,35393000000.0,2026-09-06
28010,S100YE5V,151492000000.0,215470000000.0,60098000000.0,2026-09-06
97080,S100YF3V,27785000000.0,23686000000.0,5822000000.0,2026-09-06
58440,S100YEHZ,18502000000.0,11077946000000.0,,2026-09-06
27330,S100YEVF,233705000000.0,195171000000.0,12659000000.0,2026-09-06
30660,S100YDLB,2070282000.0,3137530000.0,136206000.0,2026-09-06
79470,S100YDYF,98847000000.0,138111000000.0,10274000000.0,2026-09-06
43180,S100YF5Z,19406416000.0,7288570000.0,1762665000.0,2026-09-06
80650,S100YFE8,125596000000.0,102688000000.0,17927000000.0,2026-09-06
45260,S100YFDJ,65699000000.0,33799000000.0,15078000000.0,2026-09-06
65650,S100YDVA,6738203000.0,13536511000.0,500000.0,2026-09-06
43100,S100YD1A,15428000000.0,2699000000.0,65000000.0,2026-09-06
18850,S100YCGY,242624000000.0,191065000000.0,13822000000.0,2026-09-06
17200,S100YFDZ,216723000000.0,171648000000.0,27902000000.0,2026-09-06
73500,S100YFFH,1769000000.0,2825534000000.0,,2026-09-06
95350,S100YEHM,40643000000.0,58000000000.0,14473000000.0,2026-09-06
80760,S100YAX9,68500662000.0,56033697000.0,12038450000.0,2026-09-06
93240,S100YEO5,34559000000.0,116135000000.0,63949000000.0,2026-09-06
87130,S100YEQ9,930000000.0,2844575000000.0,,2026-09-06
45270,S100YE5N,217879000000.0,156302000000.0,46427000000.0,2026-09-06
64730,S100YEL3,339283000000.0,494046000000.0,43208000000.0,2026-09-06
65040,S100YEEB,766672000000.0,581517000000.0,108713000000.0,2026-09-06
18930,S100YF3Y,484031000000.0,488005000000.0,22475000000.0,2026-09-06
48860,S100YEAY,58290000000.0,32480000000.0,12666000000.0,2026-09-06
68480,S100YFF9,17750000000.0,6733000000.0,2508000000.0,2026-09-06
83160,S100YERK,1827704000000.0,291440506000000.0,107820000000.0,2026-09-06
36350,S100YEES,61484000000.0,20407000000.0,99409000000.0,2026-09-06
79140,S100YF86,47780000000.0,63255000000.0,17501000000.0,2026-09-06
53840,S100YE62,56128000000.0,14012000000.0,3511000000.0,2026-09-06
59530,S100YE8F,9995000000.0,10109000000.0,5215000000.0,2026-09-06
69630,S100YF41,561245000000.0,551110000000.0,351511000000.0,2026-09-06
41250,S100YEHE,6077525000.0,8123369000.0,660720000.0,2026-09-06
92470,S100YFHS,55227000000.0,86621000000.0,7301000000.0,2026-09-06
16620,S100YERU,230838000000.0,124340000000.0,180280000000.0,2026-09-06
19390,S100YCY4,55270000000.0,34739000000.0,12133000000.0,2026-09-06
18980,S100YEPV,51233000000.0,40863000000.0,415000000.0,2026-09-06
38350,S100YEPQ,6422609000.0,754691000.0,1342828000.0,2026-09-06
31370,S100YEF7,1155551000.0,3957992000.0,,2026-09-06
62400,S100YD4Z,14434181000.0,4022966000.0,,2026-09-06
62870,S100YE10,91558000000.0,59519000000.0,163000000.0,2026-09-06
56310,S100Y7BQ,295595000000.0,203020000000.0,24629000000.0,2026-09-06
74120,S100YDI1,8597000000.0,11686000000.0,199000000.0,2026-09-06
27050,S100YF7Y,6307000000.0,7155000000.0,20000000.0,2026-09-06
91420,S100Y6HR,214146000000.0,681888000000.0,53217000000.0,2026-09-06
88480,S100YEPX,103215000000.0,128356000000.0,4616000000.0,2026-09-06
21750,S100YF7X,38664000000.0,29221000000.0,2875000000.0,2026-09-06
94340,S100YE76,1600950000000.0,4369551000000.0,38243000000.0,2026-09-06
14500,S100YEWF,9949416000.0,3160178000.0,241968000.0,2026-09-06
21360,S100YEJ2,4260553000.0,1924772000.0,,2026-09-06
173A0,S100YEGK,3885001000.0,3409955000.0,673898000.0,2026-09-06
60980,S100YDHL,268039000000.0,960975000000.0,49163000000.0,2026-09-06
19630,S100YEFQ,561267000000.0,391914000000.0,80386000000.0,2026-09-06
61350,S100YEQK,228604000000.0,140387000000.0,25226000000.0,2026-09-06
29930,S100YCXS,12374666000.0,54753078000.0,,2026-09-06
94660,S100YEVM,3072012000.0,1248351000.0,501121000.0,2026-09-06
84250,S100YESP,2542515000000.0,3496565000000.0,377214000000.0,2026-09-06
82750,S100YEZW,28565996000.0,22425579000.0,2596057000.0,2026-09-06
22290,S100YEHI,133837000000.0,104101000000.0,3263000000.0,2026-09-06
61670,S100YEI1,14909000000.0,4855000000.0,183000000.0,2026-09-06
21560,S100YEAK,2216955000.0,2200767000.0,263868000.0,2026-09-06
68070,S100YF73,125279000000.0,81748000000.0,3748000000.0,2026-09-06
71910,S100YECQ,10004890000.0,4291505000.0,381588000.0,2026-09-06
69710,S100YF47,555853000000.0,836195000000.0,1661193000000.0,2026-09-06
31840,S100YCVD,7474645000.0,8577295000.0,460831000.0,2026-09-06
22080,S100YEFS,46294000000.0,34347000000.0,4331000000.0,2026-09-06
99130,S100YFGN,18759000000.0,15945000000.0,2166000000.0,2026-09-06
65440,S100YEZ8,16717000000.0,15091000000.0,63000000.0,2026-09-06
21210,S100YE1D,169931000000.0,44210000000.0,6023000000.0,2026-09-06
81030,S100YF48,57418000000.0,35726000000.0,14453000000.0,2026-09-06
90390,S100YFJQ,44663000000.0,31234000000.0,6215000000.0,2026-09-06
47920,S100YF7Q,20148493000.0,4890500000.0,562609000.0,2026-09-06
60890,S100YFJF,3286000000.0,7528000000.0,234000000.0,2026-09-06
62490,S100YFK9,57430000000.0,8413000000.0,7434000000.0,2026-09-06
71890,S100YEOV,11060000000.0,13024320000000.0,17000000.0,2026-09-06
48900,S100YFH9,2445308000.0,915850000.0,,2026-09-06
77270,S100YDYH,13452205000.0,8172990000.0,402260000.0,2026-09-06
44610,S100YCSC,57247000000.0,52608000000.0,5694000000.0,2026-09-06
33260,S100YFHT,1434413000.0,3578530000.0,,2026-09-06
287A0,S100YFL2,2965000000.0,47593000000.0,,2026-09-06
48160,S100YEQC,127940000000.0,37781000000.0,20703000000.0,2026-09-06
31210,S100YF2P,2379133000.0,12198155000.0,69161000.0,2026-09-06
53810,S100YFK2,8465435000.0,7467850000.0,162560000.0,2026-09-06
22200,S100YEEA,33275000000.0,44954000000.0,18096000000.0,2026-09-06
79420,S100YEL0,78694000000.0,48080000000.0,1728000000.0,2026-09-06
54110,S100YCUD,550518000000.0,1685988000000.0,,2026-09-06
72660,S100YER6,52626000000.0,25290000000.0,2246000000.0,2026-09-06
71980,S100YFMO,85699000000.0,89950000000.0,,2026-09-06
83540,S100YFNB,5051000000.0,31333029000000.0,,2026-09-06
74420,S100YFRP,20783639000.0,10393351000.0,3582469000.0,2026-09-06
66130,S100YF90,4554880000.0,286602000.0,,2026-09-06
24110,S100YEOU,4721000000.0,1545000000.0,163000000.0,2026-09-06
46910,S100YF5I,7980492000.0,24098667000.0,358316000.0,2026-09-06
50780,S100YEE9,22036604000.0,4454890000.0,29550000.0,2026-09-06
97150,S100YENI,154658000000.0,78916000000.0,3363000000.0,2026-09-06
85660,S100YF3N,1119425000000.0,1142141000000.0,43452000000.0,2026-09-06
65030,S100YD3V,1923369000000.0,1597703000000.0,156296000000.0,2026-09-06
43010,S100YBX4,47953000000.0,23720000000.0,4071000000.0,2026-09-06
72080,S100YE6U,8035376000.0,4429847000.0,1123255000.0,2026-09-06
36790,S100YERG,2072000000.0,7423000000.0,181000000.0,2026-09-06
98780,S100YFRE,3551968000.0,4536169000.0,124088000.0,2026-09-06
71750,S100YCMX,14832027000.0,7617976000.0,2102043000.0,2026-09-06
81500,S100YCKF,74878000000.0,43497000000.0,2242000000.0,2026-09-06
94240,S100YBU3,5507208000.0,3470050000.0,166341000.0,2026-09-06
99080,S100YDG7,65501852000.0,43296184000.0,1649038000.0,2026-09-06
94740,S100YD65,29092000000.0,24125000000.0,12404000000.0,2026-09-06
24750,S100YDOC,27406101000.0,8512177000.0,127731000.0,2026-09-06
43810,S100YDPE,195271000.0,803039000.0,0.0,2026-09-06
91070,S100YC6B,403375000000.0,532599000000.0,1230101000000.0,2026-09-06
38420,S100YD0G,2753732000.0,1363743000.0,,2026-09-06
59490,S100YCON,157862000000.0,143763000000.0,8309000000.0,2026-09-06
99140,S100YDBK,3076652000.0,1910599000.0,1555681000.0,2026-09-06
64900,S100YD79,51008000000.0,24196000000.0,6262000000.0,2026-09-06
83450,S100YD6A,,3618129000000.0,,2026-09-06
74860,S100YDT8,13713000000.0,8170000000.0,6205000000.0,2026-09-06
80180,S100YBCW,16212000000.0,18645000000.0,31166000000.0,2026-09-06
90520,S100YD7X,19139000000.0,65118000000.0,11281000000.0,2026-09-06
73220,S100YD2K,2106000000.0,4304803000000.0,85000000.0,2026-09-06
31100,S100YDBM,115256000000.0,87276000000.0,21020000000.0,2026-09-06
30240,S100YD0K,12993963000.0,12040111000.0,150115000.0,2026-09-06
99550,S100YDUS,32170688000.0,13482472000.0,11902726000.0,2026-09-06
77740,S100YDBW,4824949000.0,687954000.0,150000000.0,2026-09-06
64020,S100YD22,6706357000.0,4938988000.0,20935000.0,2026-09-06
38000,S100YDKQ,11435510000.0,3394455000.0,2852585000.0,2026-09-06
85620,S100YCO6,,781038000000.0,,2026-09-06
94780,S100YD1K,13711000000.0,6499000000.0,115000000.0,2026-09-06
47330,S100YD49,173676557000.0,49648854000.0,31369252000.0,2026-09-06
18470,S100YD9X,62005000000.0,33514000000.0,2504000000.0,2026-09-06
22090,S100YD52,12973043000.0,14554351000.0,2435806000.0,2026-09-06
36820,S100YD54,4064105000.0,1146542000.0,41778000.0,2026-09-06
68940,S100YDWK,3609341000.0,1166293000.0,61913000.0,2026-09-06
90450,S100YCVR,235252000000.0,545351000000.0,56000000000.0,2026-09-06
86220,S100YDIT,46500000000.0,23383000000.0,12602000000.0,2026-09-06
80580,S100YDK3,2756374000000.0,4447435000000.0,800698000000.0,2026-09-06
63010,S100YD25,721340000000.0,595872000000.0,3481000000.0,2026-09-06
83870,S100YD3N,,3214935000000.0,,2026-09-06
22260,S100YDGW,18558000000.0,19645000000.0,296000000.0,2026-09-06
83920,S100YDA0,,4298139000000.0,,2026-09-06
73660,S100YDDX,8925000000.0,11720000000.0,242000000.0,2026-09-06
21300,S100YDZP,8074369000.0,4866369000.0,1065060000.0,2026-09-06
42490,S100YE00,72793000000.0,59723000000.0,7553000000.0,2026-09-06
76870,S100YC1L,1975000000.0,931000000.0,,2026-09-06
71200,S100YE1C,5061674000.0,4618804000.0,,2026-09-06
17980,S100YDA3,26528817000.0,18205544000.0,1154986000.0,2026-09-06
31730,S100YCYQ,19261000000.0,17982000000.0,1270000000.0,2026-09-06
71830,S100YCZS,11436584000.0,10495995000.0,572000.0,2026-09-06
17620,S100YDDS,203327000000.0,131968000000.0,7518000000.0,2026-09-06
83440,S100YE2M,,3028249000000.0,,2026-09-06
71300,S100YE2O,206280000000.0,307705000000.0,20238000000.0,2026-09-06
57020,S100YCJD,127689000000.0,89583000000.0,5519000000.0,2026-09-06
93080,S100YD46,24511000000.0,38028000000.0,5192000000.0,2026-09-06
94280,S100YDQV,21067000000.0,21761000000.0,1074000000.0,2026-09-06
34200,S100YDJU,18719973000.0,7591435000.0,4208372000.0,2026-09-06
42080,S100YD42,358377000000.0,453888000000.0,225502000000.0,2026-09-06
19690,S100YDOU,245138000000.0,150665000000.0,43220000000.0,2026-09-06
39690,S100YE46,5435933000.0,1130517000.0,,2026-09-06
83380,S100YDJN,,2798133000000.0,,2026-09-06
19520,S100YDMT,89836000000.0,48872000000.0,22443000000.0,2026-09-06
58050,S100YE42,110518000000.0,118840000000.0,6207000000.0,2026-09-06
18130,S100YDLY,43666000000.0,29473000000.0,3133000000.0,2026-09-06
41090,S100YDCE,29839000000.0,15732000000.0,3163000000.0,2026-09-06
42460,S100YCYY,73097000000.0,64605000000.0,1480000000.0,2026-09-06
34370,S100YD8G,7610098000.0,4256265000.0,200812000.0,2026-09-06
68340,S100YB9C,24042144000.0,6238927000.0,503746000.0,2026-09-06
38500,S100YBTF,5120576000.0,4154585000.0,335094000.0,2026-09-06
35530,S100YDOG,34111000000.0,22071000000.0,5595000000.0,2026-09-06
46190,S100YDP5,38327000000.0,21129000000.0,22055000000.0,2026-09-06
62080,S100YDE9,15992226000.0,15453383000.0,1414462000.0,2026-09-06
33520,S100YDDM,5671121000.0,2911165000.0,,2026-09-06
57410,S100YCV0,215696000000.0,408406000000.0,5934000000.0,2026-09-06
98890,S100YE6B,37532000000.0,20284000000.0,2226000000.0,2026-09-06
35130,S100YE5G,14991000000.0,7201000000.0,5682000000.0,2026-09-06
29030,S100YE21,13198000000.0,14547000000.0,0.0,2026-09-06
83360,S100YDFO,,5206983000000.0,,2026-09-06
99500,S100YDJ0,2066519000.0,1879653000.0,452154000.0,2026-09-06
30200,S100YDKO,14565000000.0,8225000000.0,33000000.0,2026-09-06
70590,S100YDFZ,10778471000.0,4657531000.0,,2026-09-06
38780,S100YDU9,21639000000.0,26457000000.0,6318000000.0,2026-09-06
34010,S100YCMK,278075000000.0,315779000000.0,11605000000.0,2026-09-06
76000,S100YCSL,23866617000.0,8925704000.0,,2026-09-06
63820,S100YE9T,25699240000.0,9583334000.0,3169053000.0,2026-09-06
45360,S100YDH1,124877000000.0,84206000000.0,8515000000.0,2026-09-06
73840,S100YD0C,2919000000.0,5903339000000.0,,2026-09-06
46650,S100YEAI,60594000000.0,51776000000.0,69509000000.0,2026-09-06
63450,S100YBY2,71048447000.0,16335376000.0,5395663000.0,2026-09-06
70470,S100YDYD,3468000000.0,10195000000.0,2034000000.0,2026-09-06
67700,S100YB8V,494946000000.0,325200000000.0,60033000000.0,2026-09-06
61780,S100YE7T,1827754000000.0,281860113000000.0,143153000000.0,2026-09-06
72670,S100YDD9,2178414000000.0,1467697000000.0,180512000000.0,2026-09-06
71820,S100Y9G1,,224510541000000.0,,2026-09-06
84180,S100YE1V,6346000000.0,12371302000000.0,9958000000.0,2026-09-06
46740,S100YDHC,28451026000.0,12520890000.0,8103753000.0,2026-09-06
71810,S100YD29,,56314265000000.0,,2026-09-06
74720,S100YC9S,23284672000.0,9746400000.0,2382540000.0,2026-09-06
68410,S100YE3H,496313000000.0,242564000000.0,64290000000.0,2026-09-06
23590,S100YE3S,16386561000.0,6625599000.0,1921175000.0,2026-09-06
45690,S100YDHG,136134000000.0,57333000000.0,20042000000.0,2026-09-06
77330,S100YDN3,420986000000.0,455807000000.0,1294000000.0,2026-09-06
59880,S100YDNF,64398000000.0,13683000000.0,4546000000.0,2026-09-06
45480,S100YDGT,39631000000.0,10685000000.0,19038000000.0,2026-09-06
67010,S100YBFV,1358528000000.0,1653844000000.0,103414000000.0,2026-09-06
67580,S100YE2C,2069936000000.0,1986077000000.0,76877000000.0,2026-09-06
43370,S100YDQN,79662000000.0,94910000000.0,1125000000.0,2026-09-06
71610,S100YDEF,1039000000.0,2393977000000.0,,2026-09-06
99910,S100YD7I,68613000000.0,40786000000.0,5447000000.0,2026-09-06
45120,S100YDBU,8908257000.0,3392357000.0,1847919000.0,2026-09-06
23350,S100YCVG,9806000000.0,3491000000.0,2170000000.0,2026-09-06
18520,S100YD5O,97664000000.0,69102000000.0,6277000000.0,2026-09-06
69460,S100YDXW,19340000000.0,12954000000.0,19000000.0,2026-09-06
48330,S100YB3A,313312000.0,121057000.0,0.0,2026-09-06
30880,S100YD1I,364316000000.0,191280000000.0,27786000000.0,2026-09-06
39080,S100YEB9,1513377000.0,444043000.0,,2026-09-06
85220,S100YCZ0,,5493827000000.0,,2026-09-06
93530,S100YDSZ,2113094000.0,4127641000.0,4718877000.0,2026-09-06
409A0,S100YE88,18166000000.0,31907000000.0,2633000000.0,2026-09-06
64130,S100YE4Y,41232000000.0,22405000000.0,4288000000.0,2026-09-06
48280,S100YD7D,14336426000.0,5067009000.0,1044062000.0,2026-09-06
72130,S100YCPI,16088045000.0,10302849000.0,750496000.0,2026-09-06
72140,S100YE26,53918973000.0,54568535000.0,997123000.0,2026-09-06
66520,S100YEDS,51480000000.0,43406000000.0,605000000.0,2026-09-06
63660,S100YEDH,437274000000.0,435578000000.0,3976000000.0,2026-09-06
18010,S100YDJC,1599698000000.0,1528137000000.0,428326000000.0,2026-09-06
64630,S100YDSL,149529000000.0,93143000000.0,35651000000.0,2026-09-06
65390,S100YEG1,5778115000.0,1067394000.0,1457114000.0,2026-09-06
54060,S100YCDA,1416256000000.0,1653993000000.0,214144000000.0,2026-09-06
48390,S100YDWH,69510000000.0,32465000000.0,3076000000.0,2026-09-06
72150,S100YEJ6,41921000000.0,46129000000.0,256000000.0,2026-09-06
90310,S100YAAB,217683000000.0,526086000000.0,64666000000.0,2026-09-06
74660,S100YCR6,34296000000.0,17110000000.0,430000000.0,2026-09-06
52080,S100YCDM,49527322000.0,23177458000.0,1969043000.0,2026-09-06
83660,S100YBKA,,7083406000000.0,,2026-09-06
37980,S100YCBQ,12100000000.0,3091000000.0,461000000.0,2026-09-06
88180,S100YC9O,15020000000.0,100781000000.0,22399000000.0,2026-09-06
90570,S100YBRY,13126000000.0,16873000000.0,357000000.0,2026-09-06
83040,S100YCRO,,7302748000000.0,,2026-09-06
48320,S100YCWP,40271064000.0,18920735000.0,1864859000.0,2026-09-06
15180,S100YBV8,71175000000.0,52146000000.0,10945000000.0,2026-09-06
17380,S100YC8S,3980004000.0,2816744000.0,103174000.0,2026-09-06
23710,S100YBGN,58888000000.0,23468000000.0,4669000000.0,2026-09-06
90410,S100YCLR,761176000000.0,1893531000000.0,70080000000.0,2026-09-06
59330,S100YCY5,43194051000.0,38888987000.0,1654079000.0,2026-09-06
83090,S100YBGM,124998000000.0,75119785000000.0,642000000.0,2026-09-06
90420,S100YCBL,618119000000.0,2150993000000.0,456686000000.0,2026-09-06
75520,S100YCH4,96938000000.0,65780000000.0,9136000000.0,2026-09-06
24880,S100YD1Z,5221856000.0,2255941000.0,,2026-09-06
49290,S100YCJ4,3532459000.0,1113099000.0,201882000.0,2026-09-06
75540,S100YCYB,6018182000.0,6502330000.0,78300000.0,2026-09-06
59520,S100YCUS,3371136000.0,3746841000.0,226000.0,2026-09-06
40610,S100YCU0,270455000000.0,347228000000.0,48702000000.0,2026-09-06
250A0,S100YCRS,12240791000.0,6766047000.0,1094115000.0,2026-09-06
67620,S100YD2Y,400485000000.0,998523000000.0,3549000000.0,2026-09-06
68990,S100YD3Z,29599404000.0,21466031000.0,702729000.0,2026-09-06
59910,S100YD4O,390414000000.0,273168000000.0,64962000000.0,2026-09-06
90870,S100YD4T,3051456000.0,2166989000.0,497270000.0,2026-09-06
74750,S100YD39,14674000000.0,20567000000.0,1035000000.0,2026-09-06
417A0,S100YC3L,102050000000.0,221857000000.0,1168000000.0,2026-09-06
86010,S100YCMP,34275746000000.0,34101059000000.0,618456000000.0,2026-09-06
88440,S100YCZ3,164599000000.0,126531000000.0,1543000000.0,2026-09-06
85950,S100YCOQ,157449000000.0,26292000000.0,2897000000.0,2026-09-06
72990,S100YCH0,18420106000.0,6065996000.0,140510000.0,2026-09-06
56950,S100YCVX,8740409000.0,3034344000.0,,2026-09-06
78230,S100YCH9,27870000000.0,22623000000.0,2092000000.0,2026-09-06
73370,S100YCZN,18496000000.0,11627269000000.0,,2026-09-06
85440,S100YBD2,,6250986000000.0,,2026-09-06
46440,S100YCJ1,11760820000.0,1315572000.0,746086000.0,2026-09-06
23420,S100YCRI,6698896000.0,4730217000.0,107693000.0,2026-09-06
52040,S100YBU1,48008000000.0,65085000000.0,6463000000.0,2026-09-06
84100,S100YC1N,,1213488000000.0,,2026-09-06
29370,S100YD6O,6123073000.0,4284156000.0,55394000.0,2026-09-06
42020,S100YBO0,395626000000.0,438794000000.0,56652000000.0,2026-09-06
38910,S100YD7L,17507454000.0,11365992000.0,302683000.0,2026-09-06
79060,S100YCTQ,73216000000.0,40124000000.0,276000000.0,2026-09-06
59920,S100YBNR,55983645000.0,61862001000.0,31720071000.0,2026-09-06
19250,S100YAZ5,3882464000000.0,4332577000000.0,220868000000.0,2026-09-06
48750,S100YCTT,,,,2026-09-06
30990,S100YD7C,254916000000.0,602847000000.0,148975000000.0,2026-09-06
90900,S100YCWN,66573000000.0,78119000000.0,10935000000.0,2026-09-06
93680,S100YCXZ,29169000000.0,23378000000.0,6634000000.0,2026-09-06
79660,S100YBFC,192767000000.0,94345000000.0,2109000000.0,2026-09-06
77410,S100YD7J,176662000000.0,87195000000.0,39418000000.0,2026-09-06
32320,S100YCX4,45398280000.0,118429191000.0,14114242000.0,2026-09-06
79490,S100YAOG,31322000000.0,8965000000.0,475000000.0,2026-09-06
43620,S100YCCG,32213928000.0,10726872000.0,10871513000.0,2026-09-06
86300,S100YC6Z,19304000000.0,166219000000.0,294424000000.0,2026-09-06
78710,S100YCP7,35454000000.0,15717000000.0,5845000000.0,2026-09-06
87370,S100YBUN,84874066000.0,73182486000.0,3772268000.0,2026-09-06
64720,S100Y8YZ,533861000000.0,607726000000.0,23235000000.0,2026-09-06
78370,S100YDAM,4948543000.0,4088315000.0,,2026-09-06
41140,S100YBP7,148737000000.0,95118000000.0,35167000000.0,2026-09-06
72820,S100YC23,237826000000.0,209057000000.0,10452000000.0,2026-09-06
49510,S100YD9M,24776000000.0,12606000000.0,5948000000.0,2026-09-06
83580,S100YCW1,,3166449000000.0,,2026-09-06
13330,S100YCK1,414576000000.0,405815000000.0,44671000000.0,2026-09-06
59380,S100YD5L,379068000000.0,754673000000.0,37201000000.0,2026-09-06
65160,S100YCEQ,54569000000.0,23500000000.0,7673000000.0,2026-09-06
56320,S100YCQQ,83281000000.0,88815000000.0,6009000000.0,2026-09-06
87290,S100YCL0,175408000000.0,22701168000000.0,350000000.0,2026-09-06
79400,S100YDAF,17768462000.0,12484031000.0,1068366000.0,2026-09-06
19790,S100YCPQ,210935000000.0,111962000000.0,26324000000.0,2026-09-06
42160,S100YDDN,69563000000.0,27509000000.0,2404000000.0,2026-09-06
24970,S100YD7V,21741732000.0,3072191000.0,1364021000.0,2026-09-06
96820,S100YCT4,57798000000.0,21042000000.0,7447000000.0,2026-09-06
45020,S100YB5L,588944000000.0,5500020000000.0,99274000000.0,2026-09-06
22960,S100YCXD,277227000000.0,180691000000.0,33322000000.0,2026-09-06
30360,S100YCV6,144374000000.0,126321000000.0,8577000000.0,2026-09-06
95190,S100YD7F,27884000000.0,43820000000.0,,2026-09-06
86000,S100YAZU,4996000000.0,4750604000000.0,,2026-09-06
85850,S100YCKH,2584626000000.0,2635138000000.0,21921000000.0,2026-09-06
32840,S100YB28,153907000000.0,131964000000.0,2175000000.0,2026-09-06
60130,S100YB3J,136309000000.0,81355000000.0,22102000000.0,2026-09-06
79170,S100YAZH,86783000000.0,53231000000.0,2667000000.0,2026-09-06
55760,S100YC6U,3937021000.0,1357422000.0,2011747000.0,2026-09-06
77750,S100YCII,6985015000.0,3665091000.0,,2026-09-06
94130,S100YCRR,90436000000.0,45943000000.0,20661000000.0,2026-09-06
69880,S100YCAR,381590000000.0,286849000000.0,2844000000.0,2026-09-06
50190,S100YCS3,2649858000000.0,3037886000000.0,305764000000.0,2026-09-06
72410,S100YCHA,146439000000.0,190747000000.0,20399000000.0,2026-09-06
73130,S100YCXB,74713000000.0,24562000000.0,6238000000.0,2026-09-06
71860,S100YDH5,37413000000.0,20418298000000.0,25000000.0,2026-09-06
88710,S100YCU8,173595000000.0,88918000000.0,15078000000.0,2026-09-06
28150,S100YDGM,84106492000.0,17351314000.0,32989117000.0,2026-09-06
98280,S100YCXM,15834000000.0,17753000000.0,37000000.0,2026-09-06
49730,S100YD8M,9544044000.0,2261909000.0,5974602000.0,2026-09-06
90200,S100YC7N,1250033000000.0,7302007000000.0,506182000000.0,2026-09-06
79310,S100YBKG,42478000000.0,13135000000.0,1774000000.0,2026-09-06
41200,S100YBHZ,5501903000.0,4024449000.0,1763585000.0,2026-09-06
83590,S100YAUN,,12547657000000.0,,2026-09-06
58300,S100YBIB,1036000000.0,8398862000000.0,,2026-09-06
62940,S100YBL0,24503714000.0,18755786000.0,523395000.0,2026-09-06
86130,S100YC95,53737000000.0,23873000000.0,13475000000.0,2026-09-06
49560,S100YC07,85769000000.0,50128000000.0,9838000000.0,2026-09-06
95510,S100YBSD,160178000000.0,111433000000.0,2319000000.0,2026-09-06
27600,S100YBV4,144186000000.0,107837000000.0,,2026-09-06
83810,S100YBU8,,8236870000000.0,,2026-09-06
22700,S100YC5I,173706000000.0,183035000000.0,56370000000.0,2026-09-06
99020,S100YCBD,80310000000.0,35101000000.0,15945000000.0,2026-09-06
91010,S100YBT6,696334000000.0,1350539000000.0,1992649000000.0,2026-09-06
81300,S100YA8B,117011000000.0,70113000000.0,8203000000.0,2026-09-06
83640,S100YC9F,,1734013000000.0,,2026-09-06
26020,S100YB17,228661000000.0,190156000000.0,33725000000.0,2026-09-06
46260,S100YBLG,98008000000.0,89043000000.0,4870000000.0,2026-09-06
28760,S100YC0N,5998312000.0,4124536000.0,194829000.0,2026-09-06
85720,S100YBXA,1408775000000.0,777374000000.0,1454000000.0,2026-09-06
61010,S100YBZA,21244000000.0,13188000000.0,4352000000.0,2026-09-06
77520,S100YBFF,374339000000.0,714477000000.0,14319000000.0,2026-09-06
94120,S100YBNS,228554000000.0,119239000000.0,37769000000.0,2026-09-06
81330,S100YC4K,141823000000.0,143940000000.0,5531000000.0,2026-09-06
90210,S100YCFK,617309000000.0,2472194000000.0,138844000000.0,2026-09-06
44710,S100YC0P,84942000000.0,38063000000.0,30713000000.0,2026-09-06
20600,S100YC1Q,80085000000.0,68825000000.0,10450000000.0,2026-09-06
96190,S100YCGP,96914000000.0,139975000000.0,6055000000.0,2026-09-06
96400,S100YC54,16701799000.0,6944304000.0,747525000.0,2026-09-06
87040,S100YCGC,123381000000.0,107633000000.0,316000000.0,2026-09-06
38260,S100YCIF,4462962000.0,865331000.0,10000000.0,2026-09-06
99620,S100YB3N,317805000000.0,67510000000.0,1224000000.0,2026-09-06
63240,S100YBHC,53164779000.0,34678616000.0,409931000.0,2026-09-06
50760,S100YCIP,119591000000.0,376808000000.0,20116000000.0,2026-09-06
80070,S100YCID,41351000000.0,36152000000.0,2567000000.0,2026-09-06
83770,S100YBV5,1320000000.0,15782539000000.0,,2026-09-06
28710,S100YCCS,204925000000.0,223255000000.0,45036000000.0,2026-09-06
42990,S100YC5V,12575000000.0,2648000000.0,24000000.0,2026-09-06
74770,S100YCAP,2685065000.0,1262812000.0,222936000.0,2026-09-06
38480,S100YBU2,4225199000.0,1403368000.0,1313660000.0,2026-09-06
61460,S100YC6I,424502000000.0,161383000000.0,3510000000.0,2026-09-06
45030,S100YBPK,499312000000.0,1192404000000.0,18561000000.0,2026-09-06
72110,S100YCMC,1391131000000.0,1272355000000.0,102736000000.0,2026-09-06
98570,S100YCFQ,28615569000.0,16166865000.0,1426989000.0,2026-09-06
93250,S100YCI4,7116158000.0,6207708000.0,70787000.0,2026-09-06
27670,S100YBQC,69841000000.0,42706000000.0,7831000000.0,2026-09-06
53320,S100YC72,374570000000.0,283519000000.0,67536000000.0,2026-09-06
92210,S100YBWO,2580754000.0,6577605000.0,282406000.0,2026-09-06
80140,S100YBIN,121566000000.0,53974000000.0,10382000000.0,2026-09-06
33930,S100YCNU,11529900000.0,6554295000.0,151092000.0,2026-09-06
94320,S100YCP3,211610000000.0,5503952000000.0,769083000000.0,2026-09-06
80880,S100YBEM,328458000000.0,475835000000.0,211938000000.0,2026-09-06
303A0,S100YCOW,453359000.0,175295000.0,,2026-09-06
60730,S100Y9ZW,9350561000.0,4601216000.0,20534000.0,2026-09-06
62310,S100YCHD,10689494000.0,10425657000.0,67400000.0,2026-09-06
79950,S100YC38,46430000000.0,27302000000.0,3949000000.0,2026-09-06
58920,S100YC75,3873137000.0,4470349000.0,,2026-09-06
34840,S100YCOY,7041781000.0,11635808000.0,,2026-09-06
78320,S100YBXE,704942000000.0,309420000000.0,173350000000.0,2026-09-06
96970,S100YCGO,262082000000.0,86678000000.0,15000000.0,2026-09-06
70570,S100YCPU,4194291000.0,3456599000.0,573312000.0,2026-09-06
90370,S100YBXW,45758000000.0,57549000000.0,3331000000.0,2026-09-06
64450,S100YCOS,25860000000.0,14187000000.0,1808000000.0,2026-09-06
71570,S100YC7R,,71796000000.0,,2026-09-06
87500,S100YC7A,413389000000.0,65764753000000.0,8433000000.0,2026-09-06
67300,S100YC4Y,12411000000.0,2026000000.0,2179000000.0,2026-09-06
47650,S100YCOR,7187711000.0,2848285000.0,7702904000.0,2026-09-06
40820,S100Y9OW,31932000000.0,26271000000.0,873000000.0,2026-09-06
53670,S100Y9NY,10091569000.0,4011494000.0,1942568000.0,2026-09-06
88600,S100YB7Y,119108467000.0,128535501000.0,872711000.0,2026-09-06
87140,S100YAWY,799000000.0,6191073000000.0,,2026-09-06
80980,S100YB2W,359977000000.0,225416000000.0,36230000000.0,2026-09-06
99320,S100YBJ3,25661307000.0,6921600000.0,4280783000.0,2026-09-06
19640,S100YBFQ,35982000000.0,20127000000.0,6533000000.0,2026-09-06
45440,S100YB46,119143000000.0,142287000000.0,1801000000.0,2026-09-06
85240,S100YBAP,,13062325000000.0,,2026-09-06
90440,S100YBA0,120200000000.0,651149000000.0,60055000000.0,2026-09-06
43070,S100YBM8,279188000000.0,407659000000.0,47165000000.0,2026-09-06
49330,S100YBL7,21712000000.0,20548000000.0,,2026-09-06
44010,S100YBCU,349889000000.0,191341000000.0,42803000000.0,2026-09-06
83460,S100Y9W6,,6456005000000.0,,2026-09-06
45390,S100YBOB,30066000000.0,30684000000.0,1923000000.0,2026-09-06
83600,S100YAZE,,4313769000000.0,,2026-09-06
96630,S100YBEF,23974000000.0,8085000000.0,17199000000.0,2026-09-06
83410,S100YAM0,,9848811000000.0,,2026-09-06
58320,S100YB0D,8222000000.0,10503210000000.0,3000000000.0,2026-09-06
59300,S100YBKB,117344000000.0,91532000000.0,19269000000.0,2026-09-06
28830,S100YBPW,10454721000.0,2716338000.0,26685000.0,2026-09-06
83430,S100YATN,,3303246000000.0,,2026-09-06
67410,S100YAO1,110198000000.0,63616000000.0,28282000000.0,2026-09-06
19670,S100YBIH,34739278000.0,17611369000.0,12255933000.0,2026-09-06
97260,S100Y9UU,123774000000.0,85412000000.0,4481000000.0,2026-09-06
83860,S100YA4U,,5425309000000.0,,2026-09-06
80510,S100YBDH,229411000000.0,164332000000.0,24063000000.0,2026-09-06
23270,S100YAEV,307324000000.0,153703000000.0,21656000000.0,2026-09-06
90100,S100YBGE,33083628000.0,64315216000.0,8720974000.0,2026-09-06
72780,S100YBAF,66718000000.0,83291000000.0,3427000000.0,2026-09-06
68610,S100YAHE,1632589000000.0,180672000000.0,1527669000000.0,2026-09-06
18500,S100Y9NL,39496000000.0,25577000000.0,866000000.0,2026-09-06
58570,S100YBFP,70153000000.0,44639000000.0,,2026-09-06
71730,S100YBHI,6053000000.0,6723250000000.0,524000000.0,2026-09-06
37780,S100YBG6,41744592000.0,51162089000.0,682270000.0,2026-09-06
65900,S100YAST,74154000000.0,47926000000.0,0.0,2026-09-06
40910,S100YB9P,77006000000.0,729598000000.0,20678000000.0,2026-09-06
27530,S100Y9U0,12319000000.0,5869000000.0,,2026-09-06
78570,S100YA1Y,7631013000.0,2958532000.0,4804270000.0,2026-09-06
58310,S100Y9RT,47779000000.0,14547907000000.0,,2026-09-06
90640,S100YAYL,521160000000.0,667077000000.0,48689000000.0,2026-09-06
45230,S100YB05,272255000000.0,344279000000.0,33294000000.0,2026-09-06
90460,S100YAZT,5163000000.0,67141000000.0,1824000000.0,2026-09-06
53440,S100YB11,100290000000.0,14431000000.0,482000000.0,2026-09-06
73810,S100YAOX,18013000000.0,6172180000000.0,,2026-09-06
86240,S100YANQ,35927000000.0,14438000000.0,731000000.0,2026-09-06
49970,S100YATP,116639000000.0,72792000000.0,11883000000.0,2026-09-06
92450,S100YB2Z,4166720000.0,3575498000.0,1650000.0,2026-09-06
38410,S100YAUW,3107601000.0,679107000.0,132121000.0,2026-09-06
83340,S100Y8O1,,9994237000000.0,,2026-09-06
80010,S100YA6H,2157233000000.0,3396284000000.0,279879000000.0,2026-09-06
60350,S100YATA,5136642000.0,1286699000.0,133715000.0,2026-09-06
28020,S100Y992,269788000000.0,752255000000.0,23960000000.0,2026-09-06
97090,S100YAMN,17250339000.0,7094055000.0,1100280000.0,2026-09-06
79710,S100YB1Q,52734000000.0,45685000000.0,8276000000.0,2026-09-06
73270,S100YAX4,1886000000.0,10498925000000.0,0.0,2026-09-06
80530,S100YARD,1739839000000.0,3577066000000.0,237437000000.0,2026-09-06
83880,S100YAMP,,3690684000000.0,,2026-09-06
72590,S100YAWO,1040788000000.0,1522352000000.0,121975000000.0,2026-09-06
80310,S100YAVT,2230960000000.0,5445802000000.0,1329567000000.0,2026-09-06
71670,S100YAVM,4601000000.0,20442371000000.0,,2026-09-06
87050,S100YB7U,131382060000.0,124694861000.0,3970472000.0,2026-09-06
49020,S100YB93,252851000000.0,496480000000.0,8559000000.0,2026-09-06
71640,S100YAIZ,160396000000.0,253719000000.0,285124000000.0,2026-09-06
80020,S100YAY4,1317031000000.0,2968849000000.0,159662000000.0,2026-09-06
43900,S100YBB2,23637000000.0,21048000000.0,,2026-09-06
42620,S100YB8F,5011437000.0,1213643000.0,18550000.0,2026-09-06
42040,S100YBAY,703104000000.0,495420000000.0,105102000000.0,2026-09-06
47430,S100YAUM,18460447000.0,4907868000.0,2997342000.0,2026-09-06
74190,S100YAOT,396676000000.0,415502000000.0,31412000000.0,2026-09-06
81310,S100YAZQ,94208000000.0,87035000000.0,25008000000.0,2026-09-06
33500,S100YB0L,2685000000.0,13359000000.0,73000000.0,2026-09-06
73800,S100YA7J,548000000.0,7171927000000.0,,2026-09-06
90400,S100YADW,3722927000.0,3028968000.0,366103000.0,2026-09-06
72830,S100Y9N3,174864000000.0,160644000000.0,6443000000.0,2026-09-06
86970,S100YA84,74610000000.0,108404000000.0,1122000000.0,2026-09-06
296A0,S100YAIC,4179727000.0,1585205000.0,2502000.0,2026-09-06
82850,S100YAL6,46060000000.0,45924000000.0,27440000000.0,2026-09-06
59060,S100YA6U,16843687000.0,9594712000.0,2419849000.0,2026-09-06
43730,S100YARY,4463000000.0,3450000000.0,355000000.0,2026-09-06
18350,S100YA1U,137954924000.0,60338069000.0,15046446000.0,2026-09-06
69020,S100Y9T1,1786170000000.0,2108392000000.0,457549000000.0,2026-09-06
76080,S100YA1Z,6325451000.0,1195803000.0,161466000.0,2026-09-06
42200,S100Y9PN,74322947000.0,40689249000.0,6194352000.0,2026-09-06
26640,S100Y9UW,90472000000.0,85190000000.0,154000000.0,2026-09-06
91430,S100Y9P7,370565000000.0,456026000000.0,28009000000.0,2026-09-06
72030,S100Y8NY,15707095000000.0,7541895000000.0,7626969000000.0,2026-09-06
81900,S100Y9HQ,9603000000.0,24425000000.0,3539000000.0,2026-09-06
31160,S100Y9AH,345546000000.0,428012000000.0,8471000000.0,2026-09-06
27680,S100Y9EI,706380000000.0,1340104000000.0,83711000000.0,2026-09-06
69950,S100Y9M2,285604000000.0,181194000000.0,32579000000.0,2026-09-06
59900,S100Y9PU,5384456000.0,3079921000.0,421109000.0,2026-09-06
94360,S100Y9T5,71233000000.0,19073000000.0,981000000.0,2026-09-06
91270,S100Y90D,4886082000.0,3340942000.0,1126569000.0,2026-09-06
30920,S100Y951,147394000000.0,89090000000.0,931000000.0,2026-09-06
72360,S100Y8UO,61419000000.0,48742000000.0,2841000000.0,2026-09-06
80610,S100Y935,105833000000.0,81865000000.0,16922000000.0,2026-09-06
90290,S100Y848,14017562000.0,18087105000.0,1307229000.0,2026-09-06
65480,S100Y964,3271525000.0,2134962000.0,,2026-09-06
30830,S100Y8QM,1409022000.0,1415822000.0,2127000.0,2026-09-06
47770,S100Y86A,1539645000.0,2563631000.0,243000.0,2026-09-06
82370,S100Y7R7,18551000000.0,46907000000.0,9233000000.0,2026-09-06
39970,S100Y7VX,1730324000.0,1625631000.0,233910000.0,2026-09-06
60580,S100Y7XO,32346000000.0,21544000000.0,1326000000.0,2026-09-06
30630,S100Y7CP,2379582000.0,7865198000.0,7330000.0,2026-09-06
27890,S100Y72L,1445488000.0,3044335000.0,283000.0,2026-09-06
33840,S100Y6PS,2675853000.0,1623383000.0,,2026-09-06
43170,S100Y7H8,5356499000.0,2325605000.0,242926000.0,2026-09-06
73570,S100Y7GV,1701523000.0,1593208000.0,386271000.0,2026-09-06
49200,S100Y7HD,6734766000.0,13085331000.0,259060000.0,2026-09-06
31770,S100Y7HH,3244011000.0,2952093000.0,175574000.0,2026-09-06
47090,S100Y7D7,14396048000.0,8874905000.0,4664007000.0,2026-09-06
82470,S100Y7D9,5631134000.0,22072920000.0,3444715000.0,2026-09-06
76890,S100Y7HW,1265753000.0,232672000.0,,2026-09-06
75160,S100Y7KL,170496000000.0,313214000000.0,4515000000.0,2026-09-06
59000,S100Y6RH,10119964000.0,3245655000.0,1250830000.0,2026-09-06
77900,S100Y7FJ,2241088000.0,3815540000.0,50395000.0,2026-09-06
81430,S100Y7LR,1325836000.0,2196964000.0,517418000.0,2026-09-06
77190,S100Y7MQ,2696622000.0,2149154000.0,73740000.0,2026-09-06
76100,S100Y7L3,9292060000.0,7233577000.0,661348000.0,2026-09-06
44900,S100Y7OP,7153539000.0,6645121000.0,,2026-09-06
87390,S100Y7MV,26631000000.0,16432000000.0,19468000000.0,2026-09-06
93260,S100Y7I7,4941932000.0,8227921000.0,2676000.0,2026-09-06
34790,S100Y7OL,35274000000.0,75934000000.0,6618000000.0,2026-09-06
35570,S100Y7EJ,1945255000.0,3631975000.0,,2026-09-06
80050,S100Y6S7,38679000000.0,19561000000.0,2368000000.0,2026-09-06
76300,S100Y73F,21438000000.0,13985000000.0,531000000.0,2026-09-06
30300,S100Y764,3292130000.0,3289500000.0,,2026-09-06
89180,S100Y721,9932167000.0,1114353000.0,45000000.0,2026-09-06
80110,S100Y77K,38218000000.0,17715000000.0,6298000000.0,2026-09-06
28840,S100Y77U,32448891000.0,39534719000.0,424134000.0,2026-09-06
36780,S100Y71R,39960000000.0,35451000000.0,5669000000.0,2026-09-06
23380,S100Y6YJ,286345000.0,86988000.0,,2026-09-06
29360,S100Y7A4,3274701000.0,2814451000.0,,2026-09-06
32230,S100Y6RF,670587000.0,576764000.0,1500000.0,2026-09-06
78070,S100Y797,3849238000.0,1883293000.0,122933000.0,2026-09-06
30750,S100Y6WM,5742755000.0,2928500000.0,20000000.0,2026-09-06
36270,S100Y74O,6029885000.0,4448665000.0,799594000.0,2026-09-06
35480,S100Y6V9,24789000000.0,15254000000.0,,2026-09-06
91680,S100Y6K8,3475922000.0,2452346000.0,,2026-09-06
64320,S100Y78J,177254000000.0,50718000000.0,168000000.0,2026-09-06
65780,S100Y78X,2719728000.0,1861076000.0,730000.0,2026-09-06
78470,S100Y66O,5052667000.0,1740497000.0,40520000.0,2026-09-06
39960,S100Y6B0,2176703000.0,1094521000.0,7193000.0,2026-09-06
82890,S100Y77X,19660000000.0,44568000000.0,655000000.0,2026-09-06
32600,S100Y78C,543280000.0,832474000.0,,2026-09-06
97930,S100Y63V,46650000000.0,19784000000.0,7169000000.0,2026-09-06
23050,S100Y6JW,23315665000.0,10150456000.0,1779666000.0,2026-09-06
135A0,S100Y2CG,1539000000.0,451000000.0,,2026-09-06
75150,S100Y5AV,3070406000.0,12966325000.0,289613000.0,2026-09-06
29350,S100Y62P,10888000000.0,11358000000.0,726000000.0,2026-09-06
98350,S100Y6C2,15940381000.0,25943925000.0,396884000.0,2026-09-06
30500,S100Y6MK,292374000000.0,383637000000.0,35869000000.0,2026-09-06
75440,S100Y68I,4485000000.0,673000000.0,38000000.0,2026-09-06
82000,S100Y5IT,5556507000.0,15556861000.0,933001000.0,2026-09-06
46450,S100Y6LI,6423563000.0,11450267000.0,907019000.0,2026-09-06
29180,S100Y6N1,32818000000.0,61799000000.0,1136000000.0,2026-09-06
99930,S100Y6JY,14294000000.0,29608000000.0,437000000.0,2026-09-06
31810,S100Y6PJ,3517576000.0,2164679000.0,150000000.0,2026-09-06
82600,S100Y6HY,7056000000.0,32574000000.0,1399000000.0,2026-09-06
99030,S100Y67I,8959735000.0,18113007000.0,2566309000.0,2026-09-06
62240,S100Y688,7455580000.0,8487700000.0,216862000.0,2026-09-06
80160,S100Y6J6,80101000000.0,94931000000.0,13789000000.0,2026-09-06
44940,S100Y6VZ,1568131000.0,1507946000.0,,2026-09-06
79920,S100Y6JL,3886829000.0,3498936000.0,12159000.0,2026-09-06
70770,S100Y69B,1506385000.0,173720000.0,0.0,2026-09-06
39670,S100Y6AI,4067543000.0,5515062000.0,417970000.0,2026-09-06
274A0,S100Y6WH,11661009000.0,7913666000.0,172800000.0,2026-09-06
50250,S100Y6Q0,939252000.0,298240000.0,11200000.0,2026-09-06
34900,S100Y6VO,12588127000.0,10281752000.0,30145000.0,2026-09-06
35430,S100Y6O9,3536000000.0,3207000000.0,158000000.0,2026-09-06
80080,S100Y6MY,19939000000.0,27559000000.0,21475000000.0,2026-09-06
35580,S100Y6RE,8079362000.0,5728892000.0,0.0,2026-09-06
44130,S100Y6J0,3460791000.0,2046618000.0,2643000.0,2026-09-06
28820,S100Y6XK,12240000000.0,18200000000.0,21000000.0,2026-09-06
33960,S100Y6XM,17494000000.0,9618000000.0,2136000000.0,2026-09-06
304A0,S100Y6MO,1813766000.0,252476000.0,,2026-09-06
27980,S100Y6U1,2619594000.0,4146309000.0,208355000.0,2026-09-06
339A0,S100Y6XY,288000000.0,7130000000.0,,2026-09-06
44290,S100Y6L5,6260338000.0,3649236000.0,,2026-09-06
61420,S100Y6NR,15994766000.0,4688465000.0,1757666000.0,2026-09-06
70490,S100Y1AF,4150368000.0,1457777000.0,91272000.0,2026-09-06
39770,S100Y6LQ,563698000.0,366055000.0,36590000.0,2026-09-06
61820,S100Y6W8,3645664000.0,2963364000.0,53030000.0,2026-09-06
81810,S100Y6NU,2039215000.0,4210382000.0,254317000.0,2026-09-06
75990,S100Y6I6,164358000000.0,139208000000.0,,2026-09-06
97780,S100Y5RU,916466000.0,3354725000.0,143700000.0,2026-09-06
30800,S100Y69Z,7086489000.0,4559255000.0,,2026-09-06
50180,S100Y64F,21260000000.0,13288000000.0,654000000.0,2026-09-06
30650,S100Y57D,2632099000.0,2387893000.0,200000000.0,2026-09-06
81940,S100Y63D,96348000000.0,167592000000.0,2356000000.0,2026-09-06
97400,S100Y6FE,38078844000.0,21490820000.0,3743492000.0,2026-09-06
74270,S100Y67Z,31990350000.0,22585843000.0,727563000.0,2026-09-06
27260,S100Y647,114287000000.0,74576000000.0,267000000.0,2026-09-06
27470,S100Y6GL,5111033000.0,12459940000.0,280686000.0,2026-09-06
58170,S100Y6GG,5498572000.0,5036323000.0,213933000.0,2026-09-06
65320,S100Y69G,58972000000.0,22279000000.0,,2026-09-06
26850,S100Y5ZC,67173000000.0,55908000000.0,691000000.0,2026-09-06
82730,S100Y671,119765000000.0,276359000000.0,4667000000.0,2026-09-06
80290,S100Y64V,29826000000.0,23633000000.0,6186000000.0,2026-09-06
59820,S100Y6B9,50936324000.0,22162007000.0,3261025000.0,2026-09-06
30870,S100Y6D7,58792000000.0,29882000000.0,1087000000.0,2026-09-06
74850,S100Y5YH,508041000000.0,458506000000.0,220719000000.0,2026-09-06
68970,S100Y6EN,6087988000.0,3124956000.0,238610000.0,2026-09-06
35460,S100Y68G,40234000000.0,55636000000.0,352000000.0,2026-09-06
52710,S100Y4LV,6913107000.0,11951253000.0,334720000.0,2026-09-06
32220,S100Y6HP,119635000000.0,179276000000.0,6034000000.0,2026-09-06
26870,S100Y68C,2559255000.0,6886516000.0,228220000.0,2026-09-06
30930,S100Y644,13274000000.0,10327000000.0,0.0,2026-09-06
97160,S100Y66D,88356000000.0,48218000000.0,2502000000.0,2026-09-06
30860,S100Y6K0,166859000000.0,266095000000.0,2060000000.0,2026-09-06
39220,S100Y6DH,6595773000.0,1337185000.0,70799000.0,2026-09-06
23000,S100Y6G1,708342000.0,2255869000.0,624703000.0,2026-09-06
47630,S100Y6IG,20798934000.0,11065956000.0,1257173000.0,2026-09-06
65550,S100Y6L3,1045753000.0,720041000.0,9278000.0,2026-09-06
96610,S100Y65X,2188298000.0,13055443000.0,5843345000.0,2026-09-06
33870,S100Y2PC,13443000000.0,33824000000.0,,2026-09-06
65430,S100Y6L2,2470443000.0,1478057000.0,344244000.0,2026-09-06
44320,S100Y628,16152774000.0,23352489000.0,4321085000.0,2026-09-06
26700,S100Y5F0,317500000000.0,48977000000.0,18252000000.0,2026-09-06
23410,S100Y5RZ,2509532000.0,548207000.0,14477000.0,2026-09-06
89310,S100Y62K,79771937000.0,77726017000.0,266881000.0,2026-09-06
26690,S100Y5SJ,25405516000.0,8324769000.0,594647000.0,2026-09-06
78110,S100Y635,24714356000.0,19661000000.0,1111226000.0,2026-09-06
99820,S100Y62Z,21785000000.0,16940000000.0,3941000000.0,2026-09-06
27420,S100Y5WR,23040000000.0,42441000000.0,2000000.0,2026-09-06
82440,S100Y5TO,27883000000.0,75812000000.0,4082000000.0,2026-09-06
29300,S100Y5VV,7960161000.0,1291115000.0,,2026-09-06
26860,S100Y651,25823000000.0,28821000000.0,1000000.0,2026-09-06
14180,S100Y600,6957357000.0,5223471000.0,536023000.0,2026-09-06
98460,S100Y4A4,5620630000.0,15711149000.0,1263736000.0,2026-09-06
26590,S100Y64A,85818000000.0,36678000000.0,439000000.0,2026-09-06
81670,S100Y650,38398000000.0,42354000000.0,12081000000.0,2026-09-06
64690,S100Y5TC,7794452000.0,9287191000.0,279663000.0,2026-09-06
81250,S100Y60M,50036000000.0,44097000000.0,4899000000.0,2026-09-06
47350,S100Y613,7235936000.0,18128723000.0,206738000.0,2026-09-06
365A0,S100Y66L,4194779000.0,4497805000.0,,2026-09-06
61830,S100Y5Z2,8532000000.0,62783000000.0,1587000000.0,2026-09-06
42700,S100Y5VS,5520712000.0,2696243000.0,15574000.0,2026-09-06
26980,S100Y64P,15197000000.0,18957000000.0,,2026-09-06
60370,S100Y67O,1802830000.0,505880000.0,4165473000.0,2026-09-06
28720,S100Y621,1587510000.0,1893990000.0,115667000.0,2026-09-06
44340,S100Y5TF,15222436000.0,9033359000.0,3806775000.0,2026-09-06
96010,S100Y66K,38949000000.0,115747000000.0,41992000000.0,2026-09-06
35620,S100Y62C,6206381000.0,4230321000.0,218304000.0,2026-09-06
99480,S100Y640,116286000000.0,98624000000.0,10461000000.0,2026-09-06
65060,S100Y69H,157269000000.0,158521000000.0,24100000000.0,2026-09-06
323A0,S100Y68H,585531000.0,948809000.0,,2026-09-06
96020,S100Y5O3,202050000000.0,158253000000.0,153764000000.0,2026-09-06
65720,S100Y69Y,15577862000.0,7984500000.0,1746585000.0,2026-09-06
39350,S100Y6A9,2700488000.0,1626335000.0,5000000.0,2026-09-06
98610,S100Y5NR,38301000000.0,54299000000.0,2878000000.0,2026-09-06
79080,S100Y5JR,16901000000.0,4210000000.0,1185000000.0,2026-09-06
93810,S100Y53V,20353000000.0,6059000000.0,2492000000.0,2026-09-06
76030,S100Y5TM,5111000000.0,6069000000.0,,2026-09-06
65210,S100Y5QW,8524155000.0,12793202000.0,68171000.0,2026-09-06
26830,S100Y5OG,1351200000.0,1430468000.0,175258000.0,2026-09-06
63230,S100Y5GM,145520000000.0,59021000000.0,1446000000.0,2026-09-06
21860,S100Y5RH,5151616000.0,1344385000.0,23842000.0,2026-09-06
40170,S100Y5AX,3076699000.0,2261304000.0,,2026-09-06
93880,S100Y5VD,1707193000.0,1097052000.0,52000000.0,2026-09-06
60930,S100Y5Q4,3609028000.0,1205086000.0,57905000.0,2026-09-06
78940,S100Y5TV,10268607000.0,8995217000.0,1039861000.0,2026-09-06
36120,S100Y4W7,19771000000.0,99420000000.0,1003000000.0,2026-09-06
23540,S100Y56T,9746938000.0,5980897000.0,32185000.0,2026-09-06
47140,S100Y58Q,12686208000.0,10075673000.0,82650000.0,2026-09-06
22920,S100Y5H5,128476000000.0,100731000000.0,14433000000.0,2026-09-06
33910,S100Y5EY,302811000000.0,276984000000.0,31942000000.0,2026-09-06
31980,S100Y5KF,6760924000.0,5231062000.0,,2026-09-06
98420,S100Y5KN,87237000000.0,213178000000.0,2785000000.0,2026-09-06
76790,S100Y4K3,39064000000.0,42911000000.0,105000000.0,2026-09-06
60860,S100Y57I,7731416000.0,5514350000.0,343512000.0,2026-09-06
35500,S100Y4QT,2579330000.0,670140000.0,,2026-09-06
98760,S100Y54S,8073374000.0,4334954000.0,2890321000.0,2026-09-06
79750,S100Y4MZ,7205604000.0,2794971000.0,1110475000.0,2026-09-06
26680,S100Y4Z8,3994799000.0,3690912000.0,387450000.0,2026-09-06
82330,S100Y4X5,333501000000.0,795663000000.0,119967000000.0,2026-09-06
33820,S100Y4VB,2823782000000.0,7162898000000.0,321086000000.0,2026-09-06
81850,S100Y563,51090000000.0,27045000000.0,2621000000.0,2026-09-06
99460,S100Y4UH,52242000000.0,41904000000.0,101000000.0,2026-09-06
36080,S100Y5A2,86273000000.0,32928000000.0,23490000000.0,2026-09-06
23790,S100Y510,26264138000.0,14270633000.0,5110230000.0,2026-09-06
275A0,S100Y55S,562202000.0,831399000.0,,2026-09-06
76490,S100Y3QN,246479000000.0,244412000000.0,13936000000.0,2026-09-06
99740,S100Y4X3,40017000000.0,90797000000.0,157000000.0,2026-09-06
82030,S100Y58I,19325000000.0,47141000000.0,572000000.0,2026-09-06
23370,S100Y50H,195998000000.0,284009000000.0,24300000000.0,2026-09-06
70360,S100Y5DB,2113897000.0,1299416000.0,275570000.0,2026-09-06
75200,S100Y4BQ,23984000000.0,30839000000.0,527000000.0,2026-09-06
43430,S100Y4UK,12185447000.0,46831209000.0,5323000.0,2026-09-06
92530,S100Y4UP,1918952000.0,589664000.0,146544000.0,2026-09-06
76240,S100Y4MW,14207000000.0,4315000000.0,284000000.0,2026-09-06
26530,S100Y4YP,53212000000.0,125006000000.0,399000000.0,2026-09-06
33530,S100Y4Y9,17965034000.0,19519641000.0,2405444000.0,2026-09-06
70380,S100Y4VC,11470340000.0,3415634000.0,296000.0,2026-09-06
85700,S100Y53G,7423813000000.0,7170726000000.0,14926000000.0,2026-09-06
94250,S100Y4GM,1801832000.0,1021424000.0,,2026-09-06
82780,S100Y4CU,78744000000.0,193780000000.0,24481000000.0,2026-09-06
81980,S100Y494,58686000000.0,46972000000.0,679000000.0,2026-09-06
89460,S100Y4NV,2199583000.0,1043608000.0,,2026-09-06
81660,S100Y4PA,3507309000.0,4615959000.0,655383000.0,2026-09-06
75120,S100Y36L,37446000000.0,114199000000.0,40000000.0,2026-09-06
91730,S100Y40M,7823085000.0,16147795000.0,547171000.0,2026-09-06
27620,S100Y43N,1135000000.0,2055000000.0,,2026-09-06
43240,S100Y36E,289530000000.0,589211000000.0,92134000000.0,2026-09-06
99760,S100Y3VC,9856383000.0,11983483000.0,699649000.0,2026-09-06
62790,S100Y3PF,35462579000.0,18116147000.0,651675000.0,2026-09-06
27780,S100Y39Y,4435669000.0,5408482000.0,,2026-09-06
75450,S100Y3CW,118000000000.0,61582000000.0,14913000000.0,2026-09-06
33330,S100Y2X4,30561340000.0,15336021000.0,,2026-09-06
82170,S100Y362,30364000000.0,54101000000.0,2766000000.0,2026-09-06
82270,S100Y2PP,370429000000.0,66168000000.0,33226000000.0,2026-09-06
91450,S100Y37Z,8676000000.0,10724000000.0,67000000.0,2026-09-06
82760,S100Y2FB,64602000000.0,115842000000.0,3871000000.0,2026-09-06
19110,S100Y1XP,1546090000000.0,1243525000000.0,268895000000.0,2026-09-06
44630,S100Y1V9,34221000000.0,25812000000.0,1966000000.0,2026-09-06
43950,S100Y1OR,2669603000.0,1497305000.0,97553000.0,2026-09-06
33990,S100Y1KO,7389748000.0,7784218000.0,62953000.0,2026-09-06
65460,S100Y1DI,7498316000.0,5546585000.0,518716000.0,2026-09-06
42580,S100Y1NN,4697042000.0,3283174000.0,277623000.0,2026-09-06
36810,S100Y1NL,3545172000.0,10457387000.0,465197000.0,2026-09-06
338A0,S100Y1PM,603567000.0,419165000.0,,2026-09-06
278A0,S100XY8O,6185537000.0,1785682000.0,1243062000.0,2026-09-06
70640,S100XVTU,1842924000.0,1040671000.0,,2026-09-06
70730,S100Y1BL,1904218000.0,1867580000.0,44801000.0,2026-09-06
91660,S100Y1F9,45619000000.0,79325000000.0,769000000.0,2026-09-06
41740,S100Y16K,4444578000.0,3365549000.0,,2026-09-06
456A0,S100Y17X,7173730000.0,2095046000.0,,2026-09-06
76140,S100Y11L,12830576000.0,4825117000.0,2335369000.0,2026-09-06
48130,S100Y070,17248067000.0,11477256000.0,675971000.0,2026-09-06
446A0,S100Y1HV,5642000000.0,3969000000.0,,2026-09-06
76740,S100Y07P,1870714000.0,1834905000.0,,2026-09-06
39550,S100Y0K4,8513000000.0,6593000000.0,960000000.0,2026-09-06
96320,S100Y0Y3,20525360000.0,5199136000.0,262455000.0,2026-09-06
43340,S100Y0NT,2799559000.0,626589000.0,119709000.0,2026-09-06
81420,S100Y0S6,46383000000.0,57202000000.0,2369000000.0,2026-09-06
36650,S100Y0WP,10333989000.0,3004452000.0,3551874000.0,2026-09-06
168A0,S100Y111,1557922000.0,3734128000.0,7479000.0,2026-09-06
39210,S100Y0W0,6570121000.0,2926474000.0,1540928000.0,2026-09-06
35650,S100Y14Y,8349840000.0,5106661000.0,411390000.0,2026-09-06
76830,S100Y159,10001640000.0,2385205000.0,204514000.0,2026-09-06
43690,S100XYYG,21456391000.0,5356903000.0,3923209000.0,2026-09-06
67570,S100Y0OW,4137834000.0,3495496000.0,1144000.0,2026-09-06
62760,S100Y0TR,2242399000.0,645594000.0,446107000.0,2026-09-06
31590,S100Y0TV,98060000000.0,80991000000.0,4476000000.0,2026-09-06
42870,S100Y0NF,3343476000.0,342577000.0,10228000.0,2026-09-06
31690,S100Y0VC,3625761000.0,1910394000.0,,2026-09-06
41750,S100Y0KM,4071095000.0,1029080000.0,1740664000.0,2026-09-06
68980,S100Y0O4,2572154000.0,938638000.0,51974000.0,2026-09-06
22170,S100Y0DZ,15293576000.0,6107765000.0,1274819000.0,2026-09-06
63360,S100Y0EE,10132000000.0,5961000000.0,124000000.0,2026-09-06
33200,S100Y0F4,18012000000.0,10715000000.0,5095000000.0,2026-09-06
58890,S100Y0I2,1170000000.0,13059000000.0,,2026-09-06
76780,S100Y0LF,2601490000.0,1284843000.0,,2026-09-06
58880,S100Y0CE,6126742000.0,3061641000.0,,2026-09-06
50750,S100Y0D4,1442564000.0,253694000.0,257858000.0,2026-09-06
71960,S100XZL9,9155079000.0,8256963000.0,167152000.0,2026-09-06
43800,S100Y0DB,2584130000.0,847456000.0,,2026-09-06
39310,S100Y0HP,2193840000.0,1522912000.0,67979000.0,2026-09-06
61840,S100Y0J1,3452752000.0,1615606000.0,324521000.0,2026-09-06
17580,S100Y01F,7604047000.0,2688511000.0,1566492000.0,2026-09-06
78310,S100Y02H,4556000000.0,5723000000.0,947000000.0,2026-09-06
50310,S100Y086,3767321000.0,2267629000.0,,2026-09-06
30710,S100Y025,5351599000.0,3392061000.0,10318000.0,2026-09-06
97430,S100Y04L,45251000000.0,20824000000.0,2457000000.0,2026-09-06
80130,S100Y034,8548000000.0,5326000000.0,2921000000.0,2026-09-06
52480,S100Y02W,10345789000.0,14552502000.0,30470000.0,2026-09-06
34150,S100Y0D8,8341632000.0,6346531000.0,,2026-09-06
66960,S100Y0AL,435369000.0,213389000.0,,2026-09-06
78780,S100Y03W,2324658000.0,1550436000.0,71842000.0,2026-09-06
21630,S100Y062,6654604000.0,3835030000.0,61621000.0,2026-09-06
29970,S100Y0E1,2770293000.0,2512277000.0,52694000.0,2026-09-06
42380,S100Y0E4,12929673000.0,6026007000.0,330668000.0,2026-09-06
66540,S100XZWO,6553712000.0,834970000.0,1247691000.0,2026-09-06
96920,S100XZVZ,39114000000.0,12234000000.0,2231000000.0,2026-09-06
60810,S100Y03D,3001787000.0,1552714000.0,546347000.0,2026-09-06
36570,S100XZNA,19707539000.0,15995708000.0,627107000.0,2026-09-06
29830,S100Y03C,26829493000.0,23191804000.0,,2026-09-06
96360,S100XZ5Y,908084000.0,3342446000.0,23831000.0,2026-09-06
45920,S100XZTW,3335580000.0,1684417000.0,,2026-09-06
75900,S100XYFO,15125705000.0,11058379000.0,180245000.0,2026-09-06
66190,S100XZF3,6761000000.0,10404000000.0,38334000000.0,2026-09-06
69660,S100XZDC,108220000000.0,113371000000.0,1548000000.0,2026-09-06
19280,S100XZ22,3712106000000.0,2790249000000.0,205632000000.0,2026-09-06
14330,S100XZ7G,7130366000.0,6192955000.0,3403448000.0,2026-09-06
78650,S100XYGD,1968800000.0,171542000.0,28000.0,2026-09-06
49190,S100XZ4Q,30935977000.0,10081966000.0,875480000.0,2026-09-06
47510,S100XZ2X,358632000000.0,266181000000.0,43467000000.0,2026-09-06
25900,S100XYDT,92044000000.0,91739000000.0,9815000000.0,2026-09-06
145A0,S100XYHQ,2240284000.0,999413000.0,154996000.0,2026-09-06
32460,S100XXPI,15514722000.0,6755927000.0,66000.0,2026-09-06
37650,S100XXTG,120875000000.0,21929000000.0,,2026-09-06
37270,S100XXPK,714345000.0,595003000.0,39535000.0,2026-09-06
96210,S100XXFD,56967000000.0,26019000000.0,5029000000.0,2026-09-06
81790,S100XX3T,36154000000.0,77263000000.0,8817000000.0,2026-09-06
55420,S100XWUB,6323375000.0,2185373000.0,75398000.0,2026-09-06
48200,S100XUIK,18349000000.0,11050000000.0,906000000.0,2026-09-06
93390,S100XVLX,3660310000.0,1279827000.0,34800000.0,2026-09-06
82020,S100XVC0,33206000000.0,21070000000.0,295000000.0,2026-09-06
97040,S100XSK1,5382835000.0,14006261000.0,119750000.0,2026-09-06
59570,S100XVV3,36504856000.0,17012625000.0,759917000.0,2026-09-06
36630,S100XVIW,6051898000.0,2891738000.0,663486000.0,2026-09-06
62320,S100XVUY,3877782000.0,4368654000.0,197577000.0,2026-09-06
52400,S100XVWV,1799109000.0,314868000.0,,2026-09-06
42610,S100XVLI,2218522000.0,1075672000.0,,2026-09-06
43310,S100XVY3,14515000000.0,35029000000.0,15000000.0,2026-09-06
60310,S100XVUK,1799249000.0,1921789000.0,14317000.0,2026-09-06
49350,S100XVNJ,4803732000.0,4864563000.0,,2026-09-06
44380,S100XVVP,973295000.0,328903000.0,30000000.0,2026-09-06
52550,S100XVZN,762131000.0,10833924000.0,2668186000.0,2026-09-06
67210,S100XW0L,1171393000.0,495372000.0,,2026-09-06
153A0,S100XV0K,1827983000.0,708520000.0,,2026-09-06
61410,S100XUMY,151243000000.0,318973000000.0,1916000000.0,2026-09-06
40560,S100XV3Y,1509907000.0,2362537000.0,157215000.0,2026-09-06
68700,S100XU9W,13842316000.0,5936754000.0,2883727000.0,2026-09-06
80400,S100XV8N,8524874000.0,4137653000.0,1563397000.0,2026-09-06
41680,S100XVB7,3283811000.0,1775250000.0,499097000.0,2026-09-06
48910,S100XVBS,3029096000.0,216781000.0,,2026-09-06
21690,S100XULK,8302755000.0,2488105000.0,133255000.0,2026-09-06
59650,S100XV4T,24771395000.0,21100212000.0,3552057000.0,2026-09-06
77930,S100XVC1,1871941000.0,1214399000.0,,2026-09-06
21730,S100XV33,6494522000.0,4541222000.0,1792000.0,2026-09-06
23250,S100XV5A,25463531000.0,4931033000.0,2111273000.0,2026-09-06
70390,S100XV70,4614940000.0,1590782000.0,343156000.0,2026-09-06
37190,S100XV8F,2157525000.0,1155364000.0,23701000.0,2026-09-06
41700,S100XSOQ,3677165000.0,1461026000.0,94539000.0,2026-09-06
55970,S100XVG3,1235658000.0,709472000.0,,2026-09-06
67480,S100XVH2,20914854000.0,13107892000.0,3232511000.0,2026-09-06
58160,S100XV82,28121092000.0,13293375000.0,1884895000.0,2026-09-06
519A0,S100XVIQ,913345000.0,661509000.0,0.0,2026-09-06
68350,S100XVFP,35420151000.0,27034896000.0,1892000.0,2026-09-06
99730,S100XVJC,3492437000.0,5870693000.0,16010000.0,2026-09-06
94160,S100XV85,19232446000.0,7370866000.0,115026000.0,2026-09-06
64250,S100XVDD,78856000000.0,263064000000.0,10250000000.0,2026-09-06
27210,S100XUOH,185120000.0,281689000.0,,2026-09-06
65370,S100XVE0,2367000000.0,2263000000.0,1000000.0,2026-09-06
92130,S100XTQ4,1315716000.0,663128000.0,18327000.0,2026-09-06
27880,S100XVCR,17454791000.0,9580877000.0,1267002000.0,2026-09-06
44200,S100XV6D,5730165000.0,1999816000.0,690630000.0,2026-09-06
49920,S100XVAV,40686000000.0,19124000000.0,12259000000.0,2026-09-06
472A0,S100XUI4,3425209000.0,1660699000.0,,2026-09-06
92140,S100XV6A,1195884000.0,573557000.0,,2026-09-06
92110,S100XVKK,5971860000.0,8050168000.0,,2026-09-06
92180,S100XVL7,1808977000.0,3353490000.0,10026000.0,2026-09-06
61770,S100XVHM,933517000.0,307676000.0,,2026-09-06
319A0,S100XV9V,8799000000.0,11414000000.0,296000000.0,2026-09-06
29320,S100XVLJ,11064000000.0,10899000000.0,118000000.0,2026-09-06
69770,S100XUGC,5624775000.0,5831142000.0,308521000.0,2026-09-06
55880,S100XUQ2,2129822000.0,1184792000.0,,2026-09-06
76090,S100XUE0,65204907000.0,40149751000.0,2190980000.0,2026-09-06
47460,S100XUNZ,7431595000.0,9395888000.0,35175676000.0,2026-09-06
56160,S100XU04,941318000.0,696966000.0,15000000.0,2026-09-06
16630,S100XUMN,49178000000.0,20040000000.0,15837000000.0,2026-09-06
43740,S100XUUD,6015823000.0,5461248000.0,188480000.0,2026-09-06
41070,S100XT8H,28085000000.0,9681000000.0,,2026-09-06
286A0,S100XUVY,24138928000.0,41197157000.0,434163000.0,2026-09-06
14290,S100XUQB,18819894000.0,13525927000.0,3380000.0,2026-09-06
59970,S100XUIL,9650043000.0,6433217000.0,781016000.0,2026-09-06
40110,S100XUSL,1459812000.0,527793000.0,95042000.0,2026-09-06
64970,S100XUXN,12410805000.0,5589058000.0,3639251000.0,2026-09-06
60630,S100XUYQ,3574324000.0,2004449000.0,,2026-09-06
36960,S100XU6S,23850185000.0,20254903000.0,1143278000.0,2026-09-06
62650,S100XUYZ,3657154000.0,390986000.0,579744000.0,2026-09-06
40600,S100XUZC,2390493000.0,1400953000.0,21525000.0,2026-09-06
77160,S100XU9P,84886057000.0,37100181000.0,5847139000.0,2026-09-06
64440,S100XUJB,100636000000.0,151877000000.0,22642000000.0,2026-09-06
97570,S100XUVD,17756843000.0,6449436000.0,2264909000.0,2026-09-06
40200,S100XUPN,807959000.0,111770000.0,,2026-09-06
27520,S100XV0N,15328000000.0,17732000000.0,343000000.0,2026-09-06
61430,S100XUQM,101522000000.0,60566000000.0,6657000000.0,2026-09-06
79570,S100XUTV,8180107000.0,5876661000.0,1265449000.0,2026-09-06
77820,S100XUH3,4615209000.0,2799092000.0,,2026-09-06
334A0,S100XV29,879835000.0,325029000.0,,2026-09-06
30540,S100XUT2,6768434000.0,4542898000.0,44291000.0,2026-09-06
44760,S100XUJV,2131212000.0,681112000.0,74498000.0,2026-09-06
43750,S100XUXF,10246326000.0,2454920000.0,567842000.0,2026-09-06
48110,S100XUWD,3954790000.0,2421120000.0,,2026-09-06
76130,S100XUJ0,156211000000.0,116451000000.0,2427000000.0,2026-09-06
43790,S100XV3D,1869462000.0,1278243000.0,47918000.0,2026-09-06
34740,S100XUW1,2081921000.0,2901560000.0,5438000.0,2026-09-06
45960,S100XUHX,1375179000.0,79797000.0,,2026-09-06
62910,S100XUPZ,11865846000.0,4211097000.0,516895000.0,2026-09-06
34160,S100XUME,2510960000.0,1449996000.0,8087000.0,2026-09-06
47760,S100XUKS,11933000000.0,9454000000.0,2261000000.0,2026-09-06
43920,S100XUAL,10710000000.0,7722000000.0,829000000.0,2026-09-06
37580,S100XUMZ,16020000000.0,11682000000.0,923000000.0,2026-09-06
39810,S100XUQE,8579904000.0,9808044000.0,,2026-09-06
42640,S100XTNP,2942262000.0,2502212000.0,209923000.0,2026-09-06
95610,S100XV2A,1921483000.0,1456522000.0,81676000.0,2026-09-06
39280,S100XRSE,3927392000.0,3323031000.0,245759000.0,2026-09-06
92710,S100XUPT,841050000.0,707110000.0,,2026-09-06
45830,S100XUJT,2337672000.0,548553000.0,,2026-09-06
39980,S100XUP0,1446639000.0,373674000.0,,2026-09-06
51010,S100XV3S,309982000000.0,594792000000.0,23828000000.0,2026-09-06
70930,S100XV2Z,1145470000.0,988313000.0,,2026-09-06
96120,S100XUUG,16887000000.0,16177000000.0,377000000.0,2026-09-06
43770,S100XUP3,6565463000.0,2469295000.0,166991000.0,2026-09-06
39760,S100XV3B,1376156000.0,2222025000.0,,2026-09-06
37770,S100XV28,3167899000.0,309449000.0,,2026-09-06
79860,S100XV0H,2808132000.0,1851659000.0,215922000.0,2026-09-06
38070,S100XV4F,384580000.0,1544241000.0,1337683000.0,2026-09-06
55370,S100XV4H,2218132000.0,1736220000.0,,2026-09-06
47660,S100XUYO,1094661000.0,871686000.0,,2026-09-06
92460,S100XUQY,3683060000.0,3298525000.0,18050000.0,2026-09-06
43710,S100XUXC,5828151000.0,3814232000.0,196091000.0,2026-09-06
22150,S100XV32,8131000000.0,7727000000.0,16000000.0,2026-09-06
48920,S100XV4M,3240117000.0,975595000.0,,2026-09-06
93990,S100XV05,10354000.0,4761000.0,,2026-09-06
32410,S100XUX4,9662000000.0,10371000000.0,,2026-09-06
70440,S100XTO4,3590437000.0,3760930000.0,267704000.0,2026-09-06
44870,S100XUYI,2150356000.0,1767795000.0,5100000.0,2026-09-06
56180,S100XV5Y,2340582000.0,2321615000.0,,2026-09-06
43510,S100XU23,5969557000.0,3336203000.0,370028000.0,2026-09-06
44490,S100XUO8,30988000000.0,33332000000.0,3844000000.0,2026-09-06
42860,S100XUVG,9172482000.0,6916260000.0,29988000.0,2026-09-06
65730,S100XURW,483964000.0,214635000.0,20191000.0,2026-09-06
36710,S100XURZ,5640442000.0,4017898000.0,45848000.0,2026-09-06
21600,S100XV4B,2200000000.0,15856000000.0,24000000.0,2026-09-06
44800,S100XUX3,25337000000.0,24981000000.0,392000000.0,2026-09-06
56190,S100XU72,2106396000.0,234452000.0,60034000.0,2026-09-06
96560,S100XSM3,848491000.0,8832438000.0,341241000.0,2026-09-06
62230,S100XTV5,30710000000.0,12837000000.0,501000000.0,2026-09-06
74250,S100XT3I,15501938000.0,11279453000.0,180599000.0,2026-09-06
45950,S100XTF0,17998000000.0,3375000000.0,8000000.0,2026-09-06
52140,S100XU17,285495000000.0,207604000000.0,43132000000.0,2026-09-06
22160,S100XTWS,17001403000.0,14622107000.0,160400000.0,2026-09-06
65240,S100XT3K,18331000000.0,5254000000.0,856000000.0,2026-09-06
63020,S100XT1R,784495000000.0,613824000000.0,21417000000.0,2026-09-06
31960,S100XU8Z,11926138000.0,15975974000.0,376061000.0,2026-09-06
48480,S100XTTU,27468000000.0,12599000000.0,2740000000.0,2026-09-06
78460,S100XU5I,108294000000.0,35122000000.0,8937000000.0,2026-09-06
35660,S100XTR8,3285948000.0,1588242000.0,5000000.0,2026-09-06
97680,S100XTWL,17261143000.0,8726737000.0,1802699000.0,2026-09-06
60540,S100XSWS,4765858000.0,734533000.0,66166000.0,2026-09-06
24910,S100XU5J,17642000000.0,6731000000.0,727000000.0,2026-09-06
63760,S100XU3R,92100000000.0,111921000000.0,16700000000.0,2026-09-06
32040,S100XTN7,11200000000.0,21415000000.0,2367000000.0,2026-09-06
45780,S100XUA7,285790000000.0,309568000000.0,11689000000.0,2026-09-06
20090,S100XTAP,23541258000.0,9459888000.0,11210321000.0,2026-09-06
59500,S100XS9S,4477924000.0,3481678000.0,176791000.0,2026-09-06
77400,S100XUB4,72310000000.0,19850000000.0,6699000000.0,2026-09-06
19940,S100XUAO,8691787000.0,3104154000.0,222031000.0,2026-09-06
65610,S100XU2F,4653964000.0,7257837000.0,,2026-09-06
52420,S100XU39,822722000.0,287777000.0,,2026-09-06
66300,S100XSSJ,25640000000.0,3539000000.0,1153000000.0,2026-09-06
60990,S100XU87,16872798000.0,9200795000.0,1803774000.0,2026-09-06
34360,S100XRR5,435143000000.0,515447000000.0,2453000000.0,2026-09-06
51050,S100XTYE,373782000000.0,250113000000.0,6710000000.0,2026-09-06
45720,S100XSFK,2737717000.0,296760000.0,11440000.0,2026-09-06
66350,S100XUDS,23673193000.0,21540208000.0,896929000.0,2026-09-06
97020,S100XU2G,16257000000.0,6437000000.0,545000000.0,2026-09-06
31380,S100XUDW,5112032000.0,3368798000.0,38294000.0,2026-09-06
29860,S100XUF0,63141140000.0,53116249000.0,655808000.0,2026-09-06
39470,S100XT1X,27504632000.0,30673581000.0,21481996000.0,2026-09-06
39040,S100XU3X,8949749000.0,6847750000.0,638757000.0,2026-09-06
62690,S100XU6C,251881000000.0,285916000000.0,,2026-09-06
49120,S100XU1E,147772000000.0,117178000000.0,18894000000.0,2026-09-06
64590,S100XU5A,69259838000.0,25282321000.0,546569000.0,2026-09-06
52160,S100XU8N,1358094000.0,912484000.0,1371000.0,2026-09-06
30010,S100XTK8,58437000000.0,51054000000.0,32887000000.0,2026-09-06
73590,S100XU1Y,1689480000.0,2986278000.0,259170000.0,2026-09-06
78330,S100XT95,5608895000.0,1303418000.0,2754000.0,2026-09-06
66940,S100XTUG,14965019000.0,11466020000.0,1390000.0,2026-09-06
42350,S100XU4V,7049000000.0,9948000000.0,,2026-09-06
44820,S100XUGF,3330415000.0,2124130000.0,30000000.0,2026-09-06
149A0,S100XUGX,1105847000.0,250944000.0,,2026-09-06
73620,S100XU5X,1761128000.0,3494933000.0,,2026-09-06
44500,S100XU6D,4110393000.0,2409136000.0,387745000.0,2026-09-06
37750,S100XUBY,2173021000.0,1075742000.0,,2026-09-06
47040,S100XUHN,307829000000.0,280870000000.0,4520000000.0,2026-09-06
76250,S100XTRA,2043295000.0,4900291000.0,43389000.0,2026-09-06
25730,S100XRTE,23653000000.0,9797000000.0,693000000.0,2026-09-06
47680,S100XU0X,568843000000.0,298656000000.0,22815000000.0,2026-09-06
146A0,S100XUIC,40764000000.0,40085000000.0,7000000.0,2026-09-06
31970,S100XUBI,33797000000.0,151208000000.0,162000000.0,2026-09-06
67690,S100XTHX,9557642000.0,736963000.0,415890000.0,2026-09-06
24990,S100XTS2,9041452000.0,5709167000.0,450000.0,2026-09-06
51870,S100XUEF,13940381000.0,4296996000.0,619533000.0,2026-09-06
50350,S100XU4M,3108447000.0,1831751000.0,,2026-09-06
64000,S100XUJ9,4783059000.0,5925181000.0,212882000.0,2026-09-06
71280,S100XU07,86599000000.0,47448000000.0,3116000000.0,2026-09-06
79840,S100XUE1,252884000000.0,98896000000.0,22362000000.0,2026-09-06
34490,S100XU8H,16484447000.0,12532244000.0,431274000.0,2026-09-06
46120,S100XU2S,116368000000.0,775898000000.0,7940000000.0,2026-09-06
77760,S100XUKD,2312219000.0,269880000.0,20536000.0,2026-09-06
16050,S100XU9L,369604000000.0,792391000000.0,26545000000.0,2026-09-06
55630,S100XUK7,53971000000.0,28522000000.0,12255000000.0,2026-09-06
46420,S100XU33,7263264000.0,4058340000.0,902639000.0,2026-09-06
59430,S100XUKL,126267000000.0,86828000000.0,35952000000.0,2026-09-06
98270,S100XUAQ,16506251000.0,12009745000.0,318303000.0,2026-09-06
34820,S100XUBZ,105933000000.0,81761000000.0,266000000.0,2026-09-06
59590,S100XUL3,48824000000.0,27452000000.0,8344000000.0,2026-09-06
47550,S100XTNW,2257489000000.0,3685911000000.0,78225000000.0,2026-09-06
219A0,S100XUL5,6403814000.0,444344000.0,,2026-09-06
93450,S100XUK8,1812114000.0,939998000.0,,2026-09-06
34520,S100XTWZ,48171000000.0,39230000000.0,,2026-09-06
50390,S100XU41,921383000.0,186217000.0,,2026-09-06
73540,S100XUHI,3016304000.0,8663790000.0,410417000.0,2026-09-06
39110,S100XU6G,6756540000.0,2089957000.0,,2026-09-06
24360,S100XUFT,4745510000.0,1921034000.0,116194000.0,2026-09-06
34450,S100XUA2,124894000000.0,46598000000.0,8416000000.0,2026-09-06
50270,S100XUHG,2829000000.0,3001000000.0,,2026-09-06
60710,S100XUID,8918600000.0,9495349000.0,1604165000.0,2026-09-06
41800,S100XTNG,223000000.0,1537000000.0,,2026-09-06
66530,S100XU9B,20060000000.0,14448000000.0,4131000000.0,2026-09-06
21240,S100XU6Z,22349000000.0,7917000000.0,0.0,2026-09-06
55910,S100XULB,804714000.0,680903000.0,,2026-09-06
39680,S100XTVB,10795910000.0,10440081000.0,235409000.0,2026-09-06
36830,S100XU98,6665000000.0,5411000000.0,14000000.0,2026-09-06
30530,S100XULF,3493000000.0,2489000000.0,20000000.0,2026-09-06
148A0,S100XS1R,2102846000.0,1653435000.0,29500000.0,2026-09-06
36800,S100XTX2,2739930000.0,1292603000.0,339241000.0,2026-09-06
44280,S100XUCN,976318000.0,400036000.0,99180000.0,2026-09-06
40190,S100XTWU,1323302000.0,819964000.0,33151000.0,2026-09-06
69140,S100XU36,58025000000.0,22766000000.0,1264000000.0,2026-09-06
31050,S100XT05,371117000000.0,382327000000.0,69917000000.0,2026-09-06
60290,S100XU1F,2734438000.0,2677684000.0,696650000.0,2026-09-06
32760,S100XTQS,11833025000.0,9400285000.0,1099000.0,2026-09-06
36560,S100XU7P,4400462000.0,5412681000.0,2031273000.0,2026-09-06
281A0,S100XTSK,1126106000.0,720593000.0,,2026-09-06
23300,S100XTKS,3256967000.0,1065368000.0,176469000.0,2026-09-06
40740,S100XUN1,3492721000.0,2407476000.0,712643000.0,2026-09-06
504A0,S100XUN8,2316952000.0,4790614000.0,,2026-09-06
44810,S100XUKI,15901863000.0,4158591000.0,1084471000.0,2026-09-06
65920,S100XUAX,238478000000.0,35366000000.0,12415000000.0,2026-09-06
58190,S100XULV,16497597000.0,1660983000.0,735499000.0,2026-09-06
73470,S100XQHE,20250164000.0,2157083000.0,272461000.0,2026-09-06
53010,S100XU85,270566000000.0,318777000000.0,33307000000.0,2026-09-06
290A0,S100XUO9,16253228000.0,8322395000.0,,2026-09-06
42450,S100XU1D,20506000000.0,27392000000.0,1347000000.0,2026-09-06
52570,S100XT6D,2189405000.0,1496493000.0,362099000.0,2026-09-06
36670,S100XTDL,1488477000.0,871333000.0,40659000.0,2026-09-06
40250,S100XS6V,27274000000.0,20443000000.0,13649000000.0,2026-09-06
44520,S100XT6G,415670000000.0,565005000000.0,7454000000.0,2026-09-06
77390,S100XSYM,72656000000.0,20150000000.0,2468000000.0,2026-09-06
47220,S100XTFP,50787000000.0,36559000000.0,13048000000.0,2026-09-06
49670,S100XSXS,144468000000.0,51896000000.0,24617000000.0,2026-09-06
97550,S100XTJV,76466000000.0,28078000000.0,5451000000.0,2026-09-06
18970,S100XT0W,12078000000.0,3025000000.0,7542000000.0,2026-09-06
45880,S100XTMG,3098244000.0,446649000.0,,2026-09-06
45630,S100XTMQ,3542608000.0,2512007000.0,441804000.0,2026-09-06
75310,S100XSS6,26505841000.0,21519465000.0,1752950000.0,2026-09-06
72280,S100XSX2,8436484000.0,2298883000.0,,2026-09-06
58680,S100XSJ5,3442592000.0,1591277000.0,48379000.0,2026-09-06
21930,S100XTNM,8210116000.0,753089000.0,11365000.0,2026-09-06
95430,S100XTDX,77533000000.0,44683000000.0,21513000000.0,2026-09-06
39480,S100XSVY,5260735000.0,1763334000.0,1227487000.0,2026-09-06
36490,S100XTNK,3582463000.0,1076912000.0,2315050000.0,2026-09-06
36640,S100XTGV,1167366000.0,1868455000.0,17159000.0,2026-09-06
53100,S100XTP9,64112000000.0,18985000000.0,533000000.0,2026-09-06
81650,S100XRKS,13829000000.0,12337000000.0,1096000000.0,2026-09-06
32610,S100XTGC,4404549000.0,1754306000.0,65000.0,2026-09-06
17180,S100XTPB,15506712000.0,14683710000.0,770584000.0,2026-09-06
68710,S100XTD8,44537000000.0,30344000000.0,1886000000.0,2026-09-06
24610,S100XRYY,20785954000.0,5297200000.0,1140546000.0,2026-09-06
41710,S100XTHD,3067076000.0,695292000.0,,2026-09-06
261A0,S100XTPW,18760392000.0,8619373000.0,598489000.0,2026-09-06
49270,S100XSDL,106120000000.0,35404000000.0,15407000000.0,2026-09-06
94410,S100XT5G,41680688000.0,16496775000.0,4076371000.0,2026-09-06
24180,S100XTC0,26315000000.0,77680000000.0,4673000000.0,2026-09-06
43720,S100XS86,2969032000.0,588379000.0,,2026-09-06
68530,S100XSGM,16513019000.0,5941905000.0,1711584000.0,2026-09-06
27000,S100XSQ8,30229571000.0,24609791000.0,4179155000.0,2026-09-06
46410,S100XTGN,21644285000.0,9333755000.0,952609000.0,2026-09-06
78410,S100XTH1,17166328000.0,4280095000.0,791004000.0,2026-09-06
58510,S100XT40,161058000000.0,156209000000.0,19206000000.0,2026-09-06
47720,S100XTT0,12778529000.0,6622284000.0,1385827000.0,2026-09-06
18990,S100XT0V,105433000000.0,57406000000.0,6609000000.0,2026-09-06
40040,S100XTT8,523861000000.0,1200929000000.0,,2026-09-06
39400,S100XTIP,3480335000.0,450350000.0,,2026-09-06
17240,S100XT97,7544000000.0,5206000000.0,529000000.0,2026-09-06
50100,S100XTUB,14669000000.0,24051000000.0,313000000.0,2026-09-06
40450,S100XTI8,122750000000.0,64352000000.0,34023000000.0,2026-09-06
76850,S100XTBY,23820676000.0,33882220000.0,25180000.0,2026-09-06
53020,S100XT3M,46319000000.0,21529000000.0,10431000000.0,2026-09-06
62350,S100XTSL,54571573000.0,22437922000.0,430562000.0,2026-09-06
53370,S100XSWN,3779000000.0,2310000000.0,4296000000.0,2026-09-06
48830,S100XSHO,3617079000.0,143471000.0,,2026-09-06
41890,S100XT28,69366000000.0,59542000000.0,7370000000.0,2026-09-06
96720,S100XTJA,23889771000.0,31263750000.0,2258269000.0,2026-09-06
26930,S100XSLT,7593671000.0,3595480000.0,353010000.0,2026-09-06
42840,S100XRPQ,8131225000.0,3764367000.0,1068385000.0,2026-09-06
40530,S100XTX9,12235000000.0,3682000000.0,675000000.0,2026-09-06
79630,S100XTH9,10017998000.0,7830577000.0,186454000.0,2026-09-06
69290,S100XTCV,45772000000.0,6099000000.0,1779000000.0,2026-09-06
78140,S100XTTY,34857000000.0,59111000000.0,5745000000.0,2026-09-06
25010,S100XTM0,36924000000.0,215143000000.0,4391000000.0,2026-09-06
33550,S100XTG9,43760628000.0,25658345000.0,7893602000.0,2026-09-06
22660,S100XSYQ,32065807000.0,27616638000.0,3828685000.0,2026-09-06
248A0,S100XTN4,2429502000.0,447860000.0,,2026-09-06
29700,S100XTGG,16096000000.0,14712000000.0,,2026-09-06
55900,S100XTGZ,34606786000.0,28632837000.0,325995000.0,2026-09-06
77510,S100XTLJ,736777000000.0,1310601000000.0,10885000000.0,2026-09-06
64650,S100XSOT,390307000000.0,164823000000.0,11272000000.0,2026-09-06
431A0,S100XTYS,3870963000.0,2283325000.0,,2026-09-06
44930,S100XTY6,2212246000.0,1310076000.0,,2026-09-06
73580,S100XTK0,12515000000.0,8208000000.0,,2026-09-06
76750,S100XQSG,100160000000.0,89823000000.0,9616000000.0,2026-09-06
70610,S100XTMW,3787112000.0,14863927000.0,,2026-09-06
479A0,S100XTAR,1561061000.0,1108291000.0,,2026-09-06
155A0,S100XTWQ,2983468000.0,2332977000.0,298040000.0,2026-09-06
52410,S100XTGF,1167833000.0,650887000.0,16174000.0,2026-09-06
65400,S100XTA7,20972813000.0,9696131000.0,265486000.0,2026-09-06
69150,S100XT6S,34283000000.0,9733000000.0,2996000000.0,2026-09-06
91470,S100XTG8,56832000000.0,238299000000.0,36943000000.0,2026-09-06
42550,S100XTKE,2236020000.0,2316497000.0,,2026-09-06
63100,S100XTT5,105618000000.0,134294000000.0,9864000000.0,2026-09-06
42930,S100XT7F,15021825000.0,3165133000.0,4701920000.0,2026-09-06
265A0,S100XTZB,1835881000.0,178149000.0,,2026-09-06
45190,S100XTBJ,1575628000000.0,250194000000.0,13392000000.0,2026-09-06
30640,S100XSYP,94116000000.0,40761000000.0,1500000000.0,2026-09-06
70810,S100XTYD,8241991000.0,7241597000.0,263829000.0,2026-09-06
480A0,S100XT4I,1550005000.0,971950000.0,115000.0,2026-09-06
65330,S100XTR2,840430000.0,3236627000.0,,2026-09-06
70820,S100XTWJ,1543351000.0,379624000.0,2369000.0,2026-09-06
478A0,S100XU0K,418415000.0,163293000.0,,2026-09-06
34860,S100XU06,34043112000.0,24796642000.0,424400000.0,2026-09-06
41660,S100XTRE,863362000.0,193103000.0,66981000.0,2026-09-06
62680,S100XTOY,108575000000.0,100564000000.0,5194000000.0,2026-09-06
71120,S100XTL6,3882309000.0,809180000.0,,2026-09-06
58710,S100XSRF,12567000000.0,3970000000.0,419000000.0,2026-09-06
64640,S100XTLM,28650000000.0,138086000000.0,183000000.0,2026-09-06
45650,S100XTYN,16999000000.0,68072000000.0,,2026-09-06
48400,S100XU05,3809279000.0,446120000.0,36547000.0,2026-09-06
95390,S100XTA9,35768000000.0,69374000000.0,31078000000.0,2026-09-06
37440,S100XTY8,7175721000.0,6547913000.0,427662000.0,2026-09-06
47250,S100XSXA,25095000000.0,17019000000.0,21820000000.0,2026-09-06
95630,S100XU0E,1913187000.0,283288000.0,,2026-09-06
66120,S100XTCP,5532000000.0,1832000000.0,,2026-09-06
14490,S100XT84,318088000.0,473731000.0,,2026-09-06
30910,S100XT8X,9893000000.0,4446000000.0,168000000.0,2026-09-06
377A0,S100XU0T,4447831000.0,4241372000.0,460000.0,2026-09-06
66270,S100XTOJ,25058988000.0,21433324000.0,,2026-09-06
50150,S100XT5L,11871221000.0,3431439000.0,65955000.0,2026-09-06
72440,S100XTYP,66512000000.0,59138000000.0,3474000000.0,2026-09-06
34050,S100XSSZ,565262000000.0,509448000000.0,29890000000.0,2026-09-06
39500,S100XU2H,60043000000.0,28806000000.0,8058000000.0,2026-09-06
43440,S100XSUV,11342672000.0,7854946000.0,2152084000.0,2026-09-06
94190,S100XSUO,3044716000.0,2815533000.0,42358000.0,2026-09-06
40720,S100XSJW,53876000000.0,39452000000.0,2355000000.0,2026-09-06
21700,S100XSV5,4477000000.0,15482000000.0,498000000.0,2026-09-06
89140,S100XSP5,22558058000.0,29149738000.0,36591000.0,2026-09-06
71150,S100XT1E,15925901000.0,12309522000.0,,2026-09-06
22120,S100XQ5C,341404000000.0,404618000000.0,76726000000.0,2026-09-06
48960,S100XSVP,2348139000.0,94760000.0,,2026-09-06
39130,S100XT1W,1229486000.0,113777000.0,13500000.0,2026-09-06
175A0,S100XT2X,481911000.0,246704000.0,,2026-09-06
61490,S100XSNC,21654620000.0,11467648000.0,501741000.0,2026-09-06
30400,S100XRPJ,20897000000.0,11002000000.0,56000000.0,2026-09-06
49790,S100XSHI,20669000000.0,17559000000.0,484000000.0,2026-09-06
23110,S100XSPG,3105475000.0,1176988000.0,291390000.0,2026-09-06
32990,S100XT1L,83725000000.0,55426000000.0,0.0,2026-09-06
45970,S100XT68,1249000000.0,321000000.0,,2026-09-06
52010,S100XSTU,369567000000.0,648003000000.0,25974000000.0,2026-09-06
80600,S100XS8C,332185000000.0,140889000000.0,17771000000.0,2026-09-06
32770,S100XSVW,30633436000.0,20348707000.0,100030000.0,2026-09-06
44040,S100XSY8,33763000000.0,41639000000.0,10356000000.0,2026-09-06
51100,S100XT7A,422461000000.0,486813000000.0,16252000000.0,2026-09-06
73140,S100XT5I,8647680000.0,5712164000.0,211251000.0,2026-09-06
40580,S100XS1A,4405000000.0,1606000000.0,,2026-09-06
21950,S100XRZ8,3853197000.0,3861065000.0,449552000.0,2026-09-06
14350,S100XSYD,9823637000.0,3922974000.0,1038034000.0,2026-09-06
268A0,S100XTB1,2470000000.0,57237000000.0,,2026-09-06
262A0,S100XT2Q,27948000000.0,11783000000.0,,2026-09-06
24890,S100XSXU,18379481000.0,8999448000.0,2779210000.0,2026-09-06
421A0,S100XSRL,2120594000.0,591802000.0,2000000.0,2026-09-06
96220,S100XT9C,27680426000.0,8263930000.0,927262000.0,2026-09-06
298A0,S100XSCJ,681552000.0,695290000.0,,2026-09-06
57040,S100XSBE,1535808000.0,1799646000.0,,2026-09-06
47120,S100XSVU,1537457000.0,4483721000.0,11326000.0,2026-09-06
73530,S100XSRQ,3837219000.0,3063030000.0,27758000.0,2026-09-06
43560,S100XSUL,6546219000.0,1616987000.0,200000.0,2026-09-06
50280,S100XSMG,864787000.0,300633000.0,67440000.0,2026-09-06
63830,S100XT4W,531584000000.0,290282000000.0,13484000000.0,2026-09-06
49220,S100XSUW,240336000000.0,94516000000.0,16750000000.0,2026-09-06
97310,S100XT2K,11818000000.0,22207000000.0,2544000000.0,2026-09-06
45740,S100XSJ2,8761000000.0,4949000000.0,461000000.0,2026-09-06
45930,S100XTBP,3286000000.0,3259000000.0,102000000.0,2026-09-06
49850,S100XSLS,75073000000.0,60983000000.0,5440000000.0,2026-09-06
58910,S100XTBZ,4570051000.0,4519091000.0,,2026-09-06
70330,S100XT2O,5975465000.0,2204695000.0,,2026-09-06
66330,S100XRYC,3933577000.0,2816024000.0,320212000.0,2026-09-06
70430,S100XT2J,1367037000.0,716892000.0,11884000.0,2026-09-06
41920,S100XT30,3395612000.0,1565691000.0,,2026-09-06
55890,S100XTAQ,13423209000.0,6174543000.0,,2026-09-06
41860,S100XT0N,151770000000.0,68456000000.0,22146000000.0,2026-09-06
39140,S100XSVD,3392649000.0,1701859000.0,211773000.0,2026-09-06
62780,S100XSU7,41205000000.0,5726000000.0,10788000000.0,2026-09-06
85080,S100XSDT,37702000000.0,54507000000.0,2245000000.0,2026-09-06
62500,S100XSYR,113711000000.0,48425000000.0,3908000000.0,2026-09-06
60780,S100XT60,6978856000.0,11174769000.0,1077279000.0,2026-09-06
51390,S100XTDI,7047476000.0,783219000.0,,2026-09-06
36590,S100XSM4,121498000000.0,4016000000.0,814000000.0,2026-09-06
25970,S100XTDG,8616192000.0,7648591000.0,86637000.0,2026-09-06
89290,S100XTDE,15415000000.0,13464000000.0,2845000000.0,2026-09-06
41780,S100XS7T,1818162000.0,866395000.0,,2026-09-06
23840,S100XSXL,157861000000.0,204338000000.0,15689000000.0,2026-09-06
39020,S100XSN5,3111471000.0,1594566000.0,438348000.0,2026-09-06
45820,S100XNE5,4924231000.0,770772000.0,,2026-09-06
48810,S100XTDT,2646571000.0,563177000.0,29970000.0,2026-09-06
81130,S100XSEU,203454000000.0,104692000000.0,107787000000.0,2026-09-06
65600,S100XRW4,8281000000.0,6835000000.0,560000000.0,2026-09-06
79150,S100XS06,67848000000.0,80290000000.0,6417000000.0,2026-09-06
22110,S100XS9W,35406000000.0,27399000000.0,6858000000.0,2026-09-06
85940,S100XSCO,130219210000.0,146590042000.0,5745137000.0,2026-09-06
130A0,S100XSIT,2232073000.0,39410000.0,,2026-09-06
89960,S100XS94,11974990000.0,12739425000.0,47808000.0,2026-09-06
93430,S100XS2D,2846236000.0,1288359000.0,,2026-09-06
36730,S100XS43,7709188000.0,15089820000.0,550642000.0,2026-09-06
42480,S100XSML,11120390000.0,6540798000.0,7384000.0,2026-09-06
39010,S100XSGJ,6661368000.0,2136431000.0,567243000.0,2026-09-06
68560,S100XSIJ,336801000000.0,166911000000.0,16014000000.0,2026-09-06
25870,S100XSOA,313295000000.0,236550000000.0,,2026-09-06
24920,S100XSO1,7753297000.0,3762580000.0,437854000.0,2026-09-06
46310,S100XS2N,607506000000.0,805819000000.0,60085000000.0,2026-09-06
61710,S100XSOI,4027337000.0,2155767000.0,353829000.0,2026-09-06
48930,S100XSP4,4775376000.0,74675000.0,,2026-09-06
46330,S100XSP9,122761000000.0,102248000000.0,32833000000.0,2026-09-06
78490,S100XSPB,10615845000.0,2214370000.0,180375000.0,2026-09-06
64400,S100XSJU,105384000000.0,109985000000.0,5853000000.0,2026-09-06
56990,S100XSK6,3560515000.0,1802909000.0,438308000.0,2026-09-06
39640,S100XSDA,33537302000.0,17874413000.0,2491497000.0,2026-09-06
45790,S100XSQX,4538963000.0,4084972000.0,547053000.0,2026-09-06
45760,S100XS4G,1475382000.0,935574000.0,142806000.0,2026-09-06
97220,S100XS71,23703000000.0,68389000000.0,10472000000.0,2026-09-06
51260,S100XSOH,1157000000.0,307000000.0,,2026-09-06
44480,S100XSJP,4025718000.0,4515191000.0,184457000.0,2026-09-06
79760,S100XRVX,95205000000.0,46173000000.0,26130000000.0,2026-09-06
32520,S100XS0T,95431000000.0,70617000000.0,3199000000.0,2026-09-06
44770,S100XSMS,45252000000.0,32687000000.0,32000000.0,2026-09-06
62660,S100XS15,40731106000.0,24557961000.0,26271000.0,2026-09-06
49110,S100XSCU,204674000000.0,427877000000.0,3222000000.0,2026-09-06
471A0,S100XSQQ,159000000.0,12167000000.0,,2026-09-06
88040,S100XSKF,730727000000.0,1533702000000.0,139265000000.0,2026-09-06
29140,S100XSSA,480137000000.0,1088895000000.0,21707000000.0,2026-09-06
60340,S100XSR6,2192315000.0,949355000.0,1873033000.0,2026-09-06
49710,S100XRJV,19659058000.0,6141898000.0,1627553000.0,2026-09-06
42210,S100XSNI,55545000000.0,40938000000.0,10341000000.0,2026-09-06
44150,S100XSGS,6860637000.0,6743177000.0,,2026-09-06
63610,S100XS6E,360726000000.0,297059000000.0,2078000000.0,2026-09-06
50380,S100XSJZ,2526732000.0,661485000.0,,2026-09-06
94490,S100XSG3,174807000000.0,305901000000.0,33991000000.0,2026-09-06
29310,S100XSL3,30865000000.0,41142000000.0,748000000.0,2026-09-06
42510,S100XS6Z,18903150000.0,9052224000.0,147869000.0,2026-09-06
36230,S100XSRU,25559281000.0,22995562000.0,4000000.0,2026-09-06
70480,S100XSV4,7846681000.0,5696206000.0,9774000.0,2026-09-06
39440,S100XRPZ,9352430000.0,10410398000.0,4658476000.0,2026-09-06
58670,S100XS2Y,1798207000.0,710000000.0,127606000.0,2026-09-06
46340,S100XRLA,245282000000.0,199033000000.0,57610000000.0,2026-09-06
79560,S100XS40,73462000000.0,23701000000.0,553000000.0,2026-09-06
44860,S100XRU1,2739868000.0,1037623000.0,10000000.0,2026-09-06
36330,S100XS5R,9252820000.0,9029731000.0,664520000.0,2026-09-06
77440,S100XS3C,60721000000.0,39314000000.0,21640000000.0,2026-09-06
70800,S100XS6L,2258208000.0,944070000.0,,2026-09-06
37760,S100WZGB,10043816000.0,7802589000.0,2389939000.0,2026-09-06
70370,S100XRYQ,4438000000.0,8024000000.0,10000000.0,2026-09-06
67230,S100XR06,393035000000.0,2153143000000.0,3507000000.0,2026-09-06
25330,S100XRFQ,26175000000.0,31260000000.0,3654000000.0,2026-09-06
29820,S100XS5K,48701806000.0,41048749000.0,480502000.0,2026-09-06
244A0,S100XJ6M,1978913000.0,1625285000.0,418925000.0,2026-09-06
22060,S100XRXN,165424000000.0,105173000000.0,46694000000.0,2026-09-06
40130,S100XR7V,5226459000.0,3444016000.0,50987000.0,2026-09-06
45860,S100XS7V,2072735000.0,105601000.0,31191000.0,2026-09-06
58420,S100XOZ3,19016000000.0,5978000000.0,,2026-09-06
64980,S100XS6X,106377000000.0,62596000000.0,5512000000.0,2026-09-06
39830,S100XR9Z,11877144000.0,2817620000.0,,2026-09-06
91600,S100XSAX,3190551000.0,19247893000.0,,2026-09-06
27020,S100XS22,111677000000.0,84050000000.0,12056000000.0,2026-09-06
415A0,S100XS80,4585000000.0,1725000000.0,510000000.0,2026-09-06
25790,S100XR1L,49064000000.0,123274000000.0,,2026-09-06
40120,S100XS04,4225955000.0,1208994000.0,,2026-09-06
63950,S100XQP3,292387000000.0,214524000000.0,11435000000.0,2026-09-06
47840,S100XRMD,8660000000.0,5109000000.0,673000000.0,2026-09-06
98300,S100XRJW,137971000000.0,96294000000.0,2616000000.0,2026-09-06
59460,S100XRH4,32840000000.0,8009000000.0,85623000000.0,2026-09-06
33860,S100XRR0,7229000000.0,2167000000.0,3288000000.0,2026-09-06
93370,S100XQKR,3567677000.0,3351457000.0,,2026-09-06
48120,S100XRJK,119058000000.0,56137000000.0,3388000000.0,2026-09-06
51840,S100XRDM,51151000000.0,19120000000.0,3923000000.0,2026-09-06
36950,S100XRA9,2373228000.0,883407000.0,141696000.0,2026-09-06
37880,S100XREJ,11948489000.0,8539830000.0,302255000.0,2026-09-06
61800,S100XRSC,4772239000.0,3049947000.0,206459000.0,2026-09-06
30470,S100XRE0,4296553000.0,5128606000.0,58949000.0,2026-09-06
51080,S100XRPR,804967000000.0,565254000000.0,50646000000.0,2026-09-06
79720,S100XRIU,70624000000.0,71178000000.0,6548000000.0,2026-09-06
71720,S100XRRA,221643000000.0,177211000000.0,10443000000.0,2026-09-06
79890,S100XRWE,39563568000.0,10854049000.0,3626611000.0,2026-09-06
24290,S100XRUO,148625000000.0,126914000000.0,1437000000.0,2026-09-06
45870,S100XRP4,47790846000.0,34061679000.0,1345662000.0,2026-09-06
64810,S100XRWN,122793000000.0,124959000000.0,4923000000.0,2026-09-06
73090,S100XQSE,711461000000.0,75339000000.0,25892000000.0,2026-09-06
33020,S100XQYR,40257532000.0,16313913000.0,29767694000.0,2026-09-06
74220,S100XRD8,3858012000.0,1436481000.0,705039000.0,2026-09-06
66630,S100XRF9,2538830000.0,2012303000.0,338775000.0,2026-09-06
30030,S100XR5L,583864000000.0,2192591000000.0,420487000000.0,2026-09-06
410A0,S100XR0F,1605734000.0,1314472000.0,,2026-09-06
68170,S100XQT8,9026000000.0,20485000000.0,,2026-09-06
22680,S100XQHI,14548287000.0,12679862000.0,105045000.0,2026-09-06
63260,S100XR0M,770931000000.0,1044444000000.0,78584000000.0,2026-09-06
93380,S100XR70,10526374000.0,13560811000.0,,2026-09-06
68580,S100XR77,11323000000.0,5395000000.0,2102000000.0,2026-09-06
39120,S100XQ8M,3751165000.0,811078000.0,104552000.0,2026-09-06
28110,S100XQN0,102856000000.0,69086000000.0,11501000000.0,2026-09-06
65580,S100XQ1R,2788846000.0,2264285000.0,0.0,2026-09-06
41510,S100XPTY,482103000000.0,184879000000.0,4568000000.0,2026-09-06
24080,S100XPFN,5521602000.0,821148000.0,57420000.0,2026-09-06
63280,S100XPJL,31962000000.0,19535000000.0,6437000000.0,2026-09-06
79440,S100XNYW,57993000000.0,34903000000.0,724000000.0,2026-09-06
79360,S100XOKI,369143000000.0,284054000000.0,3513000000.0,2026-09-06
50740,S100XOS1,36022000000.0,77332000000.0,381000000.0,2026-09-06
53410,S100XNR4,1719517000.0,1464555000.0,5092000.0,2026-09-06
41970,S100XNPA,1989603000.0,934472000.0,41048000.0,2026-09-06
68660,S100XNNG,30471715000.0,8339390000.0,741604000.0,2026-09-06
280A0,S100XNNH,2484114000.0,1345881000.0,,2026-09-06
469A0,S100XO08,1062666000.0,1470427000.0,,2026-09-06
31920,S100XN0D,1996793000.0,3754093000.0,,2026-09-06
49950,S100XNCR,5375186000.0,4476695000.0,1012530000.0,2026-09-06
24930,S100XNBS,3925456000.0,1915179000.0,454043000.0,2026-09-06
72270,S100XNA6,16009737000.0,27753336000.0,3390579000.0,2026-09-06
92500,S100XNEI,1332592000.0,1508053000.0,,2026-09-06
75010,S100XMV5,3716831000.0,1010244000.0,593734000.0,2026-09-06
73880,S100XN8S,11369161000.0,6693055000.0,1007000.0,2026-09-06
39070,S100XNL3,1996000000.0,729000000.0,69000000.0,2026-09-06
418A0,S100XN60,265496000.0,185920000.0,,2026-09-06
96470,S100XMZO,5896451000.0,3423857000.0,111807000.0,2026-09-06
70740,S100XMWM,683349000.0,983593000.0,,2026-09-06
66640,S100XNIW,10836418000.0,8611594000.0,8000000.0,2026-09-06
32670,S100XMZE,6616406000.0,4515296000.0,15560000.0,2026-09-06
55270,S100XN0E,37892194000.0,33314839000.0,52604000.0,2026-09-06
228A0,S100XN26,1993565000.0,1215101000.0,,2026-09-06
93130,S100XN1B,2598855000.0,6687129000.0,1904744000.0,2026-09-06
43940,S100XN3A,1572021000.0,167692000.0,,2026-09-06
24710,S100XN00,14229000000.0,13582000000.0,11000000.0,2026-09-06
79970,S100XN3N,4138242000.0,3478725000.0,1313701000.0,2026-09-06
97200,S100XMSL,3110796000.0,4937290000.0,79675000.0,2026-09-06
30890,S100XN4S,2549700000.0,1058776000.0,100000000.0,2026-09-06
59420,S100XMRB,21441266000.0,19960294000.0,2866104000.0,2026-09-06
89230,S100XMC1,148443733000.0,162997715000.0,8610046000.0,2026-09-06
95580,S100XN61,4567585000.0,1952640000.0,20000000.0,2026-09-06
80950,S100XN2T,39141000000.0,39293000000.0,4137000000.0,2026-09-06
42500,S100XMWH,914004000.0,541753000.0,,2026-09-06
52430,S100XMWX,3671436000.0,2046987000.0,,2026-09-06
78790,S100XMYW,47180184000.0,35260132000.0,9302231000.0,2026-09-06
32660,S100XMVL,4909000000.0,2752000000.0,222000000.0,2026-09-06
70830,S100XMZ1,3568943000.0,4593319000.0,89177000.0,2026-09-06
52460,S100XMUN,3207262000.0,2307834000.0,176699000.0,2026-09-06
34540,S100XMR5,58651289000.0,64234480000.0,98771000.0,2026-09-06
30770,S100XN95,2163287000.0,2501306000.0,147923000.0,2026-09-06
46730,S100XN3U,6104629000.0,5233140000.0,615316000.0,2026-09-06
35470,S100XN24,3525917000.0,4861825000.0,,2026-09-06
52500,S100XN9A,1529985000.0,224047000.0,,2026-09-06
92150,S100XMVS,509348000.0,429387000.0,41038000.0,2026-09-06
66340,S100XN0W,2903001000.0,1609763000.0,795509000.0,2026-09-06
41870,S100XLS3,34287015000.0,13824737000.0,6197896000.0,2026-09-06
93690,S100XMO8,32365000000.0,75982000000.0,4107000000.0,2026-09-06
34910,S100XMV3,30999000000.0,28013000000.0,348000000.0,2026-09-06
62170,S100XMJD,19140000000.0,27404000000.0,349000000.0,2026-09-06
28090,S100XMJE,203727000000.0,130734000000.0,51178000000.0,2026-09-06
40160,S100XMVG,1841058000.0,1778770000.0,19057000.0,2026-09-06
31390,S100XMUD,75826000000.0,53853000000.0,1327000000.0,2026-09-06
98370,S100XMFU,32049501000.0,13200463000.0,6386750000.0,2026-09-06
64740,S100XMRN,170438000000.0,170091000000.0,27102000000.0,2026-09-06
73600,S100XMTU,818500000.0,202734000.0,102725000.0,2026-09-06
99720,S100XMNZ,12377930000.0,8328733000.0,232103000.0,2026-09-06
138A0,S100XMX3,1502113000.0,1161221000.0,,2026-09-06
60760,S100XMEJ,2974000000.0,13662000000.0,7000000.0,2026-09-06
32010,S100XLV8,97295000000.0,56205000000.0,26701000000.0,2026-09-06
46160,S100XMOI,5709253000.0,5244643000.0,1029993000.0,2026-09-06
43610,S100XLSD,6338634000.0,5649135000.0,55097000.0,2026-09-06
61360,S100XM3S,144453000000.0,77844000000.0,6351000000.0,2026-09-06
29750,S100XM43,99532958000.0,77261205000.0,1365173000.0,2026-09-06
39940,S100XM4Q,66330950000.0,61516148000.0,18759720000.0,2026-09-06
31860,S100XM1X,132457000000.0,149538000000.0,67000000.0,2026-09-06
79650,S100XL0K,84644000000.0,27464000000.0,9272000000.0,2026-09-06
98720,S100XM1D,25565000000.0,15333000000.0,553000000.0,2026-09-06
33770,S100XLTO,8742772000.0,5966629000.0,580481000.0,2026-09-06
27340,S100XL6L,89235000000.0,116662000000.0,10374000000.0,2026-09-06
94700,S100XKOH,63112000000.0,77061000000.0,17574000000.0,2026-09-06
97950,S100XJZ6,10157983000.0,2698040000.0,1165350000.0,2026-09-06
64890,S100XIGE,29341000000.0,13250000000.0,4171000000.0,2026-09-06
60490,S100XHX1,7389268000.0,416495000.0,1488936000.0,2026-09-06
34980,S100XIGX,67066000000.0,49809000000.0,2196000000.0,2026-09-06
442A0,S100XI7V,1757038000.0,1348180000.0,,2026-09-06
92370,S100XIJD,1006461000.0,564336000.0,,2026-09-06
88940,S100XI3C,33833862000.0,32573730000.0,786238000.0,2026-09-06
462A0,S100XI5B,4443856000.0,344431000.0,71000.0,2026-09-06
31950,S100XHU3,4299610000.0,2753436000.0,,2026-09-06
76400,S100XI4H,8748797000.0,14162591000.0,32254000.0,2026-09-06
52180,S100XHTP,39054666000.0,14278809000.0,7839288000.0,2026-09-06
212A0,S100XHWN,3771726000.0,2890926000.0,,2026-09-06
34190,S100XHYM,1168058000.0,831803000.0,16264000.0,2026-09-06
23150,S100XHQT,1646557000.0,765792000.0,621483000.0,2026-09-06
38040,S100XHGC,3077707000.0,2457676000.0,32544000.0,2026-09-06
78270,S100XHFP,6375531000.0,7052326000.0,188658000.0,2026-09-06
78560,S100XHSU,21948716000.0,13484294000.0,157235000.0,2026-09-06
63090,S100XHQ6,42239792000.0,13838457000.0,1522972000.0,2026-09-06
30380,S100XHUJ,161089000000.0,100618000000.0,424000000.0,2026-09-06
80790,S100XHU7,59147841000.0,35736536000.0,4489232000.0,2026-09-06
78040,S100XHVC,4235261000.0,885365000.0,,2026-09-06
95650,S100XHR6,748184000.0,525680000.0,,2026-09-06
98240,S100XHVV,79442000000.0,56856000000.0,3139000000.0,2026-09-06
91630,S100XGYG,2489679000.0,5732557000.0,,2026-09-06
92360,S100XHDT,688237000.0,67988000.0,500000.0,2026-09-06
23750,S100XHRP,5715588000.0,5715830000.0,45530000.0,2026-09-06
34750,S100XHS4,38285581000.0,25522984000.0,681884000.0,2026-09-06
48800,S100XHWF,5487599000.0,1007142000.0,110722000.0,2026-09-06
43780,S100XHNB,1071280000.0,324353000.0,,2026-09-06
46660,S100XHMO,111840000000.0,217557000000.0,,2026-09-06
13830,S100XHX5,2821698000.0,3557187000.0,24741000.0,2026-09-06
68380,S100XHR9,5480530000.0,5157805000.0,229627000.0,2026-09-06
36530,S100XHZH,3689842000.0,621770000.0,316231000.0,2026-09-06
23730,S100XHNL,12193725000.0,26940940000.0,1509769000.0,2026-09-06
49960,S100XH23,178355000000.0,122532000000.0,38691000000.0,2026-09-06
92790,S100XHK4,4368424000.0,8722123000.0,33295000.0,2026-09-06
79830,S100XHE6,10490484000.0,9299465000.0,4308756000.0,2026-09-06
73780,S100XHO2,2241910000.0,1487856000.0,,2026-09-06
92510,S100XHI8,435000000.0,7368000000.0,,2026-09-06
96030,S100XHDP,202316000000.0,349857000000.0,3302000000.0,2026-09-06
460A0,S100XHL0,862308000.0,729619000.0,,2026-09-06
70340,S100XHNU,12376764000.0,1791644000.0,205111000.0,2026-09-06
80770,S100XHJG,16654955000.0,20413904000.0,8225069000.0,2026-09-06
26950,S100XHP5,34307000000.0,66499000000.0,,2026-09-06
37330,S100XHCP,25126000000.0,8462000000.0,393000000.0,2026-09-06
72650,S100XH0G,4671334000.0,1626070000.0,401077000.0,2026-09-06
71310,S100XHE7,3140171000.0,2201470000.0,140350000.0,2026-09-06
46270,S100XH69,21490663000.0,6256824000.0,523074000.0,2026-09-06
18400,S100XHBD,16098216000.0,14263794000.0,790826000.0,2026-09-06
21980,S100XH65,7797077000.0,10081120000.0,17991000.0,2026-09-06
39740,S100XH0H,1578391000.0,992168000.0,63240000.0,2026-09-06
51340,S100XH5R,853248000.0,347195000.0,,2026-09-06
51320,S100XHEY,1171010000.0,285038000.0,3152000.0,2026-09-06
51360,S100XH92,10165949000.0,9886161000.0,,2026-09-06
34800,S100XHE2,19773070000.0,42076716000.0,1262525000.0,2026-09-06
44410,S100XH6J,3649311000.0,1914305000.0,19955000.0,2026-09-06
72790,S100XGCL,146659000000.0,85673000000.0,45612000000.0,2026-09-06
32480,S100XH8O,3370700000.0,9836929000.0,8497000.0,2026-09-06
23010,S100XGG2,8534419000.0,2261809000.0,4789717000.0,2026-09-06
89170,S100XH4J,45643533000.0,19623198000.0,200491000.0,2026-09-06
37260,S100XGUB,1949157000.0,1120170000.0,,2026-09-06
96780,S100XGOW,126675000000.0,173140000000.0,11450000000.0,2026-09-06
47070,S100XFRF,1532160000.0,2771380000.0,236146000.0,2026-09-06
32880,S100XF7K,1198602000000.0,746171000000.0,33371000000.0,2026-09-06
95520,S100XDNQ,2085815000.0,2080311000.0,,2026-09-06
242A0,S100XDDC,1578424000.0,555891000.0,,2026-09-06
69650,S100XDC2,239009000000.0,101623000000.0,4386000000.0,2026-09-06
67310,S100XCO8,578957000.0,418941000.0,87000.0,2026-09-06
41240,S100XDGQ,1126669000.0,213447000.0,,2026-09-06
35560,S100XCQX,4051214000.0,8117350000.0,104361000.0,2026-09-06
253A0,S100XCCN,6894089000.0,5824598000.0,22399000.0,2026-09-06
95530,S100XDI6,4925603000.0,4497207000.0,604685000.0,2026-09-06
23880,S100XDIK,1477324000.0,741878000.0,,2026-09-06
36740,S100XDE3,6805834000.0,3284732000.0,,2026-09-06
37100,S100XDG9,3776704000.0,873667000.0,402261000.0,2026-09-06
70300,S100XCTM,9806000000.0,10886000000.0,276000000.0,2026-09-06
44450,S100XDJI,2672887000.0,1850706000.0,516918000.0,2026-09-06
259A0,S100XDKZ,3267412000.0,3383504000.0,,2026-09-06
60250,S100XDM9,1670226000.0,1834803000.0,37570000.0,2026-09-06
92590,S100XCXG,4307602000.0,4884445000.0,28201000.0,2026-09-06
30670,S100XCZ1,1962792000.0,2688527000.0,,2026-09-06
17730,S100XC1A,,,,2026-09-06
21200,S100XD4M,15169000000.0,6977000000.0,227000000.0,2026-09-06
423A0,S100XCRL,16428000000.0,11850000000.0,189000000.0,2026-09-06
33230,S100XD4C,1457103000.0,3959961000.0,26199000.0,2026-09-06
40710,S100XD0A,12077001000.0,3311035000.0,,2026-09-06
95620,S100XCST,779141000.0,540123000.0,,2026-09-06
36720,S100XCNH,1422242000.0,763768000.0,4863000.0,2026-09-06
40550,S100XD2T,2774116000.0,485287000.0,30400000.0,2026-09-06
70660,S100XD95,2882976000.0,1640773000.0,375487000.0,2026-09-06
26520,S100XD0Z,11820708000.0,7227662000.0,1253000.0,2026-09-06
70710,S100XD1A,18451000000.0,38586000000.0,,2026-09-06
61980,S100XD0G,3855161000.0,2402886000.0,,2026-09-06
43930,S100XD6Y,5240000000.0,1336000000.0,,2026-09-06
99410,S100XD30,7382006000.0,7188169000.0,,2026-09-06
95640,S100XDAL,3825455000.0,1706632000.0,626674000.0,2026-09-06
241A0,S100XCWL,3559399000.0,2792275000.0,995000.0,2026-09-06
29610,S100XCJ8,11273704000.0,7542610000.0,70155000.0,2026-09-06
55330,S100XCQ3,5354732000.0,4335071000.0,110179000.0,2026-09-06
41720,S100XCQ7,1983887000.0,441619000.0,1388630000.0,2026-09-06
78000,S100XCGX,3553187000.0,1925634000.0,,2026-09-06
92440,S100XCIW,2047368000.0,1661148000.0,56449000.0,2026-09-06
34950,S100XCMA,11228994000.0,11150413000.0,200572000.0,2026-09-06
17950,S100XCIB,6110529000.0,3453985000.0,121047000.0,2026-09-06
93760,S100XCUO,2452967000.0,1182685000.0,206339000.0,2026-09-06
93300,S100XCV7,1228003000.0,336567000.0,315000.0,2026-09-06
60800,S100XCS6,38367994000.0,6022184000.0,2819871000.0,2026-09-06
264A0,S100XCX0,2283149000.0,1765440000.0,,2026-09-06
206A0,S100XCIN,4483094000.0,1025665000.0,,2026-09-06
44240,S100XCQC,1630785000.0,670606000.0,103125000.0,2026-09-06
70410,S100XCNC,10079138000.0,10487504000.0,592300000.0,2026-09-06
44750,S100XCC9,6919552000.0,5298559000.0,460110000.0,2026-09-06
44470,S100XCY2,2777703000.0,1436454000.0,2511000.0,2026-09-06
60940,S100XCVT,31252343000.0,24665390000.0,3607180000.0,2026-09-06
14380,S100XCY4,3437601000.0,1473505000.0,163466000.0,2026-09-06
41960,S100XCJL,1111158000.0,876501000.0,,2026-09-06
31870,S100XCKW,6211420000.0,5782679000.0,328347000.0,2026-09-06
44270,S100XCYG,2981753000.0,1877090000.0,127679000.0,2026-09-06
36910,S100XCZ7,1181365000.0,1030630000.0,19692000.0,2026-09-06
58430,S100XCA4,4050690000.0,2622565000.0,20000000.0,2026-09-06
61730,S100XCE9,1135451000.0,1453232000.0,20761000.0,2026-09-06
73760,S100XC7N,789835000.0,267575000.0,32333000.0,2026-09-06
231A0,S100XCGP,3484994000.0,1225665000.0,,2026-09-06
74940,S100XC1F,19369000000.0,28224000000.0,4144000000.0,2026-09-06
52590,S100XCEC,517825000.0,972698000.0,,2026-09-06
49370,S100XCAJ,1854562000.0,993211000.0,,2026-09-06
64660,S100XBK6,10414513000.0,4061109000.0,1859965000.0,2026-09-06
44210,S100XCIO,2157356000.0,1453796000.0,,2026-09-06
92490,S100XCE0,3255675000.0,3785634000.0,181986000.0,2026-09-06
24980,S100XBHA,51786418000.0,40709424000.0,2392349000.0,2026-09-06
36240,S100XBJN,1093831000.0,520918000.0,84865000.0,2026-09-06
26670,S100XAH7,1288419000.0,833696000.0,213491000.0,2026-09-06
92120,S100XC32,2636062000.0,761169000.0,,2026-09-06
40590,S100XBZX,943369000.0,155153000.0,11182000.0,2026-09-06
57240,S100XCLW,3724301000.0,3894006000.0,195189000.0,2026-09-06
92480,S100XBUH,25515000000.0,17164000000.0,1833000000.0,2026-09-06
61910,S100XCN2,15204000000.0,10873000000.0,1333000000.0,2026-09-06
47690,S100XBNE,5824722000.0,2083836000.0,1759874000.0,2026-09-06
68770,S100XB5N,79806000000.0,27007000000.0,1442000000.0,2026-09-06
64920,S100XBYD,9245000000.0,3030000000.0,1352000000.0,2026-09-06
42430,S100XC1P,3788146000.0,1633656000.0,42283000.0,2026-09-06
98690,S100XA3X,305532000000.0,291795000000.0,58082000000.0,2026-09-06
29170,S100XBNR,12412726000.0,4047982000.0,566665000.0,2026-09-06
70720,S100XBTQ,2049819000.0,517797000.0,,2026-09-06
76430,S100XC2D,10673905000.0,9351187000.0,66442000.0,2026-09-06
65540,S100XBSY,4780000000.0,2064000000.0,152000000.0,2026-09-06
77920,S100XBZW,3898209000.0,1321926000.0,100341000.0,2026-09-06
95540,S100XC3I,2017664000.0,923685000.0,3000000.0,2026-09-06
39930,S100XC4P,8739062000.0,772017000.0,2435733000.0,2026-09-06
78390,S100XC55,26536162000.0,5539870000.0,,2026-09-06
29740,S100XC53,39257955000.0,33419615000.0,39868000.0,2026-09-06
59210,S100XBJH,25456846000.0,5967458000.0,1586678000.0,2026-09-06
21220,S100XC5E,9628330000.0,5590711000.0,482902000.0,2026-09-06
33590,S100XBJQ,4662256000.0,2234515000.0,,2026-09-06
23040,S100XC7V,3674946000.0,3256169000.0,538668000.0,2026-09-06
35630,S100XBTY,62454000000.0,119478000000.0,962000000.0,2026-09-06
17830,S100XC79,12415243000.0,7598845000.0,,2026-09-06
14460,S100XBZH,3675954000.0,3334643000.0,106500000.0,2026-09-06
220A0,S100XBUA,2531634000.0,461655000.0,,2026-09-06
55700,S100XC8W,3699453000.0,435588000.0,100443000.0,2026-09-06
65630,S100XBZI,2749978000.0,1798742000.0,0.0,2026-09-06
44990,S100XC4C,8367149000.0,4698536000.0,202574000.0,2026-09-06
43760,S100XC6R,12805000000.0,6705000000.0,10000000.0,2026-09-06
39890,S100XC4O,5146002000.0,1861498000.0,,2026-09-06
39850,S100XBTL,1177213000.0,840990000.0,2250000.0,2026-09-06
92250,S100XC8K,1402489000.0,414980000.0,18716000.0,2026-09-06
39000,S100XBLZ,8827646000.0,6232622000.0,,2026-09-06
51370,S100XC5Q,1479960000.0,1085740000.0,29565000.0,2026-09-06
335A0,S100XCAD,538854000.0,363790000.0,,2026-09-06
65510,S100XCA9,3413240000.0,3097210000.0,0.0,2026-09-06
60620,S100XC38,24415000000.0,28632000000.0,10000000.0,2026-09-06
39200,S100XBM8,2668839000.0,1334807000.0,169866000.0,2026-09-06
37230,S100XBL7,10548026000.0,523898000.0,,2026-09-06
73560,S100XBJI,991847000.0,753046000.0,,2026-09-06
48090,S100XB3E,4548000000.0,25066000000.0,24000000.0,2026-09-06
28740,S100XBSF,36270000000.0,123155000000.0,43239000000.0,2026-09-06
62770,S100XB4O,64608000000.0,36447000000.0,2655000000.0,2026-09-06
94380,S100XBLK,20152552000.0,10541679000.0,4466864000.0,2026-09-06
166A0,S100XBKO,53172378000.0,37486444000.0,844757000.0,2026-09-06
75270,S100XBIV,4451822000.0,892907000.0,347762000.0,2026-09-06
41650,S100XBSL,6243398000.0,4096925000.0,49914000.0,2026-09-06
48840,S100XBJD,2755990000.0,648921000.0,,2026-09-06
89440,S100X9MO,40854772000.0,35533727000.0,15767000.0,2026-09-06
24850,S100XBVP,5740000000.0,19140000000.0,,2026-09-06
70690,S100XBQ8,1635687000.0,2430036000.0,29048000.0,2026-09-06
92580,S100XBLU,2290175000.0,1058352000.0,30000000.0,2026-09-06
60460,S100XBUR,1175347000.0,309564000.0,,2026-09-06
42600,S100XBWA,1379923000.0,692500000.0,396041000.0,2026-09-06
55870,S100XBLH,1379102000.0,1281907000.0,47958000.0,2026-09-06
269A0,S100XBWT,330428000.0,284268000.0,,2026-09-06
78060,S100XBX1,38182000000.0,13959000000.0,3212000000.0,2026-09-06
55860,S100XBVM,2623661000.0,265374000.0,,2026-09-06
73720,S100XBN5,62190000.0,3662132000.0,,2026-09-06
71480,S100XBXT,221673000000.0,177290000000.0,37000000.0,2026-09-06
81510,S100X93C,18423413000.0,11006550000.0,2414795000.0,2026-09-06
66770,S100XB6O,24867824000.0,7506327000.0,855611000.0,2026-09-06
96990,S100XB09,112732000000.0,156370000000.0,2753000000.0,2026-09-06
34940,S100XAPZ,3273708000.0,14492346000.0,66005000.0,2026-09-06
45540,S100XAU2,42468000000.0,44437000000.0,7092000000.0,2026-09-06
60300,S100XAYG,17002593000.0,14449355000.0,,2026-09-06
60870,S100XARO,6138575000.0,2521062000.0,738504000.0,2026-09-06
47540,S100XBF5,7594607000.0,3263633000.0,307396000.0,2026-09-06
39650,S100XB9Q,3816001000.0,2364382000.0,653219000.0,2026-09-06
98230,S100XBFS,12061000000.0,35472000000.0,346000000.0,2026-09-06
62840,S100XB87,55106000000.0,19912000000.0,449000000.0,2026-09-06
78190,S100XAKV,10331835000.0,7851954000.0,1176241000.0,2026-09-06
43200,S100XB2A,7467596000.0,4651628000.0,438348000.0,2026-09-06
50360,S100XB8X,30439000000.0,38213000000.0,1405000000.0,2026-09-06
63380,S100XBFK,14790688000.0,7518080000.0,207024000.0,2026-09-06
91700,S100XB94,6153352000.0,10879646000.0,7918000.0,2026-09-06
94460,S100XB7R,5455447000.0,16392885000.0,334556000.0,2026-09-06
93420,S100XBCH,438943000.0,248265000.0,,2026-09-06
24100,S100XBEJ,4267997000.0,2566960000.0,,2026-09-06
43460,S100XBEF,12578000000.0,13124000000.0,2746000000.0,2026-09-06
77600,S100XAL6,13204000000.0,9067000000.0,169000000.0,2026-09-06
73610,S100XB82,1992423000.0,1690392000.0,94537000.0,2026-09-06
17710,S100XB9B,10520272000.0,4810483000.0,530951000.0,2026-09-06
94760,S100XB7E,3384217000.0,1669378000.0,319348000.0,2026-09-06
75050,S100XAQS,19868688000.0,17146405000.0,7217184000.0,2026-09-06
39390,S100XAZ4,3859400000.0,2340750000.0,,2026-09-06
61940,S100XAZ6,5304137000.0,1909372000.0,907224000.0,2026-09-06
76810,S100XACD,9583190000.0,4918347000.0,105735000.0,2026-09-06
63160,S100XAQD,23426000000.0,18876000000.0,3887000000.0,2026-09-06
75390,S100XAO8,32457597000.0,20098217000.0,2222055000.0,2026-09-06
61960,S100XANE,8211428000.0,1954870000.0,127536000.0,2026-09-06
76460,S100XAET,17385000000.0,23997000000.0,32000000.0,2026-09-06
74460,S100XAMG,11693605000.0,9731904000.0,1789876000.0,2026-09-06
92330,S100XAIS,22788472000.0,15206395000.0,4851933000.0,2026-09-06
23700,S100XB0H,5013076000.0,509264000.0,101522000.0,2026-09-06
37470,S100XB0Y,1423324000.0,413137000.0,44988000.0,2026-09-06
61890,S100XAXC,4569000000.0,7346000000.0,27000000.0,2026-09-06
37120,S100XAQC,3682394000.0,1314129000.0,5586000.0,2026-09-06
31760,S100XABQ,63107232000.0,27581188000.0,4877344000.0,2026-09-06
36680,S100XB7G,67267000000.0,8417000000.0,7588000000.0,2026-09-06
49580,S100XAHE,72241000000.0,24822000000.0,11997000000.0,2026-09-06
62000,S100XAOQ,7405642000.0,3242368000.0,169326000.0,2026-09-06
36870,S100XAQJ,7772812000.0,1786561000.0,83592000.0,2026-09-06
34610,S100XAEN,3322676000.0,1205795000.0,5448000.0,2026-09-06
49310,S100XA5Q,23062000000.0,5430000000.0,324000000.0,2026-09-06
87890,S100XAOR,14027246000.0,9917131000.0,533513000.0,2026-09-06
34960,S100XADZ,4368014000.0,1804749000.0,,2026-09-06
36900,S100XAFO,2240174000.0,1589459000.0,56828000.0,2026-09-06
96790,S100XAG9,3122310000.0,10419831000.0,741300000.0,2026-09-06
32450,S100XAUW,44914000000.0,21987000000.0,1062000000.0,2026-09-06
70760,S100XALI,1336106000.0,245928000.0,339950000.0,2026-09-06
29260,S100XAAS,683364000.0,274410000.0,,2026-09-06
77110,S100XAGE,4412769000.0,2819725000.0,803005000.0,2026-09-06
61760,S100XAF9,3064457000.0,1322737000.0,1597540000.0,2026-09-06
39920,S100XAHG,4052879000.0,1422997000.0,418893000.0,2026-09-06
36980,S100XAH0,4484379000.0,1592136000.0,139075000.0,2026-09-06
21850,S100X9E8,17610210000.0,5480192000.0,1366951000.0,2026-09-06
40510,S100X9ZE,10590191000.0,7873470000.0,99994000.0,2026-09-06
37690,S100X9RU,186361489000.0,172909545000.0,2704088000.0,2026-09-06
97460,S100X9LY,46672000000.0,22705000000.0,21700000000.0,2026-09-06
55320,S100X9V9,5526633000.0,13183068000.0,,2026-09-06
36360,S100X9BV,74282000000.0,43359000000.0,18130000000.0,2026-09-06
60500,S100X9H5,11870273000.0,1956206000.0,2000000.0,2026-09-06
44790,S100X9BR,5645513000.0,1631356000.0,51346000.0,2026-09-06
25510,S100X978,14484864000.0,20430288000.0,126724000.0,2026-09-06
49280,S100X8TQ,50148000000.0,22564000000.0,3112000000.0,2026-09-06
31890,S100X7OR,17952466000.0,5675106000.0,21024000.0,2026-09-06
29010,S100X7C2,2017625000.0,1898441000.0,116000.0,2026-09-06
369A0,S100X7EY,2007647000.0,735809000.0,,2026-09-06
62550,S100X6PR,11958629000.0,5751493000.0,,2026-09-06
92520,S100X7D0,3201844000.0,3252681000.0,135017000.0,2026-09-06
21570,S100X7DQ,11903342000.0,31360274000.0,793586000.0,2026-09-06
92410,S100X7HS,660261000.0,648594000.0,53018000.0,2026-09-06
99830,S100X6X6,853526000000.0,396371000000.0,143000000.0,2026-09-06
73730,S100X7DA,7254592000.0,3351783000.0,1068500000.0,2026-09-06
24040,S100X7IQ,1577500000.0,4102723000.0,,2026-09-06
428A0,S100X7KP,177884000.0,3617084000.0,,2026-09-06
35600,S100X6M7,4700416000.0,1969229000.0,362244000.0,2026-09-06
35410,S100X7ID,2011076000.0,1632741000.0,196201000.0,2026-09-06
50260,S100X79V,3028204000.0,4067511000.0,10201000.0,2026-09-06
39870,S100X72V,2012407000.0,1720206000.0,144245000.0,2026-09-06
74450,S100X6V7,8281000000.0,14984000000.0,0.0,2026-09-06
245A0,S100X72L,1306961000.0,2680820000.0,,2026-09-06
55800,S100X6Y2,1292812000.0,758073000.0,,2026-09-06
44120,S100X6RV,752490000.0,476892000.0,10000000.0,2026-09-06
95600,S100X76V,3293377000.0,2089935000.0,11267000.0,2026-09-06
73510,S100X6Y8,3839295000.0,803622000.0,202017000.0,2026-09-06
51290,S100X770,4144000000.0,685000000.0,53000000.0,2026-09-06
73520,S100X747,5872328000.0,4216087000.0,24846000.0,2026-09-06
30460,S100X74E,32254000000.0,28451000000.0,952000000.0,2026-09-06
44330,S100X6V1,27247000000.0,21488000000.0,672000000.0,2026-09-06
87830,S100X79I,4415188000.0,4990068000.0,1763639000.0,2026-09-06
72190,S100X6JZ,6912473000.0,3022266000.0,670230000.0,2026-09-06
47600,S100X5LJ,2415942000.0,2891441000.0,65810000.0,2026-09-06
78050,S100X68N,2757469000.0,3382479000.0,71778000.0,2026-09-06
62890,S100X6JF,24271000000.0,7683000000.0,1854000000.0,2026-09-06
34400,S100X6MC,14303000000.0,10346000000.0,196000000.0,2026-09-06
94180,S100X6EF,150218000000.0,136928000000.0,1128000000.0,2026-09-06
44400,S100X6ND,2489162000.0,1084417000.0,196730000.0,2026-09-06
79280,S100X6CC,3583729000.0,1420172000.0,219734000.0,2026-09-06
35360,S100X6JA,6239002000.0,14580602000.0,180874000.0,2026-09-06
43700,S100X6MF,1404465000.0,776346000.0,,2026-09-06
43970,S100X6JN,3123514000.0,2463933000.0,,2026-09-06
27360,S100X6QO,5851694000.0,5812332000.0,90535000.0,2026-09-06
78180,S100X6MS,14801280000.0,4172078000.0,4150574000.0,2026-09-06
99780,S100X6SE,7716424000.0,8739029000.0,69313000.0,2026-09-06
70650,S100X6QU,6149858000.0,12444544000.0,120062000.0,2026-09-06
156A0,S100X6SQ,1957071000.0,1234671000.0,5024000.0,2026-09-06
24490,S100X6O3,6058517000.0,1559400000.0,82596000.0,2026-09-06
373A0,S100X6NP,3058625000.0,429447000.0,,2026-09-06
325A0,S100X6TZ,5604075000.0,3971372000.0,9217000.0,2026-09-06
31740,S100X6RU,5718808000.0,6036436000.0,29013000.0,2026-09-06
276A0,S100X6P1,1073019000.0,538852000.0,,2026-09-06
41990,S100X6FE,1830985000.0,1409591000.0,0.0,2026-09-06
367A0,S100X66L,324000000.0,17961000000.0,,2026-09-06
14340,S100X6GM,12998934000.0,10987917000.0,239694000.0,2026-09-06
93310,S100X1KO,2055529000.0,1352070000.0,,2026-09-06
89040,S100X6R9,58536610000.0,39625082000.0,437672000.0,2026-09-06
36470,S100X6VP,1402129000.0,534423000.0,,2026-09-06
24840,S100X153,47544000000.0,11395000000.0,3000000.0,2026-09-06
29270,S100X6W8,22094548000.0,33072586000.0,588827000.0,2026-09-06
66680,S100X6VA,20496000000.0,14549000000.0,1000000.0,2026-09-06
21640,S100X6X1,1060761000.0,944327000.0,,2026-09-06
62640,S100X6CU,10477608000.0,17271927000.0,7000000.0,2026-09-06
75140,S100X67D,22511000000.0,18265000000.0,1201000000.0,2026-09-06
14070,S100X68L,76518000000.0,92497000000.0,1742000000.0,2026-09-06
99790,S100X5DP,14615000000.0,23121000000.0,381000000.0,2026-09-06
27350,S100X626,24050136000.0,17762720000.0,350264000.0,2026-09-06
29990,S100X6G1,11152104000.0,8190678000.0,,2026-09-06
44390,S100X6GX,12653484000.0,6533274000.0,23652000.0,2026-09-06
414A0,S100X6HK,48000000.0,1248000000.0,,2026-09-06
40150,S100X5MX,4834062000.0,4047342000.0,32682000.0,2026-09-06
92640,S100X5TH,5632283000.0,7236494000.0,273311000.0,2026-09-06
55740,S100X6IA,4108988000.0,341758000.0,,2026-09-06
75810,S100X5Z0,98158000000.0,57332000000.0,,2026-09-06
39910,S100X6HU,4960062000.0,1262505000.0,320000.0,2026-09-06
55780,S100X6EQ,3976726000.0,2780748000.0,111145000.0,2026-09-06
92700,S100X6BK,17600815000.0,19792680000.0,0.0,2026-09-06
30450,S100X6HQ,1002432000.0,2567509000.0,,2026-09-06
70350,S100X6AI,1840487000.0,1127644000.0,45832000.0,2026-09-06
74530,S100X5NI,335447000000.0,212546000000.0,2425000000.0,2026-09-06
36070,S100X5IQ,3654888000.0,8983727000.0,29128000.0,2026-09-06
190A0,S100X63V,4605418000.0,471072000.0,,2026-09-06
70850,S100X61U,15490000000.0,21965000000.0,,2026-09-06
38150,S100X62P,2231105000.0,1606141000.0,86000.0,2026-09-06
36970,S100X63F,37022000000.0,28195000000.0,1145000000.0,2026-09-06
47280,S100X5JM,3679471000.0,1147566000.0,609911000.0,2026-09-06
61590,S100X5M8,10584630000.0,1934961000.0,1754787000.0,2026-09-06
46680,S100X5JB,10536000000.0,5355000000.0,2891000000.0,2026-09-06
41760,S100X5W6,5240113000.0,4468684000.0,1063721000.0,2026-09-06
81270,S100X5IF,10981670000.0,6658789000.0,5861536000.0,2026-09-06
61990,S100X5OA,10085344000.0,4289507000.0,3496000.0,2026-09-06
82540,S100X51A,2590170000.0,11189788000.0,221110000.0,2026-09-06
19970,S100X59V,6974846000.0,3499449000.0,529218000.0,2026-09-06
30480,S100X5J8,263467000000.0,285068000000.0,25468000000.0,2026-09-06
76070,S100X5L9,53008661000.0,23971667000.0,2857237000.0,2026-09-06
74470,S100X5AK,38285687000.0,4029909000.0,193559000.0,2026-09-06
77300,S100X59Q,31942000000.0,4846000000.0,303000000.0,2026-09-06
94140,S100X54M,17041584000.0,2295522000.0,1414517000.0,2026-09-06
75130,S100X50A,77679000000.0,48181000000.0,,2026-09-06
91620,S100X4OL,12516338000.0,3699508000.0,213766000.0,2026-09-06
78700,S100X17L,2579691000.0,1667546000.0,187748000.0,2026-09-06
30350,S100WXKZ,5752993000.0,4656007000.0,619015000.0,2026-09-06
71160,S100WYP6,2364604000.0,1536923000.0,10000000.0,2026-09-06
89270,S100WXQ6,25301180000.0,20114125000.0,17850000.0,2026-09-06
49570,S100WY1O,19804000000.0,7591000000.0,1443000000.0,2026-09-06
218A0,S100WY33,1461709000.0,768149000.0,,2026-09-06
39880,S100WXMD,5095416000.0,3246765000.0,235053000.0,2026-09-06
76820,S100WXPT,1552479000.0,2748629000.0,18070000.0,2026-09-06
44220,S100WX4G,938467000.0,217538000.0,,2026-09-06
350A0,S100WXET,16532406000.0,9540328000.0,,2026-09-06
35390,S100WWAM,36002000000.0,27590000000.0,1201000000.0,2026-09-06
92400,S100WXTF,1302298000.0,420147000.0,3000.0,2026-09-06
38160,S100WXEV,4294011000.0,1020018000.0,601860000.0,2026-09-06
44460,S100WXDJ,1576930000.0,468768000.0,77472000.0,2026-09-06
78500,S100WXH6,3137020000.0,4775871000.0,932358000.0,2026-09-06
29780,S100WXFC,3967419000.0,2421346000.0,32421000.0,2026-09-06
18440,S100WWZA,10870169000.0,6313477000.0,,2026-09-06
24240,S100WX02,2122278000.0,7026455000.0,,2026-09-06
39300,S100WX9N,2278977000.0,349703000.0,193940000.0,2026-09-06
31930,S100WWX8,10747268000.0,11961902000.0,161375000.0,2026-09-06
14440,S100WX6F,2124963000.0,1266259000.0,33090000.0,2026-09-06
40750,S100WX5A,1449170000.0,303701000.0,,2026-09-06
71100,S100WWW2,4890432000.0,869945000.0,,2026-09-06
36620,S100WXAF,11562000000.0,6115000000.0,2356000000.0,2026-09-06
34210,S100WWG0,31519407000.0,16972758000.0,2197566000.0,2026-09-06
60910,S100WWUT,13454657000.0,4582470000.0,2197692000.0,2026-09-06
34410,S100WWVN,8238908000.0,5634970000.0,358207000.0,2026-09-06
34180,S100WX0H,4470347000.0,6742968000.0,171008000.0,2026-09-06
65770,S100WW3R,2292578000.0,1718160000.0,209246000.0,2026-09-06
76920,S100WWYA,1587676000.0,1478453000.0,76247000.0,2026-09-06
95560,S100WX3D,9684979000.0,7062453000.0,620303000.0,2026-09-06
92350,S100WX4A,507089000.0,735617000.0,100000000.0,2026-09-06
62250,S100WWVI,2759976000.0,972786000.0,,2026-09-06
55720,S100WWVV,2468340000.0,602899000.0,,2026-09-06
29910,S100WWX1,21692915000.0,18278377000.0,,2026-09-06
71260,S100WVWR,3810095000.0,5056761000.0,8430000.0,2026-09-06
92620,S100WWED,3585719000.0,3451259000.0,,2026-09-06
65350,S100WW4T,21383000000.0,8855000000.0,477000000.0,2026-09-06
31720,S100WWIC,5147000000.0,2699000000.0,172000000.0,2026-09-06
67780,S100WW7U,7688448000.0,1934994000.0,190431000.0,2026-09-06
62670,S100WWCW,9047356000.0,5024959000.0,89091000.0,2026-09-06
78100,S100WWNJ,3603377000.0,3427526000.0,456000.0,2026-09-06
51310,S100WWJN,1099564000.0,245920000.0,,2026-09-06
32420,S100WS9W,39380857000.0,31908489000.0,,2026-09-06
70970,S100WWP5,4019000000.0,8349000000.0,,2026-09-06
92420,S100WW8R,1187426000.0,245073000.0,110000000.0,2026-09-06
23910,S100WW9E,3219530000.0,1130314000.0,1099584000.0,2026-09-06
41940,S100WW0V,65652000000.0,23926000000.0,687000000.0,2026-09-06
23530,S100WW40,20970160000.0,23568906000.0,3415695000.0,2026-09-06
43840,S100WW0E,24981000000.0,28184000000.0,7524000000.0,2026-09-06
60400,S100WWGS,4046705000.0,3930592000.0,9459000.0,2026-09-06
211A0,S100WW30,3417779000.0,4302745000.0,3150000.0,2026-09-06
45990,S100WW19,8877489000.0,185880000.0,,2026-09-06
40140,S100WW86,926393000.0,683032000.0,,2026-09-06
29290,S100WW38,27275000000.0,24987000000.0,3037000000.0,2026-09-06
63870,S100WVTP,11188327000.0,3816232000.0,369068000.0,2026-09-06
38540,S100WVK4,11567945000.0,4473259000.0,146256000.0,2026-09-06
196A0,S100WVCQ,2259557000.0,360170000.0,,2026-09-06
80570,S100WU40,106354000000.0,85965000000.0,20264000000.0,2026-09-06
78260,S100WUAI,91428000000.0,52209000000.0,44000000.0,2026-09-06
21720,S100WST9,988262000.0,426021000.0,5319000.0,2026-09-06
95140,S100WSTO,8743000000.0,27028000000.0,,2026-09-06
40520,S100WQ82,698224000.0,38222000.0,,2026-09-06
73750,S100WS5X,1308827000.0,3235709000.0,20000000.0,2026-09-06
73200,S100WPVB,7493309000.0,18157577000.0,1585425000.0,2026-09-06
61560,S100WQRX,6569229000.0,758206000.0,873002000.0,2026-09-06
17880,S100WROP,3311676000.0,1306992000.0,251498000.0,2026-09-06
59870,S100WRVO,4536735000.0,3610524000.0,276603000.0,2026-09-06
90280,S100WRNH,17752000000.0,18825000000.0,1035000000.0,2026-09-06
19990,S100WN39,5902139000.0,2833586000.0,190311000.0,2026-09-06
76360,S100WRQD,10200000000.0,8327000000.0,71000000.0,2026-09-06
36390,S100WRYE,2201702000.0,661178000.0,245040000.0,2026-09-06
92730,S100WRWI,24775196000.0,6952341000.0,101074000.0,2026-09-06
73250,S100WS0W,3016778000.0,1508085000.0,133481000.0,2026-09-06
31400,S100WS12,8311000000.0,5248000000.0,,2026-09-06
17160,S100WRZ3,14186998000.0,3573304000.0,976289000.0,2026-09-06
17640,S100WRZI,7851414000.0,11591291000.0,289115000.0,2026-09-06
35970,S100WRSF,30372328000.0,3288038000.0,3990891000.0,2026-09-06
77070,S100WS3N,4609933000.0,2253685000.0,55172000.0,2026-09-06
74090,S100WRXZ,3133726000.0,4142899000.0,,2026-09-06
38080,S100WS3E,368377000.0,1244489000.0,43809000.0,2026-09-06
65970,S100WS3O,4412971000.0,2277384000.0,51200000.0,2026-09-06
45750,S100WQRS,2308466000.0,91988000.0,,2026-09-06
32710,S100WS5Q,47505494000.0,41044953000.0,660714000.0,2026-09-06
70630,S100WS69,302619000.0,1822893000.0,16396000.0,2026-09-06
51250,S100WS33,2147695000.0,567078000.0,,2026-09-06
63270,S100WQMF,6449231000.0,3667736000.0,122862000.0,2026-09-06
34260,S100WQ9V,8018043000.0,3037136000.0,2542839000.0,2026-09-06
93610,S100WQSP,5344329000.0,10850830000.0,2596662000.0,2026-09-06
65420,S100WRCV,4274853000.0,1755005000.0,119423000.0,2026-09-06
34460,S100WRL1,1815729000.0,870746000.0,30833000.0,2026-09-06
176A0,S100WRGF,11319314000.0,9187856000.0,236056000.0,2026-09-06
30760,S100WRM2,56194000000.0,13387000000.0,3550000000.0,2026-09-06
60280,S100WRK2,4117000000.0,20960000000.0,,2026-09-06
387A0,S100WQUS,1137985000.0,520761000.0,,2026-09-06
42630,S100WR1U,4898414000.0,327789000.0,,2026-09-06
58840,S100WRPW,1449602000.0,2066952000.0,101386000.0,2026-09-06
43350,S100WRPN,2224740000.0,1104725000.0,4945000.0,2026-09-06
31350,S100WRDT,4334961000.0,4038956000.0,2642000.0,2026-09-06
36600,S100WRCU,16484000000.0,15953000000.0,3557000000.0,2026-09-06
67280,S100WQX1,278846000000.0,160926000000.0,10307000000.0,2026-09-06
30410,S100WRES,1799228000.0,2173777000.0,10001000.0,2026-09-06
36320,S100WQWX,112276000000.0,33257000000.0,9230000000.0,2026-09-06
246A0,S100WRLD,776224000.0,595317000.0,12711000.0,2026-09-06
34690,S100WRQP,4487005000.0,4208063000.0,24473000.0,2026-09-06
141A0,S100WRQT,152300000000.0,165440000000.0,5777000000.0,2026-09-06
78130,S100WLVW,4340445000.0,3079919000.0,1057946000.0,2026-09-06
30820,S100WR4M,4270249000.0,5701602000.0,117412000.0,2026-09-06
50340,S100WRCL,2072858000.0,474191000.0,,2026-09-06
386A0,S100WR75,3233742000.0,5182735000.0,176398000.0,2026-09-06
39860,S100WR2U,2064888000.0,582742000.0,,2026-09-06
29620,S100WRPQ,5424368000.0,4821158000.0,3921000.0,2026-09-06
60610,S100WRP5,7654344000.0,3255978000.0,1201586000.0,2026-09-06
194A0,S100WRRL,1297246000.0,3670842000.0,,2026-09-06
65940,S100WRH7,421311000000.0,1351624000000.0,25472000000.0,2026-09-06
52540,S100WRNQ,4428903000.0,935186000.0,,2026-09-06
14140,S100WQS8,100346000000.0,25715000000.0,11511000000.0,2026-09-06
91650,S100WM9C,2894005000.0,984751000.0,49999000.0,2026-09-06
378A0,S100WQTA,3803987000.0,3718843000.0,272000.0,2026-09-06
89280,S100WQZC,108307474000.0,95835567000.0,3501261000.0,2026-09-06
55300,S100WR0H,2237671000.0,4703999000.0,64625000.0,2026-09-06
49760,S100WR11,6375955000.0,2407164000.0,564101000.0,2026-09-06
89450,S100WQZF,9730726000.0,2985851000.0,37865000.0,2026-09-06
67850,S100WQD6,17105068000.0,10999182000.0,2136790000.0,2026-09-06
93400,S100WR24,2580911000.0,421747000.0,144039000.0,2026-09-06
21800,S100WQST,6549627000.0,4336472000.0,304822000.0,2026-09-06
75320,S100WR05,513432000000.0,951407000000.0,35688000000.0,2026-09-06
34390,S100WQN3,10474216000.0,6468547000.0,264572000.0,2026-09-06
30970,S100WR57,19482000000.0,31971000000.0,188000000.0,2026-09-06
77810,S100WR5J,10684518000.0,7828013000.0,145710000.0,2026-09-06
71350,S100WQJ2,7312374000.0,8322924000.0,170297000.0,2026-09-06
36550,S100WQYI,5039990000.0,1723159000.0,443171000.0,2026-09-06
78120,S100WQQN,11305286000.0,10540412000.0,109505000.0,2026-09-06
40680,S100WR7P,3265555000.0,2015996000.0,0.0,2026-09-06
28200,S100WQUM,3851433000.0,6008855000.0,12801000.0,2026-09-06
24280,S100WQVK,21746583000.0,18762442000.0,152819000.0,2026-09-06
48450,S100WPSD,5348789000.0,6117248000.0,641175000.0,2026-09-06
94170,S100WQZW,2458542000.0,1878637000.0,1593000.0,2026-09-06
24770,S100WQOA,6899420000.0,419833000.0,,2026-09-06
34570,S100WQWR,60217000000.0,62318000000.0,4838000000.0,2026-09-06
44780,S100WQR3,38431931000.0,23000728000.0,361758000.0,2026-09-06
78090,S100WQU3,8129232000.0,4818999000.0,,2026-09-06
62270,S100WQVH,19848529000.0,11818682000.0,,2026-09-06
40180,S100WQXY,708029000.0,138408000.0,,2026-09-06
69200,S100WQ7F,231978000000.0,119972000000.0,1320000000.0,2026-09-06
75850,S100WR5V,797553000.0,1132705000.0,34124000.0,2026-09-06
39580,S100WQWB,6191462000.0,5949289000.0,3863421000.0,2026-09-06
73770,S100WQ3S,16074259000.0,10592968000.0,747506000.0,2026-09-06
56980,S100WR6T,18366982000.0,16747938000.0,3500444000.0,2026-09-06
60360,S100WR7B,8589133000.0,4817718000.0,22237000.0,2026-09-06
55820,S100WQ2M,3746706000.0,463170000.0,,2026-09-06
94390,S100WQ59,1585970000.0,1295259000.0,76580000.0,2026-09-06
197A0,S100WRAR,16915714000.0,15594565000.0,33332000.0,2026-09-06
29380,S100WQVV,29249000000.0,25019000000.0,99000000.0,2026-09-06
40730,S100WQNZ,1516584000.0,1349409000.0,,2026-09-06
157A0,S100WRC8,1685577000.0,377968000.0,50000000.0,2026-09-06
52830,S100WQGP,22262000000.0,25149000000.0,1043000000.0,2026-09-06
75000,S100WQDH,23222830000.0,13312423000.0,6316841000.0,2026-09-06
65710,S100WQ4P,1310000000.0,61000000.0,,2026-09-06
26890,S100WQ48,35586056000.0,31863502000.0,358472000.0,2026-09-06
63400,S100WQN6,112668000000.0,60873000000.0,3087000000.0,2026-09-06
47670,S100WQIM,12326014000.0,4782897000.0,1161604000.0,2026-09-06
89120,S100WQF8,889922000.0,2723035000.0,1028119000.0,2026-09-06
23850,S100WQAL,6765144000.0,697023000.0,11465000.0,2026-09-06
68740,S100WQ31,21711671000.0,12165560000.0,1994043000.0,2026-09-06
65470,S100WQPA,11462000000.0,18789000000.0,117000000.0,2026-09-06
62390,S100WQEO,7670230000.0,3252985000.0,120600000.0,2026-09-06
39160,S100WQQ5,8536443000.0,3158977000.0,156473000.0,2026-09-06
60380,S100WQQU,4718122000.0,2003103000.0,539145000.0,2026-09-06
53800,S100WPZQ,2436713000.0,2884416000.0,116916000.0,2026-09-06
76990,S100WPGG,,,,2026-09-06
13820,S100WPAF,984893000.0,354196000.0,,2026-09-06
73690,S100WQRU,3579214000.0,5592329000.0,6630000.0,2026-09-06
33000,S100WQFJ,20654089000.0,20741919000.0,18103000.0,2026-09-06
77470,S100WQNM,94696000000.0,39652000000.0,15185000000.0,2026-09-06
68880,S100WQFV,4418125000.0,1800784000.0,50364000.0,2026-09-06
151A0,S100WQCJ,3245993000.0,2418956000.0,,2026-09-06
91590,S100WQSX,2431866000.0,1446114000.0,14000000.0,2026-09-06
43850,S100WQDW,120894000000.0,97998000000.0,1543000000.0,2026-09-06
43260,S100WQAK,28005424000.0,12878655000.0,5920277000.0,2026-09-06
30280,S100WQEC,112100000000.0,84644000000.0,4309000000.0,2026-09-06
78030,S100WQQH,39700755000.0,27333603000.0,5316306000.0,2026-09-06
36750,S100WQAV,12757506000.0,9547677000.0,371784000.0,2026-09-06
36250,S100WQLE,3620683000.0,1789603000.0,128161000.0,2026-09-06
14310,S100WQNU,9744741000.0,7170737000.0,10030000.0,2026-09-06
94500,S100WQ94,5339000000.0,7240000000.0,11000000.0,2026-09-06
92190,S100WQMM,2226616000.0,340625000.0,2500000.0,2026-09-06
44180,S100WQTJ,5181177000.0,4244164000.0,396904000.0,2026-09-06
73710,S100WQCF,4806400000.0,2054728000.0,1013334000.0,2026-09-06
52560,S100WQGU,1217418000.0,470828000.0,21000000.0,2026-09-06
94210,S100WOVL,2869027000.0,2274293000.0,200994000.0,2026-09-06
32860,S100WQTF,5945700000.0,7922659000.0,69847000.0,2026-09-06
35380,S100WQBH,22920030000.0,21077650000.0,,2026-09-06
40540,S100WQPM,2099882000.0,2103457000.0,16159000.0,2026-09-06
46570,S100WQ16,2031089000.0,3169961000.0,75682000.0,2026-09-06
60900,S100WPSX,2095627000.0,656688000.0,7000000.0,2026-09-06
29040,S100WQ1K,10851379000.0,16888463000.0,2103756000.0,2026-09-06
93440,S100WQ81,3261000000.0,829000000.0,,2026-09-06
24810,S100WPVC,2360198000.0,640288000.0,1115085000.0,2026-09-06
95570,S100WQ8N,1910263000.0,2200327000.0,,2026-09-06
21540,S100WQCA,19017000000.0,24657000000.0,607000000.0,2026-09-06
43910,S100WPWK,1860141000.0,331839000.0,,2026-09-06
44950,S100WPS5,2525326000.0,1029673000.0,271938000.0,2026-09-06
78210,S100WQAH,50384000000.0,17720000000.0,857000000.0,2026-09-06
38360,S100WPOP,18201545000.0,8603177000.0,1037000000.0,2026-09-06
43960,S100WPID,8165413000.0,4873145000.0,,2026-09-06
93460,S100WOJI,2459975000.0,819268000.0,,2026-09-06
43980,S100WPQK,3034035000.0,2061691000.0,120000000.0,2026-09-06
59030,S100WP45,4821274000.0,1508624000.0,442811000.0,2026-09-06
13810,S100WPSG,12104000000.0,3728000000.0,1122000000.0,2026-09-06
79620,S100WOZY,23355581000.0,10723690000.0,3116368000.0,2026-09-06
48470,S100WP1M,9279761000.0,7624665000.0,1314398000.0,2026-09-06
39840,S100WPIP,8210117000.0,1110342000.0,0.0,2026-09-06
48260,S100WOO0,14265027000.0,3988089000.0,2000841000.0,2026-09-06
31910,S100WO68,53635000000.0,38710000000.0,2740000000.0,2026-09-06
99420,S100WOVG,7006000000.0,19994000000.0,116000000.0,2026-09-06
92670,S100WNXO,37334000000.0,67257000000.0,66000000.0,2026-09-06
55770,S100WM8S,1758352000.0,868309000.0,,2026-09-06
74340,S100WLHT,17228480000.0,10676471000.0,3269683000.0,2026-09-06
55950,S100WLIK,7811000000.0,4383000000.0,,2026-09-06
48340,S100WLAZ,1705676000.0,1386076000.0,766392000.0,2026-09-06
89400,S100WL3S,26452025000.0,28838167000.0,921438000.0,2026-09-06
74200,S100WKMY,72692000000.0,48828000000.0,4344000000.0,2026-09-06
35260,S100WK9X,30062000000.0,33020000000.0,1247000000.0,2026-09-06
50170,S100WJYZ,261690000000.0,303609000000.0,30459000000.0,2026-09-06
17570,S100WHL5,862388000.0,1038035000.0,,2026-09-06
37700,S100WFCH,5509690000.0,525205000.0,424611000.0,2026-09-06
76230,S100WEH1,3725287000.0,8387475000.0,91314000.0,2026-09-06
38430,S100WE4B,31817576000.0,22986762000.0,989025000.0,2026-09-06
47450,S100WC4G,7594946000.0,3247581000.0,25717000.0,2026-09-06
89050,S100WBGH,200778000000.0,1179027000000.0,8685000000.0,2026-09-06
55960,S100WB8B,1291496000.0,366061000.0,,2026-09-06
62930,S100WB4J,59464000000.0,43818000000.0,2652000000.0,2026-09-06
79220,S100W8T1,7311149000.0,3235206000.0,1116493000.0,2026-09-06
58560,S100W9LX,3378437000.0,4388878000.0,790368000.0,2026-09-06
74080,S100W8KM,82884980000.0,93144967000.0,1203097000.0,2026-09-06
65500,S100W9WE,1306109000.0,900978000.0,,2026-09-06
70580,S100W9QB,4559313000.0,2105536000.0,53259000.0,2026-09-06
18410,S100W7B1,6255037000.0,3484279000.0,558181000.0,2026-09-06
96960,S100W7F7,9365175000.0,12103173000.0,3040034000.0,2026-09-06
74550,S100W7NP,26861000000.0,9997000000.0,1172000000.0,2026-09-06
82090,S100W22M,129559000.0,890601000.0,9000000.0,2026-09-06
17760,S100W24X,20558000000.0,14040000000.0,7000000.0,2026-09-06
64160,S100W2J1,4611970000.0,2505165000.0,279494000.0,2026-09-06
31110,S100W6WQ,1877000000.0,16611000000.0,66000000.0,2026-09-06
72290,S100W85O,37185000000.0,12863000000.0,,2026-09-06
82080,S100W7ZH,14139000000.0,27240000000.0,1026000000.0,2026-09-06
76350,S100W8M0,29103000000.0,27394000000.0,934000000.0,2026-09-06
74670,S100W84C,111572000000.0,69345000000.0,1456000000.0,2026-09-06
64060,S100W7Q2,190484000000.0,91225000000.0,11770000000.0,2026-09-06
43040,S100W8B3,8190081000.0,8592266000.0,479217000.0,2026-09-06
79230,S100W7OR,8023033000.0,9325726000.0,2468054000.0,2026-09-06
99270,S100W8VO,3455439000.0,1705120000.0,2348000.0,2026-09-06
90700,S100W6N2,61732000000.0,76343000000.0,20285000000.0,2026-09-06
96280,S100W6NE,11835000000.0,4708000000.0,120000000.0,2026-09-06
33410,S100W6B8,91031000000.0,136735000000.0,18000000.0,2026-09-06
69300,S100W531,14317000000.0,5988000000.0,472000000.0,2026-09-06
94790,S100W5H3,12263777000.0,6144084000.0,821570000.0,2026-09-06
97760,S100W42N,7696690000.0,5497907000.0,209941000.0,2026-09-06
92270,S100W73W,993563000.0,1038682000.0,0.0,2026-09-06
18210,S100W4TI,353377000000.0,334435000000.0,5486000000.0,2026-09-06
79990,S100W6AN,17407000000.0,5150000000.0,3887000000.0,2026-09-06
50090,S100W6T6,11678000000.0,9616000000.0,97000000.0,2026-09-06
18840,S100W5XH,109042000000.0,49711000000.0,1624000000.0,2026-09-06
68790,S100W66Q,41288972000.0,38788243000.0,3081638000.0,2026-09-06
64030,S100W7FM,17679000000.0,14147000000.0,2343000000.0,2026-09-06
44350,S100W7KU,5271000000.0,4232000000.0,59000000.0,2026-09-06
77320,S100VZAD,134551000000.0,136730000000.0,6017000000.0,2026-09-06
38470,S100W6FO,6504481000.0,3059159000.0,287905000.0,2026-09-06
78170,S100W7QA,95496000000.0,44004000000.0,23063000000.0,2026-09-06
23740,S100W4JA,17652998000.0,14919037000.0,91498000.0,2026-09-06
31360,S100W1ZC,1697181000.0,1958251000.0,41739000.0,2026-09-06
19490,S100W3M3,137107000000.0,70732000000.0,22451000000.0,2026-09-06
63730,S100W0XG,36782000000.0,42436000000.0,19798000000.0,2026-09-06
96000,S100W2Q7,12813790000.0,17510439000.0,4854983000.0,2026-09-06
69730,S100W475,34014974000.0,24476403000.0,4549449000.0,2026-09-06
93770,S100W5K2,7269475000.0,4442443000.0,254373000.0,2026-09-06
32940,S100W5U4,25412088000.0,15768578000.0,,2026-09-06
71050,S100W3EB,290856000000.0,414162000000.0,7961000000.0,2026-09-06
79580,S100W3YJ,57881901000.0,20858116000.0,4029795000.0,2026-09-06
39240,S100W5WQ,7366889000.0,2939009000.0,211918000.0,2026-09-06
23440,S100W5OM,9193068000.0,13349258000.0,592365000.0,2026-09-06
40690,S100W5FQ,3389073000.0,1124630000.0,45423000.0,2026-09-06
18900,S100W66J,119007000000.0,83360000000.0,3190000000.0,2026-09-06
90670,S100W1FE,8916000000.0,11881000000.0,2742000000.0,2026-09-06
46900,S100VZ6N,2639810000.0,4862784000.0,285000000.0,2026-09-06
43190,S100W158,11622728000.0,14918830000.0,532733000.0,2026-09-06
90660,S100W2WJ,67720000000.0,72125000000.0,21106000000.0,2026-09-06
74510,S100W2XL,642310000000.0,590381000000.0,33951000000.0,2026-09-06
62970,S100W2NV,8205974000.0,8514892000.0,8107000.0,2026-09-06
82790,S100W205,86135000000.0,174506000000.0,464000000.0,2026-09-06
43330,S100W36W,12008837000.0,4111412000.0,509948000.0,2026-09-06
66700,S100W339,106046000000.0,41381000000.0,874000000.0,2026-09-06
54760,S100W37L,27734000000.0,26862000000.0,830000000.0,2026-09-06
97190,S100W3BI,235405000000.0,135369000000.0,6586000000.0,2026-09-06
202A0,S100W38M,2598993000.0,1281370000.0,,2026-09-06
72050,S100W2O5,808307000000.0,1000954000000.0,125344000000.0,2026-09-06
40800,S100W16T,19294000000.0,20899000000.0,122000000.0,2026-09-06
165A0,S100W23A,9442114000.0,3731606000.0,32500000.0,2026-09-06
17260,S100W14E,36367000000.0,27903000000.0,546000000.0,2026-09-06
69080,S100W0W0,56093000000.0,19839000000.0,239000000.0,2026-09-06
49170,S100W0I5,55960000000.0,20058000000.0,6576000000.0,2026-09-06
46590,S100W1QJ,19956914000.0,5028546000.0,3681434000.0,2026-09-06
79250,S100W0WK,29531000000.0,8932000000.0,7908000000.0,2026-09-06
62100,S100W2OI,21912000000.0,11478000000.0,1048000000.0,2026-09-06
67550,S100W1YW,186332000000.0,129054000000.0,3179000000.0,2026-09-06
70920,S100W2PE,12389000000.0,8897000000.0,3000000.0,2026-09-06
33470,S100W27M,24476286000.0,35058612000.0,248713000.0,2026-09-06
60600,S100W0KR,4546223000.0,10694492000.0,500996000.0,2026-09-06
21960,S100W0WV,8537826000.0,16957802000.0,,2026-09-06
69370,S100W29V,36787000000.0,27554000000.0,1467000000.0,2026-09-06
53520,S100W08P,119166000000.0,86321000000.0,6838000000.0,2026-09-06
45560,S100W0MS,5693656000.0,2324697000.0,218682000.0,2026-09-06
26920,S100W0WW,207634000000.0,165228000000.0,36670000000.0,2026-09-06
70880,S100W14Y,15117000000.0,4628000000.0,10000000.0,2026-09-06
51910,S100VZJC,138492000000.0,184151000000.0,430000000.0,2026-09-06
49740,S100VZNP,62759000000.0,9467000000.0,,2026-09-06
38140,S100W1EG,738508000.0,1563932000.0,619000.0,2026-09-06
96130,S100VWR9,204991000000.0,347493000000.0,4122000000.0,2026-09-06
85150,S100VZ1M,1190579000000.0,1064962000000.0,12086000000.0,2026-09-06
69010,S100VZEP,14052000000.0,13014000000.0,5789000000.0,2026-09-06
35930,S100VZOE,43025000000.0,13921000000.0,9213000000.0,2026-09-06
57270,S100VZ8A,75743000000.0,69454000000.0,,2026-09-06
69570,S100VYDI,32045000000.0,8411000000.0,459000000.0,2026-09-06
71630,S100VXGQ,,10524807000000.0,,2026-09-06
72500,S100VY54,102147000000.0,125058000000.0,43493000000.0,2026-09-06
