secCode,docID,docDescription,submitDateTime,filerName
44650,S100Z0B0,訂正有価証券報告書－第64期(2025/06/01－2026/05/31),2026-09-04 09:02,株式会社ニイタカ
95170,S100Z0MU,訂正有価証券報告書－第28期(2025/04/01－2026/03/31),2026-09-04 15:33,イーレックス株式会社
98160,S100Z0JB,訂正有価証券報告書－第62期(2025/04/01－2026/03/31),2026-09-04 15:34,株式会社　ストライダーズ
208A0,S100Z0JO,有価証券報告書－第2期(2025/07/01－2026/06/30),2026-09-04 15:37,株式会社構造計画研究所ホールディングス
31540,S100Z02J,訂正有価証券報告書－第16期(2024/07/01－2025/06/30),2026-09-03 12:40,メディアスホールディングス株式会社
40990,S100YZOS,訂正有価証券報告書－第106期(2025/01/01－2025/12/31),2026-09-01 15:00,四国化成ホールディングス株式会社
49230,S100YYQN,有価証券報告書－第47期(2025/04/01－2026/03/31),2026-08-31 10:00,コタ株式会社
192A0,S100YZEV,有価証券報告書－第19期(2025/06/01－2026/05/31),2026-08-31 13:25,インテグループ株式会社
288A0,S100YYR9,訂正有価証券報告書－第20期(2025/04/01－2026/03/31),2026-08-31 15:36,ラクサス・テクノロジーズ株式会社
40880,S100YZGY,訂正有価証券報告書－第26期(2025/04/01－2026/03/31),2026-08-31 15:37,エア・ウォーター株式会社
78880,S100YZ2B,有価証券報告書－第93期(2025/06/01－2026/05/31),2026-08-28 10:35,三光合成株式会社
90230,S100YZAA,訂正有価証券報告書－第22期(2025/04/01－2026/03/31),2026-08-28 11:20,東京地下鉄株式会社
63800,S100YZBS,訂正有価証券報告書－第107期(2025/04/01－2026/03/31),2026-08-28 11:39,オリエンタルチエン工業株式会社
45680,S100YZB3,訂正有価証券報告書－第21期(2025/04/01－2026/03/31),2026-08-28 12:28,第一三共株式会社
24620,S100YZCT,有価証券報告書－第33期(2025/06/01－2026/05/31),2026-08-28 13:19,ライク株式会社
59670,S100YZDE,有価証券報告書－第91期(2025/06/01－2026/05/31),2026-08-28 13:53,ＴＯＮＥ株式会社
61500,S100YZ4M,有価証券報告書－第55期(2025/06/01－2026/05/31),2026-08-28 14:33,タケダ機械株式会社
38100,S100YZC8,有価証券報告書－第26期(2025/06/01－2026/05/31),2026-08-28 15:30,サイバーステップホールディングス株式会社
353A0,S100YZBZ,有価証券報告書－第21期(2025/06/01－2026/05/31),2026-08-28 15:31,エレベーターコミュニケーションズ株式会社
82530,S100YZ8K,有価証券報告書（内国信託受益証券等）－第1期(2025/06/13－2026/05/31),2026-08-28 16:00,株式会社クレディセゾン
32360,S100YZF9,有価証券報告書－第40期(2025/06/01－2026/05/31),2026-08-28 16:39,株式会社プロパスト
24370,S100YZC3,有価証券報告書－第37期(2025/06/01－2026/05/31),2026-08-28 16:55,Ｓｈｉｎｗａ　Ｗｉｓｅ　Ｈｏｌｄｉｎｇｓ株式会社
88870,S100YZFP,有価証券報告書－第48期(2025/06/01－2026/05/31),2026-08-28 16:56,株式会社シーラホールディングス
581A0,S100YZFU,有価証券報告書－第50期(2025/06/01－2026/05/31),2026-08-28 17:00,ＧＯ株式会社
78080,S100YYY4,有価証券報告書－第44期(2025/06/01－2026/05/31),2026-08-27 10:05,株式会社シー・エス・ランバー
33210,S100YYVJ,有価証券報告書－第50期(2025/06/01－2026/05/31),2026-08-27 10:44,ミタチ産業株式会社
505A0,S100YZ0G,有価証券報告書－第16期(2025/06/01－2026/05/31),2026-08-27 12:01,株式会社ギークリー
37600,S100YXXZ,有価証券報告書－第32期(2025/06/01－2026/05/31),2026-08-27 12:17,株式会社ケイブ
76730,S100YYF5,有価証券報告書－第51期(2025/06/01－2026/05/31),2026-08-27 14:12,ダイコー通産株式会社
38770,S100YYQ0,訂正有価証券報告書－第110期(2025/04/01－2026/03/31),2026-08-27 14:13,中越パルプ工業株式会社
77250,S100YYJX,有価証券報告書－第34期(2025/06/01－2026/05/31),2026-08-27 14:40,株式会社インターアクション
35010,S100YYVN,有価証券報告書－第137期(2025/06/01－2026/05/31),2026-08-27 15:00,ＳＵＭＩＮＯＥ株式会社
41130,S100YY8G,訂正有価証券報告書－第126期(2025/04/01－2026/03/31),2026-08-27 15:08,田岡化学工業株式会社
44300,S100YYUD,有価証券報告書－第57期(2025/06/01－2026/05/31),2026-08-27 15:30,東海ソフト株式会社
48290,S100YZ0T,有価証券報告書－第38期(2025/06/01－2026/05/31),2026-08-27 15:46,日本エンタープライズ株式会社
27690,S100YZ31,有価証券報告書－第38期(2025/06/01－2026/05/31),2026-08-27 15:51,株式会社ヴィレッジヴァンガードコーポレーション
87950,S100YZ3S,訂正有価証券報告書－第22期(2025/04/01－2026/03/31),2026-08-27 16:12,株式会社Ｔ＆Ｄホールディングス
60440,S100YYT4,有価証券報告書－第49期(2025/06/01－2026/05/31),2026-08-27 16:00,株式会社三機サービス
198A0,S100YZ4E,有価証券報告書－第7期(2025/06/01－2026/05/31),2026-08-27 16:13,ＰｏｓｔＰｒｉｍｅ株式会社
189A0,S100YZ57,有価証券報告書－第11期(2025/06/01－2026/05/31),2026-08-27 16:39,株式会社Ｄ＆Ｍカンパニー
21530,S100YYLT,有価証券報告書－第19期(2025/06/01－2026/05/31),2026-08-26 09:21,Ｅ・Ｊホールディングス株式会社
65050,S100YYOS,有価証券報告書－第165期(2025/06/01－2026/05/31),2026-08-26 10:10,東洋電機製造株式会社
29840,S100YYQ5,訂正有価証券報告書－第37期(2025/04/01－2026/03/31),2026-08-26 10:22,ヤマイチエステート株式会社
79210,S100YYNO,有価証券報告書－第89期(2025/06/01－2026/05/31),2026-08-26 11:39,株式会社ＴＡＫＡＲＡ　＆　ＣＯＭＰＡＮＹ
64960,S100YYFP,有価証券報告書－第100期(2025/06/01－2026/05/31),2026-08-26 12:53,株式会社中北製作所
13760,S100YYEO,有価証券報告書－第79期(2025/06/01－2026/05/31),2026-08-26 13:04,カネコ種苗株式会社
96510,S100YYEW,有価証券報告書－第59期(2025/06/01－2026/05/31),2026-08-26 13:07,日本プロセス株式会社
58690,S100YYSK,有価証券報告書－第34期(2025/04/01－2026/05/31),2026-08-26 13:33,株式会社早稲田学習研究会
40760,S100YYRG,有価証券報告書－第41期(2025/06/01－2026/05/31),2026-08-26 13:38,株式会社シイエヌエス
64600,S100YYNN,訂正有価証券報告書－第22期(2025/04/01－2026/03/31),2026-08-26 14:12,セガサミーホールディングス株式会社
205A0,S100YYTC,有価証券報告書－第6期(2025/06/01－2026/05/31),2026-08-26 14:25,株式会社ロゴスホールディングス
36450,S100YYS4,有価証券報告書－第25期(2025/06/01－2026/05/31),2026-08-26 15:03,株式会社メディカルネット
38240,S100YYIA,有価証券報告書－第30期(2025/06/01－2026/05/31),2026-08-26 15:15,メディアファイブ株式会社
45770,S100YYNI,有価証券報告書－第84期(2025/06/01－2026/05/31),2026-08-26 15:23,ダイト株式会社
277A0,S100YYQX,有価証券報告書－第11期(2025/06/01－2026/05/31),2026-08-26 15:30,グロービング株式会社
14190,S100YYFR,有価証券報告書－第28期(2025/06/01－2026/05/31),2026-08-26 15:30,タマホーム株式会社
41980,S100YXP8,有価証券報告書－第31期(2025/06/01－2026/05/31),2026-08-26 15:30,株式会社テンダ
37910,S100YYRV,有価証券報告書－第37期(2025/06/01－2026/05/31),2026-08-26 15:31,株式会社ＩＧポート
340A0,S100YYUS,有価証券報告書－第11期(2025/06/01－2026/05/31),2026-08-26 15:36,株式会社ジグザグ
40430,S100YY70,訂正有価証券報告書－第162期(2025/04/01－2026/03/31),2026-08-26 15:53,株式会社トクヤマ
27220,S100YYQQ,有価証券報告書－第45期(2025/06/01－2026/05/31),2026-08-26 15:59,株式会社ＩＫホールディングス
59320,S100YYN7,有価証券報告書－第81期(2025/06/01－2026/05/31),2026-08-26 16:00,三協立山株式会社
14010,S100YYQB,有価証券報告書－第29期(2025/06/01－2026/05/31),2026-08-26 16:00,株式会社エムビーエス
60830,S100YYGU,有価証券報告書－第13期(2025/06/01－2026/05/31),2026-08-26 16:21,ＥＲＩホールディングス株式会社
463A0,S100YYT8,有価証券報告書－第1期(2025/12/01－2026/05/31),2026-08-26 16:32,株式会社インテリックスホールディングス
372A0,S100YYO2,有価証券報告書－第42期(2025/06/01－2026/05/31),2026-08-26 16:36,株式会社レント
33490,S100YYDI,有価証券報告書－第44期(2025/06/01－2026/05/31),2026-08-26 16:42,株式会社コスモス薬品
402A0,S100YYV1,有価証券報告書－第7期(2025/06/01－2026/05/31),2026-08-26 16:47,株式会社アクセルスペースホールディングス
464A0,S100YYOW,有価証券報告書－第1期(2025/12/01－2026/05/31),2026-08-26 17:04,株式会社ＱＰＳホールディングス
32970,S100YYGF,有価証券報告書－第43期(2025/06/01－2026/05/31),2026-08-25 09:15,株式会社東武住販
27910,S100YYHK,有価証券報告書－第40期(2025/06/01－2026/05/31),2026-08-25 10:07,大黒天物産株式会社
92650,S100YXFY,有価証券報告書－第9期(2025/06/01－2026/05/31),2026-08-25 10:12,ヤマシタヘルスケアホールディングス株式会社
92160,S100YYAI,有価証券報告書－第27期(2025/06/01－2026/05/31),2026-08-25 10:17,ビーウィズ株式会社
98120,S100YYIN,有価証券報告書－第72期(2025/06/01－2026/05/31),2026-08-25 10:41,株式会社テーオーホールディングス
30210,S100YYIV,有価証券報告書－第38期(2025/06/01－2026/05/31),2026-08-25 11:00,株式会社パシフィックネット
38920,S100YYF7,有価証券報告書－第185期(2025/06/01－2026/05/31),2026-08-25 11:38,株式会社岡山製紙
52900,S100YXM1,訂正有価証券報告書－第8期(2025/04/01－2026/03/31),2026-08-25 11:57,株式会社ベルテクスコーポレーション
29340,S100YYK8,有価証券報告書－第18期(2025/06/01－2026/05/31),2026-08-25 12:57,ジェイフロンティア株式会社
97650,S100YY0T,有価証券報告書－第92期(2025/06/01－2026/05/31),2026-08-25 12:57,株式会社オオバ
74870,S100YY6D,有価証券報告書－第115期(2025/06/01－2026/05/31),2026-08-25 13:00,小津産業株式会社
48850,S100YYBG,有価証券報告書－第80期(2025/06/01－2026/05/31),2026-08-25 14:20,室町ケミカル株式会社
72690,S100YYB1,訂正有価証券報告書－第160期(2025/04/01－2026/03/31),2026-08-25 15:15,スズキ株式会社
60470,S100YYKZ,有価証券報告書－第14期(2025/06/01－2026/05/31),2026-08-25 15:30,株式会社Ｇｕｎｏｓｙ
55750,S100YYMC,有価証券報告書－第12期(2025/06/01－2026/05/31),2026-08-25 15:30,株式会社Ｇｌｏｂｅｅ
65520,S100YYH7,有価証券報告書－第13期(2025/06/01－2026/05/31),2026-08-25 16:00,株式会社ＧａｍｅＷｉｔｈ
523A0,S100YYKB,有価証券報告書－第6期(2025/06/01－2026/05/31),2026-08-25 16:55,株式会社セイワホールディングス
24590,S100YY3G,有価証券報告書－第28期(2025/06/01－2026/05/31),2026-08-24 09:02,アウンコンサルティング株式会社
27920,S100YY3Q,有価証券報告書－第48期(2025/06/01－2026/05/31),2026-08-24 10:33,株式会社ハニーズホールディングス
77130,S100YXKH,有価証券報告書－第51期(2025/06/01－2026/05/31),2026-08-24 13:51,シグマ光機株式会社
14300,S100YXXB,有価証券報告書－第15期(2025/06/01－2026/05/31),2026-08-24 14:14,ファーストコーポレーション株式会社
89080,S100YY3A,有価証券報告書－第48期(2025/06/01－2026/05/31),2026-08-24 14:46,株式会社毎日コムネット
70680,S100YYE5,有価証券報告書－第21期(2025/06/01－2026/05/31),2026-08-24 16:00,フィードフォースグループ株式会社
23030,S100YXLE,有価証券報告書－第35期(2025/06/01－2026/05/31),2026-08-21 09:30,株式会社ドーン
58850,S100YXZQ,有価証券報告書－第11期(2025/06/01－2026/05/31),2026-08-21 10:05,株式会社ジーデップ・アドバンス
47160,S100YY0V,有価証券報告書－第41期(2025/06/01－2026/05/31),2026-08-21 13:26,日本オラクル株式会社
92780,S100YY2G,訂正有価証券報告書－第8期(2025/06/01－2026/05/31),2026-08-21 13:58,ブックオフグループホールディングス株式会社
18870,S100YXXI,有価証券報告書－第97期(2025/06/01－2026/05/31),2026-08-21 15:01,日本国土開発株式会社
13770,S100YXUM,有価証券報告書－第85期(2025/06/01－2026/05/31),2026-08-21 15:30,株式会社　サカタのタネ
73700,S100YXYC,有価証券報告書－第20期(2025/06/01－2026/05/31),2026-08-21 15:40,株式会社Ｅｎｊｉｎ
31480,S100YXNS,有価証券報告書－第29期(2025/06/01－2026/05/31),2026-08-20 09:18,株式会社クリエイトＳＤホールディングス
137A0,S100YXSF,有価証券報告書－第10期(2025/06/01－2026/05/31),2026-08-20 12:43,Ｃｏｃｏｌｉｖｅ株式会社
48250,S100YXMM,有価証券報告書－第40期(2025/06/01－2026/05/31),2026-08-20 13:12,株式会社ウェザーニューズ
27960,S100YXWI,有価証券報告書－第40期(2025/06/01－2026/05/31),2026-08-20 15:16,ファーマライズホールディングス株式会社
40570,S100YXG0,有価証券報告書－第23期(2025/06/01－2026/05/31),2026-08-19 10:02,株式会社インターファクトリー
38560,S100YXMA,有価証券報告書－第27期(2025/04/01－2026/03/31),2026-08-19 11:48,Ａｂａｌａｎｃｅ株式会社
44430,S100YXFQ,有価証券報告書－第19期(2025/06/01－2026/05/31),2026-08-19 15:33,Ｓａｎｓａｎ株式会社
35490,S100YXF5,有価証券報告書－第28期(2025/05/21－2026/05/20),2026-08-19 15:35,株式会社クスリのアオキホールディングス
34090,S100YXKX,訂正有価証券報告書－第103期(2025/04/01－2026/03/31),2026-08-19 15:51,株式会社北紡
27760,S100YXHH,訂正有価証券報告書－第41期(2024/02/01－2025/01/31),2026-08-19 16:18,新都ホールディングス株式会社
43500,S100YX7Q,訂正有価証券報告書－第28期(2025/04/01－2026/03/31),2026-08-18 13:18,株式会社　メディカルシステムネットワーク
96860,S100YXF2,訂正有価証券報告書－第62期(2025/04/01－2026/03/31),2026-08-18 13:25,東洋テック株式会社
31600,S100YX88,有価証券報告書－第76期(2025/06/01－2026/05/31),2026-08-18 15:49,株式会社大光
73630,S100YX4F,訂正有価証券報告書－第35期(2025/01/01－2025/12/31),2026-08-17 15:30,株式会社ベビーカレンダー
72560,S100YWLG,訂正有価証券報告書－第94期(2024/04/01－2025/03/31),2026-08-14 11:00,河西工業株式会社
21680,S100YW7F,有価証券報告書－第19期(2025/06/01－2026/05/31),2026-08-14 15:30,株式会社パソナグループ
87980,S100YWH6,訂正有価証券報告書－第28期(2022/10/01－2023/09/30),2026-08-14 17:15,株式会社アドバンスクリエイト
82520,S100YWE4,訂正有価証券報告書－第90期(2025/04/01－2026/03/31),2026-08-13 15:00,株式会社　丸井グループ
14470,S100YWQ2,訂正有価証券報告書－第8期(2025/04/01－2026/03/31),2026-08-13 17:12,ＳＡＡＦホールディングス株式会社
25020,S100YVTZ,訂正有価証券報告書－第102期(2025/01/01－2025/12/31),2026-08-12 11:30,アサヒグループホールディングス株式会社
69050,S100YUI9,有価証券報告書－第57期(2025/05/21－2026/05/20),2026-08-10 09:14,コーセル株式会社
70120,S100YU10,訂正有価証券報告書－第203期(2025/04/01－2026/03/31),2026-08-07 15:33,川崎重工業株式会社
64930,S100YVDP,訂正有価証券報告書－第104期(2025/04/01－2026/03/31),2026-08-07 16:07,株式会社ＮＩＴＴＡＮ
90720,S100YVHV,訂正有価証券報告書－第85期(2025/04/01－2026/03/31),2026-08-07 17:08,ニッコンホールディングス株式会社
42240,S100YUM9,訂正有価証券報告書－第83期(2025/04/01－2026/03/31),2026-08-06 10:54,ロンシール工業株式会社
85580,S100YUNS,訂正有価証券報告書－第121期(2025/04/01－2026/03/31),2026-08-06 11:24,株式会社東和銀行
35440,S100YUHC,有価証券報告書－第10期(2025/05/16－2026/05/15),2026-08-06 14:00,サツドラホールディングス株式会社
77940,S100YTZ3,訂正有価証券報告書－第17期(2025/04/01－2026/03/31),2026-08-05 09:30,株式会社イーディーピー
72720,S100YTNF,訂正有価証券報告書－第91期(2025/01/01－2025/12/31),2026-08-05 16:00,ヤマハ発動機株式会社
25030,S100YT3M,訂正有価証券報告書－第187期(2025/01/01－2025/12/31),2026-08-03 15:07,キリンホールディングス株式会社
46890,S100YTT6,訂正有価証券報告書－第31期(2025/04/01－2026/03/31),2026-08-03 15:47,ＬＩＮＥヤフー株式会社
46670,S100YTFF,訂正有価証券報告書－第56期(2025/04/01－2026/03/31),2026-07-31 10:14,アイサンテクノロジー株式会社
71330,S100YT7I,訂正有価証券報告書－第19期(2025/04/01－2026/03/31),2026-07-31 10:16,ＨＹＵＧＡ　ＰＲＩＭＡＲＹ　ＣＡＲＥ株式会社
78750,S100YT5G,訂正有価証券報告書－第88期(2025/04/01－2026/03/31),2026-07-31 10:35,竹田ｉＰホールディングス株式会社
29980,S100YTD0,訂正有価証券報告書－第15期(2025/04/01－2026/03/31),2026-07-31 15:48,クリアル株式会社
94440,S100YTD8,有価証券報告書－第40期(2025/05/01－2026/04/30),2026-07-31 15:51,株式会社トーシンホールディングス
66620,S100YTAR,訂正有価証券報告書－第49期(2024/07/01－2025/06/30),2026-07-31 16:06,株式会社ユビテック
391A0,S100YT4P,有価証券報告書－第36期(2025/05/01－2026/04/30),2026-07-30 10:00,株式会社山忠
83030,S100YT5Q,訂正有価証券報告書－第26期(2025/04/01－2026/03/31),2026-07-30 11:01,株式会社ＳＢＩ新生銀行
80300,S100YTB5,訂正有価証券報告書－第79期(2025/04/01－2026/03/31),2026-07-30 15:47,中央魚類株式会社
26780,S100YSYE,有価証券報告書－第63期(2025/05/21－2026/05/20),2026-07-30 15:31,アスクル株式会社
49340,S100YTAL,訂正有価証券報告書－第16期(2024/08/01－2025/07/31),2026-07-30 15:40,プレミアアンチエイジング株式会社
38230,S100YTBE,有価証券報告書－第22期(2025/09/01－2026/04/30),2026-07-30 16:38,ＴＨＥ　ＷＨＹ　ＨＯＷ　ＤＯ　ＣＯＭＰＡＮＹ株式会社
96270,S100YSTQ,有価証券報告書－第57期(2025/05/01－2026/04/30),2026-07-29 10:35,株式会社アインホールディングス
45520,S100YSOS,訂正有価証券報告書－第51期(2025/04/01－2026/03/31),2026-07-29 14:19,ＪＣＲファーマ株式会社
186A0,S100YSZC,有価証券報告書－第8期(2025/05/01－2026/04/30),2026-07-29 15:34,株式会社アストロスケールホールディングス
324A0,S100YSTV,有価証券報告書－第13期(2025/05/01－2026/04/30),2026-07-29 15:34,株式会社ブッキングリゾート
50790,S100YSTZ,有価証券報告書－第62期(2025/05/01－2026/04/30),2026-07-29 15:37,株式会社ノバック
39030,S100YSP4,有価証券報告書－第19期(2025/05/01－2026/04/30),2026-07-29 15:47,株式会社ｇｕｍｉ
70500,S100YSV9,有価証券報告書－第36期(2025/05/01－2026/04/30),2026-07-29 16:01,株式会社フロンティアインターナショナル
184A0,S100YSR5,有価証券報告書－第12期(2025/05/01－2026/04/30),2026-07-29 16:26,株式会社学びエイド
31610,S100YSKW,有価証券報告書－第85期(2025/05/01－2026/04/30),2026-07-29 16:30,アゼアス株式会社
33610,S100YSDU,有価証券報告書－第63期(2025/05/01－2026/04/30),2026-07-28 10:00,株式会社トーエル
76040,S100YSIF,有価証券報告書－第47期(2025/05/01－2026/04/30),2026-07-28 10:13,株式会社　梅の花グループ
33290,S100YSG1,有価証券報告書－第27期(2025/05/01－2026/04/30),2026-07-28 11:13,東和フードサービス株式会社
27510,S100YS8T,有価証券報告書－第34期(2025/05/01－2026/04/30),2026-07-28 13:36,株式会社テンポスホールディングス
61610,S100YSNM,訂正有価証券報告書－第33期(2025/03/21－2026/03/20),2026-07-28 14:30,株式会社エスティック
30700,S100YSM1,訂正有価証券報告書－第36期(2025/02/01－2026/01/31),2026-07-28 15:23,株式会社ジェリービーンズグループ
44310,S100YSPI,有価証券報告書－第21期(2025/05/01－2026/04/30),2026-07-28 16:41,株式会社スマレジ
272A0,S100YSCR,有価証券報告書－第2期(2025/05/01－2026/04/30),2026-07-27 09:27,株式会社グリーンクロスホールディングス
82820,S100YSC3,訂正有価証券報告書－第46期(2025/04/01－2026/03/31),2026-07-27 10:11,株式会社ケーズホールディングス
29100,S100YSC6,有価証券報告書－第54期(2025/05/01－2026/04/30),2026-07-27 13:07,株式会社ロック・フィールド
66990,S100YRS9,訂正有価証券報告書－第8期(2025/04/01－2026/03/31),2026-07-27 13:30,ダイヤモンドエレクトリックホールディングス株式会社
215A0,S100YS8Y,有価証券報告書－第10期(2025/11/01－2026/04/30),2026-07-27 15:30,株式会社タイミー
50320,S100YSEA,有価証券報告書－第9期(2025/05/01－2026/04/30),2026-07-27 15:30,ＡＮＹＣＯＬＯＲ株式会社
70950,S100YSEQ,有価証券報告書－第11期(2025/05/01－2026/04/30),2026-07-27 15:35,株式会社Ｍａｃｂｅｅ　Ｐｌａｎｅｔ
500A0,S100YSBO,有価証券報告書－第12期(2025/05/01－2026/04/30),2026-07-27 16:00,株式会社ＴＯブックス
74350,S100YSCT,有価証券報告書－第76期(2025/05/01－2026/04/30),2026-07-27 16:03,株式会社ナ・デックス
46710,S100YS5W,訂正有価証券報告書－第39期(2025/04/01－2026/03/31),2026-07-24 09:27,株式会社ファルコホールディングス
24380,S100YRYL,有価証券報告書－第31期(2025/05/01－2026/04/30),2026-07-24 09:35,株式会社アスカネット
90240,S100YS3Z,訂正有価証券報告書－第21期(2025/04/01－2026/03/31),2026-07-24 12:05,株式会社西武ホールディングス
71800,S100YS88,訂正有価証券報告書－第11期(2025/04/01－2026/03/31),2026-07-24 13:00,株式会社九州フィナンシャルグループ
68220,S100YS21,訂正有価証券報告書－第102期(2025/04/01－2026/03/31),2026-07-24 15:11,大井電気株式会社
436A0,S100YRSR,有価証券報告書－第4期(2025/05/01－2026/04/30),2026-07-24 15:31,サイバーソリューションズ株式会社
31340,S100YS4J,有価証券報告書－第28期(2025/05/01－2026/04/30),2026-07-24 15:32,Ｈａｍｅｅ株式会社
17660,S100YS6C,有価証券報告書－第50期(2025/05/01－2026/04/30),2026-07-24 15:40,東建コーポレーション株式会社
31800,S100YS74,有価証券報告書－第24期(2025/05/01－2026/04/30),2026-07-24 15:46,株式会社ビューティガレージ
23340,S100YS79,訂正有価証券報告書－第25期(2025/04/01－2026/03/31),2026-07-24 16:28,株式会社イオレ
14360,S100YRWH,有価証券報告書－第18期(2025/05/01－2026/04/30),2026-07-23 09:00,株式会社グリーンエナジー＆カンパニー
92680,S100YRX1,訂正有価証券報告書－第12期(2025/04/01－2026/03/31),2026-07-23 09:54,株式会社オプティマスグループ
68140,S100YS03,訂正有価証券報告書－第75期(2025/03/01－2026/02/28),2026-07-23 12:51,古野電気株式会社
72450,S100YRAI,訂正有価証券報告書－第118期(2025/04/01－2026/03/31),2026-07-23 14:00,大同メタル工業株式会社
89350,S100YS0Y,訂正有価証券報告書－第46期(2025/04/01－2026/03/31),2026-07-23 14:52,株式会社ＦＪネクストホールディングス
64180,S100YRPE,訂正有価証券報告書－第73期(2025/04/01－2026/03/31),2026-07-23 15:20,日本金銭機械株式会社
43820,S100YS1Z,有価証券報告書－第18期(2025/05/01－2026/04/30),2026-07-23 15:28,ＨＥＲＯＺ株式会社
35240,S100YQZ2,有価証券報告書－第125期(2025/05/01－2026/04/30),2026-07-23 15:32,日東製網株式会社
22940,S100YRG8,有価証券報告書－第58期(2025/05/01－2026/04/30),2026-07-23 15:35,株式会社柿安本店
441A0,S100YRYV,有価証券報告書－第4期(2025/05/01－2026/04/30),2026-07-23 15:59,ＮＥ株式会社
59710,S100YR73,有価証券報告書－第67期(2025/05/01－2026/04/30),2026-07-22 09:10,株式会社共和工業所
30310,S100YRIV,有価証券報告書－第30期(2025/05/01－2026/04/30),2026-07-22 09:45,株式会社ラクーンホールディングス
18730,S100YR5P,有価証券報告書－第58期(2025/05/01－2026/04/30),2026-07-22 10:00,株式会社日本ハウスホールディングス
79010,S100YRR3,有価証券報告書－第38期(2025/05/01－2026/04/30),2026-07-22 13:47,株式会社マツモト
34440,S100YROC,有価証券報告書－第51期(2025/05/01－2026/04/30),2026-07-22 13:53,株式会社菊池製作所
92040,S100YRPF,訂正有価証券報告書－第30期(2025/04/01－2026/03/31),2026-07-22 15:31,スカイマーク株式会社
77770,S100YR3G,有価証券報告書－第22期(2025/05/01－2026/04/30),2026-07-22 16:01,株式会社スリー・ディー・マトリックス
82670,S100YQ6Y,訂正有価証券報告書－第101期(2025/03/01－2026/02/28),2026-07-21 11:04,イオン株式会社
69430,S100YQ47,訂正有価証券報告書－第73期(2025/04/01－2026/03/31),2026-07-21 13:09,ＮＫＫスイッチズ株式会社
29230,S100YR44,有価証券報告書－第66期(2025/05/01－2026/04/30),2026-07-21 13:45,サトウ食品株式会社
84210,S100YRHX,訂正有価証券報告書－第76期(2025/04/01－2026/03/31),2026-07-21 14:16,信金中央金庫
92060,S100YR88,訂正有価証券報告書－第24期(2025/04/01－2026/03/31),2026-07-21 15:37,株式会社スターフライヤー
556A0,S100YRFE,有価証券報告書－第8期(2025/05/01－2026/04/30),2026-07-21 15:35,犬猫生活株式会社
25930,S100YRK7,有価証券報告書－第61期(2025/05/01－2026/04/30),2026-07-21 16:20,株式会社伊藤園
83990,S100YR60,訂正有価証券報告書－第110期(2025/04/01－2026/03/31),2026-07-17 13:53,株式会社琉球銀行
66560,S100YR8L,有価証券報告書－第38期(2025/05/01－2026/04/30),2026-07-17 15:31,インスペック株式会社
92380,S100YRA4,訂正有価証券報告書－第18期(2025/03/01－2026/02/28),2026-07-17 16:28,バリュークリエーション株式会社
64700,S100YQR5,訂正有価証券報告書－第120期(2025/04/01－2026/03/31),2026-07-16 09:04,大豊工業株式会社
44030,S100YO71,訂正有価証券報告書－第103期(2025/04/01－2026/03/31),2026-07-16 10:59,日油株式会社
19820,S100YQYG,訂正有価証券報告書－第61期(2025/04/01－2026/03/31),2026-07-16 15:28,日比谷総合設備株式会社
90010,S100YQNE,訂正有価証券報告書－第206期(2025/04/01－2026/03/31),2026-07-15 11:50,東武鉄道株式会社
37630,S100YQQC,訂正有価証券報告書－第57期(2025/04/01－2026/03/31),2026-07-15 12:15,株式会社プロシップ
31680,S100YQFO,訂正有価証券報告書－第40期(2024/09/01－2025/08/31),2026-07-14 10:39,株式会社ＭＥＲＦ
40260,S100YQCW,有価証券報告書－第110期(2025/05/01－2026/04/30),2026-07-14 16:03,神島化学工業株式会社
42030,S100YITP,訂正有価証券報告書－第135期(2025/04/01－2026/03/31),2026-07-13 09:05,住友ベークライト株式会社
76110,S100YQ0A,訂正有価証券報告書－第48期(2025/03/01－2026/02/28),2026-07-13 09:30,株式会社ハイデイ日高
33580,S100YQ83,訂正有価証券報告書－第32期(2025/04/01－2026/03/31),2026-07-13 13:14,Ｔｒａｉｌｈｅａｄ　Ｇｌｏｂａｌ　Ｈｏｌｄｉｎｇｓ株式会社
65080,S100YQ5Z,訂正有価証券報告書－第162期(2025/04/01－2026/03/31),2026-07-13 16:06,株式会社明電舎
78150,S100YQAW,訂正有価証券報告書－第81期(2025/04/01－2026/02/28),2026-07-13 16:57,東京ボード工業株式会社
60850,S100YPV3,訂正有価証券報告書－第19期(2025/04/01－2026/02/28),2026-07-10 10:21,アーキテクツ・スタジオ・ジャパン株式会社
18820,S100YP7Y,訂正有価証券報告書－第120期(2025/04/01－2026/03/31),2026-07-10 10:21,東亜道路工業株式会社
41820,S100YOVV,訂正有価証券報告書－第99期(2025/04/01－2026/03/31),2026-07-10 13:10,三菱瓦斯化学株式会社
19680,S100YPZ0,訂正有価証券報告書－第86期(2025/04/01－2026/03/31),2026-07-10 15:21,太平電業株式会社
79910,S100YPE4,訂正有価証券報告書－第84期(2025/04/01－2026/03/31),2026-07-08 09:30,マミヤ・オーピー株式会社
78640,S100YPHI,訂正有価証券報告書－第68期(2025/04/01－2026/03/31),2026-07-08 13:39,株式会社フジシールインターナショナル
45280,S100YOIE,訂正有価証券報告書－第78期(2025/04/01－2026/03/31),2026-07-08 15:00,小野薬品工業株式会社
31330,S100YPJM,訂正有価証券報告書－第23期(2025/04/01－2026/03/31),2026-07-08 17:00,株式会社海帆
74880,S100YP3N,有価証券報告書－第61期(2025/04/21－2026/04/20),2026-07-07 09:41,株式会社ヤガミ
51330,S100YPAC,訂正有価証券報告書－第4期(2025/04/01－2026/03/31),2026-07-07 14:46,株式会社テリロジーホールディングス
62330,S100YO1C,訂正有価証券報告書－第77期(2024/10/01－2025/09/30),2026-07-07 15:33,ＫＬＡＳＳ株式会社
68670,S100YPAA,訂正有価証券報告書－第72期(2025/04/01－2026/03/31),2026-07-07 16:50,リーダー電子株式会社
80150,S100YOTT,訂正有価証券報告書－第105期(2025/04/01－2026/03/31),2026-07-06 11:26,豊田通商株式会社
34330,S100YOZB,訂正有価証券報告書－第75期(2025/04/01－2026/03/31),2026-07-06 14:35,トーカロ株式会社
68200,S100YP1U,訂正有価証券報告書－第62期(2025/04/01－2026/03/31),2026-07-06 15:10,アイコム株式会社
43230,S100YOCW,訂正有価証券報告書－第54期(2025/04/01－2026/03/31),2026-07-03 09:01,日本システム技術株式会社
28180,S100YOI8,訂正有価証券報告書－第41期(2025/04/01－2026/03/31),2026-07-03 10:30,株式会社ピエトロ
39620,S100YONX,訂正有価証券報告書－第24期(2025/04/01－2026/03/31),2026-07-03 12:50,株式会社チェンジホールディングス
23450,S100YOOP,訂正有価証券報告書－第30期(2024/11/01－2025/10/31),2026-07-03 13:34,株式会社ＨＯＤＬ１
23320,S100YOIU,訂正有価証券報告書－第62期(2025/04/01－2026/03/31),2026-07-03 14:24,株式会社クエスト
53880,S100YOPN,訂正有価証券報告書－第92期(2025/04/01－2026/03/31),2026-07-03 14:37,クニミネ工業株式会社
52530,S100YOKU,訂正有価証券報告書－第10期(2025/04/01－2026/03/31),2026-07-03 15:32,カバー株式会社
61550,S100YOLD,訂正有価証券報告書－第65期(2025/04/01－2026/03/31),2026-07-03 16:21,高松機械工業株式会社
70420,S100YON3,訂正有価証券報告書－第37期(2025/04/01－2026/03/31),2026-07-03 16:35,株式会社アクセスグループ・ホールディングス
47500,S100YNWZ,有価証券報告書－第52期(2025/04/21－2026/04/20),2026-07-02 14:56,株式会社ダイサン
23230,S100YOGM,訂正有価証券報告書－第30期(2025/04/01－2026/03/31),2026-07-02 16:50,株式会社ｆｏｎｆｕｎ
78590,S100YNXZ,訂正有価証券報告書－第46期(2025/04/01－2026/03/31),2026-07-01 15:30,株式会社アルメディオ
39150,S100YO1B,訂正有価証券報告書－第20期(2025/03/01－2026/02/28),2026-07-01 15:34,株式会社テラスカイ
61660,S100YO1L,訂正有価証券報告書－第56期(2025/04/01－2026/03/31),2026-07-01 15:35,株式会社中村超硬
65740,S100YN95,有価証券報告書－第13期(2025/04/01－2026/03/31),2026-06-30 09:00,株式会社コンヴァノ
79850,S100YN9E,有価証券報告書－第79期(2025/04/01－2026/03/31),2026-06-30 09:06,ネポン株式会社
76010,S100YN5U,訂正有価証券報告書－第51期(2025/03/01－2026/02/28),2026-06-30 10:00,株式会社ポプラ
39250,S100YN9T,有価証券報告書－第14期(2025/04/01－2026/03/31),2026-06-30 10:06,株式会社ダブルスタンダード
87250,S100YNCJ,有価証券報告書－第18期(2025/04/01－2026/03/31),2026-06-30 10:07,ＭＳ＆ＡＤインシュアランスグループホールディングス株式会社
42400,S100YNDU,有価証券報告書－第35期(2025/04/01－2026/03/31),2026-06-30 10:24,クラスターテクノロジー株式会社
54710,S100YNEC,有価証券報告書－第102期(2025/04/01－2026/03/31),2026-06-30 11:15,大同特殊鋼株式会社
67060,S100YH6S,有価証券報告書－第100期(2025/04/01－2026/03/31),2026-06-30 11:26,電気興業株式会社
90850,S100YNFT,有価証券報告書－第83期(2025/04/01－2026/03/31),2026-06-30 11:40,北海道中央バス株式会社
98180,S100YNGJ,訂正有価証券報告書－第76期(2025/04/01－2026/03/31),2026-06-30 11:54,大丸エナウィン株式会社
23210,S100YNI3,有価証券報告書－第29期(2025/04/01－2026/03/31),2026-06-30 13:05,株式会社ソフトフロントホールディングス
90600,S100YNBV,有価証券報告書－第110期(2025/04/01－2026/03/31),2026-06-30 13:20,日本ロジテム株式会社
46500,S100YNJD,有価証券報告書－第72期(2025/04/01－2026/03/31),2026-06-30 13:24,ＳＤエンターテイメント株式会社
49360,S100YN1G,訂正有価証券報告書－第14期(2024/08/01－2025/07/31),2026-06-30 13:31,株式会社アクシージア
57210,S100YNKO,有価証券報告書－第107期(2025/04/01－2026/03/31),2026-06-30 13:51,エスクリプトエナジー株式会社
96100,S100YNLK,有価証券報告書－第45期(2025/04/01－2026/03/31),2026-06-30 14:04,ウィルソン・ラーニング　ワールドワイド株式会社
68400,S100YH7L,有価証券報告書－第44期(2025/04/01－2026/03/31),2026-06-30 14:06,株式会社ＡＫＩＢＡホールディングス
65620,S100YNBB,有価証券報告書－第16期(2025/04/01－2026/03/31),2026-06-30 14:50,株式会社ジーニー
554A0,S100YNO3,有価証券報告書－第8期(2025/04/01－2026/03/31),2026-06-30 15:02,株式会社バトンズ
78860,S100YMK7,有価証券報告書－第71期(2025/04/01－2026/03/31),2026-06-30 15:17,ヤマト　モビリティ　＆　Ｍｆｇ．株式会社
21340,S100YNIS,有価証券報告書－第34期(2025/04/01－2026/03/31),2026-06-30 15:30,北浜キャピタルパートナーズ株式会社
60690,S100YNGH,有価証券報告書－第26期(2025/04/01－2026/03/31),2026-06-30 15:30,トレンダーズ株式会社
147A0,S100YGJH,有価証券報告書－第13期(2025/04/01－2026/03/31),2026-06-30 15:30,株式会社ソラコム
48820,S100YNJJ,訂正有価証券報告書－第26期(2025/04/01－2026/03/31),2026-06-30 15:30,株式会社ペルセウスプロテオミクス
71380,S100YNOG,有価証券報告書－第21期(2025/04/01－2026/03/31),2026-06-30 15:43,株式会社ＴＯＲＩＣＯ
81540,S100YNQJ,有価証券報告書－第58期(2025/04/01－2026/03/31),2026-06-30 15:48,加賀電子株式会社
23400,S100YNP2,訂正有価証券報告書－第47期(2025/04/01－2026/03/31),2026-06-30 15:56,株式会社　極楽湯ホールディングス
87460,S100YNMZ,有価証券報告書－第54期(2025/04/01－2026/03/31),2026-06-30 16:17,ｕｎｂａｎｋｅｄ株式会社
36860,S100YNSR,有価証券報告書－第25期(2025/04/01－2026/03/31),2026-06-30 16:31,株式会社ディー・エル・イー
19090,S100YNKG,有価証券報告書－第74期(2025/04/01－2026/03/31),2026-06-30 16:35,日本ドライケミカル株式会社
65790,S100YNSQ,有価証券報告書－第20期(2025/04/01－2026/03/31),2026-06-30 16:36,ログリー株式会社
54840,S100YNM9,有価証券報告書－第127期(2025/04/01－2026/03/31),2026-06-30 16:50,東北特殊鋼株式会社
81360,S100YNR0,有価証券報告書－第66期(2025/04/01－2026/03/31),2026-06-30 16:52,株式会社サンリオ
44440,S100YNSJ,訂正有価証券報告書－第24期(2025/04/01－2026/03/31),2026-06-30 16:55,株式会社インフォネット
39330,S100YNS5,有価証券報告書－第29期(2025/04/01－2026/03/31),2026-06-30 16:56,チエル株式会社
61950,S100YMFF,有価証券報告書－第33期(2025/04/01－2026/03/31),2026-06-29 09:00,株式会社ホープ
75650,S100YLNO,有価証券報告書－第80期(2025/04/01－2026/03/31),2026-06-29 09:10,萬世電機株式会社
21460,S100YKK1,有価証券報告書－第19期(2025/04/01－2026/03/31),2026-06-29 09:13,ＵＴグループ株式会社
77090,S100XQ6A,有価証券報告書－第41期(2025/04/01－2026/03/31),2026-06-29 09:23,クボテック株式会社
79800,S100YKGZ,有価証券報告書－第80期(2025/04/01－2026/03/31),2026-06-29 09:31,株式会社　重松製作所
74260,S100YMIT,有価証券報告書－第68期(2025/04/01－2026/03/31),2026-06-29 09:47,株式会社　山大
30590,S100YJ9F,有価証券報告書－第49期(2025/04/01－2026/03/31),2026-06-29 09:55,ヒラキ株式会社
73990,S100YM6C,有価証券報告書－第80期(2025/04/01－2026/03/31),2026-06-29 09:56,株式会社ナンシン
31560,S100YJ4V,有価証券報告書－第17期(2025/04/01－2026/03/31),2026-06-29 10:00,株式会社レスター
74900,S100YKC9,有価証券報告書－第82期(2025/04/01－2026/03/31),2026-06-29 10:00,日新商事株式会社
59660,S100YJPO,有価証券報告書－第76期(2025/04/01－2026/03/31),2026-06-29 10:05,京都機械工具株式会社
27630,S100YLMI,有価証券報告書－第41期(2025/04/01－2026/03/31),2026-06-29 10:11,株式会社エフティグループ
32240,S100YMM9,有価証券報告書－第26期(2025/04/01－2026/03/31),2026-06-29 10:36,株式会社ゼネラル・オイスター
78720,S100YLKC,有価証券報告書－第68期(2025/04/01－2026/03/31),2026-06-29 10:55,エステールホールディングス株式会社
94230,S100YKOH,有価証券報告書－第32期(2025/04/01－2026/03/31),2026-06-29 11:12,株式会社フォーバル・リアルストレート
26560,S100YLWG,有価証券報告書－第38期(2025/04/01－2026/03/31),2026-06-29 11:20,株式会社ベクターホールディングス
70310,S100YMRC,有価証券報告書－第11期(2025/04/01－2026/03/31),2026-06-29 11:59,株式会社インバウンドテック
32930,S100YL9X,有価証券報告書－第49期(2025/04/01－2026/03/31),2026-06-29 12:31,アズマハウス株式会社
63560,S100YMQ1,有価証券報告書－第124期(2025/04/01－2026/03/31),2026-06-29 12:46,日本ギア工業株式会社
75240,S100YML0,有価証券報告書－第54期(2025/04/01－2026/03/31),2026-06-29 13:02,マルシェ株式会社
74620,S100YM73,有価証券報告書－第77期(2025/04/01－2026/03/31),2026-06-29 13:03,株式会社ＣＡＰＩＴＡ
99040,S100YMU6,訂正有価証券報告書－第82期(2025/04/01－2026/03/31),2026-06-29 13:12,株式会社ベリテ
32050,S100YMAI,有価証券報告書－第103期(2025/04/01－2026/03/31),2026-06-29 13:33,株式会社ダイドーリミテッド
75380,S100YM6T,有価証券報告書－第91期(2025/04/01－2026/03/31),2026-06-29 13:53,株式会社大水
77210,S100YMS0,有価証券報告書－第95期(2025/04/01－2026/03/31),2026-06-29 14:19,東京計器株式会社
21520,S100YMXV,訂正有価証券報告書－第54期(2025/04/01－2026/03/31),2026-06-29 14:24,幼児活動研究会株式会社
35210,S100YMXL,有価証券報告書－第146期(2025/04/01－2026/03/31),2026-06-29 14:25,テルマー湯ホールディングス株式会社
54820,S100YLIN,有価証券報告書－第122期(2025/04/01－2026/03/31),2026-06-29 14:26,愛知製鋼株式会社
31790,S100YMZS,訂正有価証券報告書－第21期(2025/04/01－2026/03/31),2026-06-29 14:40,シュッピン株式会社
75220,S100YMJJ,有価証券報告書－第40期(2025/04/01－2026/03/31),2026-06-29 14:53,ワタミ株式会社
549A0,S100YM06,有価証券報告書－第7期(2025/04/01－2026/03/31),2026-06-29 15:00,ヒトトヒトホールディングス株式会社
78630,S100YLE6,有価証券報告書－第71期(2025/04/01－2026/03/31),2026-06-29 15:12,株式会社平賀
78360,S100YM6H,有価証券報告書－第37期(2025/04/01－2026/03/31),2026-06-29 15:21,アビックス株式会社
81050,S100YM8W,有価証券報告書－第122期(2025/04/01－2026/03/31),2026-06-29 15:29,Ｂｉｔｃｏｉｎ　Ｊａｐａｎ株式会社
94350,S100YN0V,有価証券報告書－第39期(2025/04/01－2026/03/31),2026-06-29 15:30,株式会社光通信
65640,S100YMTN,有価証券報告書－第62期(2025/04/01－2026/03/31),2026-06-29 15:30,株式会社ミダックホールディングス
24790,S100YN23,有価証券報告書－第30期(2025/04/01－2026/03/31),2026-06-29 15:34,株式会社ジェイテック
263A0,S100YN30,有価証券報告書－第20期(2025/04/01－2026/03/31),2026-06-29 15:36,株式会社デジタルキューブ
81410,S100YME7,有価証券報告書－第73期(2025/04/01－2026/03/31),2026-06-29 15:40,新光商事株式会社
62980,S100YMTQ,有価証券報告書－第54期(2025/04/01－2026/03/31),2026-06-29 15:44,ワイエイシイホールディングス株式会社
64050,S100YN3J,有価証券報告書－第66期(2025/04/01－2026/03/31),2026-06-29 15:51,鈴茂器工株式会社
98900,S100YN3H,有価証券報告書－第74期(2025/04/01－2026/03/31),2026-06-29 15:52,株式会社マキヤ
63570,S100YMU3,訂正有価証券報告書－第76期(2025/04/01－2026/03/31),2026-06-29 15:54,三精テクノロジーズ株式会社
30110,S100YHFW,有価証券報告書－第77期(2025/04/01－2026/03/31),2026-06-29 15:57,株式会社バナーズ
97600,S100YM41,有価証券報告書－第51期(2025/04/01－2026/03/31),2026-06-29 15:58,株式会社　進学会ホールディングス
92570,S100YB3Z,有価証券報告書－第5期(2025/01/01－2025/12/31),2026-06-29 16:04,ＹＣＰホールディングス（グローバル）リミテッド
36460,S100YMSD,有価証券報告書－第24期(2025/04/01－2026/03/31),2026-06-29 16:08,株式会社駅探
36280,S100YMTV,有価証券報告書－第46期(2025/04/01－2026/03/31),2026-06-29 16:09,株式会社データホライゾン
254A0,S100YCG3,有価証券報告書－第2期(2025/04/01－2026/03/31),2026-06-29 16:21,ＡＩフュージョンキャピタルグループ株式会社
71870,S100YM65,有価証券報告書－第23期(2025/04/01－2026/03/31),2026-06-29 16:24,ジェイリース株式会社
75780,S100YN6A,有価証券報告書－第60期(2025/04/01－2026/03/31),2026-06-29 16:24,株式会社ニチリョク
85180,S100YMG4,有価証券報告書－第45期(2025/04/01－2026/03/31),2026-06-29 16:27,日本アジア投資株式会社
38580,S100YDYA,有価証券報告書－第25期(2025/04/01－2026/03/31),2026-06-29 16:31,株式会社ユビキタスＡＩ
48140,S100YN09,有価証券報告書－第36期(2025/04/01－2026/03/31),2026-06-29 16:33,ネクストウェア株式会社
45840,S100YMXX,有価証券報告書－第26期(2025/04/01－2026/03/31),2026-06-29 16:35,キッズウェル・バイオ株式会社
61040,S100YLEZ,有価証券報告書－第103期(2025/04/01－2026/03/31),2026-06-29 16:48,芝浦機械株式会社
39050,S100YMGV,有価証券報告書－第26期(2025/04/01－2026/03/31),2026-06-29 16:50,データセクション株式会社
28940,S100YMHZ,有価証券報告書－第85期(2025/04/01－2026/03/31),2026-06-29 16:55,石井食品株式会社
62480,S100YETX,有価証券報告書－第73期(2025/04/01－2026/03/31),2026-06-26 09:02,株式会社横田製作所
45700,S100YLCK,有価証券報告書－第44期(2025/04/01－2026/03/31),2026-06-26 09:03,株式会社免疫生物研究所
36410,S100YJ7Y,有価証券報告書－第32期(2025/04/01－2026/03/31),2026-06-26 09:05,株式会社パピレス
29240,S100Y9CI,有価証券報告書－第54期(2025/04/01－2026/03/31),2026-06-26 09:07,イフジ産業株式会社
83610,S100YLKM,訂正有価証券報告書－第213期(2024/04/01－2025/03/31),2026-06-26 09:11,株式会社　大垣共立銀行
64390,S100YIME,有価証券報告書－第115期(2025/04/01－2026/03/31),2026-06-26 09:12,中日本鋳工株式会社
81350,S100YJPU,有価証券報告書－第77期(2025/04/01－2026/03/31),2026-06-26 09:14,ゼット株式会社
77710,S100YKSP,有価証券報告書－第48期(2025/04/01－2026/03/31),2026-06-26 09:27,日本精密株式会社
40080,S100YKNS,有価証券報告書－第113期(2025/04/01－2026/03/31),2026-06-26 09:36,住友精化株式会社
80120,S100YK28,訂正有価証券報告書－第111期(2025/04/01－2026/03/31),2026-06-26 09:40,長瀬産業株式会社
82250,S100YJCQ,有価証券報告書－第80期(2025/04/01－2026/03/31),2026-06-26 09:53,株式会社タカチホ
97390,S100YJ3Q,有価証券報告書－第60期(2025/04/01－2026/03/31),2026-06-26 10:02,ＮＳＷ株式会社
42220,S100YLN8,有価証券報告書－第99期(2025/04/01－2026/03/31),2026-06-26 10:07,児玉化学工業株式会社
63330,S100YL5Z,有価証券報告書－第122期(2025/04/01－2026/03/31),2026-06-26 10:17,株式会社ＴＥＩＫＯＫＵ
39530,S100YK44,有価証券報告書－第62期(2025/04/01－2026/03/31),2026-06-26 10:27,大村紙業株式会社
97660,S100YKX5,有価証券報告書－第54期(2025/04/01－2026/03/31),2026-06-26 10:30,コナミグループ株式会社
66760,S100YGR6,有価証券報告書－第40期(2025/04/01－2026/03/31),2026-06-26 10:32,株式会社バッファロー
90350,S100Y9O5,有価証券報告書－第62期(2025/04/01－2026/03/31),2026-06-26 10:41,第一交通産業株式会社
35040,S100YLPB,有価証券報告書－第14期(2025/04/01－2026/03/31),2026-06-26 10:51,株式会社丸八ホールディングス
69420,S100YFIK,有価証券報告書－第51期(2025/04/01－2026/03/31),2026-06-26 10:53,株式会社ソフィアホールディングス
35290,S100YKV3,有価証券報告書－第100期(2025/04/01－2026/03/31),2026-06-26 10:57,アツギ株式会社
78680,S100YLHM,有価証券報告書－第62期(2025/04/01－2026/03/31),2026-06-26 11:13,株式会社広済堂ホールディングス
39320,S100YLRB,有価証券報告書－第16期(2025/04/01－2026/03/31),2026-06-26 11:13,株式会社アカツキ
68320,S100YLRR,有価証券報告書－第58期(2025/04/01－2026/03/31),2026-06-26 11:22,アオイ電子株式会社
64940,S100YL8X,有価証券報告書－第84期(2025/04/01－2026/03/31),2026-06-26 11:29,株式会社ＮＦＫホールディングス
93360,S100YKY3,有価証券報告書－第47期(2025/04/01－2026/03/31),2026-06-26 11:30,大栄環境株式会社
35610,S100YLK6,有価証券報告書－第41期(2025/04/01－2026/03/31),2026-06-26 11:30,株式会社力の源ホールディングス
71140,S100YJIB,有価証券報告書－第13期(2025/04/01－2026/03/31),2026-06-26 11:30,株式会社フーディソン
46800,S100YJKU,有価証券報告書－第46期(2025/04/01－2026/03/31),2026-06-26 11:30,株式会社ラウンドワン
71190,S100YLIQ,訂正有価証券報告書－第7期(2025/04/01－2026/03/31),2026-06-26 11:31,株式会社ハルメクホールディングス
37500,S100YLDW,有価証券報告書－第22期(2025/04/01－2026/03/31),2026-06-26 11:44,株式会社ＡＤＲ１２０Ｓ
72550,S100YI1Y,有価証券報告書－第78期(2025/04/01－2026/03/31),2026-06-26 11:46,株式会社　桜井製作所
19210,S100YLBY,有価証券報告書－第94期(2025/04/01－2026/03/31),2026-06-26 11:47,株式会社　巴コーポレーション
24320,S100YLDV,有価証券報告書－第28期(2025/04/01－2026/03/31),2026-06-26 11:54,株式会社ディー・エヌ・エー
74130,S100YKKP,有価証券報告書－第59期(2025/04/01－2026/03/31),2026-06-26 11:55,株式会社創健社
52870,S100YJYN,有価証券報告書－第77期(2025/04/01－2026/03/31),2026-06-26 11:56,株式会社イトーヨーギョー
90810,S100YF1P,有価証券報告書－第152期(2025/04/01－2026/03/31),2026-06-26 12:02,神奈川中央交通株式会社
69610,S100YLHU,有価証券報告書－第65期(2025/04/01－2026/03/31),2026-06-26 12:09,株式会社エンプラス
52470,S100YLUK,有価証券報告書－第15期(2025/04/01－2026/03/31),2026-06-26 12:12,株式会社ＢＴＭ
38030,S100YLT6,有価証券報告書－第51期(2025/04/01－2026/03/31),2026-06-26 12:49,イメージ情報開発株式会社
72470,S100YLLZ,有価証券報告書－第104期(2025/04/01－2026/03/31),2026-06-26 16:00,株式会社ミクニ
68240,S100YJBP,有価証券報告書－第67期(2025/04/01－2026/03/31),2026-06-26 12:55,新コスモス電機株式会社
26660,S100YLV8,有価証券報告書－第37期(2025/04/01－2026/03/31),2026-06-26 12:56,株式会社　オートウェーブ
70620,S100YLVZ,有価証券報告書－第24期(2025/04/01－2026/03/31),2026-06-26 12:58,株式会社フレアス
35910,S100YKJC,有価証券報告書－第78期(2025/04/01－2026/03/31),2026-06-26 13:00,株式会社ワコールホールディングス
53560,S100YG4G,有価証券報告書－第164期(2025/04/01－2026/03/31),2026-06-26 13:00,美濃窯業株式会社
62820,S100YLBX,有価証券報告書－第75期(2025/04/01－2026/03/31),2026-06-26 13:06,オイレス工業株式会社
99890,S100YL7Q,有価証券報告書－第63期(2025/04/01－2026/03/31),2026-06-26 13:06,株式会社サンドラッグ
77460,S100YL4M,有価証券報告書－第80期(2025/04/01－2026/03/31),2026-06-26 13:07,岡本硝子株式会社
38510,S100YLU7,有価証券報告書－第33期(2025/04/01－2026/03/31),2026-06-26 13:07,株式会社日本一ソフトウェア
41190,S100YGDM,有価証券報告書－第90期(2025/04/01－2026/03/31),2026-06-26 13:08,株式会社日本ピグメントホールディングス
19920,S100Y9QZ,有価証券報告書－第89期(2025/04/01－2026/03/31),2026-06-26 13:10,神田通信機株式会社
60700,S100YHI9,有価証券報告書－第30期(2025/04/01－2026/03/31),2026-06-26 13:15,キャリアリンク株式会社
69960,S100YLMG,有価証券報告書－第91期(2025/04/01－2026/03/31),2026-06-26 13:15,ニチコン株式会社
36940,S100YLSB,有価証券報告書－第26期(2025/04/01－2026/03/31),2026-06-26 13:16,株式会社オプティム
88350,S100YL7T,有価証券報告書－第151期(2025/04/01－2026/03/31),2026-06-26 13:27,太平洋興発株式会社
46230,S100YLY9,有価証券報告書－第80期(2025/04/01－2026/03/31),2026-06-26 13:36,株式会社アサヒペン
43600,S100YGOW,有価証券報告書－第5期(2025/04/01－2026/03/31),2026-06-26 13:52,株式会社マナック・ケミカル・パートナーズ
68190,S100YLUW,有価証券報告書－第51期(2025/04/01－2026/03/31),2026-06-26 13:55,伊豆シャボテンリゾート株式会社
21620,S100YF8Q,有価証券報告書－第41期(2025/04/01－2026/03/31),2026-06-26 14:04,ｎｍｓホールディングス株式会社
68570,S100YKTA,有価証券報告書－第84期(2025/04/01－2026/03/31),2026-06-26 14:05,株式会社アドバンテスト
56440,S100YLLM,有価証券報告書－第95期(2025/04/01－2026/03/31),2026-06-26 14:05,株式会社メタルアート
59850,S100YKOJ,有価証券報告書－第109期(2025/04/01－2026/03/31),2026-06-26 14:06,サンコール株式会社
73430,S100YKOR,有価証券報告書－第25期(2025/04/01－2026/03/31),2026-06-26 14:08,ブロードマインド株式会社
61380,S100YHNC,有価証券報告書－第100期(2025/04/01－2026/03/31),2026-06-26 14:12,ダイジェット工業株式会社
78200,S100YLHV,有価証券報告書－第62期(2025/04/01－2026/03/31),2026-06-26 14:12,ニホンフラッシュ株式会社
97230,S100YIC1,有価証券報告書－第107期(2025/04/01－2026/03/31),2026-06-26 14:14,株式会社京都ホテル
96850,S100YM1I,有価証券報告書－第59期(2025/04/01－2026/03/31),2026-06-26 14:16,ＫＹＣＯＭホールディングス株式会社
62180,S100YKK8,有価証券報告書－第158期(2025/04/01－2026/03/31),2026-06-26 14:18,エンシュウ株式会社
44370,S100YK7L,有価証券報告書－第11期(2025/04/01－2026/03/31),2026-06-26 14:22,ｇｏｏｄｄａｙｓホールディングス株式会社
65800,S100YLCH,有価証券報告書－第25期(2025/04/01－2026/03/31),2026-06-26 14:25,株式会社ライトアップ
75550,S100YLK4,有価証券報告書－第38期(2025/04/01－2026/03/31),2026-06-26 14:30,株式会社大田花き
67870,S100YIE8,有価証券報告書－第51期(2025/04/01－2026/03/31),2026-06-26 14:34,株式会社メイコー
548A0,S100YKKE,有価証券報告書－第29期(2025/04/01－2026/03/31),2026-06-26 14:36,株式会社システムエグゼ
13840,S100YK1Y,有価証券報告書－第78期(2025/04/01－2026/03/31),2026-06-26 14:37,株式会社　ホクリヨウ
98490,S100YM2W,有価証券報告書－第75期(2025/04/01－2026/03/31),2026-06-26 14:38,株式会社共同紙販ホールディングス
62730,S100YLC6,有価証券報告書－第67期(2025/04/01－2026/03/31),2026-06-26 14:41,ＳＭＣ株式会社
73830,S100YM27,有価証券報告書－第8期(2025/04/01－2026/03/31),2026-06-26 14:46,株式会社ネットプロテクションズホールディングス
485A0,S100Y7SQ,訂正有価証券報告書－第5期(2025/01/01－2025/12/31),2026-06-26 14:50,株式会社パワーエックス
34770,S100YKFC,有価証券報告書－第27期(2025/04/01－2026/03/31),2026-06-26 14:55,フォーライフ株式会社
65450,S100YLGZ,有価証券報告書－第22期(2025/04/01－2026/03/31),2026-06-26 14:55,株式会社インターネットインフィニティー
66370,S100YKLJ,有価証券報告書－第46期(2025/04/01－2026/03/31),2026-06-26 14:57,寺崎電気産業株式会社
31750,S100YLZQ,有価証券報告書－第25期(2025/04/01－2026/03/31),2026-06-26 15:00,株式会社エー・ピーホールディングス
46620,S100YFP2,有価証券報告書－第50期(2025/04/01－2026/03/31),2026-06-26 15:00,株式会社フォーカスシステムズ
18660,S100YM22,有価証券報告書－第81期(2025/04/01－2026/03/31),2026-06-26 15:00,北野建設株式会社
74630,S100YM3U,有価証券報告書－第53期(2025/04/01－2026/03/31),2026-06-26 15:03,株式会社アドヴァン
18920,S100YKW2,有価証券報告書－第81期(2025/04/01－2026/03/31),2026-06-26 15:03,徳倉建設株式会社
52800,S100YJO9,有価証券報告書－第58期(2025/04/01－2026/03/31),2026-06-26 15:07,ヨシコン株式会社
48010,S100YEYH,有価証券報告書－第56期(2025/04/01－2026/03/31),2026-06-26 15:11,セントラルスポーツ株式会社
90090,S100YL5Y,有価証券報告書－第183期(2025/04/01－2026/03/31),2026-06-26 15:18,京成電鉄株式会社
81230,S100YLIH,有価証券報告書－第81期(2025/04/01－2026/03/31),2026-06-26 15:21,川辺株式会社
73170,S100YI6P,有価証券報告書－第44期(2025/04/01－2026/03/31),2026-06-26 15:30,株式会社松屋アールアンドディ
67020,S100YM3K,有価証券報告書－第126期(2025/04/01－2026/03/31),2026-06-26 15:30,富士通株式会社
477A0,S100YM56,有価証券報告書－第17期(2025/04/01－2026/03/31),2026-06-26 15:30,株式会社スタートライン
65220,S100YJXS,訂正有価証券報告書－第19期(2024/09/01－2025/08/31),2026-06-26 15:30,株式会社アスタリスク
70670,S100YKT7,有価証券報告書－第25期(2025/04/01－2026/03/31),2026-06-26 15:30,ブランディングテクノロジー株式会社
64120,S100YM5Z,有価証券報告書－第58期(2025/04/01－2026/03/31),2026-06-26 15:30,株式会社平和
55920,S100YKTN,有価証券報告書－第22期(2025/04/01－2026/03/31),2026-06-26 15:31,株式会社くすりの窓口
87660,S100YLS8,有価証券報告書－第24期(2025/04/01－2026/03/31),2026-06-26 15:32,東京海上ホールディングス株式会社
70460,S100YJTH,有価証券報告書－第13期(2025/04/01－2026/03/31),2026-06-26 15:35,ＴＤＳＥ株式会社
60420,S100YKJL,有価証券報告書－第135期(2025/04/01－2026/03/31),2026-06-26 15:35,株式会社ニッキ
31990,S100YJZ2,有価証券報告書－第78期(2025/04/01－2026/03/31),2026-06-26 15:35,綿半ホールディングス株式会社
58020,S100YL2M,有価証券報告書－第156期(2025/04/01－2026/03/31),2026-06-26 15:36,住友電気工業株式会社
69600,S100YLF7,有価証券報告書－第79期(2025/04/01－2026/03/31),2026-06-26 15:36,フクダ電子株式会社
51940,S100YL8G,有価証券報告書－第93期(2025/04/01－2026/03/31),2026-06-26 15:44,相模ゴム工業株式会社
27640,S100YL5S,有価証券報告書－第44期(2025/04/01－2026/03/31),2026-06-26 15:44,株式会社ひらまつ
86980,S100YM8I,有価証券報告書－第22期(2025/04/01－2026/03/31),2026-06-26 15:49,マネックスグループ株式会社
66290,S100YLV9,有価証券報告書－第16期(2025/04/01－2026/03/31),2026-06-26 16:00,テクノホライゾン株式会社
79180,S100YL9S,有価証券報告書－第90期(2025/04/01－2026/03/31),2026-06-26 16:00,株式会社ヴィア・ホールディングス
45710,S100YLFM,有価証券報告書－第30期(2025/04/01－2026/03/31),2026-06-26 16:01,ＮＡＮＯホールディングス株式会社
49780,S100YLVF,有価証券報告書－第24期(2025/04/01－2026/03/31),2026-06-26 16:03,株式会社リプロセル
72730,S100YLTN,有価証券報告書－第87期(2025/04/01－2026/03/31),2026-06-26 16:04,株式会社イクヨ
74160,S100YLJD,有価証券報告書－第52期(2025/04/01－2026/03/31),2026-06-26 16:09,株式会社はるやまホールディングス
79530,S100YKW4,有価証券報告書－第69期(2025/04/01－2026/03/31),2026-06-26 16:11,菊水化学工業株式会社
79460,S100YLWX,有価証券報告書－第78期(2025/04/01－2026/03/31),2026-06-26 16:13,株式会社光陽社
73740,S100YKQ9,有価証券報告書－第12期(2025/04/01－2026/03/31),2026-06-26 16:14,株式会社コンフィデンス・インターワークス
17110,S100YM7I,有価証券報告書－第41期(2025/04/01－2026/03/31),2026-06-26 16:16,株式会社ＳＤＳホールディングス
70780,S100YMA3,有価証券報告書－第19期(2025/04/01－2026/03/31),2026-06-26 16:20,ＩＮＣＬＵＳＩＶＥ　Ｈｏｌｄｉｎｇｓ株式会社
36610,S100YK0J,有価証券報告書－第22期(2025/04/01－2026/03/31),2026-06-26 16:24,株式会社エムアップホールディングス
57070,S100YI2P,有価証券報告書－第127期(2025/04/01－2026/03/31),2026-06-26 16:26,東邦亜鉛株式会社
60720,S100YM7M,有価証券報告書－第18期(2025/04/01－2026/03/31),2026-06-26 16:41,地盤ネットホールディングス株式会社
24670,S100YMA4,有価証券報告書－第32期(2025/04/01－2026/03/31),2026-06-26 16:42,株式会社ＶＬＣセキュリティ
70840,S100YL46,有価証券報告書－第8期(2025/04/01－2026/03/31),2026-06-26 16:47,株式会社Ｓｍｉｌｅ　Ｈｏｌｄｉｎｇｓ
39090,S100YMC0,有価証券報告書－第30期(2025/01/01－2026/03/31),2026-06-26 16:49,株式会社ショーケース
72390,S100YLGY,有価証券報告書－第74期(2025/04/01－2026/03/31),2026-06-26 16:54,株式会社タチエス
85540,S100YMAO,訂正有価証券報告書－第118期(2025/04/01－2026/03/31),2026-06-26 16:56,株式会社南日本銀行
330A0,S100YGDN,有価証券報告書－第8期(2025/04/01－2026/03/31),2026-06-26 16:58,株式会社ＴａｌｅｎｔＸ
78510,S100YMBT,有価証券報告書－第71期(2025/04/01－2026/03/31),2026-06-26 16:59,カワセコンピュータサプライ株式会社
55710,S100YMC7,有価証券報告書－第8期(2025/04/01－2026/03/31),2026-06-26 17:00,エキサイトホールディングス株式会社
44250,S100YIKS,有価証券報告書－第12期(2025/04/01－2026/03/31),2026-06-26 17:00,Ｋｕｄａｎ株式会社
64280,S100YLT7,有価証券報告書－第58期(2025/04/01－2026/03/31),2026-06-26 17:07,株式会社オーイズミ
59730,S100YDF3,有価証券報告書－第87期(2025/04/01－2026/03/31),2026-06-25 09:00,株式会社トーアミ
42310,S100YK4M,有価証券報告書－第84期(2025/04/01－2026/03/31),2026-06-25 09:00,タイガースポリマー株式会社
79870,S100YKAO,有価証券報告書－第76期(2025/04/01－2026/03/31),2026-06-25 09:00,ナカバヤシ株式会社
87420,S100YJB4,有価証券報告書－第79期(2025/04/01－2026/03/31),2026-06-25 09:02,株式会社小林洋行
31230,S100YJC8,有価証券報告書－第103期(2025/04/01－2026/03/31),2026-06-25 09:02,サイボー株式会社
56580,S100YIXZ,有価証券報告書－第74期(2025/04/01－2026/03/31),2026-06-25 09:03,日亜鋼業株式会社
22860,S100YJI4,有価証券報告書－第87期(2025/04/01－2026/03/31),2026-06-25 09:03,林兼産業株式会社
81370,S100YJ4F,有価証券報告書－第78期(2025/04/01－2026/03/31),2026-06-25 09:06,サンワテクノス株式会社
84160,S100YJZJ,有価証券報告書－第146期(2025/04/01－2026/03/31),2026-06-25 09:06,株式会社高知銀行
68500,S100YJHF,有価証券報告書－第90期(2025/04/01－2026/03/31),2026-06-25 09:07,株式会社チノー
93800,S100YHD3,有価証券報告書－第125期(2025/04/01－2026/03/31),2026-06-25 09:07,東海運株式会社
23490,S100YK0N,有価証券報告書－第59期(2025/04/01－2026/03/31),2026-06-25 09:07,株式会社エヌアイデイ
93650,S100YJV2,有価証券報告書－第96期(2025/04/01－2026/03/31),2026-06-25 09:09,トレーディア株式会社
13800,S100YK4U,有価証券報告書－第47期(2025/04/01－2026/03/31),2026-06-25 09:10,株式会社秋川牧園
74830,S100YGD2,有価証券報告書－第50期(2025/04/01－2026/03/31),2026-06-25 09:11,株式会社ドウシシャ
59620,S100YIX3,有価証券報告書－第122期(2025/04/01－2026/03/31),2026-06-25 09:11,浅香工業株式会社
21140,S100YK3Q,訂正有価証券報告書－第103期(2025/04/01－2026/03/31),2026-06-25 09:11,フジ日本株式会社
45210,S100YK2Q,有価証券報告書－第106期(2025/04/01－2026/03/31),2026-06-25 09:11,科研製薬株式会社
61400,S100YJMM,有価証券報告書－第107期(2025/04/01－2026/03/31),2026-06-25 09:13,旭ダイヤモンド工業株式会社
75670,S100YJKR,有価証券報告書－第59期(2025/04/01－2026/03/31),2026-06-25 09:14,株式会社栄電子
60220,S100YI3O,有価証券報告書－第128期(2025/04/01－2026/03/31),2026-06-25 09:14,株式会社　赤阪鐵工所
97820,S100YIWH,有価証券報告書－第67期(2025/04/01－2026/03/31),2026-06-25 09:16,株式会社ディーエムエス
80060,S100YIWQ,有価証券報告書－第55期(2025/04/01－2026/03/31),2026-06-25 09:16,ユアサ・フナショク株式会社
61340,S100YKAW,有価証券報告書－第80期(2025/04/01－2026/03/31),2026-06-25 09:18,株式会社ＦＵＪＩ
39410,S100YI9N,有価証券報告書－第158期(2025/04/01－2026/03/31),2026-06-25 09:21,レンゴー株式会社
49980,S100YGPK,有価証券報告書－第77期(2025/04/01－2026/03/31),2026-06-25 09:21,フマキラー株式会社
96430,S100YJUB,有価証券報告書－第93期(2025/04/01－2026/03/31),2026-06-25 09:21,中日本興業株式会社
64170,S100YI30,有価証券報告書－第61期(2025/04/01－2026/03/31),2026-06-25 09:21,株式会社三共
42740,S100YJCX,有価証券報告書－第75期(2025/04/01－2026/03/31),2026-06-25 09:24,細谷火工株式会社
42470,S100YK0F,有価証券報告書－第62期(2025/04/01－2026/03/31),2026-06-25 09:25,ポバール興業株式会社
62920,S100YJHG,有価証券報告書－第77期(2025/04/01－2026/03/31),2026-06-25 09:26,株式会社カワタ
51920,S100YJBU,有価証券報告書－第111期(2025/04/01－2026/03/31),2026-06-25 09:27,三ツ星ベルト株式会社
78870,S100YIWV,有価証券報告書－第73期(2025/04/01－2026/03/31),2026-06-25 09:28,南海プライウッド株式会社
30550,S100YJPG,有価証券報告書－第20期(2025/04/01－2026/03/31),2026-06-25 09:30,株式会社ほくやく・竹山ホールディングス
54440,S100YGVD,有価証券報告書－第107期(2025/04/01－2026/03/31),2026-06-25 09:31,大和工業株式会社
63170,S100YHUP,有価証券報告書－第116期(2025/04/01－2026/03/31),2026-06-25 09:31,株式会社北川鉄工所
75080,S100YI5T,有価証券報告書－第51期(2025/04/01－2026/03/31),2026-06-25 09:32,株式会社Ｇ‐７ホールディングス
92200,S100YK1M,有価証券報告書－第39期(2025/04/01－2026/03/31),2026-06-25 09:32,エフビー介護サービス株式会社
69190,S100YJK1,有価証券報告書－第64期(2025/04/01－2026/03/31),2026-06-25 09:32,ケル株式会社
95110,S100YGEA,有価証券報告書－第54期(2025/04/01－2026/03/31),2026-06-25 09:32,沖縄電力株式会社
61470,S100YGTK,有価証券報告書－第66期(2025/04/01－2026/03/31),2026-06-25 09:33,株式会社ヤマザキ
29220,S100YJ2U,有価証券報告書－第78期(2025/04/01－2026/03/31),2026-06-25 09:34,株式会社なとり
36400,S100YJ1O,有価証券報告書－第61期(2025/04/01－2026/03/31),2026-06-25 09:35,株式会社電算
18100,S100YHYW,有価証券報告書－第97期(2025/04/01－2026/03/31),2026-06-25 09:36,松井建設株式会社
79900,S100YGZ1,有価証券報告書－第71期(2025/04/01－2026/03/31),2026-06-25 09:36,グローブライド株式会社
81520,S100YI5G,有価証券報告書－第79期(2025/04/01－2026/03/31),2026-06-25 09:43,ソマール株式会社
80910,S100YIWE,有価証券報告書－第140期(2025/04/01－2026/03/31),2026-06-25 09:46,ニチモウ株式会社
74640,S100YJG0,有価証券報告書－第69期(2025/04/01－2026/03/31),2026-06-25 09:47,セフテック株式会社
45590,S100YKC2,有価証券報告書－第72期(2025/04/01－2026/03/31),2026-06-25 10:00,ゼリア新薬工業株式会社
82190,S100YJ44,有価証券報告書－第62期(2025/04/01－2026/03/31),2026-06-25 10:00,青山商事株式会社
40640,S100YJLD,有価証券報告書－第127期(2025/04/01－2026/03/31),2026-06-25 10:00,日本カーバイド工業株式会社
66430,S100YJNT,有価証券報告書－第151期(2025/04/01－2026/03/31),2026-06-25 10:00,株式会社戸上電機製作所
71850,S100YJPR,有価証券報告書－第23期(2025/04/01－2026/03/31),2026-06-25 10:00,ヒロセ通商株式会社
26810,S100YJMA,有価証券報告書－第38期(2025/04/01－2026/03/31),2026-06-25 10:00,株式会社ゲオホールディングス
63780,S100YF9Q,有価証券報告書－第79期(2025/04/01－2026/03/31),2026-06-25 10:00,木村化工機株式会社
60180,S100YJVP,有価証券報告書－第161期(2025/04/01－2026/03/31),2026-06-25 10:01,阪神内燃機工業株式会社
63930,S100YJ87,有価証券報告書－第82期(2025/04/01－2026/03/31),2026-06-25 10:02,油研工業株式会社
78220,S100YJDA,有価証券報告書－第92期(2025/04/01－2026/03/31),2026-06-25 10:04,永大産業株式会社
99300,S100YKDH,有価証券報告書－第79期(2025/04/01－2026/03/31),2026-06-25 10:04,北沢産業株式会社
46290,S100YJ59,有価証券報告書－第74期(2025/04/01－2026/03/31),2026-06-25 10:05,大伸化学株式会社
35770,S100YJEV,有価証券報告書－第106期(2025/04/01－2026/03/31),2026-06-25 10:06,東海染工株式会社
52610,S100YK7M,有価証券報告書－第133期(2025/04/01－2026/03/31),2026-06-25 10:06,リソルホールディングス株式会社
82260,S100YK3T,有価証券報告書－第69期(2025/04/01－2026/03/31),2026-06-25 10:07,株式会社　理経
23070,S100YJU2,有価証券報告書－第53期(2025/04/01－2026/03/31),2026-06-25 10:09,株式会社クロスキャット
28190,S100YJNX,有価証券報告書－第68期(2025/04/01－2026/03/31),2026-06-25 10:09,エバラ食品工業株式会社
34650,S100YIZP,有価証券報告書－第36期(2025/04/01－2026/03/31),2026-06-25 10:10,ケイアイスター不動産株式会社
98540,S100YJUD,有価証券報告書－第66期(2025/04/01－2026/03/31),2026-06-25 10:10,愛眼株式会社
53910,S100YK9E,有価証券報告書－第26期(2025/04/01－2026/03/31),2026-06-25 10:11,株式会社エーアンドエーマテリアル
46780,S100YJWK,有価証券報告書－第43期(2025/04/01－2026/03/31),2026-06-25 10:11,株式会社　秀英予備校
22010,S100YHJS,有価証券報告書－第178期(2025/04/01－2026/03/31),2026-06-25 10:11,森永製菓株式会社
64950,S100YKBD,有価証券報告書－第81期(2025/04/01－2026/03/31),2026-06-25 10:11,株式会社宮入バルブ製作所
40920,S100YJUC,有価証券報告書－第168期(2025/04/01－2026/03/31),2026-06-25 10:12,日本化学工業株式会社
37740,S100YHYH,有価証券報告書－第34期(2025/04/01－2026/03/31),2026-06-25 10:15,株式会社インターネットイニシアティブ
25310,S100YINV,有価証券報告書－第115期(2025/04/01－2026/03/31),2026-06-25 10:16,宝ホールディングス株式会社
99280,S100YKDZ,有価証券報告書－第49期(2025/04/01－2026/03/31),2026-06-25 10:17,株式会社ミロク情報サービス
97610,S100YJ2Z,有価証券報告書－第58期(2025/04/01－2026/03/31),2026-06-25 10:17,東海リース株式会社
34470,S100YJZ0,有価証券報告書－第12期(2025/04/01－2026/03/31),2026-06-25 10:17,信和株式会社
63510,S100YKE5,有価証券報告書－第75期(2025/04/01－2026/03/31),2026-06-25 10:18,株式会社鶴見製作所
59180,S100YJYC,有価証券報告書－第89期(2025/04/01－2026/03/31),2026-06-25 10:18,瀧上工業株式会社
44640,S100YKEL,有価証券報告書－第72期(2025/04/01－2026/03/31),2026-06-25 10:20,株式会社ソフト９９コーポレーション
29110,S100YI4Q,有価証券報告書－第76期(2025/04/01－2026/03/31),2026-06-25 10:22,旭松食品株式会社
64570,S100YG4D,有価証券報告書－第80期(2025/04/01－2026/03/31),2026-06-25 10:22,グローリー株式会社
79320,S100YIZ2,有価証券報告書－第179期(2025/04/01－2026/03/31),2026-06-25 10:22,株式会社ニッピ
59410,S100YJT1,有価証券報告書－第70期(2025/04/01－2026/03/31),2026-06-25 10:28,株式会社　中西製作所
20550,S100YIEA,有価証券報告書－第122期(2025/04/01－2026/03/31),2026-06-25 10:28,日和産業株式会社
543A0,S100YK16,有価証券報告書－第1期(2025/06/02－2026/03/31),2026-06-25 10:29,ＡＲＣＨＩＯＮ株式会社
76020,S100YKCQ,有価証券報告書－第39期(2025/04/01－2026/03/31),2026-06-25 10:30,株式会社レダックス
67710,S100YGW1,有価証券報告書－第85期(2025/04/01－2026/03/31),2026-06-25 10:32,池上通信機株式会社
88810,S100YK7Q,有価証券報告書－第52期(2025/04/01－2026/03/31),2026-06-25 10:34,株式会社日神グループホールディングス
59150,S100YKDC,有価証券報告書－第97期(2025/04/01－2026/03/31),2026-06-25 10:34,株式会社駒井ハルテック
52330,S100YJYE,有価証券報告書－第28期(2025/04/01－2026/03/31),2026-06-25 10:34,太平洋セメント株式会社
18080,S100YJVQ,有価証券報告書－第109期(2025/04/01－2026/03/31),2026-06-25 10:34,株式会社　長谷工コーポレーション
59220,S100YJYT,有価証券報告書－第104期(2025/04/01－2026/03/31),2026-06-25 10:38,那須電機鉄工株式会社
46280,S100YJ5K,有価証券報告書－第70期(2025/04/01－2026/03/31),2026-06-25 10:38,エスケー化研株式会社
38400,S100YKGU,有価証券報告書－第36期(2025/04/01－2026/03/31),2026-06-25 10:39,パス株式会社
90680,S100YKCI,有価証券報告書－第124期(2025/04/01－2026/03/31),2026-06-25 10:41,丸全昭和運輸株式会社
63920,S100YJDP,有価証券報告書－第101期(2025/04/01－2026/03/31),2026-06-25 10:43,株式会社　ヤマダコーポレーション
75020,S100YJCG,有価証券報告書－第39期(2025/04/01－2026/03/31),2026-06-25 10:44,株式会社プラザホールディングス
33750,S100YKCU,有価証券報告書－第44期(2025/04/01－2026/03/31),2026-06-25 10:46,株式会社ＺＯＡ
96350,S100YKI6,有価証券報告書－第155期(2025/04/01－2026/03/31),2026-06-25 10:47,武蔵野興業株式会社
69890,S100YJZD,有価証券報告書－第92期(2025/04/01－2026/03/31),2026-06-25 10:48,北陸電気工業株式会社
64070,S100YGB2,有価証券報告書－第106期(2025/04/01－2026/03/31),2026-06-25 10:50,ＣＫＤ株式会社
19050,S100YJFD,有価証券報告書－第56期(2025/04/01－2026/03/31),2026-06-25 10:51,株式会社テノックス
67180,S100YIVR,有価証券報告書－第68期(2025/04/01－2026/03/31),2026-06-25 10:52,アイホン株式会社
55790,S100YKIG,有価証券報告書－第22期(2025/04/01－2026/03/31),2026-06-25 10:53,株式会社ＧＳＩ
61250,S100YKCW,有価証券報告書－第127期(2025/04/01－2026/03/31),2026-06-25 10:56,株式会社岡本工作機械製作所
59360,S100YKHR,有価証券報告書－第71期(2025/04/01－2026/03/31),2026-06-25 10:59,東洋シヤッター株式会社
59750,S100YHLP,有価証券報告書－第131期(2025/04/01－2026/03/31),2026-06-25 11:00,東プレ株式会社
71920,S100YKHZ,有価証券報告書－第21期(2025/04/01－2026/03/31),2026-06-25 11:00,日本モーゲージサービス株式会社
81470,S100YJEU,有価証券報告書－第79期(2025/04/01－2026/03/31),2026-06-25 11:01,株式会社トミタ
65170,S100YHXJ,有価証券報告書－第78期(2025/04/01－2026/03/31),2026-06-25 11:09,デンヨー株式会社
70210,S100Y8BD,有価証券報告書－第101期(2025/04/01－2026/03/31),2026-06-25 11:09,株式会社ニッチツ
66480,S100YKAV,有価証券報告書－第105期(2025/04/01－2026/03/31),2026-06-25 11:10,株式会社かわでん
59050,S100YK2J,有価証券報告書－第121期(2025/04/01－2026/03/31),2026-06-25 11:11,日本製罐株式会社
44920,S100YJQM,有価証券報告書－第41期(2025/04/01－2026/03/31),2026-06-25 11:11,株式会社ゼネテック
69860,S100YK0D,有価証券報告書－第83期(2025/04/01－2026/03/31),2026-06-25 11:12,双葉電子工業株式会社
56030,S100YJMF,有価証券報告書－第121期(2025/04/01－2026/03/31),2026-06-25 11:16,虹技株式会社
62470,S100YJL5,有価証券報告書－第97期(2025/04/01－2026/03/31),2026-06-25 11:17,株式会社日阪製作所
24400,S100YJQU,有価証券報告書－第37期(2025/04/01－2026/03/31),2026-06-25 11:19,株式会社ぐるなび
18530,S100YJ3W,有価証券報告書－第93期(2025/04/01－2026/03/31),2026-06-25 11:21,株式会社　森組
92020,S100YKL4,有価証券報告書－第76期(2025/04/01－2026/03/31),2026-06-25 11:21,ＡＮＡホールディングス株式会社
74610,S100YJ86,有価証券報告書－第76期(2025/04/01－2026/03/31),2026-06-25 11:30,株式会社キムラ
69940,S100YKEP,有価証券報告書－第98期(2025/04/01－2026/03/31),2026-06-25 11:31,株式会社指月電機製作所
75710,S100YJEK,有価証券報告書－第40期(2025/04/01－2026/03/31),2026-06-25 11:33,株式会社ヤマノホールディングス
42340,S100YK61,有価証券報告書－第117期(2025/04/01－2026/03/31),2026-06-25 11:34,株式会社サンエー化研
41670,S100YKE7,有価証券報告書－第19期(2025/04/01－2026/03/31),2026-06-25 11:35,株式会社ココペリ
75700,S100YK09,有価証券報告書－第89期(2025/04/01－2026/03/31),2026-06-25 11:38,橋本総業ホールディングス株式会社
90070,S100YIO2,訂正有価証券報告書－第104期(2024/04/01－2025/03/31),2026-06-25 12:29,小田急電鉄株式会社
97670,S100YJLW,有価証券報告書－第63期(2025/04/01－2026/03/31),2026-06-25 11:43,日建工学株式会社
93270,S100YI5P,有価証券報告書－第27期(2025/04/01－2026/03/31),2026-06-25 11:44,株式会社イー・ロジット
47200,S100YKMH,有価証券報告書－第44期(2025/04/01－2026/03/31),2026-06-25 11:45,株式会社城南進学研究社
88410,S100YJ5N,有価証券報告書－第60期(2025/04/01－2026/03/31),2026-06-25 11:47,株式会社テーオーシー
43870,S100YKM3,有価証券報告書－第13期(2025/04/01－2026/03/31),2026-06-25 11:48,株式会社ＺＵＵ
30690,S100YK48,有価証券報告書－第20期(2025/04/01－2026/03/31),2026-06-25 11:55,株式会社　ＪＦＬＡホールディングス
39360,S100YIGW,有価証券報告書－第22期(2025/04/01－2026/03/31),2026-06-25 11:58,株式会社グローバルウェイ
52370,S100YK4Z,有価証券報告書－第166期(2025/04/01－2026/03/31),2026-06-25 12:00,株式会社ノザワ
51420,S100YJF9,有価証券報告書－第106期(2025/04/01－2026/03/31),2026-06-25 12:13,アキレス株式会社
18780,S100YFJK,有価証券報告書－第52期(2025/04/01－2026/03/31),2026-06-25 12:03,大東建託株式会社
81040,S100YJIQ,有価証券報告書－第77期(2025/04/01－2026/03/31),2026-06-25 12:06,クワザワホールディングス株式会社
63460,S100YHXC,有価証券報告書－第145期(2025/04/01－2026/03/31),2026-06-25 12:11,キクカワエンタープライズ株式会社
92540,S100YIBJ,有価証券報告書－第13期(2025/11/01－2026/03/31),2026-06-25 12:12,株式会社ラバブルマーケティンググループ
23290,S100YKO9,有価証券報告書－第64期(2025/04/01－2026/03/31),2026-06-25 12:30,株式会社東北新社
366A0,S100YKON,有価証券報告書－第20期(2025/04/01－2026/03/31),2026-06-25 12:30,ウェルネス・コミュニケーションズ株式会社
43470,S100YK4A,有価証券報告書－第30期(2025/04/01－2026/03/31),2026-06-25 12:39,ブロードメディア株式会社
43160,S100YK9U,有価証券報告書－第28期(2025/04/01－2026/03/31),2026-06-25 12:43,株式会社ビーマップ
41160,S100YGML,有価証券報告書－第123期(2025/04/01－2026/03/31),2026-06-25 12:45,大日精化工業株式会社
60230,S100YCLQ,有価証券報告書－第66期(2025/04/01－2026/03/31),2026-06-25 12:48,ダイハツインフィニアース株式会社
33700,S100YIJ4,有価証券報告書－第48期(2025/04/01－2026/03/31),2026-06-25 12:53,株式会社フジタコーポレーション
66470,S100YJH1,有価証券報告書－第94期(2025/04/01－2026/03/31),2026-06-25 12:54,森尾電機株式会社
24350,S100YJJS,有価証券報告書－第45期(2025/04/01－2026/03/31),2026-06-25 12:55,株式会社シダー
74440,S100YK4R,有価証券報告書－第59期(2025/04/01－2026/03/31),2026-06-25 12:56,ハリマ共和物産株式会社
27370,S100YJQ2,有価証券報告書－第35期(2025/04/01－2026/03/31),2026-06-25 12:57,株式会社トーメンデバイス
46640,S100YIKA,有価証券報告書－第56期(2025/04/01－2026/03/31),2026-06-25 13:00,株式会社アール・エス・シー
65070,S100YI4V,有価証券報告書－第102期(2025/04/01－2026/03/31),2026-06-25 13:00,シンフォニアテクノロジー株式会社
70600,S100YJZ1,有価証券報告書－第19期(2025/04/01－2026/03/31),2026-06-25 13:00,ギークス株式会社
59470,S100YJCU,有価証券報告書－第76期(2025/04/01－2026/03/31),2026-06-25 13:00,リンナイ株式会社
82810,S100YJT6,有価証券報告書－第54期(2025/04/01－2026/03/31),2026-06-25 13:00,ゼビオホールディングス株式会社
77350,S100YK9N,有価証券報告書－第85期(2025/04/01－2026/03/31),2026-06-25 13:00,株式会社ＳＣＲＥＥＮホールディングス
91710,S100YKD9,有価証券報告書－第153期(2025/04/01－2026/03/31),2026-06-25 13:01,栗林商船株式会社
31060,S100YIYE,有価証券報告書－第218期(2025/04/01－2026/03/31),2026-06-25 13:02,倉敷紡績株式会社
31030,S100YJHA,有価証券報告書－第216期(2025/04/01－2026/03/31),2026-06-25 13:02,ユニチカ株式会社
67500,S100YK25,有価証券報告書－第41期(2025/04/01－2026/03/31),2026-06-25 13:02,エレコム株式会社
93630,S100YK5Y,有価証券報告書－第106期(2025/04/01－2026/03/31),2026-06-25 13:03,株式会社大運
39540,S100YK0Y,有価証券報告書－第130期(2025/04/01－2026/03/31),2026-06-25 13:04,昭和パックス株式会社
68460,S100YJMI,有価証券報告書－第119期(2025/04/01－2026/03/31),2026-06-25 13:05,株式会社中央製作所
85420,S100YJ7V,有価証券報告書－第143期(2025/04/01－2026/03/31),2026-06-25 13:06,株式会社トマト銀行
26540,S100YIEY,有価証券報告書－第51期(2025/04/01－2026/03/31),2026-06-25 13:06,株式会社アスモ
94020,S100YJ8A,有価証券報告書－第100期(2025/04/01－2026/03/31),2026-06-25 13:07,中部日本放送株式会社
97900,S100YHZN,有価証券報告書－第47期(2025/04/01－2026/03/31),2026-06-25 13:08,福井コンピュータホールディングス株式会社
68030,S100YG7Z,有価証券報告書－第78期(2025/04/01－2026/03/31),2026-06-25 13:08,ティアック株式会社
23760,S100YICX,有価証券報告書－第61期(2025/04/01－2026/03/31),2026-06-25 13:09,株式会社　サイネックス
33150,S100YK1Z,有価証券報告書－第23期(2025/04/01－2026/03/31),2026-06-25 13:10,日本コークス工業株式会社
17230,S100YH9O,有価証券報告書－第67期(2025/04/01－2026/03/31),2026-06-25 13:10,日本電技株式会社
68360,S100YHPG,有価証券報告書－第34期(2025/04/01－2026/03/31),2026-06-25 13:12,ぷらっとホーム株式会社
78850,S100YITM,有価証券報告書－第73期(2025/04/01－2026/03/31),2026-06-25 13:13,タカノ株式会社
14910,S100YKQY,有価証券報告書－第134期(2025/04/01－2026/03/31),2026-06-25 13:13,中外鉱業株式会社
98670,S100YKQM,有価証券報告書－第68期(2025/04/01－2026/03/31),2026-06-25 13:13,ソレキア株式会社
66550,S100YKQN,有価証券報告書－第87期(2025/04/01－2026/03/31),2026-06-25 13:13,東洋電機株式会社
20030,S100YK99,有価証券報告書－第128期(2025/04/01－2026/03/31),2026-06-25 13:15,日東富士製粉株式会社
80860,S100YJLK,有価証券報告書－第73期(2025/04/01－2026/03/31),2026-06-25 13:21,ニプロ株式会社
74140,S100YK40,有価証券報告書－第77期(2025/04/01－2026/03/31),2026-06-25 13:24,小野建株式会社
90510,S100YKGW,有価証券報告書－第67期(2025/04/01－2026/03/31),2026-06-25 13:26,センコン物流株式会社
47190,S100YK7V,有価証券報告書－第54期(2025/04/01－2026/03/31),2026-06-25 13:26,株式会社アルファシステムズ
97910,S100YJP6,有価証券報告書－第63期(2025/04/01－2026/03/31),2026-06-25 13:26,株式会社ビケンテクノ
66200,S100YJZT,有価証券報告書－第15期(2025/04/01－2026/03/31),2026-06-25 13:27,宮越ホールディングス株式会社
53630,S100YI3M,有価証券報告書－第107期(2025/04/01－2026/03/31),2026-06-25 13:27,東京窯業株式会社
93590,S100YE7Y,有価証券報告書－第103期(2025/04/01－2026/03/31),2026-06-25 13:28,伊勢湾海運株式会社
39450,S100YJ4G,有価証券報告書－第89期(2025/04/01－2026/03/31),2026-06-25 13:28,スーパーバッグ株式会社
66260,S100YJ3G,有価証券報告書－第70期(2025/04/01－2026/03/31),2026-06-25 13:30,ＳＥＭＩＴＥＣ株式会社
38490,S100YJVO,有価証券報告書－第38期(2025/04/01－2026/03/31),2026-06-25 13:31,日本テクノ・ラボ株式会社
63910,S100YJ76,有価証券報告書－第93期(2025/04/01－2026/03/31),2026-06-25 13:31,株式会社加地テック
88360,S100YIFC,有価証券報告書－第80期(2025/04/01－2026/03/31),2026-06-25 13:32,株式会社ＲＩＳＥ
70180,S100YJMY,有価証券報告書－第101期(2025/04/01－2026/03/31),2026-06-25 13:33,内海造船株式会社
18610,S100YK9Q,有価証券報告書－第89期(2025/04/01－2026/03/31),2026-06-25 13:36,株式会社　熊谷組
61900,S100YKSV,有価証券報告書－第25期(2025/04/01－2026/03/31),2026-06-25 13:36,株式会社フェニックスバイオ
35830,S100YK22,有価証券報告書－第141期(2025/04/01－2026/03/31),2026-06-25 13:36,オーベクス株式会社
29160,S100YKFH,有価証券報告書－第79期(2025/04/01－2026/03/31),2026-06-25 13:37,仙波糖化工業株式会社
24330,S100YHXU,有価証券報告書－第23期(2025/04/01－2026/03/31),2026-06-25 13:40,株式会社博報堂ＤＹホールディングス
58210,S100YKSU,有価証券報告書－第85期(2025/04/01－2026/03/31),2026-06-25 13:41,平河ヒューテック株式会社
80370,S100YKU0,有価証券報告書－第113期(2025/04/01－2026/03/31),2026-06-25 13:48,カメイ株式会社
17190,S100YHJP,有価証券報告書－第13期(2025/04/01－2026/03/31),2026-06-25 13:51,株式会社安藤・間
75640,S100YGNI,有価証券報告書－第45期(2025/04/01－2026/03/31),2026-06-25 13:56,株式会社ワークマン
93640,S100YG9D,有価証券報告書－第87期(2025/04/01－2026/03/31),2026-06-25 14:00,株式会社上組
77800,S100YIHS,有価証券報告書－第69期(2025/04/01－2026/03/31),2026-06-25 14:00,株式会社メニコン
77220,S100YJ8C,有価証券報告書－第57期(2025/04/01－2026/03/31),2026-06-25 14:00,国際計測器株式会社
90360,S100YK2G,有価証券報告書－第113期(2025/04/01－2026/03/31),2026-06-25 14:01,東部ネットワーク株式会社
56070,S100YJLT,有価証券報告書－第97期(2025/04/01－2026/03/31),2026-06-25 14:02,中央可鍛工業株式会社
63840,S100YKGJ,有価証券報告書－第68期(2025/04/01－2026/03/31),2026-06-25 14:03,株式会社昭和真空
52730,S100YJGQ,有価証券報告書－第93期(2025/04/01－2026/03/31),2026-06-25 14:05,三谷セキサン株式会社
18790,S100YHI2,有価証券報告書－第62期(2025/04/01－2026/03/31),2026-06-25 14:05,新日本建設株式会社
30960,S100YKNJ,有価証券報告書－第48期(2025/04/01－2026/03/31),2026-06-25 14:06,株式会社オーシャンシステム
68370,S100YHX8,有価証券報告書－第68期(2025/04/01－2026/03/31),2026-06-25 14:06,株式会社京写
79370,S100Y7SI,有価証券報告書－第53期(2025/04/01－2026/03/31),2026-06-25 14:07,株式会社ツツミ
18690,S100YK2R,有価証券報告書－第85期(2025/04/01－2026/03/31),2026-06-25 14:07,名工建設株式会社
63680,S100YK07,有価証券報告書－第81期(2025/04/01－2026/03/31),2026-06-25 14:08,オルガノ株式会社
36920,S100YKWG,有価証券報告書－第19期(2025/04/01－2026/03/31),2026-06-25 14:10,株式会社ＦＦＲＩセキュリティ
38630,S100YJ5X,有価証券報告書－第102期(2025/04/01－2026/03/31),2026-06-25 14:12,日本製紙株式会社
69640,S100YJUI,有価証券報告書－第63期(2025/04/01－2026/03/31),2026-06-25 14:18,株式会社サンコー
88500,S100YKTS,有価証券報告書－第54期(2025/04/01－2026/03/31),2026-06-25 14:21,スターツコーポレーション株式会社
69620,S100YKVO,有価証券報告書－第63期(2025/04/01－2026/03/31),2026-06-25 14:24,株式会社大真空
81450,S100YI2J,有価証券報告書－第83期(2025/04/01－2026/03/31),2026-06-25 14:25,中部水産株式会社
70030,S100YKIO,有価証券報告書－第123期(2025/04/01－2026/03/31),2026-06-25 14:30,株式会社三井Ｅ＆Ｓ
71180,S100YK6C,有価証券報告書－第20期(2025/04/01－2026/03/31),2026-06-25 14:30,株式会社伸和ホールディングス
61450,S100YKQX,有価証券報告書－第54期(2025/04/01－2026/03/31),2026-06-25 14:38,ＮＩＴＴＯＫＵ株式会社
59450,S100YJDZ,有価証券報告書－第173期(2025/04/01－2026/03/31),2026-06-25 14:38,天龍製鋸株式会社
50710,S100YJJP,有価証券報告書－第28期(2025/04/01－2026/03/31),2026-06-25 14:39,株式会社ヴィス
40410,S100YJKO,有価証券報告書－第157期(2025/04/01－2026/03/31),2026-06-25 14:41,日本曹達株式会社
33880,S100YKYA,有価証券報告書－第70期(2025/04/01－2026/03/31),2026-06-25 14:43,明治電機工業株式会社
74580,S100YK39,有価証券報告書－第51期(2025/04/01－2026/03/31),2026-06-25 14:43,株式会社第一興商
41930,S100YK86,有価証券報告書－第32期(2025/04/01－2026/03/31),2026-06-25 14:45,株式会社ファブリカホールディングス
23950,S100YK73,有価証券報告書－第53期(2025/04/01－2026/03/31),2026-06-25 14:46,株式会社新日本科学
74430,S100YI62,有価証券報告書－第92期(2025/04/01－2026/03/31),2026-06-25 14:46,横浜魚類株式会社
17360,S100YKWY,有価証券報告書－第78期(2025/04/01－2026/03/31),2026-06-25 14:48,株式会社　オーテック
30340,S100YJYW,有価証券報告書－第34期(2025/04/01－2026/03/31),2026-06-25 14:49,クオールホールディングス株式会社
63710,S100YKVK,有価証券報告書－第116期(2025/04/01－2026/03/31),2026-06-25 14:50,株式会社椿本チエイン
97690,S100YKPV,有価証券報告書－第51期(2025/04/01－2026/03/31),2026-06-25 14:50,株式会社学究社
43670,S100YKG9,有価証券報告書－第165期(2025/04/01－2026/03/31),2026-06-25 14:51,広栄化学株式会社
63310,S100YK3Y,有価証券報告書－第102期(2025/04/01－2026/03/31),2026-06-25 14:52,三菱化工機株式会社
46510,S100YKAR,有価証券報告書－第48期(2025/04/01－2026/03/31),2026-06-25 14:52,株式会社サニックスホールディングス
59020,S100YIET,有価証券報告書－第101期(2025/04/01－2026/03/31),2026-06-25 14:53,ホッカンホールディングス株式会社
23780,S100YK5N,有価証券報告書－第44期(2025/04/01－2026/03/31),2026-06-25 14:53,株式会社ルネサンス
77260,S100YK6H,有価証券報告書－第82期(2025/04/01－2026/03/31),2026-06-25 14:57,黒田精工株式会社
69980,S100YIQP,有価証券報告書－第115期(2025/04/01－2026/03/31),2026-06-25 14:58,日本タングステン株式会社
44100,S100YEIE,有価証券報告書－第84期(2025/04/01－2026/03/31),2026-06-25 15:00,ハリマ化成グループ株式会社
18140,S100YK21,有価証券報告書－第80期(2025/04/01－2026/03/31),2026-06-25 15:00,大末建設株式会社
81190,S100YJU6,有価証券報告書－第77期(2025/04/01－2026/03/31),2026-06-25 15:00,株式会社三栄コーポレーション
97330,S100YK8I,有価証券報告書－第51期(2025/04/01－2026/03/31),2026-06-25 15:00,株式会社ナガセ
64080,S100YJ6L,有価証券報告書－第97期(2025/04/01－2026/03/31),2026-06-25 15:00,小倉クラッチ株式会社
21120,S100YJQ7,有価証券報告書－第93期(2025/04/01－2026/03/31),2026-06-25 15:01,塩水港精糖株式会社
69690,S100YD97,有価証券報告書－第77期(2025/04/01－2026/03/31),2026-06-25 15:01,松尾電機株式会社
19810,S100YDX8,有価証券報告書－第78期(2025/04/01－2026/03/31),2026-06-25 15:01,株式会社協和日成
78770,S100YJVJ,有価証券報告書－第71期(2025/04/01－2026/03/31),2026-06-25 15:02,永大化工株式会社
67750,S100YK9X,有価証券報告書－第92期(2025/04/01－2026/03/31),2026-06-25 15:06,株式会社ＴＢグループ
66170,S100YL24,有価証券報告書－第14期(2025/04/01－2026/03/31),2026-06-25 15:08,株式会社東光高岳
87470,S100YJ8P,有価証券報告書－第70期(2025/04/01－2026/03/31),2026-06-25 15:09,豊トラスティ証券株式会社
90340,S100YK2X,有価証券報告書－第117期(2025/04/01－2026/03/31),2026-06-25 15:09,南総通運株式会社
95370,S100YIW6,有価証券報告書－第175期(2025/04/01－2026/03/31),2026-06-25 15:10,北陸瓦斯株式会社
47620,S100YKNO,有価証券報告書－第35期(2025/04/01－2026/03/31),2026-06-25 15:10,株式会社エックスネット
91580,S100YKO7,有価証券報告書－第12期(2025/04/01－2026/03/31),2026-06-25 15:12,株式会社シーユーシー
96870,S100YIFE,有価証券報告書－第52期(2025/04/01－2026/03/31),2026-06-25 15:13,株式会社ＫＳＫ
54450,S100YJ6R,有価証券報告書－第98期(2025/04/01－2026/03/31),2026-06-25 15:13,東京鐵鋼株式会社
90630,S100YJ0L,有価証券報告書－第114期(2025/04/01－2026/03/31),2026-06-25 15:15,岡山県貨物運送株式会社
58520,S100YIGS,有価証券報告書－第105期(2025/04/01－2026/03/31),2026-06-25 15:18,株式会社アーレスティ
96330,S100YL02,有価証券報告書－第110期(2025/04/01－2026/03/31),2026-06-25 15:20,東京テアトル株式会社
52020,S100YL06,有価証券報告書－第160期(2025/04/01－2026/03/31),2026-06-25 15:21,日本板硝子株式会社
40950,S100YJGK,有価証券報告書－第141期(2025/04/01－2026/03/31),2026-06-25 15:22,日本パーカライジング株式会社
69930,S100YL2D,有価証券報告書－第117期(2025/04/01－2026/03/31),2026-06-25 15:23,大黒屋ホールディングス株式会社
25940,S100YK1N,有価証券報告書－第74期(2025/04/01－2026/03/31),2026-06-25 15:25,キーコーヒー株式会社
77950,S100YJSY,有価証券報告書－第45期(2025/04/01－2026/03/31),2026-06-25 15:27,株式会社ＫＹＯＲＩＴＳＵ
38650,S100YITB,有価証券報告書－第188期(2025/04/01－2026/03/31),2026-06-25 15:27,北越コーポレーション株式会社
69070,S100YKF2,有価証券報告書－第73期(2025/04/01－2026/03/31),2026-06-25 15:29,ジオマテック株式会社
39260,S100YKIK,有価証券報告書－第29期(2025/04/01－2026/03/31),2026-06-25 15:30,株式会社オープンドア
56120,S100YKL0,有価証券報告書－第122期(2025/04/01－2026/03/31),2026-06-25 15:30,日本鋳鉄管株式会社
94330,S100YKG2,有価証券報告書－第42期(2025/04/01－2026/03/31),2026-06-25 15:30,ＫＤＤＩ株式会社
81390,S100YJAK,有価証券報告書－第65期(2025/04/01－2026/03/31),2026-06-25 15:30,株式会社ナガホリ
79740,S100Y9NX,有価証券報告書－第86期(2025/04/01－2026/03/31),2026-06-25 15:30,任天堂株式会社
77310,S100YKBP,有価証券報告書－第162期(2025/04/01－2026/03/31),2026-06-25 15:30,株式会社ニコン
53340,S100YJTF,有価証券報告書－第126期(2025/04/01－2026/03/31),2026-06-25 15:30,日本特殊陶業株式会社
45940,S100YJ3C,有価証券報告書－第23期(2025/04/01－2026/03/31),2026-06-25 15:30,ブライトパス・バイオ株式会社
13750,S100YK0W,有価証券報告書－第9期(2025/04/01－2026/03/31),2026-06-25 15:30,ユキグニファクトリー株式会社
66250,S100YKK9,有価証券報告書－第15期(2025/04/01－2026/03/31),2026-06-25 15:30,ＪＡＬＣＯホールディングス株式会社
84730,S100YK3R,有価証券報告書－第28期(2025/04/01－2026/03/31),2026-06-25 15:48,ＳＢＩホールディングス株式会社
87690,S100YKPM,有価証券報告書－第28期(2025/04/01－2026/03/31),2026-06-25 15:30,株式会社アドバンテッジリスクマネジメント
15140,S100YKD1,有価証券報告書－第18期(2025/04/01－2026/03/31),2026-06-25 15:30,住石ホールディングス株式会社
438A0,S100YL3J,有価証券報告書－第20期(2025/04/01－2026/03/31),2026-06-25 15:30,株式会社インフキュリオン
41790,S100YIOX,有価証券報告書－第25期(2025/04/01－2026/03/31),2026-06-25 15:30,株式会社ジーネクスト
25860,S100YKRG,有価証券報告書－第24期(2025/04/01－2026/03/31),2026-06-25 15:31,株式会社フルッタフルッタ
75500,S100YKA9,有価証券報告書－第44期(2025/04/01－2026/03/31),2026-06-25 15:31,株式会社ゼンショーホールディングス
80390,S100YISR,有価証券報告書－第78期(2025/04/01－2026/03/31),2026-06-25 15:31,築地魚市場株式会社
332A0,S100YKM2,有価証券報告書－第8期(2025/04/01－2026/03/31),2026-06-25 15:31,ミーク株式会社
46610,S100YCJX,有価証券報告書－第66期(2025/04/01－2026/03/31),2026-06-25 15:31,株式会社オリエンタルランド
25400,S100YK3W,有価証券報告書－第108期(2025/04/01－2026/03/31),2026-06-25 15:32,養命酒製造株式会社
87710,S100YKOI,有価証券報告書－第26期(2025/04/01－2026/03/31),2026-06-25 15:32,イー・ギャランティ株式会社
28310,S100YJSM,有価証券報告書－第97期(2025/04/01－2026/03/31),2026-06-25 15:32,はごろもフーズ株式会社
99560,S100YHUD,有価証券報告書－第69期(2025/04/01－2026/03/31),2026-06-25 15:32,株式会社バローホールディングス
48000,S100YJQT,有価証券報告書－第27期(2025/04/01－2026/03/31),2026-06-25 15:32,オリコン株式会社
24130,S100YJ25,有価証券報告書－第26期(2025/04/01－2026/03/31),2026-06-25 15:32,エムスリー株式会社
67860,S100YKOS,有価証券報告書－第30期(2025/04/01－2026/03/31),2026-06-25 15:33,株式会社ＲＶＨ
54910,S100YJG2,有価証券報告書－第119期(2025/04/01－2026/03/31),2026-06-25 15:33,日本金属株式会社
21380,S100YL1X,有価証券報告書－第25期(2025/04/01－2026/03/31),2026-06-25 15:33,クルーズ株式会社
65990,S100YI0V,有価証券報告書－第53期(2025/04/01－2026/03/31),2026-06-25 15:34,エブレン株式会社
90650,S100YJRS,有価証券報告書－第117期(2025/04/01－2026/03/31),2026-06-25 15:34,山九株式会社
79510,S100YJE7,有価証券報告書－第202期(2025/04/01－2026/03/31),2026-06-25 15:34,ヤマハ株式会社
90060,S100YK5J,有価証券報告書－第105期(2025/04/01－2026/03/31),2026-06-25 15:34,京浜急行電鉄株式会社
30680,S100YKH9,有価証券報告書－第72期(2025/04/01－2026/03/31),2026-06-25 15:35,株式会社ＷＤＩ
68900,S100YJVG,有価証券報告書－第46期(2025/04/01－2026/03/31),2026-06-25 15:35,株式会社フェローテック
66150,S100YK9A,有価証券報告書－第59期(2025/04/01－2026/03/31),2026-06-25 15:35,ユー・エム・シー・エレクトロニクス株式会社
98310,S100YJWD,有価証券報告書－第49期(2025/04/01－2026/03/31),2026-06-25 15:35,株式会社ヤマダホールディングス
29150,S100YDV4,有価証券報告書－第69期(2025/04/01－2026/03/31),2026-06-25 15:35,ケンコーマヨネーズ株式会社
61130,S100YKCP,有価証券報告書－第88期(2025/04/01－2026/03/31),2026-06-25 15:35,株式会社アマダ
13790,S100YKAZ,有価証券報告書－第63期(2025/04/01－2026/03/31),2026-06-25 15:38,ホクト株式会社
71620,S100YHVT,有価証券報告書－第14期(2025/04/01－2026/03/31),2026-06-25 15:39,アストマックス株式会社
40930,S100YL3N,有価証券報告書－第92期(2025/04/01－2026/03/31),2026-06-25 15:39,東邦アセチレン株式会社
66440,S100YGJ0,有価証券報告書－第112期(2025/04/01－2026/03/31),2026-06-25 15:41,大崎電気工業株式会社
56600,S100YJTL,有価証券報告書－第94期(2025/04/01－2026/03/31),2026-06-25 15:41,神鋼鋼線工業株式会社
67360,S100YKGG,有価証券報告書－第55期(2025/04/01－2026/03/31),2026-06-25 15:41,サン電子株式会社
93570,S100YL49,有価証券報告書－第103期(2025/04/01－2026/03/31),2026-06-25 15:41,名港海運株式会社
51620,S100YKQB,有価証券報告書－第56期(2025/04/01－2026/03/31),2026-06-25 15:42,株式会社朝日ラバー
60920,S100YKUO,有価証券報告書－第27期(2025/04/01－2026/03/31),2026-06-25 15:42,株式会社エンバイオ・ホールディングス
38960,S100YL59,有価証券報告書－第112期(2025/04/01－2026/03/31),2026-06-25 15:44,阿波製紙株式会社
69250,S100YKRT,有価証券報告書－第63期(2025/04/01－2026/03/31),2026-06-25 15:45,ウシオ電機株式会社
56210,S100YL5B,有価証券報告書－第15期(2025/04/01－2026/03/31),2026-06-25 15:47,株式会社ヒューマンテクノロジーズ
71020,S100YK10,有価証券報告書－第197期(2025/04/01－2026/03/31),2026-06-25 15:47,日本車輌製造株式会社
81180,S100YKP8,有価証券報告書－第79期(2025/04/01－2026/03/31),2026-06-25 15:49,株式会社　キング
39230,S100YL65,有価証券報告書－第26期(2025/04/01－2026/03/31),2026-06-25 15:49,株式会社ラクス
64820,S100YJC5,有価証券報告書－第53期(2025/04/01－2026/03/31),2026-06-25 15:52,ＹＵＳＨＩＮ株式会社
38440,S100YL64,有価証券報告書－第42期(2025/04/01－2026/03/31),2026-06-25 15:55,コムチュア株式会社
76380,S100YL5P,有価証券報告書－第32期(2025/04/01－2026/03/31),2026-06-25 15:56,株式会社ＮＥＷ　ＡＲＴ　ＨＯＬＤＩＮＧＳ
23260,S100YKKS,有価証券報告書－第31期(2025/04/01－2026/03/31),2026-06-25 15:59,デジタルアーツ株式会社
33600,S100YJZ3,有価証券報告書－第34期(2025/04/01－2026/03/31),2026-06-25 16:00,シップヘルスケアホールディングス株式会社
97880,S100YKSL,有価証券報告書－第55期(2025/04/01－2026/03/31),2026-06-25 16:00,株式会社ナック
65250,S100YJUA,有価証券報告書－第11期(2025/04/01－2026/03/31),2026-06-25 16:00,株式会社ＫＯＫＵＳＡＩ　ＥＬＥＣＴＲＩＣ
73680,S100YKV6,有価証券報告書－第60期(2025/04/01－2026/03/31),2026-06-25 16:00,表示灯株式会社
76770,S100YJ1S,有価証券報告書－第82期(2025/04/01－2026/03/31),2026-06-25 16:00,株式会社ヤシマキザイ
21390,S100YHNL,有価証券報告書－第48期(2025/04/01－2026/03/31),2026-06-25 16:00,株式会社中広
91300,S100YK3U,有価証券報告書－第96期(2025/04/01－2026/03/31),2026-06-25 16:00,共栄タンカー株式会社
61930,S100YK5W,有価証券報告書－第28期(2025/04/01－2026/03/31),2026-06-25 16:00,バーチャレクス・ホールディングス株式会社
33920,S100YJQR,有価証券報告書－第23期(2025/04/01－2026/03/31),2026-06-25 16:00,デリカフーズホールディングス株式会社
92290,S100YL7U,有価証券報告書－第21期(2025/04/01－2026/03/31),2026-06-25 16:00,株式会社サンウェルズ
44880,S100YJYU,有価証券報告書－第11期(2025/04/01－2026/03/31),2026-06-25 16:00,ＡＩ　ｉｎｓｉｄｅ株式会社
38640,S100YJLB,有価証券報告書－第161期(2025/04/01－2026/03/31),2026-06-25 16:00,三菱製紙株式会社
63650,S100YI72,有価証券報告書－第91期(2025/04/01－2026/03/31),2026-06-25 16:02,株式会社電業社機械製作所
70910,S100YKPS,有価証券報告書－第15期(2025/04/01－2026/03/31),2026-06-25 16:03,株式会社リビングプラットフォーム
72540,S100YFXP,有価証券報告書－第93期(2025/04/01－2026/03/31),2026-06-25 16:03,株式会社ユニバンス
39100,S100YL5Q,有価証券報告書－第38期(2025/04/01－2026/03/31),2026-06-25 16:03,株式会社エムケイシステム
73670,S100YL5T,有価証券報告書－第10期(2025/04/01－2026/03/31),2026-06-25 16:04,株式会社セルム
63640,S100YI16,有価証券報告書－第95期(2025/04/01－2026/03/31),2026-06-25 16:05,株式会社ＡＩＲＭＡＮ
17800,S100YK4B,有価証券報告書－第67期(2025/04/01－2026/03/31),2026-06-25 16:05,株式会社　ヤマウラ
29760,S100YIXO,有価証券報告書－第23期(2025/04/01－2026/03/31),2026-06-25 16:06,日本グランデ株式会社
52620,S100YL8F,有価証券報告書－第143期(2025/04/01－2026/03/31),2026-06-25 16:06,日本ヒューム株式会社
59390,S100YKRJ,有価証券報告書－第87期(2025/04/01－2026/03/31),2026-06-25 16:06,株式会社大谷工業
23930,S100YK97,有価証券報告書－第28期(2025/04/01－2026/03/31),2026-06-25 16:07,株式会社日本ケアサプライ
60740,S100YGXC,有価証券報告書－第51期(2025/04/01－2026/03/31),2026-06-25 16:07,株式会社ジェイエスエス
38610,S100YJ8J,有価証券報告書－第102期(2025/04/01－2026/03/31),2026-06-25 16:09,王子ホールディングス株式会社
69520,S100YJ1H,有価証券報告書－第70期(2025/04/01－2026/03/31),2026-06-25 16:09,カシオ計算機株式会社
90270,S100YHW8,訂正有価証券報告書－第21期(2025/04/01－2026/03/31),2026-06-25 16:14,株式会社ロジネットジャパン
68620,S100YKH4,有価証券報告書－第70期(2025/04/01－2026/03/31),2026-06-25 16:17,ミナトホールディングス株式会社
40470,S100YJCK,有価証券報告書－第119期(2025/04/01－2026/03/31),2026-06-25 16:17,関東電化工業株式会社
69970,S100YL3Z,有価証券報告書－第79期(2025/04/01－2026/03/31),2026-06-25 16:19,日本ケミコン株式会社
49600,S100YIYR,有価証券報告書－第45期(2025/04/01－2026/03/31),2026-06-25 16:19,ケミプロ化成株式会社
58580,S100YL7C,有価証券報告書－第44期(2025/04/01－2026/03/31),2026-06-25 16:20,株式会社ＳＴＧ
34220,S100YJJI,有価証券報告書－第68期(2025/04/01－2026/03/31),2026-06-25 16:20,株式会社　Ｊ－ＭＡＸ
38800,S100YJ8D,有価証券報告書－第115期(2025/04/01－2026/03/31),2026-06-25 16:23,大王製紙株式会社
69040,S100YJHN,有価証券報告書－第69期(2025/04/01－2026/03/31),2026-06-25 16:25,原田工業株式会社
77150,S100YLAN,有価証券報告書－第104期(2025/04/01－2026/03/31),2026-06-25 16:28,長野計器株式会社
92720,S100YJV7,有価証券報告書－第20期(2025/04/01－2026/03/31),2026-06-25 16:28,ブティックス株式会社
76210,S100YL71,有価証券報告書－第44期(2025/04/01－2026/03/31),2026-06-25 16:28,株式会社うかい
70750,S100YLB1,訂正有価証券報告書－第8期(2025/04/01－2026/03/31),2026-06-25 16:30,株式会社ＱＬＳホールディングス
93480,S100YL5W,有価証券報告書－第16期(2025/04/01－2026/03/31),2026-06-25 16:30,株式会社ｉｓｐａｃｅ
40460,S100YKCT,有価証券報告書－第171期(2025/04/01－2026/03/31),2026-06-25 16:30,株式会社大阪ソーダ
65130,S100YJF6,有価証券報告書－第125期(2025/04/01－2026/03/31),2026-06-25 16:32,株式会社オリジン
63580,S100YKE1,有価証券報告書－第78期(2025/04/01－2026/03/31),2026-06-25 16:33,酒井重工業株式会社
72970,S100YKN6,有価証券報告書－第61期(2025/04/01－2026/03/31),2026-06-25 16:33,株式会社カーメイト
72770,S100YLAF,有価証券報告書－第90期(2025/04/01－2026/03/31),2026-06-25 16:37,株式会社ＴＢＫ
71290,S100YK3E,有価証券報告書－第5期(2025/04/01－2026/03/31),2026-06-25 16:38,ミアヘルサホールディングス株式会社
42050,S100YJ12,有価証券報告書－第101期(2025/04/01－2026/03/31),2026-06-25 16:39,日本ゼオン株式会社
90740,S100YC3A,有価証券報告書－第109期(2025/04/01－2026/03/31),2026-06-25 16:39,日本石油輸送株式会社
61440,S100YLBS,有価証券報告書－第93期(2025/04/01－2026/03/31),2026-06-25 16:39,西部電機株式会社
78600,S100YKQ4,有価証券報告書－第39期(2025/04/01－2026/03/31),2026-06-25 16:40,エイベックス株式会社
81440,S100YFT7,有価証券報告書－第78期(2025/04/01－2026/03/31),2026-06-25 16:41,株式会社デンキョーグループホールディングス
37620,S100YL8T,有価証券報告書－第42期(2025/04/01－2026/03/31),2026-06-25 16:43,テクマトリックス株式会社
30790,S100YL91,有価証券報告書－第40期(2025/04/01－2026/03/31),2026-06-25 16:52,ディーブイエックス株式会社
29280,S100YF9Y,有価証券報告書－第23期(2025/04/01－2026/03/31),2026-06-25 16:55,ＲＩＺＡＰグループ株式会社
65840,S100YL53,有価証券報告書－第118期(2025/04/01－2026/03/31),2026-06-25 16:57,三櫻工業株式会社
79160,S100YL1G,有価証券報告書－第124期(2025/04/01－2026/03/31),2026-06-25 16:57,光村印刷株式会社
62570,S100YK8S,有価証券報告書－第61期(2025/04/01－2026/03/31),2026-06-25 17:00,株式会社藤商事
70870,S100YHRI,有価証券報告書－第34期(2025/04/01－2026/03/31),2026-06-25 17:01,株式会社ウイルテック
331A0,S100YHLO,有価証券報告書－第43期(2025/04/01－2026/03/31),2026-06-25 17:04,株式会社メディックス
61370,S100YKGK,有価証券報告書－第103期(2025/04/01－2026/03/31),2026-06-25 17:07,小池酸素工業株式会社
30420,S100YH8N,有価証券報告書－第25期(2025/04/01－2026/03/31),2026-06-24 09:00,株式会社セキュアヴェイル
18320,S100YH4H,有価証券報告書－第86期(2025/04/01－2026/03/31),2026-06-24 09:00,株式会社北海電工
21080,S100YEPB,有価証券報告書－第128期(2025/04/01－2026/03/31),2026-06-24 09:00,日本甜菜製糖株式会社
43660,S100YGAU,有価証券報告書－第80期(2025/04/01－2026/03/31),2026-06-24 09:00,ダイトーケミックス株式会社
77910,S100YHQB,有価証券報告書－第69期(2025/04/01－2026/03/31),2026-06-24 09:00,ドリームベッド株式会社
85960,S100YHO7,有価証券報告書－第52期(2025/04/01－2026/03/31),2026-06-24 09:01,株式会社九州リースサービス
27820,S100YH2R,有価証券報告書－第39期(2025/04/01－2026/03/31),2026-06-24 09:01,株式会社セリア
89950,S100YI2H,有価証券報告書－第35期(2025/04/01－2026/03/31),2026-06-24 09:03,株式会社誠建設工業
93100,S100YGL7,有価証券報告書－第112期(2025/04/01－2026/03/31),2026-06-24 09:04,日本トランスシティ株式会社
18880,S100YHAB,有価証券報告書－第210期(2025/04/01－2026/03/31),2026-06-24 09:04,若築建設株式会社
44910,S100YGM1,有価証券報告書－第45期(2025/04/01－2026/03/31),2026-06-24 09:05,コンピューターマネージメント株式会社
59740,S100YHRE,有価証券報告書－第76期(2025/04/01－2026/03/31),2026-06-24 09:06,中国工業株式会社
61110,S100YHGQ,有価証券報告書－第77期(2025/04/01－2026/03/31),2026-06-24 09:08,旭精機工業株式会社
52850,S100YFLV,有価証券報告書－第63期(2025/04/01－2026/03/31),2026-06-24 09:08,株式会社ヤマックス
79550,S100YHN2,有価証券報告書－第73期(2025/04/01－2026/03/31),2026-06-24 09:10,クリナップ株式会社
33170,S100YHND,有価証券報告書－第45期(2025/04/01－2026/03/31),2026-06-24 09:10,株式会社フライングガーデン
93010,S100YA7K,有価証券報告書－第223期(2025/04/01－2026/03/31),2026-06-24 09:10,三菱倉庫株式会社
31070,S100YGNL,有価証券報告書－第115期(2025/04/01－2026/03/31),2026-06-24 09:11,ダイワボウホールディングス株式会社
256A0,S100YIL8,有価証券報告書－第2期(2025/04/01－2026/03/31),2026-06-24 09:12,飛島ホールディングス株式会社
95030,S100YFXZ,有価証券報告書－第102期(2025/04/01－2026/03/31),2026-06-24 09:48,関西電力株式会社
18260,S100YILD,有価証券報告書－第77期(2025/04/01－2026/03/31),2026-06-24 09:13,佐田建設株式会社
54800,S100YC9N,有価証券報告書－第144期(2025/04/01－2026/03/31),2026-06-24 09:14,日本冶金工業株式会社
53570,S100YHT7,有価証券報告書－第128期(2025/04/01－2026/03/31),2026-06-24 09:15,株式会社　ヨータイ
48870,S100YITS,有価証券報告書－第5期(2025/04/01－2026/03/31),2026-06-24 09:18,サワイグループホールディングス株式会社
67680,S100YIQG,有価証券報告書－第103期(2025/04/01－2026/03/31),2026-06-24 09:19,株式会社タムラ製作所
72710,S100YFR1,有価証券報告書－第80期(2025/04/01－2026/03/31),2026-06-24 09:20,株式会社安永
73450,S100YHKS,有価証券報告書－第21期(2025/04/01－2026/03/31),2026-06-24 09:20,株式会社アイ・パートナーズフィナンシャル
74820,S100YIAX,有価証券報告書－第65期(2025/04/01－2026/03/31),2026-06-24 09:21,株式会社シモジマ
35120,S100YIXB,有価証券報告書－第162期(2025/04/01－2026/03/31),2026-06-24 09:45,日本フエルト株式会社
31130,S100YHET,有価証券報告書－第165期(2025/04/01－2026/03/31),2026-06-24 09:30,株式会社ＵＮＩＶＡ・Ｏａｋホールディングス
52100,S100YHIJ,有価証券報告書－第97期(2025/04/01－2026/03/31),2026-06-24 09:30,日本山村硝子株式会社
63350,S100YI7P,有価証券報告書－第169期(2025/04/01－2026/03/31),2026-06-24 09:30,株式会社東京機械製作所
17930,S100YI8J,有価証券報告書－第89期(2025/04/01－2026/03/31),2026-06-24 09:31,株式会社大本組
64190,S100YHFR,有価証券報告書－第52期(2025/04/01－2026/03/31),2026-06-24 09:32,株式会社マースグループホールディングス
34350,S100YHPR,有価証券報告書－第62期(2025/04/01－2026/03/31),2026-06-24 09:33,サンコーテクノ株式会社
66510,S100YIVN,有価証券報告書－第78期(2025/04/01－2026/03/31),2026-06-24 09:33,日東工業株式会社
64670,S100YGVK,有価証券報告書－第59期(2025/04/01－2026/03/31),2026-06-24 09:34,株式会社ニチダイ
43410,S100YFFX,有価証券報告書－第60期(2025/04/01－2026/03/31),2026-06-24 09:35,西菱電機株式会社
75210,S100YHDE,有価証券報告書－第105期(2025/04/01－2026/03/31),2026-06-24 09:36,株式会社ムサシ
95080,S100YHHO,有価証券報告書－第102期(2025/04/01－2026/03/31),2026-06-24 09:37,九州電力株式会社
35370,S100YHFB,有価証券報告書－第66期(2025/04/01－2026/03/31),2026-06-24 09:41,昭栄薬品株式会社
46760,S100YHYX,有価証券報告書－第85期(2025/04/01－2026/03/31),2026-06-24 09:44,株式会社フジ・メディア・ホールディングス
93850,S100YIVY,有価証券報告書－第59期(2025/04/01－2026/03/31),2026-06-24 09:45,株式会社ショーエイコーポレーション
78980,S100YI45,有価証券報告書－第74期(2025/04/01－2026/03/31),2026-06-24 09:45,株式会社ウッドワン
52680,S100YIYA,有価証券報告書－第146期(2025/04/01－2026/03/31),2026-06-24 09:51,旭コンクリート工業株式会社
62220,S100YIO7,有価証券報告書－第65期(2025/04/01－2026/03/31),2026-06-24 09:52,株式会社島精機製作所
24250,S100YIQF,有価証券報告書－第35期(2025/04/01－2026/03/31),2026-06-24 09:52,株式会社ケアサービス
68230,S100YI2O,有価証券報告書－第105期(2025/04/01－2026/03/31),2026-06-24 09:53,リオン株式会社
90750,S100YIXL,有価証券報告書－第78期(2025/04/01－2026/03/31),2026-06-24 09:55,福山通運株式会社
68440,S100YHJ7,有価証券報告書－第103期(2025/04/01－2026/03/31),2026-06-24 09:56,新電元工業株式会社
93120,S100YHI4,有価証券報告書－第79期(2025/04/01－2026/03/31),2026-06-24 09:56,ケイヒン株式会社
24830,S100YILW,有価証券報告書－第40期(2025/04/01－2026/03/31),2026-06-24 09:58,株式会社翻訳センター
57290,S100YIW1,有価証券報告書－第131期(2025/04/01－2026/03/31),2026-06-24 09:59,日本精鉱株式会社
17990,S100YILN,有価証券報告書－第84期(2025/04/01－2026/03/31),2026-06-24 10:00,第一建設工業株式会社
56020,S100YDW9,有価証券報告書－第130期(2025/04/01－2026/03/31),2026-06-24 10:00,株式会社栗本鐵工所
96160,S100YIIM,有価証券報告書－第47期(2025/04/01－2026/03/31),2026-06-24 10:00,株式会社共立メンテナンス
29020,S100YD3Q,有価証券報告書－第109期(2025/04/01－2026/03/31),2026-06-24 10:00,太陽化学株式会社
44090,S100YGU8,有価証券報告書－第89期(2025/04/01－2026/03/31),2026-06-24 10:02,東邦化学工業株式会社
42120,S100YIY2,有価証券報告書－第92期(2025/04/01－2026/03/31),2026-06-24 10:02,積水樹脂株式会社
63900,S100YG4R,有価証券報告書－第127期(2025/04/01－2026/03/31),2026-06-24 10:02,株式会社加藤製作所
29080,S100YF97,有価証券報告書－第66期(2025/04/01－2026/03/31),2026-06-24 10:03,フジッコ株式会社
95020,S100YDH0,有価証券報告書－第102期(2025/04/01－2026/03/31),2026-06-24 10:04,中部電力株式会社
63670,S100YFQL,有価証券報告書－第123期(2025/04/01－2026/03/31),2026-06-24 10:06,ダイキン工業株式会社
99940,S100YIXT,有価証券報告書－第56期(2025/04/01－2026/03/31),2026-06-24 10:08,株式会社やまや
40210,S100YIML,有価証券報告書－第156期(2025/04/01－2026/03/31),2026-06-24 10:09,日産化学株式会社
52320,S100YH1Y,有価証券報告書－第163期(2025/04/01－2026/03/31),2026-06-24 10:10,住友大阪セメント株式会社
37710,S100YHX1,有価証券報告書－第46期(2025/04/01－2026/03/31),2026-06-24 10:14,株式会社システムリサーチ
34310,S100YDPT,有価証券報告書－第23期(2025/04/01－2026/03/31),2026-06-24 10:21,宮地エンジニアリンググループ株式会社
35690,S100YH1G,有価証券報告書－第154期(2025/04/01－2026/03/31),2026-06-24 10:22,セーレン株式会社
18120,S100YGGI,有価証券報告書－第129期(2025/04/01－2026/03/31),2026-06-24 10:22,鹿島建設株式会社
80520,S100YIO8,有価証券報告書－第123期(2025/04/01－2026/03/31),2026-06-24 10:23,椿本興業株式会社
67270,S100YHU2,有価証券報告書－第43期(2025/04/01－2026/03/31),2026-06-24 10:23,株式会社ワコム
89200,S100YI5M,有価証券報告書－第48期(2025/04/01－2026/03/31),2026-06-24 10:24,株式会社　東　祥
95070,S100YH23,有価証券報告書－第102期(2025/04/01－2026/03/31),2026-06-24 10:24,四国電力株式会社
71400,S100YI94,有価証券報告書－第22期(2025/04/01－2026/03/31),2026-06-24 10:25,ペットゴー株式会社
99900,S100YJ0B,有価証券報告書－第53期(2025/04/01－2026/03/31),2026-06-24 10:30,株式会社サックスバーホールディングス
58340,S100YIA9,有価証券報告書－第9期(2025/04/01－2026/03/31),2026-06-24 10:30,ＳＢＩリーシングサービス株式会社
46200,S100YJ15,有価証券報告書－第115期(2025/04/01－2026/03/31),2026-06-24 10:32,藤倉化成株式会社
62460,S100YJ0X,有価証券報告書－第92期(2025/04/01－2026/03/31),2026-06-24 10:32,株式会社テクノスマート
27900,S100YJ0H,有価証券報告書－第57期(2025/04/01－2026/03/31),2026-06-24 10:35,株式会社ナフコ
72800,S100Y9OD,有価証券報告書－第81期(2025/04/01－2026/03/31),2026-06-24 10:36,株式会社ミツバ
31430,S100YI27,有価証券報告書－第40期(2025/04/01－2026/03/31),2026-06-24 10:38,オーウイル株式会社
44960,S100YHS5,有価証券報告書－第21期(2025/04/01－2026/03/31),2026-06-24 10:39,株式会社コマースＯｎｅホールディングス
98450,S100YJ1T,有価証券報告書－第99期(2025/04/01－2026/03/31),2026-06-24 10:39,株式会社パーカーコーポレーション
99860,S100YJ27,有価証券報告書－第70期(2025/04/01－2026/03/31),2026-06-24 10:41,蔵王産業株式会社
30320,S100YHOE,有価証券報告書－第39期(2025/04/01－2026/03/31),2026-06-24 10:41,株式会社ゴルフ・ドゥ
20580,S100YI3U,有価証券報告書－第47期(2025/04/01－2026/03/31),2026-06-24 10:42,株式会社ヒガシマル
70940,S100YHNA,有価証券報告書－第26期(2025/04/01－2026/03/31),2026-06-24 10:43,株式会社ＮｅｘＴｏｎｅ
72120,S100YHFG,有価証券報告書－第71期(2025/04/01－2026/03/31),2026-06-24 10:46,株式会社エフテック
31570,S100YI2B,有価証券報告書－第17期(2025/04/01－2026/03/31),2026-06-24 10:48,ジオリーブグループ株式会社
81150,S100YDWL,有価証券報告書－第85期(2025/04/01－2026/03/31),2026-06-24 10:49,ムーンバット株式会社
51220,S100YHXH,有価証券報告書－第130期(2025/04/01－2026/03/31),2026-06-24 10:58,オカモト株式会社
37080,S100YHWR,有価証券報告書－第19期(2025/04/01－2026/03/31),2026-06-24 10:58,特種東海製紙株式会社
46250,S100YIIT,有価証券報告書－第79期(2025/04/01－2026/03/31),2026-06-24 11:00,アトミクス株式会社
41000,S100YIHV,有価証券報告書－第93期(2025/04/01－2026/03/31),2026-06-24 11:04,戸田工業株式会社
38370,S100YFRS,有価証券報告書－第51期(2025/04/01－2026/03/31),2026-06-24 11:05,アドソル日進株式会社
68490,S100YHO8,有価証券報告書－第75期(2025/04/01－2026/03/31),2026-06-24 11:07,日本光電工業株式会社
80500,S100YHM2,有価証券報告書－第165期(2025/04/01－2026/03/31),2026-06-24 11:09,セイコーグループ株式会社
81630,S100YIH4,有価証券報告書－第58期(2025/04/01－2026/03/31),2026-06-24 11:10,ＳＲＳホールディングス株式会社
53550,S100YINX,有価証券報告書－第186期(2025/04/01－2026/03/31),2026-06-24 11:10,日本坩堝株式会社
285A0,S100YJ18,有価証券報告書－第8期(2025/04/01－2026/03/31),2026-06-24 11:15,キオクシアホールディングス株式会社
18020,S100YITC,有価証券報告書－第122期(2025/04/01－2026/03/31),2026-06-24 11:16,株式会社大林組
63340,S100YJ53,有価証券報告書－第151期(2025/04/01－2026/03/31),2026-06-24 11:17,明治機械株式会社
90760,S100YI52,有価証券報告書－第105期(2025/04/01－2026/03/31),2026-06-24 11:20,セイノーホールディングス株式会社
82070,S100YIGD,有価証券報告書－第57期(2025/04/01－2026/03/31),2026-06-24 11:21,テンアライド株式会社
38170,S100YHQM,有価証券報告書－第36期(2025/04/01－2026/03/31),2026-06-24 11:24,株式会社ＳＲＡホールディングス
29810,S100YHQX,有価証券報告書－第26期(2025/04/01－2026/03/31),2026-06-24 11:25,株式会社ランディックス
59230,S100YI9L,有価証券報告書－第97期(2025/04/01－2026/03/31),2026-06-24 11:25,高田機工株式会社
78670,S100YHL0,有価証券報告書－第75期(2025/04/01－2026/03/31),2026-06-24 11:27,株式会社タカラトミー
37730,S100YGKZ,有価証券報告書－第29期(2025/04/01－2026/03/31),2026-06-24 11:29,株式会社アドバンスト・メディア
58010,S100YCF0,有価証券報告書－第204期(2025/04/01－2026/03/31),2026-06-24 11:32,古河電気工業株式会社
75620,S100YEJV,有価証券報告書－第48期(2025/04/01－2026/03/31),2026-06-24 11:36,株式会社安楽亭
95010,S100YIHR,有価証券報告書－第102期(2025/04/01－2026/03/31),2026-06-24 11:36,東京電力ホールディングス株式会社
88030,S100YJ5I,有価証券報告書－第106期(2025/04/01－2026/03/31),2026-06-24 11:37,平和不動産株式会社
45340,S100YI28,有価証券報告書－第88期(2025/04/01－2026/03/31),2026-06-24 11:39,持田製薬株式会社
33460,S100YI7T,有価証券報告書－第27期(2025/04/01－2026/03/31),2026-06-24 11:39,ヒロタグループホールディングス株式会社
57130,S100YJ6N,有価証券報告書－第101期(2025/04/01－2026/03/31),2026-06-24 11:40,住友金属鉱山株式会社
90480,S100YHOL,有価証券報告書－第162期(2025/04/01－2026/03/31),2026-06-24 11:43,名古屋鉄道株式会社
63070,S100YJ78,有価証券報告書－第71期(2025/04/01－2026/03/31),2026-06-24 11:44,サンセイ株式会社
44620,S100YHRO,有価証券報告書－第88期(2025/04/01－2026/03/31),2026-06-24 11:48,石原ケミカル株式会社
70110,S100YHZG,有価証券報告書,2026-06-24 11:49,三菱重工業株式会社
62450,S100YIRK,有価証券報告書－第102期(2025/04/01－2026/03/31),2026-06-24 11:51,株式会社ヒラノテクシード
65380,S100YH9V,有価証券報告書－第21期(2025/04/01－2026/03/31),2026-06-24 11:51,株式会社ディスラプターズ
63470,S100YFZB,有価証券報告書－第66期(2025/04/01－2026/03/31),2026-06-24 11:56,株式会社プラコー
51890,S100YIQ8,有価証券報告書－第166期(2025/04/01－2026/03/31),2026-06-24 11:59,櫻護謨株式会社
59580,S100YFD2,有価証券報告書－第92期(2025/04/01－2026/03/31),2026-06-24 12:00,三洋工業株式会社
80250,S100YDV3,有価証券報告書－第107期(2025/04/01－2026/03/31),2026-06-24 12:00,株式会社ツカモトコーポレーション
59760,S100YIP6,有価証券報告書－第115期(2025/04/01－2026/03/31),2026-06-24 12:00,高周波熱錬株式会社
99960,S100YHOR,有価証券報告書－第77期(2025/04/01－2026/03/31),2026-06-24 12:02,株式会社サトー商会
88970,S100YIRG,有価証券報告書－第54期(2025/04/01－2026/03/31),2026-06-24 12:08,ＭＩＲＡＲＴＨホールディングス株式会社
67240,S100YJ6A,有価証券報告書－第84期(2025/04/01－2026/03/31),2026-06-24 12:11,セイコーエプソン株式会社
21790,S100YCFW,有価証券報告書－第40期(2025/04/01－2026/03/31),2026-06-24 12:15,株式会社成学社
63420,S100YIVE,有価証券報告書－第139期(2025/04/01－2026/03/31),2026-06-24 12:20,株式会社太平製作所
80660,S100YJ7S,有価証券報告書－第109期(2025/04/01－2026/03/31),2026-06-24 12:23,三谷商事株式会社
58700,S100YGEJ,有価証券報告書－第7期(2025/04/01－2026/03/31),2026-06-24 12:27,株式会社ナルネットコミュニケーションズ
88020,S100YBLA,有価証券報告書－第122期(2025/04/01－2026/03/31),2026-06-24 12:30,三菱地所株式会社
93040,S100YI5J,有価証券報告書－第179期(2025/04/01－2026/03/31),2026-06-24 12:40,澁澤倉庫株式会社
79500,S100YI56,有価証券報告書－第68期(2025/04/01－2026/03/31),2026-06-24 12:44,日本デコラックス株式会社
69120,S100YIEI,有価証券報告書－第75期(2025/04/01－2026/03/31),2026-06-24 12:47,菊水ホールディングス株式会社
75230,S100YI6G,有価証券報告書－第42期(2025/04/01－2026/03/31),2026-06-24 12:50,アールビバン株式会社
68550,S100YHWG,有価証券報告書－第67期(2025/04/01－2026/03/31),2026-06-24 12:54,日本電子材料株式会社
21170,S100YIPK,有価証券報告書－第15期(2025/04/01－2026/03/31),2026-06-24 13:00,ウェルネオシュガー株式会社
79020,S100YJAF,有価証券報告書－第64期(2025/04/01－2026/03/31),2026-06-24 13:00,株式会社ソノコム
72240,S100YFNV,有価証券報告書－第102期(2025/04/01－2026/03/31),2026-06-24 13:00,新明和工業株式会社
71220,S100YI50,有価証券報告書－第114期(2025/04/01－2026/03/31),2026-06-24 13:00,近畿車輛株式会社
24150,S100YIDK,有価証券報告書－第24期(2025/04/01－2026/03/31),2026-06-24 13:00,ヒューマンホールディングス株式会社
368A0,S100YIB6,有価証券報告書－第19期(2025/04/01－2026/03/31),2026-06-24 13:01,株式会社北里コーポレーション
167A0,S100YHJV,有価証券報告書－第2期(2025/04/01－2026/03/31),2026-06-24 13:01,リョーサン菱洋ホールディングス株式会社
38450,S100YJ02,有価証券報告書－第26期(2025/04/01－2026/03/31),2026-06-24 13:01,株式会社アイフリークモバイル
81290,S100YHSN,有価証券報告書－第78期(2025/04/01－2026/03/31),2026-06-24 13:02,東邦ホールディングス株式会社
80710,S100YIEJ,有価証券報告書－第71期(2025/04/01－2026/03/31),2026-06-24 13:03,東海エレクトロニクス株式会社
90330,S100YI48,有価証券報告書－第117期(2025/04/01－2026/03/31),2026-06-24 13:04,広島電鉄株式会社
41020,S100YFE2,有価証券報告書－第78期(2025/04/01－2026/03/31),2026-06-24 13:04,丸尾カルシウム株式会社
40980,S100YGE8,有価証券報告書－第128期(2025/04/01－2026/03/31),2026-06-24 13:05,チタン工業株式会社
18270,S100YHMT,有価証券報告書－第84期(2025/04/01－2026/03/31),2026-06-24 13:05,株式会社ナカノフドー建設
67440,S100YHTN,有価証券報告書－第82期(2025/04/01－2026/03/31),2026-06-24 13:05,能美防災株式会社
80890,S100YI3N,有価証券報告書－第77期(2025/04/01－2026/03/31),2026-06-24 13:05,ナイス株式会社
62290,S100YHR0,有価証券報告書－第65期(2025/04/01－2026/03/31),2026-06-24 13:06,株式会社オーケーエム
22210,S100YJ2N,有価証券報告書－第73期(2025/04/01－2026/03/31),2026-06-24 13:09,岩塚製菓株式会社
62860,S100YHL2,有価証券報告書－第124期(2025/04/01－2026/03/31),2026-06-24 13:09,靜甲株式会社
97130,S100YHWF,有価証券報告書－第100期(2025/04/01－2026/03/31),2026-06-24 13:10,株式会社ロイヤルホテル
72840,S100YIWC,有価証券報告書－第71期(2025/04/01－2026/03/31),2026-06-24 13:10,盟和産業株式会社
76940,S100YI9F,有価証券報告書－第19期(2025/04/01－2026/03/31),2026-06-24 13:11,株式会社いつも
22810,S100YDH8,有価証券報告書－第79期(2025/04/01－2026/03/31),2026-06-24 13:11,プリマハム株式会社
66660,S100YJ84,有価証券報告書－第81期(2025/04/01－2026/03/31),2026-06-24 13:14,リバーエレテック株式会社
94010,S100YI1U,有価証券報告書－第99期(2025/04/01－2026/03/31),2026-06-24 13:14,株式会社ＴＢＳホールディングス
40780,S100YICQ,有価証券報告書－第131期(2025/04/01－2026/03/31),2026-06-24 13:15,堺化学工業株式会社
44830,S100YJCA,有価証券報告書－第13期(2025/04/01－2026/03/31),2026-06-24 13:17,株式会社ＪＭＤＣ
22070,S100YHY5,有価証券報告書－第84期(2025/04/01－2026/03/31),2026-06-24 13:17,株式会社ｍｅｉｔｏ
90030,S100YFL1,有価証券報告書－第158期(2025/04/01－2026/03/31),2026-06-24 13:18,相鉄ホールディングス株式会社
35980,S100YI4G,有価証券報告書－第74期(2025/04/01－2026/03/31),2026-06-24 13:19,山喜株式会社
92560,S100YJBO,有価証券報告書－第22期(2025/04/01－2026/03/31),2026-06-24 13:19,株式会社サクシード
47710,S100YIXJ,有価証券報告書－第36期(2025/04/01－2026/03/31),2026-06-24 13:19,株式会社エフアンドエム
34070,S100YGRD,有価証券報告書－第135期(2025/04/01－2026/03/31),2026-06-24 13:25,旭化成株式会社
87080,S100YIEX,有価証券報告書－第106期(2025/04/01－2026/03/31),2026-06-24 13:28,アイザワ証券グループ株式会社
336A0,S100YJGF,訂正有価証券報告書－第10期(2025/04/01－2026/03/31),2026-06-24 17:01,ダイナミックマッププラットフォーム株式会社
69230,S100YERJ,有価証券報告書－第121期(2025/04/01－2026/03/31),2026-06-24 13:29,スタンレー電気株式会社
77170,S100YITH,有価証券報告書－第29期(2025/04/01－2026/03/31),2026-06-24 13:30,株式会社ブイ・テクノロジー
54100,S100YCUF,有価証券報告書－第120期(2025/04/01－2026/03/31),2026-06-24 13:30,合同製鐵株式会社
46240,S100YJCY,有価証券報告書－第80期(2025/04/01－2026/03/31),2026-06-24 13:30,イサム塗料株式会社
80230,S100YIXP,有価証券報告書－第73期(2025/04/01－2026/03/31),2026-06-24 13:30,ＤＡＩＫＯ　ＸＴＥＣＨ株式会社
76340,S100YHH0,有価証券報告書－第52期(2025/04/01－2026/03/31),2026-06-24 13:33,株式会社星医療酸器
72310,S100YJBN,有価証券報告書－第132期(2025/04/01－2026/03/31),2026-06-24 13:33,トピー工業株式会社
62370,S100YHPM,有価証券報告書－第71期(2025/04/01－2026/03/31),2026-06-24 13:33,株式会社イワキ
57570,S100YIA1,有価証券報告書,2026-06-24 13:39,株式会社ＣＫサンエツ
19460,S100YIKH,有価証券報告書－第108期(2025/04/01－2026/03/31),2026-06-24 13:41,株式会社トーエネック
30020,S100YGEM,有価証券報告書－第130期(2025/04/01－2026/03/31),2026-06-24 13:42,グンゼ株式会社
63490,S100YJ3O,訂正有価証券報告書－第80期(2025/04/01－2026/03/31),2026-06-24 13:42,株式会社小森コーポレーション
19300,S100YI00,有価証券報告書－第112期(2025/04/01－2026/03/31),2026-06-24 13:46,北陸電気工事株式会社
37790,S100YHI1,有価証券報告書－第21期(2025/04/01－2026/03/31),2026-06-24 13:49,ジェイ・エスコムホールディングス株式会社
94070,S100YJDD,有価証券報告書－第97期(2025/04/01－2026/03/31),2026-06-24 13:49,株式会社ＲＫＢ毎日ホールディングス
68640,S100YIMB,有価証券報告書－第73期(2025/04/01－2026/03/31),2026-06-24 13:50,株式会社エヌエフホールディングス
15150,S100YI8I,有価証券報告書－第112期(2025/04/01－2026/03/31),2026-06-24 13:52,日鉄鉱業株式会社
34670,S100YIPZ,有価証券報告書－第17期(2025/04/01－2026/03/31),2026-06-24 13:52,アグレ都市デザイン株式会社
90170,S100YI97,有価証券報告書－第113期(2025/04/01－2026/03/31),2026-06-24 13:53,新潟交通株式会社
49660,S100YIOW,有価証券報告書－第98期(2025/04/01－2026/03/31),2026-06-24 14:00,上村工業株式会社
22640,S100YIHY,有価証券報告書－第103期(2025/04/01－2026/03/31),2026-06-24 14:00,森永乳業株式会社
57150,S100YIDC,有価証券報告書－第159期(2025/04/01－2026/03/31),2026-06-24 14:00,古河機械金属株式会社
18670,S100YIPR,有価証券報告書－第79期(2025/04/01－2026/03/31),2026-06-24 14:00,株式会社植木組
52690,S100YI1J,有価証券報告書－第95期(2025/04/01－2026/03/31),2026-06-24 14:02,日本コンクリート工業株式会社
18110,S100YJ24,有価証券報告書－第95期(2025/04/01－2026/03/31),2026-06-24 14:03,株式会社錢高組
56090,S100YGG5,有価証券報告書－第104期(2025/04/01－2026/03/31),2026-06-24 14:04,日本鋳造株式会社
65880,S100YHCF,有価証券報告書－第101期(2025/04/01－2026/03/31),2026-06-24 15:56,東芝テック株式会社
69180,S100Y38P,有価証券報告書－第67期(2025/04/01－2026/03/31),2026-06-24 14:04,株式会社アバールデータ
62280,S100YJGG,訂正有価証券報告書－第17期(2025/01/01－2025/12/31),2026-06-24 14:09,株式会社ジェイ・イー・ティ
18070,S100YJEE,有価証券報告書－第95期(2025/04/01－2026/03/31),2026-06-24 14:07,株式会社佐藤渡辺
91150,S100YGYV,有価証券報告書－第172期(2025/04/01－2026/03/31),2026-06-24 14:07,明海グループ株式会社
44170,S100YFEX,有価証券報告書－第43期(2025/04/01－2026/03/31),2026-06-24 14:10,グローバルセキュリティエキスパート株式会社
68060,S100YJDW,有価証券報告書－第79期(2025/04/01－2026/03/31),2026-06-24 14:11,ヒロセ電機株式会社
66230,S100YHJY,有価証券報告書－第117期(2025/04/01－2026/03/31),2026-06-24 14:12,愛知電機株式会社
45580,S100YJGX,有価証券報告書－第48期(2025/04/01－2026/03/31),2026-06-24 14:12,株式会社中京医薬品
78740,S100YIJB,有価証券報告書－第44期(2025/04/01－2026/03/31),2026-06-24 14:16,レック株式会社
19450,S100YJBK,有価証券報告書－第79期(2025/04/01－2026/03/31),2026-06-24 14:17,株式会社東京エネシス
88690,S100YJF1,有価証券報告書－第40期(2025/04/01－2026/03/31),2026-06-24 14:23,明和地所株式会社
79110,S100YIAY,有価証券報告書－第180期(2025/04/01－2026/03/31),2026-06-24 14:25,ＴＯＰＰＡＮホールディングス株式会社
42650,S100YIQZ,有価証券報告書－第16期(2025/04/01－2026/03/31),2026-06-24 14:26,Ｉｎｓｔｉｔｕｔｉｏｎ　ｆｏｒ　ａ　Ｇｌｏｂａｌ　Ｓｏｃｉｅｔｙ株式会社
53420,S100YJHR,有価証券報告書－第92期(2025/04/01－2026/03/31),2026-06-24 14:26,ジャニス工業株式会社
67720,S100YJ3Z,有価証券報告書－第69期(2025/04/01－2026/03/31),2026-06-24 14:28,東京コスモス電機株式会社
69260,S100YJ7H,有価証券報告書－第103期(2025/04/01－2026/03/31),2026-06-24 14:29,岡谷電機産業株式会社
54080,S100YIVA,有価証券報告書－第132期(2025/04/01－2026/03/31),2026-06-24 14:30,株式会社中山製鋼所
30230,S100YJIY,有価証券報告書－第124期(2025/04/01－2026/03/31),2026-06-24 14:30,ラサ商事株式会社
96440,S100YJ07,有価証券報告書－第64期(2025/04/01－2026/03/31),2026-06-24 14:32,株式会社タナベコンサルティンググループ
22690,S100YILP,有価証券報告書－第17期(2025/04/01－2026/03/31),2026-06-24 14:35,明治ホールディングス株式会社
59810,S100YJJW,有価証券報告書－第227期(2025/04/01－2026/03/31),2026-06-24 14:39,東京製綱株式会社
68100,S100YJH7,有価証券報告書－第80期(2025/04/01－2026/03/31),2026-06-24 14:40,マクセル株式会社
99360,S100YHJQ,有価証券報告書－第52期(2025/04/01－2026/03/31),2026-06-24 14:43,株式会社王将フードサービス
48940,S100YIP2,有価証券報告書－第10期(2025/04/01－2026/03/31),2026-06-24 14:43,クオリプス株式会社
19340,S100YHQP,有価証券報告書－第112期(2025/04/01－2026/03/31),2026-06-24 14:46,株式会社ユアテック
59400,S100YIDL,有価証券報告書－第45期(2025/04/01－2026/03/31),2026-06-24 14:47,不二サッシ株式会社
93620,S100YGR4,有価証券報告書－第83期(2025/04/01－2026/03/31),2026-06-24 14:52,兵機海運株式会社
98800,S100YJ5D,有価証券報告書－第40期(2025/04/01－2026/03/31),2026-06-24 14:53,イノテック株式会社
66750,S100YJLC,有価証券報告書－第23期(2025/04/01－2026/03/31),2026-06-24 14:53,サクサ株式会社
67760,S100YIYI,有価証券報告書－第100期(2025/04/01－2026/03/31),2026-06-24 14:53,天昇電気工業株式会社
40420,S100YE5Q,有価証券報告書－第127期(2025/04/01－2026/03/31),2026-06-24 14:56,東ソー株式会社
93550,S100YHZP,有価証券報告書－第165期(2025/04/01－2026/03/31),2026-06-24 14:56,株式会社リンコーコーポレーション
49260,S100YIUO,有価証券報告書－第61期(2025/04/01－2026/03/31),2026-06-24 15:00,株式会社シーボン
70900,S100YJLO,有価証券報告書－第22期(2025/04/01－2026/03/31),2026-06-24 15:00,株式会社リグア
77490,S100YI2W,有価証券報告書－第43期(2025/04/01－2026/03/31),2026-06-24 15:02,メディキット株式会社
80430,S100YIM9,有価証券報告書－第87期(2025/04/01－2026/03/31),2026-06-24 15:03,スターゼン株式会社
19260,S100YIK2,有価証券報告書－第79期(2025/04/01－2026/03/31),2026-06-24 15:04,ライト工業株式会社
49900,S100YJME,有価証券報告書－第99期(2025/04/01－2026/03/31),2026-06-24 15:04,昭和化学工業株式会社
60590,S100YJMS,有価証券報告書－第20期(2025/04/01－2026/03/31),2026-06-24 15:04,株式会社ウチヤマホールディングス
88980,S100YJMR,有価証券報告書－第43期(2025/04/01－2026/03/31),2026-06-24 15:07,株式会社センチュリー２１・ジャパン
66950,S100YJNO,有価証券報告書－第32期(2025/11/01－2026/03/31),2026-06-24 15:07,株式会社キャストリコ
99970,S100YJ5M,有価証券報告書－第50期(2025/04/01－2026/03/31),2026-06-24 15:13,株式会社ベルーナ
34890,S100YHL1,有価証券報告書－第25期(2025/04/01－2026/03/31),2026-06-24 15:15,株式会社フェイスネットワーク
89380,S100YJMT,有価証券報告書－第34期(2025/04/01－2026/03/31),2026-06-24 15:15,グローム・ホールディングス株式会社
44360,S100YJON,有価証券報告書－第20期(2025/04/01－2026/03/31),2026-06-24 15:16,株式会社ミンカブ・ジ・インフォノイド
32890,S100YHXW,有価証券報告書－第13期(2025/04/01－2026/03/31),2026-06-24 15:17,東急不動産ホールディングス株式会社
39790,S100YJOL,有価証券報告書－第26期(2025/04/01－2026/03/31),2026-06-24 15:18,株式会社うるる
95130,S100YISC,有価証券報告書－第74期(2025/04/01－2026/03/31),2026-06-24 15:19,電源開発株式会社
89990,S100YIKY,有価証券報告書－第35期(2025/04/01－2026/03/31),2026-06-24 15:19,グランディハウス株式会社
64360,S100YJFL,有価証券報告書－第110期(2025/04/01－2026/03/31),2026-06-24 15:20,アマノ株式会社
31830,S100YEHT,有価証券報告書－第13期(2025/04/01－2026/03/31),2026-06-24 15:30,ウイン・パートナーズ株式会社
64850,S100YIVJ,有価証券報告書－第70期(2025/04/01－2026/03/31),2026-06-24 15:30,前澤給装工業株式会社
59560,S100YHLG,有価証券報告書－第86期(2025/04/01－2026/03/31),2026-06-24 15:30,トーソー株式会社
21480,S100YHX3,有価証券報告書－第27期(2025/04/01－2026/03/31),2026-06-24 15:30,アイティメディア株式会社
35420,S100YIJ8,有価証券報告書－第22期(2025/04/01－2026/03/31),2026-06-24 15:30,株式会社ベガコーポレーション
67070,S100YI8X,有価証券報告書－第109期(2025/04/01－2026/03/31),2026-06-24 15:30,サンケン電気株式会社
50330,S100YH55,有価証券報告書－第23期(2025/04/01－2026/03/31),2026-06-24 15:30,株式会社ヌーラボ
31820,S100YJ0Y,有価証券報告書－第29期(2025/04/01－2026/03/31),2026-06-24 15:30,オイシックス・ラ・大地株式会社
50210,S100YI3A,有価証券報告書－第11期(2025/04/01－2026/03/31),2026-06-24 15:30,コスモエネルギーホールディングス株式会社
97800,S100Y7GN,有価証券報告書－第64期(2025/04/01－2026/03/31),2026-06-24 15:30,株式会社ハリマビステム
45980,S100YJOM,有価証券報告書－第16期(2025/04/01－2026/03/31),2026-06-24 15:30,ＤｅｌｔａーＦｌｙ　Ｐｈａｒｍａ株式会社
71270,S100YHIO,有価証券報告書－第5期(2025/04/01－2026/03/31),2026-06-24 15:30,株式会社一家ホールディングス
195A0,S100YGM7,有価証券報告書－第10期(2025/04/01－2026/03/31),2026-06-24 15:30,株式会社ＭＵＳＣＡＴ　ＧＲＯＵＰ
94450,S100YJ9I,有価証券報告書－第31期(2025/04/01－2026/03/31),2026-06-24 15:30,株式会社フォーバルテレコム
94090,S100YCD2,有価証券報告書－第86期(2025/04/01－2026/03/31),2026-06-24 15:30,株式会社テレビ朝日ホールディングス
97990,S100YHT5,有価証券報告書－第64期(2025/04/01－2026/03/31),2026-06-24 15:31,旭情報サービス株式会社
19040,S100YIC7,有価証券報告書－第75期(2025/04/01－2026/03/31),2026-06-24 15:31,大成温調株式会社
93110,S100YIGL,有価証券報告書－第104期(2025/04/01－2026/03/31),2026-06-24 15:31,アサガミ株式会社
44160,S100YI9P,有価証券報告書－第26期(2025/04/01－2026/03/31),2026-06-24 15:32,株式会社Ｔｒｕｅ　Ｄａｔａ
38250,S100YJHT,有価証券報告書－第23期(2025/04/01－2026/03/31),2026-06-24 15:32,株式会社リミックスポイント
95050,S100YE68,有価証券報告書－第102期(2025/04/01－2026/03/31),2026-06-24 15:32,北陸電力株式会社
61850,S100YIYU,有価証券報告書－第29期(2025/04/01－2026/03/31),2026-06-24 15:32,ＳＭＮ株式会社
96050,S100YI7S,有価証券報告書－第103期(2025/04/01－2026/03/31),2026-06-24 15:33,東映株式会社
57060,S100YBQV,有価証券報告書－第101期(2025/04/01－2026/03/31),2026-06-24 15:33,三井金属株式会社
71110,S100YJEX,有価証券報告書－第4期(2025/04/01－2026/03/31),2026-06-24 15:33,ＩＮＥＳＴ株式会社
31090,S100YGL9,有価証券報告書－第213期(2025/04/01－2026/03/31),2026-06-24 15:33,シキボウ株式会社
42880,S100YGM0,有価証券報告書－第29期(2025/04/01－2026/03/31),2026-06-24 15:33,株式会社アズジェント
98430,S100YIMF,有価証券報告書－第54期(2025/04/01－2026/03/31),2026-06-24 15:33,株式会社ニトリホールディングス
97350,S100YICV,有価証券報告書－第65期(2025/04/01－2026/03/31),2026-06-24 15:33,セコム株式会社
86990,S100YJQ6,有価証券報告書－第69期(2025/04/01－2026/03/31),2026-06-24 15:33,ＨＳホールディングス株式会社
72760,S100YHHQ,有価証券報告書－第126期(2025/04/01－2026/03/31),2026-06-24 15:33,株式会社小糸製作所
26730,S100YE9G,有価証券報告書－第46期(2025/04/01－2026/03/31),2026-06-24 15:35,夢みつけ隊株式会社
66590,S100YHY4,有価証券報告書－第33期(2025/04/01－2026/03/31),2026-06-24 15:35,株式会社メディアリンクス
34420,S100YGQT,有価証券報告書－第19期(2025/04/01－2026/03/31),2026-06-24 15:35,株式会社ＭＩＥコーポレーション
51210,S100YJDM,有価証券報告書－第147期(2025/04/01－2026/03/31),2026-06-24 15:35,藤倉コンポジット株式会社
14430,S100YEE3,有価証券報告書－第9期(2025/04/01－2026/03/31),2026-06-24 15:35,技研ホールディングス株式会社
67940,S100YJIM,有価証券報告書－第92期(2025/04/01－2026/03/31),2026-06-24 15:36,フォスター電機株式会社
73180,S100YI8U,有価証券報告書－第21期(2025/04/01－2026/03/31),2026-06-24 15:36,セレンディップ・ホールディングス株式会社
98870,S100YJ71,有価証券報告書－第51期(2025/04/01－2026/03/31),2026-06-24 15:36,株式会社松屋フーズホールディングス
69810,S100YHPY,有価証券報告書－第90期(2025/04/01－2026/03/31),2026-06-24 15:37,株式会社村田製作所
39290,S100YF9R,有価証券報告書－第20期(2025/04/01－2026/03/31),2026-06-24 15:37,ソーシャルワイヤー株式会社
42750,S100YIGR,有価証券報告書－第13期(2025/04/01－2026/03/31),2026-06-24 15:37,株式会社カーリット
77340,S100YIB1,有価証券報告書－第120期(2025/04/01－2026/03/31),2026-06-24 15:37,理研計器株式会社
88010,S100YHUO,有価証券報告書－第114期(2025/04/01－2026/03/31),2026-06-24 15:38,三井不動産株式会社
160A0,S100YIQV,有価証券報告書－第22期(2025/04/01－2026/03/31),2026-06-24 15:38,株式会社アズパートナーズ
83060,S100YJQO,有価証券報告書－第21期(2025/04/01－2026/03/31),2026-06-24 15:39,株式会社三菱ＵＦＪフィナンシャル・グループ
21370,S100YIGV,有価証券報告書－第40期(2025/04/01－2026/03/31),2026-06-24 15:39,株式会社光ハイツ・ヴェラス
33950,S100YI0O,有価証券報告書－第35期(2025/04/01－2026/03/31),2026-06-24 15:39,株式会社サンマルクホールディングス
64790,S100YISS,有価証券報告書－第80期(2025/04/01－2026/03/31),2026-06-24 15:40,ミネベアミツミ株式会社
65490,S100YJGW,有価証券報告書－第22期(2025/04/01－2026/03/31),2026-06-24 15:43,ディーエムソリューションズ株式会社
22240,S100YICN,有価証券報告書－第42期(2025/04/01－2026/03/31),2026-06-24 15:43,株式会社コモ
94080,S100YHOV,有価証券報告書－第96期(2025/04/01－2026/03/31),2026-06-24 15:43,株式会社ＢＳＮメディアホールディングス
90120,S100YIV6,有価証券報告書－第203期(2025/04/01－2026/03/31),2026-06-24 15:45,秩父鉄道株式会社
88300,S100YI5D,有価証券報告書－第93期(2025/04/01－2026/03/31),2026-06-24 15:45,住友不動産株式会社
59830,S100YHYU,有価証券報告書－第76期(2025/04/01－2026/03/31),2026-06-24 15:45,イワブチ株式会社
50160,S100YINW,有価証券報告書－第24期(2025/04/01－2026/03/31),2026-06-24 15:46,ＪＸ金属株式会社
69410,S100YHIH,有価証券報告書－第71期(2025/04/01－2026/03/31),2026-06-24 15:46,山一電機株式会社
75370,S100YIN7,有価証券報告書－第79期(2025/04/01－2026/03/31),2026-06-24 15:47,丸文株式会社
49010,S100YIBH,有価証券報告書－第130期(2025/04/01－2026/03/31),2026-06-24 15:49,富士フイルムホールディングス株式会社
59700,S100YIKX,有価証券報告書－第15期(2025/04/01－2026/03/31),2026-06-24 15:50,株式会社ジーテクト
43860,S100YH0Q,有価証券報告書－第35期(2025/04/01－2026/03/31),2026-06-24 15:50,株式会社ＳＩＧグループ
19750,S100YIGB,有価証券報告書－第97期(2025/04/01－2026/03/31),2026-06-24 15:53,株式会社朝日工業社
52580,S100YJ6W,有価証券報告書－第19期(2025/04/01－2026/03/31),2026-06-24 15:55,株式会社トランザクション・メディア・ネットワークス
19380,S100YI6M,有価証券報告書－第17期(2025/04/01－2026/03/31),2026-06-24 15:55,日本リーテック株式会社
68040,S100YI0D,有価証券報告書－第76期(2025/04/01－2026/03/31),2026-06-24 15:56,ホシデン株式会社
80840,S100YGNM,有価証券報告書－第86期(2025/04/01－2026/03/31),2026-06-24 15:57,株式会社ＲＹＯＤＥＮ
28770,S100YGFI,有価証券報告書－第88期(2025/04/01－2026/03/31),2026-06-24 16:00,日東ベスト株式会社
49750,S100YIEL,有価証券報告書－第66期(2025/04/01－2026/03/31),2026-06-24 16:00,株式会社ＪＣＵ
92230,S100YJ2P,有価証券報告書－第13期(2025/04/01－2026/03/31),2026-06-24 16:00,株式会社ＡＳＮＯＶＡ
46860,S100YHW4,有価証券報告書－第45期(2025/04/01－2026/03/31),2026-06-24 16:00,株式会社ジャストシステム
429A0,S100YJ5L,有価証券報告書－第5期(2025/04/01－2026/03/31),2026-06-24 16:00,テクセンドフォトマスク株式会社
19510,S100YI51,有価証券報告書－第72期(2025/04/01－2026/03/31),2026-06-24 16:00,エクシオグループ株式会社
80970,S100YH4U,有価証券報告書－第95期(2025/04/01－2026/03/31),2026-06-24 16:00,三愛オブリ株式会社
72170,S100YIDI,有価証券報告書－第43期(2025/04/01－2026/03/31),2026-06-24 16:00,株式会社テイン
82180,S100YJBF,有価証券報告書－第65期(2025/04/01－2026/03/31),2026-06-24 16:02,株式会社コメリ
50290,S100YHBZ,有価証券報告書－第14期(2025/04/01－2026/03/31),2026-06-24 16:03,サークレイス株式会社
30100,S100YITQ,有価証券報告書－第152期(2025/04/01－2026/03/31),2026-06-24 16:03,ポラリス・ホールディングス株式会社
68750,S100YDEK,有価証券報告書－第36期(2025/04/01－2026/03/31),2026-06-24 16:05,株式会社メガチップス
37990,S100YI9M,有価証券報告書－第61期(2025/04/01－2026/03/31),2026-06-24 16:05,キーウェアソリューションズ株式会社
64200,S100YJPK,有価証券報告書－第75期(2025/04/01－2026/03/31),2026-06-24 16:05,ガリレイ株式会社
40280,S100YIFO,有価証券報告書－第103期(2025/04/01－2026/03/31),2026-06-24 16:07,石原産業株式会社
37410,S100YIG2,有価証券報告書－第56期(2025/04/01－2026/03/31),2026-06-24 16:08,株式会社セック
63060,S100YH1J,有価証券報告書－第163期(2025/04/01－2026/03/31),2026-06-24 16:08,日工株式会社
62090,S100YHYP,有価証券報告書－第3期(2025/04/01－2026/03/31),2026-06-24 16:10,リケンＮＰＲ株式会社
520A0,S100YJUW,有価証券報告書－第21期(2025/04/01－2026/03/31),2026-06-24 16:10,ジェイファーマ株式会社
76950,S100YG44,有価証券報告書－第28期(2025/04/01－2026/03/31),2026-06-24 16:10,株式会社交換できるくん
36000,S100YHMW,有価証券報告書－第77期(2025/04/01－2026/03/31),2026-06-24 16:15,株式会社フジックス
31040,S100YIS2,有価証券報告書－第206期(2025/04/01－2026/03/31),2026-06-24 16:16,富士紡ホールディングス株式会社
98560,S100YIY6,有価証券報告書－第54期(2025/04/01－2026/03/31),2026-06-24 16:17,株式会社ケーユーホールディングス
99060,S100YJUL,有価証券報告書－第72期(2025/04/01－2026/03/31),2026-06-24 16:18,藤井産業株式会社
42560,S100YJVR,有価証券報告書－第15期(2025/04/01－2026/03/31),2026-06-24 16:19,株式会社サインド
51610,S100YIPC,有価証券報告書－第77期(2025/04/01－2026/03/31),2026-06-24 16:20,西川ゴム工業株式会社
68000,S100YI9J,有価証券報告書－第88期(2025/04/01－2026/03/31),2026-06-24 16:21,株式会社ヨコオ
40400,S100YI8M,有価証券報告書－第75期(2025/04/01－2026/03/31),2026-06-24 16:21,南海化学株式会社
25850,S100YIP0,有価証券報告書－第54期(2025/04/01－2026/03/31),2026-06-24 16:23,株式会社ライフドリンク　カンパニー
51030,S100YJM4,有価証券報告書－第125期(2025/04/01－2026/03/31),2026-06-24 16:25,昭和ホールディングス株式会社
29800,S100YJPC,有価証券報告書－第12期(2025/04/01－2026/03/31),2026-06-24 16:30,ＳＲＥホールディングス株式会社
85110,S100YIQY,有価証券報告書－第116期(2025/04/01－2026/03/31),2026-06-24 16:31,日本証券金融株式会社
475A0,S100YJX2,有価証券報告書－第23期(2025/04/01－2026/03/31),2026-06-24 16:31,株式会社ギミック
90820,S100YHKH,有価証券報告書－第119期(2025/04/01－2026/03/31),2026-06-24 16:32,大和自動車交通株式会社
52520,S100YJNJ,有価証券報告書－第41期(2025/04/01－2026/03/31),2026-06-24 16:32,日本ナレッジ株式会社
59940,S100YJXV,訂正有価証券報告書－第77期(2025/04/01－2026/03/31),2026-06-24 16:37,株式会社ファインシンター
53930,S100YG7B,有価証券報告書－第210期(2025/04/01－2026/03/31),2026-06-24 16:38,ニチアス株式会社
63600,S100YHZL,有価証券報告書－第77期(2025/04/01－2026/03/31),2026-06-24 16:38,株式会社　東京自働機械製作所
71770,S100YHX6,訂正有価証券報告書－第15期(2025/01/01－2025/12/31),2026-06-24 16:41,ＧＭＯフィナンシャルホールディングス株式会社
98530,S100YJPB,有価証券報告書－第63期(2025/04/01－2026/03/31),2026-06-24 16:45,株式会社銀座ルノアール
63430,S100YIIQ,有価証券報告書－第83期(2025/04/01－2026/03/31),2026-06-24 16:46,フリージア・マクロス株式会社
97530,S100YIII,有価証券報告書－第48期(2025/04/01－2026/03/31),2026-06-24 16:52,アイエックス・ナレッジ株式会社
99690,S100YJTJ,有価証券報告書－第50期(2025/04/01－2026/03/31),2026-06-24 16:54,株式会社ショクブン
41180,S100YIFD,有価証券報告書－第102期(2025/04/01－2026/03/31),2026-06-24 16:54,株式会社カネカ
52880,S100YJPY,有価証券報告書－第21期(2025/04/01－2026/03/31),2026-06-24 16:55,アジアパイルホールディングス株式会社
98960,S100YJ4A,有価証券報告書－第80期(2025/04/01－2026/03/31),2026-06-24 16:56,ＪＫホールディングス株式会社
31900,S100YEJ9,有価証券報告書－第52期(2025/04/01－2026/03/31),2026-06-23 09:00,株式会社ホットマン
42410,S100YDEW,有価証券報告書－第57期(2025/04/01－2026/03/31),2026-06-23 09:00,株式会社アテクト
19800,S100YGXY,有価証券報告書－第97期(2025/04/01－2026/03/31),2026-06-23 09:00,ダイダン株式会社
82550,S100YBP0,有価証券報告書－第75期(2025/04/01－2026/03/31),2026-06-23 09:02,アクシアル　リテイリング株式会社
91930,S100YEHQ,有価証券報告書－第88期(2025/04/01－2026/03/31),2026-06-23 09:07,東京汽船株式会社
82910,S100YGG9,有価証券報告書－第114期(2025/04/01－2026/03/31),2026-06-23 09:09,日産東京販売ホールディングス株式会社
72610,S100YDZ1,有価証券報告書－第160期(2025/04/01－2026/03/31),2026-06-23 09:09,マツダ株式会社
54640,S100YEUF,有価証券報告書－第84期(2025/04/01－2026/03/31),2026-06-23 09:13,モリ工業株式会社
83620,S100YFJC,有価証券報告書－第206期(2025/04/01－2026/03/31),2026-06-23 09:14,株式会社福井銀行
22180,S100YHEK,有価証券報告書－第92期(2025/04/01－2026/03/31),2026-06-23 09:14,日糧製パン株式会社
49700,S100YGHH,有価証券報告書－第76期(2025/04/01－2026/03/31),2026-06-23 09:17,東洋合成工業株式会社
79520,S100YG4C,有価証券報告書－第99期(2025/04/01－2026/03/31),2026-06-23 09:17,株式会社河合楽器製作所
40270,S100YHFP,有価証券報告書－第160期(2025/04/01－2026/03/31),2026-06-23 09:19,テイカ株式会社
34170,S100YF0K,有価証券報告書－第11期(2025/04/01－2026/03/31),2026-06-23 09:19,大木ヘルスケアホールディングス株式会社
74810,S100YDVR,有価証券報告書－第66期(2025/04/01－2026/03/31),2026-06-23 09:20,尾家産業株式会社
35510,S100YFSH,有価証券報告書－第163期(2025/04/01－2026/03/31),2026-06-23 09:22,ダイニック株式会社
20040,S100YGEO,有価証券報告書－第125期(2025/04/01－2026/03/31),2026-06-23 09:28,昭和産業株式会社
24450,S100YFC3,有価証券報告書－第58期(2025/04/01－2026/03/31),2026-06-23 09:30,株式会社タカミヤ
57260,S100YHFZ,有価証券報告書－第29期(2025/04/01－2026/03/31),2026-06-23 09:31,株式会社大阪チタニウムテクノロジーズ
87070,S100YG9I,有価証券報告書－第87期(2025/04/01－2026/03/31),2026-06-23 09:33,岩井コスモホールディングス株式会社
52820,S100YG98,有価証券報告書－第57期(2025/04/01－2026/03/31),2026-06-23 09:34,ジオスター株式会社
59090,S100YF55,有価証券報告書－第78期(2025/04/01－2026/03/31),2026-06-23 09:37,株式会社　コロナ
65700,S100YF8W,有価証券報告書－第40期(2025/04/01－2026/03/31),2026-06-23 09:41,株式会社共和コーポレーション
23170,S100YFPF,有価証券報告書－第44期(2025/04/01－2026/03/31),2026-06-23 09:43,株式会社システナ
90830,S100YHAF,有価証券報告書－第143期(2025/04/01－2026/03/31),2026-06-23 09:46,神姫バス株式会社
77620,S100YGYK,有価証券報告書－第141期(2025/04/01－2026/03/31),2026-06-23 09:46,シチズン時計株式会社
99000,S100YGZJ,有価証券報告書－第56期(2025/04/01－2026/03/31),2026-06-23 09:49,株式会社サガミホールディングス
72260,S100YE9E,有価証券報告書－第91期(2025/04/01－2026/03/31),2026-06-23 09:49,極東開発工業株式会社
61970,S100YGQU,有価証券報告書－第58期(2025/04/01－2026/03/31),2026-06-23 09:55,株式会社ソラスト
29070,S100YGFU,有価証券報告書－第62期(2025/04/01－2026/03/31),2026-06-23 09:58,株式会社あじかん
81010,S100YGXI,有価証券報告書－第96期(2025/04/01－2026/03/31),2026-06-23 09:58,株式会社ＧＳＩクレオス
65260,S100YHHK,有価証券報告書－第12期(2025/04/01－2026/03/31),2026-06-23 09:59,株式会社ソシオネクスト
46840,S100YGBS,有価証券報告書－第59期(2025/04/01－2026/03/31),2026-06-23 10:00,株式会社オービック
49680,S100YF3H,有価証券報告書－第96期(2025/04/01－2026/03/31),2026-06-23 10:00,荒川化学工業株式会社
65570,S100YH7U,有価証券報告書－第11期(2025/04/01－2026/03/31),2026-06-23 10:00,ＡＩＡＩグループ株式会社
64840,S100YH48,有価証券報告書－第79期(2025/04/01－2026/03/31),2026-06-23 10:00,株式会社ＫＶＫ
57140,S100YGIN,有価証券報告書－第123期(2025/04/01－2026/03/31),2026-06-23 10:00,ＤＯＷＡホールディングス株式会社
83950,S100YH10,有価証券報告書－第97期(2025/04/01－2026/03/31),2026-06-23 10:01,株式会社佐賀銀行
39630,S100YGE7,有価証券報告書－第23期(2025/04/01－2026/03/31),2026-06-23 10:03,株式会社シンクロ・フード
59860,S100YGQQ,有価証券報告書－第85期(2025/04/01－2026/03/31),2026-06-23 10:04,モリテックスチール株式会社
90080,S100YF0G,有価証券報告書－第105期(2025/04/01－2026/03/31),2026-06-23 10:04,京王電鉄株式会社
74560,S100YGWM,有価証券報告書－第77期(2025/04/01－2026/03/31),2026-06-23 10:05,松田産業株式会社
35710,S100YIBK,訂正有価証券報告書－第155期(2025/04/01－2026/03/31),2026-06-23 15:49,株式会社ソトー
35800,S100YHIR,有価証券報告書－第114期(2025/04/01－2026/03/31),2026-06-23 10:06,小松マテーレ株式会社
85930,S100YF4V,有価証券報告書－第55期(2025/04/01－2026/03/31),2026-06-23 10:06,三菱ＨＣキャピタル株式会社
96840,S100YHJ4,有価証券報告書－第46期(2025/04/01－2026/03/31),2026-06-23 10:09,株式会社スクウェア・エニックス・ホールディングス
75090,S100YGK3,有価証券報告書－第43期(2025/04/01－2026/03/31),2026-06-23 10:09,アイエーグループ株式会社
94040,S100Y9BG,有価証券報告書－第93期(2025/04/01－2026/03/31),2026-06-23 10:11,日本テレビホールディングス株式会社
93670,S100YH3W,有価証券報告書－第77期(2025/04/01－2026/03/31),2026-06-23 10:15,大東港運株式会社
28160,S100YGNU,有価証券報告書－第60期(2025/04/01－2026/03/31),2026-06-23 10:15,株式会社ダイショー
62720,S100YFES,有価証券報告書－第64期(2025/04/01－2026/03/31),2026-06-23 10:17,レオン自動機株式会社
18150,S100YGCF,有価証券報告書－第85期(2025/04/01－2026/03/31),2026-06-23 10:20,鉄建建設株式会社
78970,S100YGLJ,有価証券報告書－第76期(2025/04/01－2026/03/31),2026-06-23 10:22,ホクシン株式会社
81590,S100YG86,有価証券報告書－第97期(2025/04/01－2026/03/31),2026-06-23 10:26,株式会社立花エレテック
45060,S100YH3M,有価証券報告書－第206期(2025/04/01－2026/03/31),2026-06-23 10:27,住友ファーマ株式会社
75100,S100YHGY,有価証券報告書－第137期(2025/04/01－2026/03/31),2026-06-23 10:27,株式会社たけびし
57420,S100YGNV,有価証券報告書－第55期(2025/04/01－2026/03/31),2026-06-23 10:28,エヌアイシ・オートテック株式会社
99800,S100YHKB,有価証券報告書－第49期(2025/04/01－2026/03/31),2026-06-23 10:29,ＭＲＫホールディングス株式会社
95340,S100YGOL,有価証券報告書－第180期(2025/04/01－2026/03/31),2026-06-23 10:30,北海道瓦斯株式会社
62540,S100YG4U,有価証券報告書－第57期(2025/04/01－2026/03/31),2026-06-23 10:33,野村マイクロ・サイエンス株式会社
85630,S100YHKN,有価証券報告書－第121期(2025/04/01－2026/03/31),2026-06-23 10:34,株式会社大東銀行
54400,S100YGQP,有価証券報告書－第82期(2025/04/01－2026/03/31),2026-06-23 10:41,共英製鋼株式会社
93070,S100YEZX,有価証券報告書－第163期(2025/04/01－2026/03/31),2026-06-23 10:44,株式会社杉村倉庫
79430,S100YH8A,有価証券報告書－第89期(2025/04/01－2026/03/31),2026-06-23 10:47,ニチハ株式会社
22820,S100YEEQ,有価証券報告書－第81期(2025/04/01－2026/03/31),2026-06-23 10:48,日本ハム株式会社
51990,S100YGMK,有価証券報告書－第78期(2025/04/01－2026/03/31),2026-06-23 11:00,不二ラテックス株式会社
34230,S100YG2M,有価証券報告書－第45期(2025/04/01－2026/03/31),2026-06-23 11:01,株式会社エスイー
62580,S100YH6Y,有価証券報告書－第75期(2025/04/01－2026/03/31),2026-06-23 11:04,平田機工株式会社
66780,S100YGSP,有価証券報告書－第39期(2025/04/01－2026/03/31),2026-06-23 11:05,株式会社テクノメディカ
19610,S100YH3A,有価証券報告書－第102期(2025/04/01－2026/03/31),2026-06-23 11:07,三機工業株式会社
98820,S100YC2P,有価証券報告書－第68期(2025/04/01－2026/03/31),2026-06-23 11:41,株式会社イエローハット
75060,S100YHK9,有価証券報告書－第45期(2025/04/01－2026/03/31),2026-06-23 11:09,株式会社　ハウス　オブ　ローゼ
49180,S100YHO9,有価証券報告書－第51期(2025/04/01－2026/03/31),2026-06-23 11:13,株式会社アイビー化粧品
67450,S100YH50,有価証券報告書－第130期(2025/04/01－2026/03/31),2026-06-23 11:14,ホーチキ株式会社
80850,S100YHOM,有価証券報告書－第83期(2025/04/01－2026/03/31),2026-06-23 11:15,ナラサキ産業株式会社
48270,S100YHAI,有価証券報告書－第39期(2025/04/01－2026/03/31),2026-06-23 11:18,ビジネス・ワンホールディングス株式会社
74760,S100YHL5,有価証券報告書－第65期(2025/04/01－2026/03/31),2026-06-23 11:21,アズワン株式会社
38020,S100YHB3,有価証券報告書－第29期(2025/04/01－2026/03/31),2026-06-23 11:22,株式会社エコミック
80410,S100YGQH,有価証券報告書－第80期(2025/04/01－2026/03/31),2026-06-23 11:23,ＯＵＧホールディングス株式会社
45310,S100YHPD,有価証券報告書－第106期(2025/04/01－2026/03/31),2026-06-23 11:24,有機合成薬品工業株式会社
95090,S100YDWY,有価証券報告書－第102期(2025/04/01－2026/03/31),2026-06-23 11:24,北海道電力株式会社
45160,S100YGRG,有価証券報告書－第163期(2025/04/01－2026/03/31),2026-06-23 11:26,日本新薬株式会社
59790,S100YGWS,有価証券報告書－第49期(2025/04/01－2026/03/31),2026-06-23 11:26,カネソウ株式会社
27300,S100YDWB,有価証券報告書－第25期(2025/04/01－2026/03/31),2026-06-23 11:30,株式会社エディオン
61570,S100YG7J,有価証券報告書－第65期(2025/04/01－2026/03/31),2026-06-23 11:30,日進工具株式会社
99340,S100YFJE,有価証券報告書－第78期(2025/04/01－2026/03/31),2026-06-23 11:32,因幡電機産業株式会社
59690,S100YGO7,有価証券報告書－第143期(2025/04/01－2026/03/31),2026-06-23 11:34,株式会社ロブテックス
79790,S100YGMA,有価証券報告書－第154期(2025/04/01－2026/03/31),2026-06-23 11:36,株式会社松風
45430,S100YGMG,有価証券報告書－第111期(2025/04/01－2026/03/31),2026-06-23 11:38,テルモ株式会社
95040,S100YGCV,有価証券報告書－第102期(2025/04/01－2026/03/31),2026-06-23 11:42,中国電力株式会社
54580,S100YH3H,有価証券報告書－第154期(2025/04/01－2026/03/31),2026-06-23 11:46,高砂鐵工株式会社
72220,S100YGCO,有価証券報告書－第103期(2025/04/01－2026/03/31),2026-06-23 11:49,日産車体株式会社
72910,S100YHRY,有価証券報告書－第88期(2025/04/01－2026/03/31),2026-06-23 11:50,日本プラスト株式会社
76150,S100YH5X,有価証券報告書－第55期(2025/04/01－2026/03/31),2026-06-23 11:53,株式会社京都きもの友禅ホールディングス
90590,S100YHF0,有価証券報告書－第113期(2025/04/01－2026/03/31),2026-06-23 11:57,カンダホールディングス株式会社
22220,S100YCOO,有価証券報告書－第74期(2025/04/01－2026/03/31),2026-06-23 12:00,寿スピリッツ株式会社
66140,S100YHLM,有価証券報告書－第54期(2025/04/01－2026/03/31),2026-06-23 12:01,株式会社シキノハイテック
48380,S100YHJ3,有価証券報告書－第32期(2025/04/01－2026/03/31),2026-06-23 12:02,スペースシャワーＳＫＩＹＡＫＩホールディングス株式会社
69760,S100YHU5,有価証券報告書－第85期(2025/04/01－2026/03/31),2026-06-23 12:04,太陽誘電株式会社
40970,S100YHRU,有価証券報告書－第93期(2025/04/01－2026/03/31),2026-06-23 12:04,高圧ガス工業株式会社
22910,S100YHU1,有価証券報告書－第75期(2025/04/01－2026/03/31),2026-06-23 12:06,福留ハム株式会社
99590,S100YGUH,有価証券報告書－第54期(2025/04/01－2026/03/31),2026-06-23 12:07,アシードホールディングス株式会社
95330,S100YGFW,有価証券報告書－第155期(2025/04/01－2026/03/31),2026-06-23 12:11,東邦瓦斯株式会社
352A0,S100YGOP,有価証券報告書－第18期(2025/04/01－2026/03/31),2026-06-23 12:18,株式会社ＬＯＩＶＥ
88770,S100YHNU,有価証券報告書－第34期(2025/04/01－2026/03/31),2026-06-23 12:40,エスリード株式会社
81730,S100YHVK,有価証券報告書－第78期(2025/04/01－2026/03/31),2026-06-23 12:50,株式会社Ｊｏｓｈｉｎ
25880,S100YHDW,有価証券報告書－第20期(2025/04/01－2026/03/31),2026-06-23 12:53,株式会社プレミアムウォーターホールディングス
94680,S100YGF5,有価証券報告書－第12期(2025/04/01－2026/03/31),2026-06-23 13:00,株式会社ＫＡＤＯＫＡＷＡ
27800,S100YHJR,有価証券報告書－第48期(2025/04/01－2026/03/31),2026-06-23 13:00,株式会社コメ兵ホールディングス
46350,S100YDYR,有価証券報告書－第154期(2025/04/01－2026/03/31),2026-06-23 13:00,東京インキ株式会社
72420,S100YHB1,有価証券報告書－第104期(2025/04/01－2026/03/31),2026-06-23 13:01,カヤバ株式会社
80590,S100YGOV,有価証券報告書－第103期(2025/04/01－2026/03/31),2026-06-23 13:02,第一実業株式会社
34340,S100YGLQ,有価証券報告書－第88期(2025/04/01－2026/03/31),2026-06-23 13:04,株式会社アルファ
46130,S100YHKQ,有価証券報告書－第162期(2025/04/01－2026/03/31),2026-06-23 13:06,関西ペイント株式会社
40940,S100YH9F,有価証券報告書－第101期(2025/04/01－2026/03/31),2026-06-23 13:07,日本化学産業株式会社
65680,S100YACF,有価証券報告書－第42期(2025/04/01－2026/03/31),2026-06-23 13:08,神戸天然物化学株式会社
28130,S100YGOO,有価証券報告書－第63期(2025/04/01－2026/03/31),2026-06-23 13:09,和弘食品株式会社
72640,S100YGBE,有価証券報告書－第69期(2025/04/01－2026/03/31),2026-06-23 13:12,株式会社ムロコーポレーション
88920,S100YGKW,有価証券報告書－第31期(2025/04/01－2026/03/31),2026-06-23 13:15,株式会社エスコン
64540,S100YHEY,有価証券報告書－第95期(2025/04/01－2026/03/31),2026-06-23 13:16,マックス株式会社
97010,S100YFQM,有価証券報告書－第132期(2025/04/01－2026/03/31),2026-06-23 13:18,株式会社東京會舘
65860,S100YH4M,有価証券報告書－第114期(2025/04/01－2026/03/31),2026-06-23 13:19,株式会社マキタ
58030,S100YGP3,有価証券報告書－第178期(2025/04/01－2026/03/31),2026-06-23 13:19,株式会社フジクラ
56970,S100YGAZ,有価証券報告書－第80期(2025/04/01－2026/03/31),2026-06-23 13:24,株式会社サンユウ
68590,S100YG4Z,有価証券報告書－第73期(2025/04/01－2026/03/31),2026-06-23 13:27,エスペック株式会社
59890,S100YFUA,有価証券報告書－第20期(2025/04/01－2026/03/31),2026-06-23 13:29,株式会社エイチワン
46170,S100YGSJ,有価証券報告書－第129期(2025/04/01－2026/03/31),2026-06-23 13:30,中国塗料株式会社
67430,S100YEMV,有価証券報告書－第80期(2025/04/01－2026/03/31),2026-06-23 13:30,大同信号株式会社
54490,S100YHWP,有価証券報告書－第48期(2025/04/01－2026/03/31),2026-06-23 13:33,大阪製鐵株式会社
42370,S100YH1C,有価証券報告書－第44期(2025/04/01－2026/03/31),2026-06-23 13:34,フジプレアム株式会社
46870,S100YH3J,有価証券報告書－第73期(2025/04/01－2026/03/31),2026-06-23 13:34,ＴＤＣソフト株式会社
26740,S100YHYF,有価証券報告書－第54期(2025/04/01－2026/03/31),2026-06-23 13:34,株式会社ハードオフコーポレーション
18280,S100YHGU,有価証券報告書－第58期(2025/04/01－2026/03/31),2026-06-23 13:34,田辺工業株式会社
61180,S100YG50,有価証券報告書－第91期(2025/04/01－2026/03/31),2026-06-23 13:35,アイダエンジニアリング株式会社
50200,S100YF7I,有価証券報告書－第16期(2025/04/01－2026/03/31),2026-06-23 13:35,ＥＮＥＯＳホールディングス株式会社
74410,S100YHK6,有価証券報告書－第70期(2025/04/01－2026/03/31),2026-06-23 13:37,株式会社Ｍｉｓｕｍｉ
43890,S100YHXO,有価証券報告書－第26期(2025/04/01－2026/03/31),2026-06-23 13:38,プロパティデータバンク株式会社
88640,S100YGNC,有価証券報告書－第57期(2025/04/01－2026/03/31),2026-06-23 13:40,空港施設株式会社
39700,S100YHYE,有価証券報告書－第26期(2025/04/01－2026/03/31),2026-06-23 13:44,株式会社イノベーション
67540,S100YH5E,有価証券報告書－第100期(2025/04/01－2026/03/31),2026-06-23 13:45,アンリツ株式会社
95310,S100YH8W,有価証券報告書－第226期(2025/04/01－2026/03/31),2026-06-23 13:49,東京瓦斯株式会社
69820,S100YGCM,有価証券報告書－第93期(2025/04/01－2026/03/31),2026-06-23 13:50,株式会社リード
27080,S100YG7R,有価証券報告書－第79期(2025/04/01－2026/03/31),2026-06-23 13:52,株式会社久世
54230,S100YDWW,有価証券報告書－第112期(2025/04/01－2026/03/31),2026-06-23 13:56,東京製鐵株式会社
63320,S100YH1A,有価証券報告書－第164期(2025/04/01－2026/03/31),2026-06-23 14:00,月島ホールディングス株式会社
55990,S100YHZO,有価証券報告書－第18期(2025/04/01－2026/03/31),2026-06-23 14:00,Ｓ＆Ｊ株式会社
91190,S100YGFN,有価証券報告書－第135期(2025/04/01－2026/03/31),2026-06-23 14:00,飯野海運株式会社
93470,S100YHX4,有価証券報告書－第3期(2025/04/01－2026/03/31),2026-06-23 14:00,日本管財ホールディングス株式会社
42180,S100YGTG,有価証券報告書－第122期(2025/04/01－2026/03/31),2026-06-23 14:00,ニチバン株式会社
60550,S100YHDN,有価証券報告書－第29期(2025/04/01－2026/03/31),2026-06-23 14:00,ジャパンマテリアル株式会社
22040,S100YF3Z,有価証券報告書－第105期(2025/04/01－2026/03/31),2026-06-23 14:00,株式会社中村屋
46940,S100YFSM,有価証券報告書－第71期(2025/04/01－2026/03/31),2026-06-23 14:02,株式会社ビー・エム・エル
27840,S100YH29,有価証券報告書－第23期(2025/04/01－2026/03/31),2026-06-23 14:04,アルフレッサホールディングス株式会社
67420,S100YH1N,有価証券報告書－第161期(2025/04/01－2026/03/31),2026-06-23 14:05,株式会社京三製作所
143A0,S100YHBL,有価証券報告書－第21期(2025/04/01－2026/03/31),2026-06-23 14:05,イシン株式会社
46110,S100YHL6,有価証券報告書－第143期(2025/04/01－2026/03/31),2026-06-23 14:06,大日本塗料株式会社
94750,S100YH2P,有価証券報告書－第67期(2025/04/01－2026/03/31),2026-06-23 14:06,株式会社昭文社ホールディングス
98950,S100YI0I,有価証券報告書－第59期(2025/04/01－2026/03/31),2026-06-23 14:07,株式会社コンセック
60160,S100YH5Z,有価証券報告書－第129期(2025/04/01－2026/03/31),2026-06-23 14:10,株式会社ジャパンエンジンコーポレーション
74590,S100YI1C,有価証券報告書－第117期(2025/04/01－2026/03/31),2026-06-23 14:10,株式会社メディパルホールディングス
74600,S100YHKP,有価証券報告書－第114期(2025/04/01－2026/03/31),2026-06-23 14:10,株式会社ヤギ
22930,S100YGEP,有価証券報告書－第76期(2025/04/01－2026/03/31),2026-06-23 14:12,滝沢ハム株式会社
31320,S100YGVR,有価証券報告書－第11期(2025/04/01－2026/03/31),2026-06-23 14:14,マクニカホールディングス株式会社
80700,S100YEID,有価証券報告書－第116期(2025/04/01－2026/03/31),2026-06-23 14:16,東京産業株式会社
23510,S100YHBT,有価証券報告書－第43期(2025/04/01－2026/03/31),2026-06-23 14:19,株式会社ＡＳＪ
18700,S100YEMP,有価証券報告書－第85期(2025/04/01－2026/03/31),2026-06-23 14:20,矢作建設工業株式会社
24800,S100YGTA,有価証券報告書－第58期(2025/04/01－2026/03/31),2026-06-23 14:22,システム・ロケーション株式会社
95060,S100YEK2,有価証券報告書－第102期(2025/04/01－2026/03/31),2026-06-23 14:22,東北電力株式会社
14200,S100YGLY,有価証券報告書－第30期(2025/04/01－2026/03/31),2026-06-23 14:23,サンヨーホームズ株式会社
13320,S100YHOQ,有価証券報告書－第111期(2025/04/01－2026/03/31),2026-06-23 14:26,株式会社ニッスイ
51860,S100YGN5,有価証券報告書－第97期(2025/04/01－2026/03/31),2026-06-23 14:34,ニッタ株式会社
19590,S100YI0L,有価証券報告書－第98期(2025/04/01－2026/03/31),2026-06-23 14:37,株式会社クラフティア
54460,S100YG3Z,有価証券報告書－第110期(2025/04/01－2026/03/31),2026-06-23 14:37,北越メタル株式会社
74330,S100YI76,訂正有価証券報告書－第73期(2024/04/01－2025/03/31),2026-06-23 15:22,伯東株式会社
75040,S100YEIF,有価証券報告書－第63期(2025/04/01－2026/03/31),2026-06-23 14:42,株式会社高速
44060,S100YGXD,有価証券報告書－第154期(2025/04/01－2026/03/31),2026-06-23 14:44,新日本理化株式会社
93660,S100YFGT,有価証券報告書－第81期(2025/04/01－2026/03/31),2026-06-23 14:45,株式会社サンリツ
79270,S100YGVG,有価証券報告書－第66期(2025/04/01－2026/03/31),2026-06-23 14:46,ムトー精工株式会社
98200,S100YFVP,有価証券報告書－第76期(2025/04/01－2026/03/31),2026-06-23 14:47,エムティジェネックス株式会社
37870,S100YI1N,有価証券報告書－第26期(2025/04/01－2026/03/31),2026-06-23 14:49,株式会社テクノマセマティカル
87720,S100YI2V,有価証券報告書－第57期(2025/04/01－2026/03/31),2026-06-23 14:50,株式会社アサックス
28140,S100YGVL,有価証券報告書－第72期(2025/04/01－2026/03/31),2026-06-23 14:56,佐藤食品工業株式会社
28040,S100YGZB,有価証券報告書－第101期(2025/04/01－2026/03/31),2026-06-23 15:00,ブルドックソース株式会社
45380,S100YHSC,有価証券報告書－第103期(2025/04/01－2026/03/31),2026-06-23 15:00,扶桑薬品工業株式会社
28060,S100YHEX,有価証券報告書－第86期(2025/04/01－2026/03/31),2026-06-23 15:00,ユタカフーズ株式会社
63370,S100YHSE,有価証券報告書－第58期(2025/04/01－2026/03/31),2026-06-23 15:00,株式会社テセック
29190,S100YG8L,有価証券報告書－第63期(2025/04/01－2026/03/31),2026-06-23 15:01,株式会社　マルタイ
47360,S100YGDA,有価証券報告書－第55期(2025/04/01－2026/03/31),2026-06-23 15:02,日本ラッド株式会社
17700,S100YGU7,有価証券報告書－第63期(2025/04/01－2026/03/31),2026-06-23 15:02,藤田エンジニアリング株式会社
19500,S100YGLL,有価証券報告書－第84期(2025/04/01－2026/03/31),2026-06-23 15:03,日本電設工業株式会社
92740,S100YHDZ,有価証券報告書－第152期(2025/04/01－2026/03/31),2026-06-23 15:03,ＫＰＰグループホールディングス株式会社
32210,S100YEWX,有価証券報告書－第41期(2025/04/01－2026/03/31),2026-06-23 15:03,株式会社ヨシックスホールディングス
177A0,S100YB5D,有価証券報告書－第45期(2025/04/01－2026/03/31),2026-06-23 15:04,コージンバイオ株式会社
91040,S100YI2T,有価証券報告書,2026-06-23 15:04,株式会社　商船三井
76280,S100YHS4,有価証券報告書－第74期(2025/04/01－2026/03/31),2026-06-23 15:06,株式会社オーハシテクニカ
39340,S100YHUS,有価証券報告書－第30期(2025/04/01－2026/03/31),2026-06-23 15:08,株式会社ベネフィットジャパン
80740,S100YGZX,有価証券報告書－第147期(2025/04/01－2026/03/31),2026-06-23 15:08,株式会社ＹＵＡＳＡ
291A0,S100YI71,有価証券報告書－第4期(2025/04/01－2026/03/31),2026-06-23 15:09,株式会社リスキル
71500,S100YHPP,有価証券報告書－第176期(2025/04/01－2026/03/31),2026-06-23 15:10,株式会社島根銀行
44190,S100YHUU,有価証券報告書－第12期(2025/04/01－2026/03/31),2026-06-23 15:10,株式会社Ｆｉｎａｔｅｘｔホールディングス
86140,S100YH08,有価証券報告書－第104期(2025/04/01－2026/03/31),2026-06-23 15:13,東洋証券株式会社
77010,S100YGJF,有価証券報告書－第163期(2025/04/01－2026/03/31),2026-06-23 15:14,株式会社　島津製作所
72870,S100YHIT,有価証券報告書－第81期(2025/04/01－2026/03/31),2026-06-23 15:14,日本精機株式会社
72460,S100YGAC,有価証券報告書－第124期(2025/04/01－2026/03/31),2026-06-23 15:18,プレス工業株式会社
96290,S100YGVP,有価証券報告書－第46期(2025/04/01－2026/03/31),2026-06-23 15:30,ピー・シー・エー株式会社
69580,S100YHVS,有価証券報告書－第66期(2025/04/01－2026/03/31),2026-06-23 15:30,日本シイエムケイ株式会社
550A0,S100YA88,有価証券報告書－第43期(2025/04/01－2026/03/31),2026-06-23 15:30,株式会社ソフトテックス
55350,S100YFV9,有価証券報告書－第3期(2025/04/01－2026/03/31),2026-06-23 15:30,ミガロホールディングス株式会社
42280,S100YI2M,有価証券報告書－第82期(2025/04/01－2026/03/31),2026-06-23 15:30,積水化成品工業株式会社
48880,S100YDYN,有価証券報告書－第19期(2025/04/01－2026/03/31),2026-06-23 15:30,ステラファーマ株式会社
71990,S100YHAQ,有価証券報告書－第11期(2025/04/01－2026/03/31),2026-06-23 15:30,プレミアグループ株式会社
44980,S100YI8R,有価証券報告書－第26期(2025/04/01－2026/03/31),2026-06-23 15:30,サイバートラスト株式会社
18220,S100YI2K,有価証券報告書－第77期(2025/04/01－2026/03/31),2026-06-23 15:30,大豊建設株式会社
60820,S100YHAZ,有価証券報告書－第25期(2025/04/01－2026/03/31),2026-06-23 15:30,株式会社ライドオンエクスプレスホールディングス
36110,S100YHK4,有価証券報告書－第70期(2025/04/01－2026/03/31),2026-06-23 15:30,株式会社マツオカコーポレーション
67530,S100YHZV,有価証券報告書－第132期(2025/04/01－2026/03/31),2026-06-23 17:10,シャープ株式会社
82420,S100YDD0,有価証券報告書－第107期(2025/04/01－2026/03/31),2026-06-23 15:30,エイチ・ツー・オー　リテイリング株式会社
61810,S100YHBC,有価証券報告書－第22期(2025/04/01－2026/03/31),2026-06-23 15:30,タメニー株式会社
63700,S100YBAT,有価証券報告書－第90期(2025/04/01－2026/03/31),2026-06-23 15:30,栗田工業株式会社
44420,S100YE1A,有価証券報告書－第22期(2025/04/01－2026/03/31),2026-06-23 15:31,バルテス・ホールディングス株式会社
54010,S100YF8E,有価証券報告書－第101期(2025/04/01－2026/03/31),2026-06-23 15:31,日本製鉄株式会社
46810,S100YFZK,有価証券報告書－第53期(2025/04/01－2026/03/31),2026-06-23 15:31,リゾートトラスト株式会社
63300,S100YI4K,有価証券報告書－第71期(2025/04/01－2026/03/31),2026-06-23 15:31,東洋エンジニアリング株式会社
47180,S100YHCO,有価証券報告書－第52期(2025/04/01－2026/03/31),2026-06-23 15:31,株式会社早稲田アカデミー
39270,S100YI0F,有価証券報告書－第25期(2025/04/01－2026/03/31),2026-06-23 15:31,株式会社フーバーブレイン
60880,S100YG2R,有価証券報告書－第18期(2025/04/01－2026/03/31),2026-06-23 15:31,株式会社シグマクシス・ホールディングス
37720,S100YGX4,有価証券報告書－第27期(2025/04/01－2026/03/31),2026-06-23 15:32,ウェルス・マネジメント株式会社
76980,S100YHLL,有価証券報告書－第74期(2025/04/01－2026/03/31),2026-06-23 15:32,株式会社アイスコ
32310,S100YH2N,有価証券報告書－第22期(2025/04/01－2026/03/31),2026-06-23 15:32,野村不動産ホールディングス株式会社
70960,S100YI32,有価証券報告書－第27期(2025/04/01－2026/03/31),2026-06-23 15:33,株式会社ステムセル研究所
32380,S100YH5L,有価証券報告書－第67期(2025/04/01－2026/03/31),2026-06-23 15:33,セントラル総合開発株式会社
93030,S100YHFI,有価証券報告書－第149期(2025/04/01－2026/03/31),2026-06-23 15:34,株式会社住友倉庫
70890,S100YIA4,有価証券報告書－第10期(2025/04/01－2026/03/31),2026-06-23 15:35,フォースタートアップス株式会社
90050,S100YE63,有価証券報告書－第157期(2025/04/01－2026/03/31),2026-06-23 15:35,東急株式会社
66740,S100YH71,有価証券報告書－第22期(2025/04/01－2026/03/31),2026-06-23 15:36,株式会社　ジーエス・ユアサ　コーポレーション
77790,S100YIAC,有価証券報告書－第22期(2025/04/01－2026/03/31),2026-06-23 15:37,ＣＹＢＥＲＤＹＮＥ株式会社
48890,S100YGXR,有価証券報告書－第27期(2025/04/01－2026/03/31),2026-06-23 15:37,株式会社レナサイエンス
41770,S100YHOY,有価証券報告書－第14期(2025/04/01－2026/03/31),2026-06-23 15:37,株式会社ｉ－ｐｌｕｇ
68090,S100YFVG,有価証券報告書－第78期(2025/04/01－2026/03/31),2026-06-23 15:38,ＴＯＡ株式会社
72920,S100YHRX,有価証券報告書－第83期(2025/04/01－2026/03/31),2026-06-23 15:40,株式会社村上開明堂
38390,S100YHN8,有価証券報告書－第63期(2025/04/01－2026/03/31),2026-06-23 15:40,株式会社ＯＤＫソリューションズ
43080,S100YH2T,有価証券報告書－第29期(2025/04/01－2026/03/31),2026-06-23 15:40,株式会社Ｊストリーム
299A0,S100YH46,有価証券報告書－第13期(2025/04/01－2026/03/31),2026-06-23 15:41,クラシル株式会社
142A0,S100YHUZ,有価証券報告書－第12期(2025/04/01－2026/03/31),2026-06-23 15:41,株式会社ジンジブ
76370,S100YI9D,有価証券報告書－第77期(2025/04/01－2026/03/31),2026-06-23 15:42,白銅株式会社
24540,S100YFW5,有価証券報告書－第34期(2025/04/01－2026/03/31),2026-06-23 15:42,株式会社オールアバウト
48190,S100YIB5,有価証券報告書－第31期(2025/04/01－2026/03/31),2026-06-23 15:43,株式会社デジタルガレージ
78830,S100YFTU,有価証券報告書－第81期(2025/04/01－2026/03/31),2026-06-23 15:43,サンメッセ株式会社
76860,S100YIAO,有価証券報告書－第44期(2025/04/01－2026/03/31),2026-06-23 15:43,株式会社ひとまいる
60450,S100YIBN,有価証券報告書－第21期(2025/04/01－2026/03/31),2026-06-23 15:44,株式会社レントラックス
72020,S100YFBQ,有価証券報告書－第124期(2025/04/01－2026/03/31),2026-06-23 15:45,いすゞ自動車株式会社
33740,S100YH0J,有価証券報告書－第65期(2025/04/01－2026/03/31),2026-06-23 15:45,内外テック株式会社
45640,S100YHRD,有価証券報告書－第25期(2025/04/01－2026/03/31),2026-06-23 15:47,オンコセラピー・サイエンス株式会社
45400,S100YFC1,有価証券報告書－第90期(2025/04/01－2026/03/31),2026-06-23 15:48,株式会社ツムラ
67400,S100YH91,有価証券報告書－第24期(2025/04/01－2026/03/31),2026-06-23 15:51,株式会社ジャパンディスプレイ
81600,S100YGX7,有価証券報告書－第77期(2025/04/01－2026/03/31),2026-06-23 15:53,株式会社　木曽路
77450,S100YHHI,有価証券報告書－第49期(2025/04/01－2026/03/31),2026-06-23 15:54,株式会社Ａ＆Ｄホロンホールディングス
69320,S100YH7Z,有価証券報告書－第55期(2025/04/01－2026/03/31),2026-06-23 15:54,株式会社遠藤照明
79120,S100YF74,有価証券報告書－第132期(2025/04/01－2026/03/31),2026-06-23 15:57,大日本印刷株式会社
81380,S100YIC4,有価証券報告書－第100期(2025/04/01－2026/03/31),2026-06-23 15:58,三京化成株式会社
36340,S100Y9J8,有価証券報告書－第26期(2025/04/01－2026/03/31),2026-06-23 15:59,株式会社ソケッツ
67770,S100YH8U,有価証券報告書－第47期(2025/04/01－2026/03/31),2026-06-23 15:59,ｓａｎｔｅｃ　Ｈｏｌｄｉｎｇｓ株式会社
36760,S100YH90,有価証券報告書－第13期(2025/04/01－2026/03/31),2026-06-23 16:00,株式会社デジタルハーツホールディングス
65230,S100YHPK,有価証券報告書－第13期(2025/04/01－2026/03/31),2026-06-23 16:00,ＰＨＣホールディングス株式会社
21580,S100YGJA,有価証券報告書－第23期(2025/04/01－2026/03/31),2026-06-23 16:00,株式会社ＦＲＯＮＴＥＯ
90690,S100YH4R,有価証券報告書－第109期(2025/04/01－2026/03/31),2026-06-23 16:00,センコーグループホールディングス株式会社
20010,S100YIC9,有価証券報告書－第202期(2025/04/01－2026/03/31),2026-06-23 16:00,株式会社ニップン
49770,S100YHPC,有価証券報告書－第87期(2025/04/01－2026/03/31),2026-06-23 16:00,新田ゼラチン株式会社
64240,S100YEQL,有価証券報告書－第57期(2025/04/01－2026/03/31),2026-06-23 16:01,株式会社高見沢サイバネティックス
69510,S100YIDD,有価証券報告書－第79期(2025/04/01－2026/03/31),2026-06-23 16:01,日本電子株式会社
66160,S100YFAJ,有価証券報告書－第31期(2025/04/01－2026/03/31),2026-06-23 16:01,トレックス・セミコンダクター株式会社
75250,S100YGQ4,有価証券報告書－第80期(2025/04/01－2026/03/31),2026-06-23 16:02,リックス株式会社
90730,S100YGY5,有価証券報告書－第86期(2025/04/01－2026/03/31),2026-06-23 16:03,京極運輸商事株式会社
32910,S100YID4,有価証券報告書－第13期(2025/04/01－2026/03/31),2026-06-23 16:03,飯田グループホールディングス株式会社
86160,S100YGI5,有価証券報告書－第114期(2025/04/01－2026/03/31),2026-06-23 16:05,東海東京フィナンシャル・ホールディングス株式会社
62030,S100YF38,有価証券報告書－第188期(2025/04/01－2026/03/31),2026-06-23 16:05,豊和工業株式会社
93600,S100YIBT,有価証券報告書－第79期(2025/04/01－2026/03/31),2026-06-23 16:06,鈴与シンワート株式会社
19290,S100YIDU,有価証券報告書－第79期(2025/04/01－2026/03/31),2026-06-23 16:07,日特建設株式会社
61580,S100YI25,有価証券報告書－第97期(2025/04/01－2026/03/31),2026-06-23 16:08,株式会社和井田製作所
49140,S100YGT4,有価証券報告書－第100期(2025/04/01－2026/03/31),2026-06-23 16:09,高砂香料工業株式会社
72380,S100YHCS,有価証券報告書－第130期(2025/04/01－2026/03/31),2026-06-23 16:10,曙ブレーキ工業株式会社
72350,S100YG1L,有価証券報告書－第122期(2025/04/01－2026/03/31),2026-06-23 16:10,東京ラヂエーター製造株式会社
74380,S100YEX8,有価証券報告書－第74期(2025/04/01－2026/03/31),2026-06-23 16:12,コンドーテック株式会社
32800,S100YI6D,訂正有価証券報告書－第28期(2025/03/01－2026/02/28),2026-06-23 16:13,株式会社エストラスト
39370,S100YHAT,有価証券報告書－第21期(2025/04/01－2026/03/31),2026-06-23 16:15,株式会社Ｕｂｉｃｏｍホールディングス
70400,S100YIEN,有価証券報告書－第8期(2025/04/01－2026/03/31),2026-06-23 16:22,株式会社サン・ライフホールディング
75510,S100YFMB,有価証券報告書－第61期(2025/04/01－2026/03/31),2026-06-23 16:25,株式会社ウェッズ
81110,S100YGJI,有価証券報告書－第75期(2025/04/01－2026/03/31),2026-06-23 16:30,株式会社ゴールドウイン
69550,S100YH9L,有価証券報告書－第97期(2025/04/01－2026/03/31),2026-06-23 16:30,ＦＤＫ株式会社
60960,S100YIA0,有価証券報告書－第19期(2025/04/01－2026/03/31),2026-06-23 16:33,株式会社レアジョブ
78440,S100YGG0,有価証券報告書－第29期(2025/04/01－2026/03/31),2026-06-23 16:34,株式会社マーベラス
96910,S100YIGO,有価証券報告書－第57期(2025/04/01－2026/03/31),2026-06-23 16:35,株式会社両毛システムズ
91100,S100YCN8,有価証券報告書－第100期(2025/04/01－2026/03/31),2026-06-23 16:38,ＮＳユナイテッド海運株式会社
63050,S100YIBR,有価証券報告書－第62期(2025/04/01－2026/03/31),2026-06-23 16:40,日立建機株式会社
46850,S100YH80,有価証券報告書－第58期(2025/04/01－2026/03/31),2026-06-23 16:43,株式会社菱友システムズ
59010,S100YGR9,有価証券報告書－第113期(2025/04/01－2026/03/31),2026-06-23 16:43,東洋製罐グループホールディングス株式会社
37530,S100YH2V,有価証券報告書－第39期(2025/04/01－2026/03/31),2026-06-23 16:43,株式会社フライトソリューションズ
31010,S100YGRC,有価証券報告書－第168期(2025/04/01－2026/03/31),2026-06-23 17:00,東洋紡株式会社
99600,S100YGTS,有価証券報告書－第71期(2025/04/01－2026/03/31),2026-06-23 17:01,東テク株式会社
29330,S100YGHF,有価証券報告書－第88期(2025/04/01－2026/03/31),2026-06-23 17:03,株式会社紀文食品
19410,S100YD98,有価証券報告書－第110期(2025/04/01－2026/03/31),2026-06-22 09:00,株式会社中電工
24690,S100YG1N,有価証券報告書－第63期(2025/04/01－2026/03/31),2026-06-22 09:02,ヒビノ株式会社
76190,S100YDHJ,有価証券報告書－第65期(2025/04/01－2026/03/31),2026-06-22 09:02,田中商事株式会社
19440,S100YFY8,有価証券報告書－第112期(2025/04/01－2026/03/31),2026-06-22 09:06,株式会社きんでん
17680,S100YEJU,有価証券報告書－第86期(2025/04/01－2026/03/31),2026-06-22 09:09,株式会社ソネック
47520,S100YE2I,有価証券報告書－第60期(2025/04/01－2026/03/31),2026-06-22 09:13,株式会社　昭和システムエンジニアリング
54610,S100Y9WS,有価証券報告書－第102期(2025/04/01－2026/03/31),2026-06-22 09:14,中部鋼鈑株式会社
68820,S100YFP9,有価証券報告書－第92期(2025/04/01－2026/03/31),2026-06-22 09:15,株式会社三社電機製作所
59980,S100YFF6,有価証券報告書－第78期(2025/04/01－2026/03/31),2026-06-22 09:15,株式会社　アドバネクス
53430,S100YDSD,有価証券報告書－第101期(2025/04/01－2026/03/31),2026-06-22 09:17,ニッコー株式会社
64860,S100YFUB,有価証券報告書－第72期(2025/04/01－2026/03/31),2026-06-22 09:17,イーグル工業株式会社
31310,S100YEWH,有価証券報告書－第31期(2025/04/01－2026/03/31),2026-06-22 09:25,シンデン・ハイテックス株式会社
97420,S100YF4O,有価証券報告書－第64期(2025/04/01－2026/03/31),2026-06-22 09:32,株式会社アイネス
39460,S100YFA2,有価証券報告書－第87期(2025/04/01－2026/03/31),2026-06-22 09:34,株式会社トーモク
57030,S100YFJY,有価証券報告書－第14期(2025/04/01－2026/03/31),2026-06-22 09:34,日本軽金属ホールディングス株式会社
56590,S100YDZS,有価証券報告書－第96期(2025/04/01－2026/03/31),2026-06-22 09:40,日本精線株式会社
81580,S100YFPG,有価証券報告書－第79期(2025/04/01－2026/03/31),2026-06-22 09:41,ソーダニッカ株式会社
87930,S100YEUV,有価証券報告書－第56期(2025/04/01－2026/03/31),2026-06-22 09:41,ＮＥＣキャピタルソリューション株式会社
81530,S100YE7I,有価証券報告書－第54期(2025/04/01－2026/03/31),2026-06-22 09:43,株式会社モスフードサービス
64880,S100YDUY,有価証券報告書－第83期(2025/04/01－2026/03/31),2026-06-22 09:43,株式会社ヨシタケ
70790,S100YFVI,有価証券報告書－第43期(2025/04/01－2026/03/31),2026-06-22 09:44,ＷＤＢココ株式会社
97590,S100YEYZ,有価証券報告書－第57期(2025/04/01－2026/03/31),2026-06-22 09:45,株式会社ＮＳＤ
49940,S100YG2P,有価証券報告書－第61期(2025/04/01－2026/03/31),2026-06-22 09:48,大成ラミックグループ株式会社
73050,S100Y8QF,有価証券報告書－第162期(2025/04/01－2026/03/31),2026-06-22 09:52,新家工業株式会社
58200,S100YG3G,有価証券報告書－第81期(2025/04/01－2026/03/31),2026-06-22 09:54,株式会社三ッ星
95320,S100YFQT,有価証券報告書－第208期(2025/04/01－2026/03/31),2026-06-22 10:00,大阪瓦斯株式会社
76700,S100YFWA,有価証券報告書－第84期(2025/04/01－2026/03/31),2026-06-22 10:00,オーウエル株式会社
45470,S100YFN3,有価証券報告書－第81期(2025/04/01－2026/03/31),2026-06-22 10:00,キッセイ薬品工業株式会社
19480,S100YFSO,有価証券報告書－第147期(2025/04/01－2026/03/31),2026-06-22 10:00,株式会社弘電社
85910,S100YG5L,有価証券報告書－第63期(2025/04/01－2026/03/31),2026-06-22 10:00,オリックス株式会社
38950,S100YE3K,有価証券報告書－第76期(2025/04/01－2026/03/31),2026-06-22 10:02,ハビックス株式会社
96250,S100YF00,有価証券報告書－第49期(2025/04/01－2026/03/31),2026-06-22 10:02,株式会社セレスポ
81170,S100YFX5,有価証券報告書－第87期(2025/04/01－2026/03/31),2026-06-22 10:02,中央自動車工業株式会社
19600,S100YFBB,有価証券報告書－第79期(2025/04/01－2026/03/31),2026-06-22 10:02,株式会社サンテック
31850,S100YG5J,有価証券報告書－第29期(2025/04/01－2026/03/31),2026-06-22 10:08,夢展望株式会社
32020,S100YFWH,有価証券報告書－第206期(2025/04/01－2026/03/31),2026-06-22 10:08,ダイトウボウ株式会社
66380,S100YCRC,有価証券報告書－第51期(2025/04/01－2026/03/31),2026-06-22 10:09,株式会社ミマキエンジニアリング
63960,S100YF8O,有価証券報告書－第134期(2025/04/01－2026/03/31),2026-06-22 10:09,株式会社宇野澤組鐵工所
13010,S100YE8K,有価証券報告書－第103期(2025/04/01－2026/03/31),2026-06-22 10:11,株式会社　極洋
36220,S100YF6I,有価証券報告書－第27期(2025/04/01－2026/03/31),2026-06-22 10:14,ネットイヤーグループ株式会社
65180,S100YE1K,有価証券報告書－第69期(2025/04/01－2026/03/31),2026-06-22 10:15,三相電機株式会社
80350,S100YEOO,有価証券報告書－第63期(2025/04/01－2026/03/31),2026-06-22 10:15,東京エレクトロン株式会社
150A0,S100YFUO,有価証券報告書－第10期(2025/04/01－2026/03/31),2026-06-22 10:17,株式会社ＪＳＨ
17770,S100YG5D,有価証券報告書－第99期(2025/04/01－2026/03/31),2026-06-22 10:18,川崎設備工業株式会社
51950,S100YEMC,有価証券報告書－第103期(2025/04/01－2026/03/31),2026-06-22 10:19,バンドー化学株式会社
85600,S100YG72,有価証券報告書－第125期(2025/04/01－2026/03/31),2026-06-22 10:19,株式会社　宮崎太陽銀行
94050,S100YD4D,有価証券報告書－第99期(2025/04/01－2026/03/31),2026-06-22 10:20,朝日放送グループホールディングス株式会社
74800,S100YG54,有価証券報告書－第74期(2025/04/01－2026/03/31),2026-06-22 10:27,スズデン株式会社
57110,S100YFRY,有価証券報告書－第101期(2025/04/01－2026/03/31),2026-06-22 10:29,三菱マテリアル株式会社
97440,S100YE6X,有価証券報告書－第53期(2025/04/01－2026/03/31),2026-06-22 10:30,株式会社メイテックグループホールディングス
66450,S100YG81,有価証券報告書－第89期(2025/04/01－2026/03/31),2026-06-22 10:36,オムロン株式会社
72700,S100YFKZ,有価証券報告書－第95期(2025/04/01－2026/03/31),2026-06-22 10:44,株式会社ＳＵＢＡＲＵ
20530,S100YF88,有価証券報告書－第79期(2025/04/01－2026/03/31),2026-06-22 10:37,中部飼料株式会社
18480,S100YG4M,有価証券報告書－第74期(2025/04/01－2026/03/31),2026-06-22 10:40,株式会社富士ピー・エス
85840,S100YEIM,有価証券報告書－第95期(2025/04/01－2026/03/31),2026-06-22 10:41,株式会社ジャックス
80810,S100YFEF,有価証券報告書－第176期(2025/04/01－2026/03/31),2026-06-22 10:48,株式会社カナデン
67980,S100YFRH,有価証券報告書－第104期(2025/04/01－2026/03/31),2026-06-22 10:53,ＳＭＫ株式会社
26760,S100YFGR,有価証券報告書－第75期(2025/04/01－2026/03/31),2026-06-22 10:54,高千穂交易株式会社
44140,S100YG80,有価証券報告書－第21期(2025/04/01－2026/03/31),2026-06-22 11:00,株式会社フレクト
98320,S100YF3G,有価証券報告書－第79期(2025/04/01－2026/03/31),2026-06-22 11:00,株式会社オートバックスセブン
63220,S100YFBY,有価証券報告書－第50期(2025/04/01－2026/03/31),2026-06-22 11:01,株式会社タクミナ
40220,S100YD99,有価証券報告書－第158期(2025/04/01－2026/03/31),2026-06-22 11:03,ラサ工業株式会社
33060,S100YFIL,有価証券報告書－第98期(2025/04/01－2026/03/31),2026-06-22 11:07,日本製麻株式会社
86170,S100YFAQ,有価証券報告書－第66期(2025/04/01－2026/03/31),2026-06-22 11:13,光世証券株式会社
34430,S100YF5H,有価証券報告書－第18期(2025/04/01－2026/03/31),2026-06-22 11:24,川田テクノロジーズ株式会社
80560,S100YFCP,有価証券報告書－第82期(2025/04/01－2026/03/31),2026-06-22 11:25,ＢＩＰＲＯＧＹ株式会社
80450,S100YCTS,有価証券報告書－第90期(2025/04/01－2026/03/31),2026-06-22 11:28,横浜丸魚株式会社
79940,S100YFDV,有価証券報告書－第91期(2025/04/01－2026/03/31),2026-06-22 11:30,株式会社オカムラ
44840,S100YFEP,有価証券報告書－第18期(2025/04/01－2026/03/31),2026-06-22 11:33,ランサーズ株式会社
99870,S100YFRU,有価証券報告書－第80期(2025/04/01－2026/03/31),2026-06-22 11:33,株式会社スズケン
77020,S100YF50,有価証券報告書－第61期(2025/04/01－2026/03/31),2026-06-22 11:35,株式会社ジェイ・エム・エス（称号　株式会社　ＪＭＳ）
59290,S100YFHH,有価証券報告書－第91期(2025/04/01－2026/03/31),2026-06-22 11:39,三和ホールディングス株式会社
75960,S100YGEC,有価証券報告書－第42期(2025/04/01－2026/03/31),2026-06-22 11:40,株式会社魚力
66320,S100YG3R,有価証券報告書－第18期(2025/04/01－2026/03/31),2026-06-22 11:54,株式会社ＪＶＣケンウッド
38530,S100YGH9,有価証券報告書－第28期(2025/04/01－2026/03/31),2026-06-22 11:56,アステリア株式会社
45530,S100YFVM,有価証券報告書－第70期(2025/04/01－2026/03/31),2026-06-22 12:00,東和薬品株式会社
14170,S100YG40,有価証券報告書－第16期(2025/04/01－2026/03/31),2026-06-22 12:00,株式会社ミライト・ワン
79390,S100YEUJ,有価証券報告書－第55期(2025/04/01－2026/03/31),2026-06-22 12:00,株式会社研創
28970,S100YEWB,有価証券報告書－第78期(2025/04/01－2026/03/31),2026-06-22 12:01,日清食品ホールディングス株式会社
49320,S100YFI1,有価証券報告書－第26期(2025/04/01－2026/03/31),2026-06-22 12:02,株式会社アルマード
416A0,S100YGHU,有価証券報告書－第1期(2025/10/01－2026/03/31),2026-06-22 12:03,富士ユナイトホールディングス株式会社
37390,S100YFS8,有価証券報告書－第35期(2025/04/01－2026/03/31),2026-06-22 12:06,コムシード株式会社
81070,S100YER7,有価証券報告書－第63期(2025/04/01－2026/03/31),2026-06-22 12:13,株式会社キムラタン
47320,S100YGIC,有価証券報告書－第46期(2025/04/01－2026/03/31),2026-06-22 12:27,株式会社ユー・エス・エス
83830,S100YDT2,有価証券報告書－第162期(2025/04/01－2026/03/31),2026-06-22 12:44,株式会社　鳥取銀行
61860,S100YFD3,有価証券報告書－第36期(2025/04/01－2026/03/31),2026-06-22 12:49,株式会社一蔵
72400,S100YFWJ,有価証券報告書－第120期(2025/04/01－2026/03/31),2026-06-22 12:55,ＮＯＫ株式会社
19760,S100YFOI,有価証券報告書－第84期(2025/04/01－2026/03/31),2026-06-22 12:55,明星工業株式会社
62380,S100YFJB,有価証券報告書－第20期(2025/04/01－2026/03/31),2026-06-22 12:57,フリュー株式会社
96580,S100YG97,有価証券報告書－第59期(2025/04/01－2026/03/31),2026-06-22 13:00,株式会社ビジネスブレイン太田昭和
46790,S100YFEW,有価証券報告書－第52期(2025/04/01－2026/03/31),2026-06-22 13:00,株式会社　田　谷
19720,S100YCWL,有価証券報告書－第77期(2025/04/01－2026/03/31),2026-06-22 13:01,三晃金属工業株式会社
67790,S100YFNH,有価証券報告書－第85期(2025/04/01－2026/03/31),2026-06-22 13:03,日本電波工業株式会社
72960,S100YFKQ,有価証券報告書－第96期(2025/04/01－2026/03/31),2026-06-22 13:03,株式会社エフ・シー・シー
43650,S100YG2G,有価証券報告書－第88期(2025/04/01－2026/03/31),2026-06-22 13:03,松本油脂製薬株式会社
62300,S100YEJ7,有価証券報告書－第66期(2025/04/01－2026/03/31),2026-06-22 13:05,ＳＡＮＥＩ株式会社
68690,S100YFAW,有価証券報告書－第59期(2025/04/01－2026/03/31),2026-06-22 13:07,シスメックス株式会社
78400,S100YE44,有価証券報告書－第23期(2025/04/01－2026/03/31),2026-06-22 13:07,フランスベッドホールディングス株式会社
300A0,S100YFMQ,有価証券報告書－第74期(2025/04/01－2026/03/31),2026-06-22 13:07,ＭＩＣ株式会社
59840,S100YEZU,有価証券報告書－第78期(2025/04/01－2026/03/31),2026-06-22 13:10,兼房株式会社
71340,S100YFV1,有価証券報告書－第12期(2025/04/01－2026/03/31),2026-06-22 13:10,株式会社アップガレージグループ
61510,S100YFFT,有価証券報告書－第70期(2025/04/01－2026/03/31),2026-06-22 13:11,日東工器株式会社
19420,S100YDOZ,有価証券報告書－第112期(2025/04/01－2026/03/31),2026-06-22 13:11,株式会社関電工
59280,S100YF9N,有価証券報告書－第62期(2025/04/01－2026/03/31),2026-06-22 13:11,アルメタックス株式会社
79380,S100YFIT,有価証券報告書－第194期(2025/04/01－2026/03/31),2026-06-22 13:12,株式会社リーガルコーポレーション
46580,S100YC3N,有価証券報告書－第63期(2025/04/01－2026/03/31),2026-06-22 13:15,日本空調サービス株式会社
97060,S100YGGN,有価証券報告書－第82期(2025/04/01－2026/03/31),2026-06-22 13:15,日本空港ビルデング株式会社
54510,S100YEVQ,有価証券報告書－第127期(2025/04/01－2026/03/31),2026-06-22 13:16,株式会社ヨドコウ
89340,S100YGKR,有価証券報告書－第27期(2025/04/01－2026/03/31),2026-06-22 13:16,サンフロンティア不動産株式会社
93510,S100YELE,有価証券報告書－第115期(2025/04/01－2026/03/31),2026-06-22 13:16,東洋埠頭株式会社
34020,S100YFG9,有価証券報告書－第145期(2025/04/01－2026/03/31),2026-06-22 13:16,東レ株式会社
83980,S100YE9H,有価証券報告書－第102期(2025/04/01－2026/03/31),2026-06-22 13:31,株式会社筑邦銀行
80320,S100YF3W,有価証券報告書－第164期(2025/04/01－2026/03/31),2026-06-22 13:33,日本紙パルプ商事株式会社
87150,S100YFY1,有価証券報告書－第26期(2025/04/01－2026/03/31),2026-06-22 13:34,アニコム　ホールディングス株式会社
18030,S100YDXD,有価証券報告書－第124期(2025/04/01－2026/03/31),2026-06-22 13:35,清水建設株式会社
99840,S100YGH5,有価証券報告書－第46期(2025/04/01－2026/03/31),2026-06-22 13:38,ソフトバンクグループ株式会社
19140,S100YGM2,有価証券報告書－第73期(2025/04/01－2026/03/31),2026-06-22 13:38,日本基礎技術株式会社
30580,S100YFXN,有価証券報告書－第49期(2025/04/01－2026/03/31),2026-06-22 13:42,株式会社三洋堂ホールディングス
27500,S100YEZP,有価証券報告書－第76期(2025/04/01－2026/03/31),2026-06-22 13:48,石光商事株式会社
255A0,S100YFOK,有価証券報告書－第2期(2025/04/01－2026/03/31),2026-06-22 13:51,ジーエルテクノホールディングス株式会社
40230,S100YFHO,有価証券報告書－第113期(2025/04/01－2026/03/31),2026-06-22 13:57,株式会社クレハ
53330,S100YF7M,有価証券報告書－第160期(2025/04/01－2026/03/31),2026-06-22 13:58,ＮＧＫ株式会社
52790,S100YFPM,有価証券報告書－第71期(2025/04/01－2026/03/31),2026-06-22 14:00,日本興業株式会社
93060,S100Y9SP,有価証券報告書－第147期(2025/04/01－2026/03/31),2026-06-22 14:00,東陽倉庫株式会社
28920,S100YF39,有価証券報告書－第105期(2025/04/01－2026/03/31),2026-06-22 14:03,日本食品化工株式会社
80200,S100YGCZ,有価証券報告書－第132期(2025/04/01－2026/03/31),2026-06-22 14:07,兼松株式会社
99290,S100YGD5,有価証券報告書－第93期(2025/04/01－2026/03/31),2026-06-22 14:07,平和紙業株式会社
42900,S100YFPN,有価証券報告書－第40期(2025/04/01－2026/03/31),2026-06-22 14:09,株式会社プレステージ・インターナショナル
18600,S100YG3E,有価証券報告書－第103期(2025/04/01－2026/03/31),2026-06-22 14:09,戸田建設株式会社
70040,S100YGOR,有価証券報告書－第129期(2025/04/01－2026/03/31),2026-06-22 14:10,カナデビア株式会社
79880,S100YGQB,有価証券報告書－第74期(2025/04/01－2026/03/31),2026-06-22 14:12,株式会社ニフコ
96640,S100YG20,有価証券報告書－第136期(2025/04/01－2026/03/31),2026-06-22 14:12,株式会社御園座
69270,S100YF8D,有価証券報告書－第50期(2025/04/01－2026/03/31),2026-06-22 14:13,ヘリオス　テクノ　ホールディング株式会社
62620,S100YGO3,有価証券報告書－第80期(2025/04/01－2026/03/31),2026-06-22 14:15,株式会社ＰＥＧＡＳＵＳ
93320,S100YGQ8,有価証券報告書－第3期(2025/04/01－2026/03/31),2026-06-22 14:17,ＮＩＳＳＯホールディングス株式会社
63250,S100YFLC,有価証券報告書－第82期(2025/04/01－2026/03/31),2026-06-22 14:17,株式会社タカキタ
93220,S100YF5T,有価証券報告書－第169期(2025/04/01－2026/03/31),2026-06-22 14:19,川西倉庫株式会社
31500,S100YFUS,有価証券報告書－第21期(2025/04/01－2026/03/31),2026-06-22 14:20,株式会社グリムス
61030,S100YFQC,有価証券報告書－第162期(2025/04/01－2026/03/31),2026-06-22 14:21,オークマ株式会社
49720,S100YFCG,有価証券報告書－第78期(2025/04/01－2026/03/31),2026-06-22 14:24,綜研化学株式会社
17860,S100YDUO,有価証券報告書－第75期(2025/04/01－2026/03/31),2026-06-22 14:26,オリエンタル白石株式会社
28100,S100YD7A,有価証券報告書－第80期(2025/04/01－2026/03/31),2026-06-22 14:28,ハウス食品グループ本社株式会社
31660,S100YFNF,有価証券報告書－第16期(2025/04/01－2026/03/31),2026-06-22 14:28,ＯＣＨＩホールディングス株式会社
32370,S100YGR8,有価証券報告書,2026-06-22 14:31,株式会社イントランス
43880,S100YGJY,有価証券報告書－第23期(2025/04/01－2026/03/31),2026-06-22 14:34,株式会社エーアイ
88910,S100YF0Z,有価証券報告書－第41期(2025/04/01－2026/03/31),2026-06-22 14:34,ＡＭＧホールディングス株式会社
41120,S100YGIX,有価証券報告書－第168期(2025/04/01－2026/03/31),2026-06-22 14:38,保土谷化学工業株式会社
69280,S100YF9J,有価証券報告書－第60期(2025/04/01－2026/03/31),2026-06-22 14:38,株式会社エノモト
62260,S100YGR0,有価証券報告書－第79期(2025/04/01－2026/03/31),2026-06-22 14:38,守谷輸送機工業株式会社
90220,S100YD7H,有価証券報告書－第39期(2025/04/01－2026/03/31),2026-06-22 14:41,東海旅客鉄道株式会社
37660,S100YGLS,有価証券報告書－第60期(2025/04/01－2026/03/31),2026-06-22 14:44,システムズ・デザイン株式会社
247A0,S100YGSY,有価証券報告書－第10期(2025/04/01－2026/03/31),2026-06-22 14:45,Ａｉロボティクス株式会社
49800,S100YGAR,有価証券報告書－第14期(2025/04/01－2026/03/31),2026-06-22 14:48,デクセリアルズ株式会社
41880,S100YFSR,有価証券報告書－第21期(2025/04/01－2026/03/31),2026-06-22 14:48,三菱ケミカルグループ株式会社
59510,S100YDWR,有価証券報告書－第63期(2025/04/01－2026/03/31),2026-06-22 14:55,ダイニチ工業株式会社
50130,S100YEVT,有価証券報告書－第93期(2025/04/01－2026/03/31),2026-06-22 14:56,株式会社ユシロ
60390,S100YGKM,有価証券報告書－第21期(2025/04/01－2026/03/31),2026-06-22 14:58,株式会社日本動物高度医療センター
77230,S100YF4W,有価証券報告書－第103期(2025/04/01－2026/03/31),2026-06-22 14:59,愛知時計電機株式会社
33720,S100YGBF,有価証券報告書－第38期(2025/04/01－2026/03/31),2026-06-22 15:00,株式会社関門海
17210,S100YFLP,有価証券報告書－第23期(2025/04/01－2026/03/31),2026-06-22 15:00,コムシスホールディングス株式会社
36700,S100YG51,有価証券報告書－第61期(2025/04/01－2026/03/31),2026-06-22 15:00,協立情報通信株式会社
64800,S100YD87,有価証券報告書－第77期(2025/04/01－2026/03/31),2026-06-22 15:00,日本トムソン株式会社
483A0,S100YGDD,有価証券報告書－第36期(2025/04/01－2026/03/31),2026-06-22 15:00,テラテクノロジー株式会社
40310,S100YFRR,有価証券報告書－第111期(2025/04/01－2026/03/31),2026-06-22 15:00,片倉コープアグリ株式会社
19660,S100YGU2,有価証券報告書－第79期(2025/04/01－2026/03/31),2026-06-22 15:01,株式会社　高田工業所
77690,S100YFZJ,有価証券報告書－第6期(2025/04/01－2026/03/31),2026-06-22 15:01,リズム株式会社
57530,S100YEXB,有価証券報告書－第103期(2025/04/01－2026/03/31),2026-06-22 15:01,日本伸銅株式会社
94710,S100YCYT,有価証券報告書－第73期(2025/04/01－2026/03/31),2026-06-22 15:01,株式会社文溪堂
83700,S100YE5S,有価証券報告書－第216期(2025/04/01－2026/03/31),2026-06-22 15:03,株式会社紀陽銀行
41830,S100YGUI,有価証券報告書－第29期(2025/04/01－2026/03/31),2026-06-22 15:04,三井化学株式会社
36520,S100YGPD,有価証券報告書－第24期(2025/04/01－2026/03/31),2026-06-22 15:05,株式会社ディジタルメディアプロフェッショナル
52840,S100YG9T,有価証券報告書－第69期(2025/04/01－2026/03/31),2026-06-22 15:06,ヤマウホールディングス株式会社
67030,S100YFGL,有価証券報告書－第102期(2025/04/01－2026/03/31),2026-06-22 15:06,沖電気工業株式会社
31670,S100YFV5,有価証券報告書－第15期(2025/04/01－2026/03/31),2026-06-22 15:09,株式会社ＴＯＫＡＩホールディングス
70130,S100YENT,有価証券報告書－第209期(2025/04/01－2026/03/31),2026-06-22 15:15,株式会社ＩＨＩ
82280,S100YFT2,有価証券報告書－第76期(2025/04/01－2026/03/31),2026-06-22 15:17,株式会社マルイチ産商
28050,S100YGTZ,有価証券報告書－第113期(2025/04/01－2026/03/31),2026-06-22 15:18,ヱスビー食品株式会社
40050,S100YAUO,有価証券報告書－第145期(2025/04/01－2026/03/31),2026-06-22 15:18,住友化学株式会社
37930,S100YGW0,有価証券報告書－第25期(2025/04/01－2026/03/31),2026-06-22 15:20,株式会社ドリコム
83930,S100YGVF,有価証券報告書－第141期(2025/04/01－2026/03/31),2026-06-22 15:20,株式会社宮崎銀行
41690,S100YGHR,有価証券報告書－第11期(2025/04/01－2026/03/31),2026-06-22 15:21,ＥＮＥＣＨＡＮＧＥ株式会社
77430,S100YGWB,有価証券報告書－第70期(2025/04/01－2026/03/31),2026-06-22 15:22,株式会社シード
20020,S100YE6A,有価証券報告書－第182期(2025/04/01－2026/03/31),2026-06-22 15:26,株式会社日清製粉グループ本社
48490,S100YGWT,有価証券報告書－第26期(2025/04/01－2026/03/31),2026-06-22 15:28,エン株式会社
83650,S100YFUZ,有価証券報告書－第100期(2025/04/01－2026/03/31),2026-06-22 15:28,株式会社　富山銀行
17870,S100YF2C,有価証券報告書－第83期(2025/04/01－2026/03/31),2026-06-22 15:30,株式会社ナカボーテック
92010,S100YFIO,有価証券報告書－第77期(2025/04/01－2026/03/31),2026-06-22 15:30,日本航空株式会社
67880,S100YF0Y,有価証券報告書－第44期(2025/04/01－2026/03/31),2026-06-22 15:30,株式会社日本トリム
51380,S100YGUZ,有価証券報告書－第12期(2025/04/01－2026/03/31),2026-06-22 15:30,株式会社Ｒｅｂａｓｅ
302A0,S100YF60,有価証券報告書－第7期(2025/04/01－2026/03/31),2026-06-22 15:30,株式会社ビースタイルホールディングス
52440,S100YGSA,有価証券報告書－第23期(2025/04/01－2026/03/31),2026-06-22 15:30,株式会社ｊｉｇ．ｊｐ
21810,S100YGCS,有価証券報告書－第18期(2025/04/01－2026/03/31),2026-06-22 15:30,パーソルホールディングス株式会社
53680,S100YG71,有価証券報告書－第81期(2025/04/01－2026/03/31),2026-06-22 15:30,日本インシュレーション株式会社
39170,S100YG4N,有価証券報告書－第18期(2025/04/01－2026/03/31),2026-06-22 15:31,株式会社アイリッジ
26070,S100YEWN,有価証券報告書－第98期(2025/04/01－2026/03/31),2026-06-22 15:31,不二製油株式会社
297A0,S100YC5Z,有価証券報告書－第18期(2025/04/01－2026/03/31),2026-06-22 15:31,アルピコホールディングス株式会社
37960,S100YF6G,有価証券報告書－第27期(2025/04/01－2026/03/31),2026-06-22 15:31,株式会社いい生活
42590,S100YFZ6,有価証券報告書－第11期(2025/04/01－2026/03/31),2026-06-22 15:32,株式会社エクサウィザーズ
65660,S100YFRW,有価証券報告書－第54期(2025/04/01－2026/03/31),2026-06-22 15:32,株式会社要興業
64710,S100YFE3,有価証券報告書－第165期(2025/04/01－2026/03/31),2026-06-22 15:33,日本精工株式会社
89190,S100YGXU,有価証券報告書－第48期(2025/04/01－2026/03/31),2026-06-22 15:33,株式会社カチタス
74210,S100YDD5,有価証券報告書－第48期(2025/04/01－2026/03/31),2026-06-22 15:33,カッパ・クリエイト株式会社
64480,S100YECO,有価証券報告書－第134期(2025/04/01－2026/03/31),2026-06-22 15:35,ブラザー工業株式会社
86040,S100YC5C,有価証券報告書－第122期(2025/04/01－2026/03/31),2026-06-22 15:36,野村ホールディングス株式会社
60270,S100YFWI,有価証券報告書－第21期(2025/04/01－2026/03/31),2026-06-22 15:36,弁護士ドットコム株式会社
42420,S100YGHA,有価証券報告書－第67期(2025/04/01－2026/03/31),2026-06-22 15:37,株式会社タカギセイコー
17170,S100YGMU,有価証券報告書－第46期(2025/04/01－2026/03/31),2026-06-22 15:41,明豊ファシリティワークス株式会社
96980,S100YGVQ,有価証券報告書－第53期(2025/04/01－2026/03/31),2026-06-22 15:41,株式会社クレオ
31780,S100YE67,有価証券報告書－第18期(2025/04/01－2026/03/31),2026-06-22 15:43,チムニー株式会社
68630,S100YFWS,有価証券報告書－第100期(2025/04/01－2026/03/31),2026-06-22 15:45,株式会社ニレコ
98500,S100YGWW,有価証券報告書－第60期(2025/04/01－2026/03/31),2026-06-22 15:49,株式会社グルメ杵屋
76160,S100YG3O,有価証券報告書－第64期(2025/04/01－2026/03/31),2026-06-22 15:49,株式会社　コロワイド
72200,S100YGX6,有価証券報告書－第99期(2025/04/01－2026/03/31),2026-06-22 15:50,武蔵精密工業株式会社
69540,S100YG3Q,有価証券報告書－第57期(2025/04/01－2026/03/31),2026-06-22 15:50,ファナック株式会社
63630,S100YDRV,有価証券報告書－第145期(2025/04/01－2026/03/31),2026-06-22 15:51,株式会社酉島製作所
40440,S100YGND,有価証券報告書－第112期(2025/04/01－2026/03/31),2026-06-22 15:52,セントラル硝子株式会社
72940,S100YGY8,有価証券報告書－第81期(2025/04/01－2026/03/31),2026-06-22 15:52,株式会社ヨロズ
27490,S100YF75,有価証券報告書－第34期(2025/04/01－2026/03/31),2026-06-22 15:56,株式会社ＪＰホールディングス
65010,S100YGBO,有価証券報告書－第157期(2025/04/01－2026/03/31),2026-06-22 15:56,株式会社日立製作所
64580,S100Y1I3,有価証券報告書－第77期(2025/04/01－2026/03/31),2026-06-22 16:00,新晃工業株式会社
45240,S100YE3I,有価証券報告書－第89期(2025/04/01－2026/03/31),2026-06-22 16:03,森下仁丹株式会社
64300,S100YGWC,有価証券報告書－第53期(2025/04/01－2026/03/31),2026-06-22 16:03,ダイコク電機株式会社
93410,S100YFQH,有価証券報告書－第21期(2025/04/01－2026/03/31),2026-06-22 16:03,株式会社ＧＥＮＯＶＡ
80930,S100YESK,有価証券報告書－第106期(2025/04/01－2026/03/31),2026-06-22 16:04,極東貿易株式会社
53510,S100YFV6,有価証券報告書－第192期(2025/04/01－2026/03/31),2026-06-22 16:05,品川リフラ株式会社
40620,S100YFCS,訂正有価証券報告書－第173期(2025/04/01－2026/03/31),2026-06-22 16:06,イビデン株式会社
21830,S100YGWG,有価証券報告書－第21期(2025/04/01－2026/03/31),2026-06-22 16:07,株式会社リニカル
341A0,S100YFPI,有価証券報告書－第31期(2025/04/01－2026/03/31),2026-06-22 16:11,株式会社トヨコー
63790,S100YDME,有価証券報告書－第122期(2025/04/01－2026/03/31),2026-06-22 16:12,レイズネクスト株式会社
81320,S100YGS4,有価証券報告書－第92期(2025/04/01－2026/03/31),2026-06-22 16:14,シナネンホールディングス株式会社
51850,S100YG75,有価証券報告書－第73期(2025/04/01－2026/03/31),2026-06-22 16:14,株式会社フコク
59110,S100YH06,有価証券報告書－第162期(2025/04/01－2026/03/31),2026-06-22 16:18,株式会社横河ブリッジホールディングス
53310,S100Y4PM,有価証券報告書－第145期(2025/04/01－2026/03/31),2026-06-22 16:21,ノリタケ株式会社
72010,S100YH2B,有価証券報告書－第127期(2025/04/01－2026/03/31),2026-06-22 16:25,日産自動車株式会社
26940,S100YGJS,有価証券報告書－第67期(2025/04/01－2026/03/31),2026-06-22 16:30,株式会社焼肉坂井ホールディングス
93020,S100YEZT,有価証券報告書－第178期(2025/04/01－2026/03/31),2026-06-22 16:30,三井倉庫ホールディングス株式会社
45490,S100YFP4,訂正有価証券報告書－第88期(2025/04/01－2026/03/31),2026-06-22 16:30,栄研化学株式会社
58380,S100YGME,有価証券報告書－第27期(2025/04/01－2026/03/31),2026-06-22 16:30,楽天銀行株式会社
90490,S100YEN3,有価証券報告書－第120期(2025/04/01－2026/03/31),2026-06-22 16:30,京福電気鉄道株式会社
63690,S100YDS7,有価証券報告書－第118期(2025/04/01－2026/03/31),2026-06-22 16:30,トーヨーカネツ株式会社
97290,S100YE2Y,有価証券報告書－第71期(2025/04/01－2026/03/31),2026-06-22 16:32,株式会社トーカイ
64330,S100YGSS,有価証券報告書－第64期(2025/04/01－2026/03/31),2026-06-22 16:34,ヒーハイスト株式会社
82140,S100YFPQ,有価証券報告書－第50期(2025/04/01－2026/03/31),2026-06-22 16:35,株式会社ＡＯＫＩホールディングス
37680,S100YGM6,有価証券報告書－第26期(2025/04/01－2026/03/31),2026-06-22 16:38,リスクモンスター株式会社
26130,S100YFUT,有価証券報告書－第24期(2025/04/01－2026/03/31),2026-06-22 16:42,株式会社Ｊ－オイルミルズ
75930,S100YEXL,有価証券報告書－第44期(2025/04/01－2026/03/31),2026-06-22 16:45,ＶＴホールディングス株式会社
80220,S100YFWX,有価証券報告書－第113期(2025/04/01－2026/03/31),2026-06-22 16:46,美津濃株式会社
61650,S100YE8P,有価証券報告書－第52期(2025/04/01－2026/03/31),2026-06-22 16:48,パンチ工業株式会社
36260,S100YH5C,有価証券報告書－第18期(2025/04/01－2026/03/31),2026-06-22 16:57,ＴＩＳ株式会社
72180,S100YH4P,有価証券報告書－第75期(2025/04/01－2026/03/31),2026-06-22 16:59,田中精密工業株式会社
86280,S100YFPS,有価証券報告書－第110期(2025/04/01－2026/03/31),2026-06-22 16:59,松井証券株式会社
90250,S100YGFS,有価証券報告書－第86期(2025/04/01－2026/03/31),2026-06-22 17:00,鴻池運輸株式会社
35590,S100YH49,有価証券報告書－第24期(2025/04/01－2026/03/31),2026-06-22 17:00,株式会社ピーバンドットコム
343A0,S100YG2V,有価証券報告書－第45期(2025/04/01－2026/03/31),2026-06-22 17:06,株式会社ＩＡＣＥトラベル
21270,S100YGWF,有価証券報告書－第35期(2025/04/01－2026/03/31),2026-06-22 17:08,株式会社日本Ｍ＆Ａセンターホールディングス
87060,S100YEU4,有価証券報告書－第83期(2025/04/01－2026/03/31),2026-06-19 09:00,極東証券株式会社
46150,S100YD50,有価証券報告書－第132期(2025/04/01－2026/03/31),2026-06-19 09:00,神東塗料株式会社
83370,S100YDK0,有価証券報告書－第104期(2025/04/01－2026/03/31),2026-06-19 09:00,株式会社千葉興業銀行
79700,S100YE3Y,有価証券報告書－第66期(2025/04/01－2026/03/31),2026-06-19 09:00,信越ポリマー株式会社
47050,S100YDSM,有価証券報告書－第45期(2025/04/01－2026/03/31),2026-06-19 09:02,株式会社クリップコーポレーション
83310,S100YDSE,有価証券報告書－第120期(2025/04/01－2026/03/31),2026-06-19 09:02,株式会社千葉銀行
27950,S100YEGQ,有価証券報告書－第48期(2025/04/01－2026/03/31),2026-06-19 09:05,日本プリメックス株式会社
88760,S100YE6Y,有価証券報告書－第59期(2025/04/01－2026/03/31),2026-06-19 09:08,株式会社リログループ
86090,S100YDTC,有価証券報告書－第88期(2025/04/01－2026/03/31),2026-06-19 09:08,株式会社岡三証券グループ
42290,S100YD30,有価証券報告書－第109期(2025/04/01－2026/03/31),2026-06-19 09:09,群栄化学工業株式会社
74170,S100YCGG,有価証券報告書－第72期(2025/04/01－2026/03/31),2026-06-19 09:12,株式会社南陽
53860,S100YD8C,有価証券報告書－第59期(2025/04/01－2026/03/31),2026-06-19 09:13,株式会社鶴弥
85370,S100YC1U,有価証券報告書－第124期(2025/04/01－2026/03/31),2026-06-19 09:13,株式会社大光銀行
47830,S100YEMH,有価証券報告書－第61期(2025/04/01－2026/03/31),2026-06-19 09:15,ＮＣＤ株式会社
83670,S100YEBM,有価証券報告書－第138期(2025/04/01－2026/03/31),2026-06-19 09:17,株式会社南都銀行
85510,S100Y8FP,有価証券報告書－第122期(2025/04/01－2026/03/31),2026-06-19 09:20,株式会社　北日本銀行
22880,S100YD4W,有価証券報告書－第78期(2025/04/01－2026/03/31),2026-06-19 09:26,丸大食品株式会社
54630,S100YDSC,有価証券報告書－第92期(2025/04/01－2026/03/31),2026-06-19 09:27,丸一鋼管株式会社
83490,S100YEUT,有価証券報告書－第106期(2025/04/01－2026/03/31),2026-06-19 09:28,株式会社　東北銀行
78960,S100YEA0,有価証券報告書－第67期(2025/04/01－2026/03/31),2026-06-19 09:40,セブン工業株式会社
33970,S100YDW4,有価証券報告書－第36期(2025/04/01－2026/03/31),2026-06-19 09:46,株式会社トリドールホールディングス
98850,S100YE1F,有価証券報告書－第51期(2025/04/01－2026/03/31),2026-06-19 09:49,株式会社　シャルレ
28750,S100YDW0,有価証券報告書－第78期(2025/04/01－2026/03/31),2026-06-19 09:52,東洋水産株式会社
53040,S100YDCX,有価証券報告書－第106期(2025/04/01－2026/03/31),2026-06-19 09:53,ＳＥＣカーボン株式会社
73260,S100YDWS,有価証券報告書－第10期(2025/04/01－2026/03/31),2026-06-19 09:54,ＳＢＩインシュアランスグループ株式会社
26120,S100YEW9,有価証券報告書－第69期(2025/04/01－2026/03/31),2026-06-19 09:54,かどや製油株式会社
47610,S100YEEF,有価証券報告書－第58期(2025/04/01－2026/03/31),2026-06-19 09:55,株式会社さくらケーシーエス
49250,S100YA2L,有価証券報告書－第43期(2025/04/01－2026/03/31),2026-06-19 10:00,株式会社ハーバー研究所
69990,S100YDTW,有価証券報告書－第98期(2025/04/01－2026/03/31),2026-06-19 10:00,ＫＯＡ株式会社
83080,S100YDP3,有価証券報告書－第25期(2025/04/01－2026/03/31),2026-06-19 10:00,株式会社　りそなホールディングス
23310,S100Y7EC,有価証券報告書－第61期(2025/04/01－2026/03/31),2026-06-19 10:02,ＡＬＳＯＫ株式会社
64550,S100YE56,有価証券報告書－第93期(2025/04/01－2026/03/31),2026-06-19 10:02,株式会社モリタホールディングス
83680,S100YBNQ,有価証券報告書－第211期(2025/04/01－2026/03/31),2026-06-19 10:11,株式会社　百五銀行
95360,S100YE54,有価証券報告書－第133期(2025/04/01－2026/03/31),2026-06-19 10:13,西部ガスホールディングス株式会社
76060,S100YEY5,有価証券報告書－第37期(2025/04/01－2026/03/31),2026-06-19 10:15,株式会社ユナイテッドアローズ
40630,S100YE9I,有価証券報告書－第149期(2025/04/01－2026/03/31),2026-06-19 10:18,信越化学工業株式会社
42060,S100YE8Y,有価証券報告書－第126期(2025/04/01－2026/03/31),2026-06-19 10:18,アイカ工業株式会社
31510,S100YDSN,有価証券報告書－第17期(2025/04/01－2026/03/31),2026-06-19 10:20,株式会社バイタルケーエスケー・ホールディングス
50110,S100YE06,有価証券報告書－第82期(2025/04/01－2026/03/31),2026-06-19 10:20,ニチレキグループ株式会社
78930,S100YEYJ,有価証券報告書－第82期(2025/04/01－2026/03/31),2026-06-19 10:27,株式会社プロネクサス
22670,S100YCBJ,有価証券報告書－第74期(2025/04/01－2026/03/31),2026-06-19 10:28,株式会社ヤクルト本社
39510,S100YEXW,有価証券報告書－第110期(2025/04/01－2026/03/31),2026-06-19 10:28,朝日印刷株式会社
67520,S100YETA,有価証券報告書－第119期(2025/04/01－2026/03/31),2026-06-19 10:48,パナソニックホールディングス株式会社
45910,S100YF0X,有価証券報告書－第23期(2025/04/01－2026/03/31),2026-06-19 10:52,株式会社リボミック
71840,S100YCB2,有価証券報告書－第115期(2025/04/01－2026/03/31),2026-06-19 10:53,株式会社　富山第一銀行
75950,S100YF23,有価証券報告書－第42期(2025/04/01－2026/03/31),2026-06-19 10:55,株式会社アルゴグラフィックス
96390,S100YF0N,有価証券報告書－第57期(2025/04/01－2026/03/31),2026-06-19 10:59,三協フロンテア株式会社
69470,S100YD7O,有価証券報告書－第50期(2025/04/01－2026/03/31),2026-06-19 11:04,株式会社図研
67970,S100YEDT,有価証券報告書－第69期(2025/04/01－2026/03/31),2026-06-19 11:05,名古屋電機工業株式会社
36480,S100YEL6,有価証券報告書－第31期(2025/04/01－2026/03/31),2026-06-19 11:07,ＡＧＳ株式会社
58450,S100YEH1,有価証券報告書－第25期(2025/04/01－2026/03/31),2026-06-19 11:13,全保連株式会社
19650,S100YF2U,有価証券報告書－第77期(2025/04/01－2026/03/31),2026-06-19 11:14,株式会社テクノ菱和
70140,S100YEFT,有価証券報告書－第127期(2025/04/01－2026/03/31),2026-06-19 11:14,株式会社名村造船所
38340,S100YEHW,有価証券報告書－第36期(2025/04/01－2026/03/31),2026-06-19 11:17,株式会社朝日ネット
80780,S100YED6,有価証券報告書－第79期(2025/04/01－2026/03/31),2026-06-19 11:23,阪和興業株式会社
85500,S100YE6L,有価証券報告書－第123期(2025/04/01－2026/03/31),2026-06-19 11:25,株式会社　栃木銀行
75750,S100YEH7,有価証券報告書－第46期(2025/04/01－2026/03/31),2026-06-19 11:26,日本ライフライン株式会社
75610,S100YF3L,有価証券報告書－第48期(2025/04/01－2026/03/31),2026-06-19 11:27,株式会社ハークスレイ
39180,S100YECU,有価証券報告書－第22期(2025/04/01－2026/03/31),2026-06-19 11:30,ＰＣＩホールディングス株式会社
66580,S100YEDB,有価証券報告書－第57期(2025/04/01－2026/03/31),2026-06-19 11:37,シライ電子工業株式会社
59550,S100YDSY,有価証券報告書－第151期(2025/04/01－2026/03/31),2026-06-19 11:42,株式会社ワイズホールディングス
68450,S100YEE5,有価証券報告書－第104期(2025/04/01－2026/03/31),2026-06-19 11:44,アズビル株式会社
87000,S100YEDZ,有価証券報告書－第84期(2025/04/01－2026/03/31),2026-06-19 11:47,丸八証券株式会社
80750,S100YEV4,有価証券報告書－第108期(2025/04/01－2026/03/31),2026-06-19 11:49,神鋼商事株式会社
70220,S100YDDF,有価証券報告書－第15期(2025/04/01－2026/03/31),2026-06-19 11:52,サノヤスホールディングス株式会社
30040,S100YANZ,有価証券報告書－第158期(2025/04/01－2026/03/31),2026-06-19 11:57,神栄株式会社
45070,S100YF57,有価証券報告書－第161期(2025/04/01－2026/03/31),2026-06-19 11:58,塩野義製薬株式会社
93190,S100YF4M,有価証券報告書－第146期(2025/04/01－2026/03/31),2026-06-19 12:00,株式会社中央倉庫
77290,S100YEOP,有価証券報告書－第103期(2025/04/01－2026/03/31),2026-06-19 12:02,株式会社東京精密
73890,S100YE5H,有価証券報告書－第4期(2025/04/01－2026/03/31),2026-06-19 12:07,株式会社あいちフィナンシャルグループ
60050,S100YEGC,有価証券報告書－第68期(2025/04/01－2026/03/31),2026-06-19 12:28,三浦工業株式会社
60330,S100YF6F,有価証券報告書－第21期(2025/04/01－2026/03/31),2026-06-19 12:35,株式会社エクストリーム
43450,S100YDWN,有価証券報告書－第36期(2025/04/01－2026/03/31),2026-06-19 12:58,株式会社シーティーエス
18710,S100YEO8,有価証券報告書－第78期(2025/04/01－2026/03/31),2026-06-19 13:00,ピーエス・コンストラクション株式会社
85590,S100YF85,有価証券報告書－第108期(2025/04/01－2026/03/31),2026-06-19 13:00,株式会社豊和銀行
67630,S100YDZX,有価証券報告書－第104期(2025/04/01－2026/03/31),2026-06-19 13:00,帝国通信工業株式会社
94670,S100YET5,有価証券報告書－第26期(2025/04/01－2026/03/31),2026-06-19 13:01,株式会社アルファポリス
18330,S100Y95Z,有価証券報告書－第89期(2025/04/01－2026/03/31),2026-06-19 13:03,株式会社奥村組
93050,S100YEYD,有価証券報告書－第127期(2025/04/01－2026/03/31),2026-06-19 13:03,株式会社ヤマタネ
79810,S100YE7H,有価証券報告書－第152期(2025/04/01－2026/03/31),2026-06-19 13:06,タカラスタンダード株式会社
31530,S100YE8H,有価証券報告書－第82期(2025/04/01－2026/03/31),2026-06-19 13:07,八洲電機株式会社
97630,S100YEAG,有価証券報告書－第58期(2025/04/01－2026/03/31),2026-06-19 13:07,丸建リース株式会社
18200,S100YEDU,有価証券報告書－第89期(2025/04/01－2026/03/31),2026-06-19 13:07,西松建設株式会社
33710,S100YF8C,有価証券報告書－第59期(2025/04/01－2026/03/31),2026-06-19 13:08,株式会社ソフトクリエイトホールディングス
81740,S100YEGP,有価証券報告書－第72期(2025/04/01－2026/03/31),2026-06-19 13:10,日本瓦斯株式会社
39430,S100YE9U,有価証券報告書－第80期(2025/04/01－2026/03/31),2026-06-19 13:10,大石産業株式会社
24640,S100YE51,有価証券報告書－第28期(2025/04/01－2026/03/31),2026-06-19 13:12,株式会社ＡｏｂａーＢＢＴ
79190,S100YEXP,有価証券報告書－第86期(2025/04/01－2026/03/31),2026-06-19 13:13,野崎印刷紙業株式会社
85410,S100YENS,有価証券報告書－第122期(2025/04/01－2026/03/31),2026-06-19 13:18,株式会社　愛媛銀行
43680,S100YEIS,有価証券報告書－第69期(2025/04/01－2026/03/31),2026-06-19 13:20,扶桑化学工業株式会社
66220,S100YEET,有価証券報告書－第162期(2025/04/01－2026/03/31),2026-06-19 13:22,株式会社ダイヘン
84390,S100YDRI,有価証券報告書－第57期(2025/04/01－2026/03/31),2026-06-19 13:23,東京センチュリー株式会社
84110,S100YF8Y,有価証券報告書－第24期(2025/04/01－2026/03/31),2026-06-19 13:24,株式会社みずほフィナンシャルグループ
21090,S100YCZI,有価証券報告書－第102期(2025/04/01－2026/03/31),2026-06-19 13:24,ＤＭ三井製糖株式会社
63390,S100YE4V,有価証券報告書－第129期(2025/04/01－2026/03/31),2026-06-19 13:25,新東工業株式会社
81570,S100YE5P,有価証券報告書－第86期(2025/04/01－2026/03/31),2026-06-19 13:27,都築電気株式会社
82830,S100YDG4,有価証券報告書－第98期(2025/04/01－2026/03/31),2026-06-19 13:27,株式会社ＰＡＬＴＡＣ
80460,S100YF98,有価証券報告書－第78期(2025/04/01－2026/03/31),2026-06-19 13:27,丸藤シートパイル株式会社
55410,S100YDBT,有価証券報告書－第100期(2025/04/01－2026/03/31),2026-06-19 13:28,大平洋金属株式会社
67370,S100YEV1,有価証券報告書－第59期(2025/04/01－2026/03/31),2026-06-19 13:30,ＥＩＺＯ株式会社
84240,S100YFCA,訂正有価証券報告書－第56期(2024/04/01－2025/03/31),2026-06-19 14:10,芙蓉総合リース株式会社
82300,S100YDVL,有価証券報告書－第60期(2025/04/01－2026/03/31),2026-06-19 13:38,株式会社はせがわ
63150,S100YERT,有価証券報告書－第48期(2025/04/01－2026/03/31),2026-06-19 13:41,ＴＯＷＡ株式会社
98880,S100YDU2,有価証券報告書－第72期(2025/04/01－2026/03/31),2026-06-19 13:44,株式会社ＵＥＸ
63810,S100YF9W,有価証券報告書－第80期(2025/04/01－2026/03/31),2026-06-19 13:46,アネスト岩田株式会社
42720,S100YD4R,有価証券報告書－第169期(2025/04/01－2026/03/31),2026-06-19 13:55,日本化薬株式会社
28010,S100YE5V,有価証券報告書－第109期(2025/04/01－2026/03/31),2026-06-19 13:58,キッコーマン株式会社
97080,S100YF3V,有価証券報告書－第185期(2025/04/01－2026/03/31),2026-06-19 14:01,株式会社帝国ホテル
58440,S100YEHZ,有価証券報告書－第3期(2025/04/01－2026/03/31),2026-06-19 14:12,株式会社京都フィナンシャルグループ
27330,S100YEVF,有価証券報告書－第24期(2025/04/01－2026/03/31),2026-06-19 14:14,株式会社あらた
30660,S100YDLB,有価証券報告書－第45期(2025/04/01－2026/03/31),2026-06-19 14:18,株式会社ＪＢイレブン
79470,S100YDYF,有価証券報告書－第64期(2025/04/01－2026/03/31),2026-06-19 14:22,株式会社エフピコ
43180,S100YF5Z,有価証券報告書－第46期(2025/04/01－2026/03/31),2026-06-19 14:24,株式会社クイック
80650,S100YFE8,有価証券報告書－第103期(2025/04/01－2026/03/31),2026-06-19 14:32,佐藤商事株式会社
45260,S100YFDJ,有価証券報告書－第90期(2025/04/01－2026/03/31),2026-06-19 14:34,理研ビタミン株式会社
65650,S100YDVA,有価証券報告書－第12期(2025/04/01－2026/03/31),2026-06-19 14:36,ＡＢホテル株式会社
43100,S100YD1A,有価証券報告書－第26期(2025/04/01－2026/03/31),2026-06-19 14:36,株式会社ドリームインキュベータ
18850,S100YCGY,有価証券報告書－第136期(2025/04/01－2026/03/31),2026-06-19 14:40,東亜建設工業株式会社
17200,S100YFDZ,有価証券報告書－第23期(2025/04/01－2026/03/31),2026-06-19 14:46,東急建設株式会社
73500,S100YFFH,有価証券報告書－第5期(2025/04/01－2026/03/31),2026-06-19 14:47,株式会社おきなわフィナンシャルグループ
95350,S100YEHM,有価証券報告書－第172期(2025/04/01－2026/03/31),2026-06-19 14:53,広島ガス株式会社
80760,S100YAX9,有価証券報告書－第98期(2025/04/01－2026/03/31),2026-06-19 14:55,株式会社カノークス
93240,S100YEO5,有価証券報告書－第158期(2025/04/01－2026/03/31),2026-06-19 15:00,安田倉庫株式会社
87130,S100YEQ9,有価証券報告書－第17期(2025/04/01－2026/03/31),2026-06-19 15:00,フィデアホールディングス株式会社
45270,S100YE5N,有価証券報告書－第90期(2025/04/01－2026/03/31),2026-06-19 15:00,ロート製薬株式会社
64730,S100YEL3,有価証券報告書－第126期(2025/04/01－2026/03/31),2026-06-19 15:00,株式会社ジェイテクト
65040,S100YEEB,有価証券報告書－第150期(2025/04/01－2026/03/31),2026-06-19 15:00,富士電機株式会社
18930,S100YF3Y,有価証券報告書－第76期(2025/04/01－2026/03/31),2026-06-19 15:01,五洋建設株式会社
48860,S100YEAY,有価証券報告書－第5期(2025/04/01－2026/03/31),2026-06-19 15:02,あすか製薬ホールディングス株式会社
68480,S100YFF9,有価証券報告書－第82期(2025/04/01－2026/03/31),2026-06-19 15:03,東亜ディーケーケー株式会社
83160,S100YERK,有価証券報告書－第24期(2025/04/01－2026/03/31),2026-06-19 15:03,株式会社三井住友フィナンシャルグループ
36350,S100YEES,有価証券報告書－第17期(2025/04/01－2026/03/31),2026-06-19 15:07,株式会社コーエーテクモホールディングス
79140,S100YF86,有価証券報告書－第146期(2025/04/01－2026/03/31),2026-06-19 15:07,共同印刷株式会社
53840,S100YE62,有価証券報告書－第74期(2025/04/01－2026/03/31),2026-06-19 15:09,株式会社フジミインコーポレーテッド
59530,S100YE8F,有価証券報告書－第104期(2025/04/01－2026/03/31),2026-06-19 15:12,昭和鉄工株式会社
69630,S100YF41,有価証券報告書－第68期(2025/04/01－2026/03/31),2026-06-19 15:15,ローム株式会社
41250,S100YEHE,有価証券報告書－第57期(2025/04/01－2026/03/31),2026-06-19 15:15,三和油化工業株式会社
92470,S100YFHS,有価証券報告書－第5期(2025/04/01－2026/03/31),2026-06-19 15:18,ＴＲＥホールディングス株式会社
16620,S100YERU,有価証券報告書－第56期(2025/04/01－2026/03/31),2026-06-19 15:21,石油資源開発株式会社
19390,S100YCY4,有価証券報告書－第75期(2025/04/01－2026/03/31),2026-06-19 15:21,株式会社四電工
18980,S100YEPV,有価証券報告書－第77期(2025/04/01－2026/03/31),2026-06-19 15:25,世紀東急工業株式会社
38350,S100YEPQ,有価証券報告書－第25期(2025/04/01－2026/03/31),2026-06-19 15:27,ｅＢＡＳＥ株式会社
31370,S100YEF7,有価証券報告書－第26期(2025/04/01－2026/03/31),2026-06-19 15:30,株式会社ファンデリー
62400,S100YD4Z,有価証券報告書－第71期(2025/04/01－2026/03/31),2026-06-19 15:30,ヤマシンフィルタ株式会社
62870,S100YE10,有価証券報告書－第76期(2025/04/01－2026/03/31),2026-06-19 15:30,株式会社サトー
56310,S100Y7BQ,有価証券報告書－第100期(2025/04/01－2026/03/31),2026-06-19 15:30,株式会社日本製鋼所
74120,S100YDI1,有価証券報告書－第55期(2025/04/01－2026/03/31),2026-06-19 15:30,株式会社アトム
27050,S100YF7Y,有価証券報告書－第43期(2025/04/01－2026/03/31),2026-06-19 15:30,株式会社大戸屋ホールディングス
91420,S100Y6HR,有価証券報告書－第39期(2025/04/01－2026/03/31),2026-06-19 15:30,九州旅客鉄道株式会社
88480,S100YEPX,有価証券報告書－第53期(2025/04/01－2026/03/31),2026-06-19 15:30,株式会社レオパレス２１
21750,S100YF7X,有価証券報告書－第23期(2025/04/01－2026/03/31),2026-06-19 15:30,株式会社エス・エム・エス
94340,S100YE76,有価証券報告書－第40期(2025/04/01－2026/03/31),2026-06-19 15:30,ソフトバンク株式会社
14500,S100YEWF,有価証券報告書－第45期(2025/04/01－2026/03/31),2026-06-19 15:30,ＴＡＮＡＫＥＮ株式会社
21360,S100YEJ2,有価証券報告書－第31期(2025/04/01－2026/03/31),2026-06-19 15:30,株式会社ヒップ
173A0,S100YEGK,有価証券報告書－第32期(2025/04/01－2026/03/31),2026-06-19 15:30,株式会社ハンモック
60980,S100YDHL,有価証券報告書－第66期(2025/04/01－2026/03/31),2026-06-19 15:30,株式会社リクルートホールディングス
19630,S100YEFQ,有価証券報告書－第130期(2025/04/01－2026/03/31),2026-06-19 15:30,日揮ホールディングス株式会社
61350,S100YEQK,有価証券報告書－第87期(2025/04/01－2026/03/31),2026-06-19 15:30,株式会社　牧野フライス製作所
29930,S100YCXS,有価証券報告書－第38期(2025/04/01－2026/03/31),2026-06-19 15:31,株式会社長栄
94660,S100YEVM,有価証券報告書－第47期(2025/04/01－2026/03/31),2026-06-19 15:31,株式会社アイドママーケティングコミュニケーション
84250,S100YESP,有価証券報告書－第57期(2025/04/01－2026/03/31),2026-06-19 15:32,みずほリース株式会社
82750,S100YEZW,有価証券報告書－第46期(2025/04/01－2026/03/31),2026-06-19 15:32,株式会社フォーバル
22290,S100YEHI,有価証券報告書－第77期(2025/04/01－2026/03/31),2026-06-19 15:33,カルビー株式会社
61670,S100YEI1,有価証券報告書－第70期(2025/04/01－2026/03/31),2026-06-19 15:33,冨士ダイス株式会社
21560,S100YEAK,有価証券報告書－第75期(2025/04/01－2026/03/31),2026-06-19 15:33,セーラー広告株式会社
68070,S100YF73,有価証券報告書－第96期(2025/04/01－2026/03/31),2026-06-19 15:34,日本航空電子工業株式会社
71910,S100YECQ,有価証券報告書－第21期(2025/04/01－2026/03/31),2026-06-19 15:34,株式会社イントラスト
69710,S100YF47,有価証券報告書－第72期(2025/04/01－2026/03/31),2026-06-19 15:34,京セラ株式会社
31840,S100YCVD,有価証券報告書－第17期(2025/04/01－2026/03/31),2026-06-19 15:34,ＩＣＤＡホールディングス株式会社
22080,S100YEFS,有価証券報告書－第150期(2025/04/01－2026/03/31),2026-06-19 15:36,株式会社ブルボン
99130,S100YFGN,有価証券報告書－第75期(2025/04/01－2026/03/31),2026-06-19 15:36,日邦産業株式会社
65440,S100YEZ8,有価証券報告書－第32期(2025/04/01－2026/03/31),2026-06-19 15:39,ジャパンエレベーターサービスホールディングス株式会社
21210,S100YE1D,有価証券報告書－第27期(2025/04/01－2026/03/31),2026-06-19 15:39,株式会社ＭＩＸＩ
81030,S100YF48,有価証券報告書－第107期(2025/04/01－2026/03/31),2026-06-19 15:39,明和産業株式会社
90390,S100YFJQ,有価証券報告書－第49期(2025/04/01－2026/03/31),2026-06-19 15:39,株式会社サカイ引越センター
47920,S100YF7Q,有価証券報告書－第37期(2025/04/01－2026/03/31),2026-06-19 15:40,山田コンサルティンググループ株式会社
60890,S100YFJF,有価証券報告書－第20期(2025/04/01－2026/03/31),2026-06-19 15:42,株式会社ウィルグループ
62490,S100YFK9,有価証券報告書－第15期(2025/04/01－2026/03/31),2026-06-19 15:44,株式会社ゲームカードホールディングス
71890,S100YEOV,有価証券報告書－第10期(2025/04/01－2026/03/31),2026-06-19 15:51,株式会社西日本フィナンシャルホールディングス
48900,S100YFH9,有価証券報告書－第14期(2025/04/01－2026/03/31),2026-06-19 15:57,株式会社坪田ラボ
77270,S100YDYH,有価証券報告書－第104期(2025/04/01－2026/03/31),2026-06-19 15:57,株式会社オーバル
44610,S100YCSC,有価証券報告書－第162期(2025/04/01－2026/03/31),2026-06-19 16:00,第一工業製薬株式会社
33260,S100YFHT,有価証券報告書－第38期(2025/04/01－2026/03/31),2026-06-19 16:00,株式会社ランシステム
287A0,S100YFL2,有価証券報告書－第9期(2025/04/01－2026/03/31),2026-06-19 16:00,黒田グループ株式会社
48160,S100YEQC,有価証券報告書－第88期(2025/04/01－2026/03/31),2026-06-19 16:00,東映アニメーション株式会社
31210,S100YF2P,訂正有価証券報告書－第102期(2024/11/01－2025/10/31),2026-06-19 16:03,マーチャント・バンカーズ株式会社
53810,S100YFK2,有価証券報告書－第96期(2025/04/01－2026/03/31),2026-06-19 16:04,マイポックス株式会社
22200,S100YEEA,有価証券報告書－第69期(2025/04/01－2026/03/31),2026-06-19 16:06,亀田製菓株式会社
79420,S100YEL0,有価証券報告書－第68期(2025/04/01－2026/03/31),2026-06-19 16:09,株式会社ジェイエスピー
54110,S100YCUD,有価証券報告書－第24期(2025/04/01－2026/03/31),2026-06-19 16:10,ＪＦＥホールディングス株式会社
72660,S100YER6,有価証券報告書－第89期(2025/04/01－2026/03/31),2026-06-19 16:11,株式会社今仙電機製作所
71980,S100YFMO,有価証券報告書－第12期(2025/04/01－2026/03/31),2026-06-19 16:22,ＳＢＩアルヒ株式会社
83540,S100YFNB,有価証券報告書－第19期(2025/04/01－2026/03/31),2026-06-19 16:25,株式会社ふくおかフィナンシャルグループ
74420,S100YFRP,有価証券報告書－第80期(2025/04/01－2026/03/31),2026-06-19 17:10,中山福株式会社
66130,S100YF90,有価証券報告書－第20期(2025/04/01－2026/03/31),2026-06-19 16:28,株式会社ＱＤレーザ
24110,S100YEOU,有価証券報告書－第31期(2025/04/01－2026/03/31),2026-06-19 16:30,ゲンダイエージェンシー株式会社
46910,S100YF5I,有価証券報告書－第65期(2025/04/01－2026/03/31),2026-06-19 16:32,ワシントンホテル株式会社
50780,S100YEE9,訂正有価証券報告書－第35期(2025/03/01－2026/02/28),2026-06-19 16:35,株式会社セレコーポレーション
97150,S100YENI,有価証券報告書－第41期(2025/04/01－2026/03/31),2026-06-19 16:36,トランス・コスモス株式会社
85660,S100YF3N,有価証券報告書－第50期(2025/04/01－2026/03/31),2026-06-19 16:45,リコーリース株式会社
65030,S100YD3V,有価証券報告書－第155期(2025/04/01－2026/03/31),2026-06-19 16:47,三菱電機株式会社
43010,S100YBX4,有価証券報告書－第48期(2025/04/01－2026/03/31),2026-06-19 16:54,株式会社アミューズ
72080,S100YE6U,有価証券報告書－第43期(2025/04/01－2026/03/31),2026-06-19 17:00,株式会社カネミツ
36790,S100YERG,有価証券報告書－第20期(2025/04/01－2026/03/31),2026-06-19 17:06,株式会社じげん
98780,S100YFRE,有価証券報告書－第64期(2025/03/21－2026/03/20),2026-06-19 17:06,株式会社　セキド
71750,S100YCMX,有価証券報告書－第87期(2025/04/01－2026/03/31),2026-06-18 09:00,今村証券株式会社
81500,S100YCKF,有価証券報告書－第75期(2025/04/01－2026/03/31),2026-06-18 09:03,三信電気株式会社
94240,S100YBU3,有価証券報告書－第30期(2025/04/01－2026/03/31),2026-06-18 09:16,日本通信株式会社
99080,S100YDG7,有価証券報告書－第81期(2025/04/01－2026/03/31),2026-06-18 09:23,日本電計株式会社
94740,S100YD65,有価証券報告書－第66期(2025/04/01－2026/03/31),2026-06-18 09:30,株式会社ゼンリン
24750,S100YDOC,有価証券報告書－第41期(2025/04/01－2026/03/31),2026-06-18 09:32,ＷＤＢホールディングス株式会社
43810,S100YDPE,有価証券報告書－第20期(2025/04/01－2026/03/31),2026-06-18 09:36,ビープラッツ株式会社
91070,S100YC6B,有価証券報告書－第158期(2025/04/01－2026/03/31),2026-06-18 09:43,川崎汽船株式会社
38420,S100YD0G,有価証券報告書－第25期(2025/04/01－2026/03/31),2026-06-18 09:50,株式会社ネクストジェン
59490,S100YCON,有価証券報告書－第87期(2025/04/01－2026/03/31),2026-06-18 09:51,ユニプレス株式会社
99140,S100YDBK,有価証券報告書－第72期(2025/03/21－2026/03/20),2026-06-18 09:55,株式会社　植松商会
64900,S100YD79,有価証券報告書－第78期(2025/04/01－2026/03/31),2026-06-18 09:58,株式会社ＰＩＬＬＡＲ
83450,S100YD6A,有価証券報告書－第144期(2025/04/01－2026/03/31),2026-06-18 09:58,株式会社岩手銀行
74860,S100YDT8,有価証券報告書－第92期(2025/04/01－2026/03/31),2026-06-18 10:00,サンリン株式会社
80180,S100YBCW,有価証券報告書－第89期(2025/04/01－2026/03/31),2026-06-18 10:00,三共生興株式会社
90520,S100YD7X,有価証券報告書－第137期(2025/04/01－2026/03/31),2026-06-18 10:03,山陽電気鉄道株式会社
73220,S100YD2K,有価証券報告書－第8期(2025/04/01－2026/03/31),2026-06-18 10:07,株式会社三十三フィナンシャルグループ
31100,S100YDBM,有価証券報告書－第165期(2025/04/01－2026/03/31),2026-06-18 10:09,日東紡績株式会社
30240,S100YD0K,有価証券報告書－第78期(2025/04/01－2026/03/31),2026-06-18 10:10,クリエイト株式会社
99550,S100YDUS,有価証券報告書－第52期(2025/04/01－2026/03/31),2026-06-18 10:16,株式会社ヨンキュウ
77740,S100YDBW,有価証券報告書－第28期(2025/04/01－2026/03/31),2026-06-18 10:17,株式会社ジャパン・ティッシュエンジニアリング
64020,S100YD22,有価証券報告書－第55期(2025/04/01－2026/03/31),2026-06-18 10:18,兼松エンジニアリング株式会社
38000,S100YDKQ,有価証券報告書－第44期(2025/04/01－2026/03/31),2026-06-18 10:27,株式会社ユニリタ
85620,S100YCO6,有価証券報告書－第160期(2025/04/01－2026/03/31),2026-06-18 10:38,株式会社　福島銀行
94780,S100YD1K,有価証券報告書－第41期(2025/04/01－2026/03/31),2026-06-18 10:42,ＳＥホールディングス・アンド・インキュベーションズ株式会社
47330,S100YD49,有価証券報告書－第47期(2025/04/01－2026/03/31),2026-06-18 10:49,株式会社オービックビジネスコンサルタント
18470,S100YD9X,有価証券報告書－第100期(2025/04/01－2026/03/31),2026-06-18 10:53,株式会社イチケン
22090,S100YD52,訂正有価証券報告書－第89期(2025/04/01－2026/03/31),2026-06-18 11:17,井村屋グループ株式会社
36820,S100YD54,有価証券報告書－第24期(2025/04/01－2026/03/31),2026-06-18 11:17,エンカレッジ・テクノロジ株式会社
68940,S100YDWK,有価証券報告書－第57期(2025/04/01－2026/03/31),2026-06-18 11:27,パルステック工業株式会社
90450,S100YCVR,有価証券報告書－第104期(2025/04/01－2026/03/31),2026-06-18 11:30,京阪ホールディングス株式会社
86220,S100YDIT,有価証券報告書－第81期(2025/04/01－2026/03/31),2026-06-18 11:31,水戸証券株式会社
80580,S100YDK3,訂正有価証券報告書,2026-06-18 11:38,三菱商事株式会社
63010,S100YD25,有価証券報告書－第157期(2025/04/01－2026/03/31),2026-06-18 11:46,株式会社小松製作所
83870,S100YD3N,有価証券報告書－第212期(2025/04/01－2026/03/31),2026-06-18 11:51,株式会社四国銀行
22260,S100YDGW,有価証券報告書－第50期(2025/04/01－2026/03/31),2026-06-18 12:01,株式会社湖池屋
83920,S100YDA0,有価証券報告書－第220期(2025/04/01－2026/03/31),2026-06-18 12:02,株式会社大分銀行
73660,S100YDDX,有価証券報告書－第6期(2025/04/01－2026/03/31),2026-06-18 12:03,株式会社ＬＩＴＡＬＩＣＯ
21300,S100YDZP,有価証券報告書－第31期(2025/04/01－2026/03/31),2026-06-18 12:51,株式会社メンバーズ
42490,S100YE00,有価証券報告書－第111期(2025/04/01－2026/03/31),2026-06-18 12:58,森六株式会社
76870,S100YC1L,有価証券報告書－第14期(2025/04/01－2026/03/31),2026-06-18 13:00,株式会社ミクリード
71200,S100YE1C,有価証券報告書－第12期(2025/04/01－2026/03/31),2026-06-18 13:01,株式会社ＳＨＩＮＫＯ
17980,S100YDA3,有価証券報告書－第72期(2025/04/01－2026/03/31),2026-06-18 13:02,株式会社守谷商会
31730,S100YCYQ,有価証券報告書－第77期(2025/04/01－2026/03/31),2026-06-18 13:08,株式会社Ｃｏｍｉｎｉｘ
71830,S100YCZS,有価証券報告書－第24期(2025/04/01－2026/03/31),2026-06-18 13:08,あんしん保証株式会社
17620,S100YDDS,有価証券報告書－第61期(2025/04/01－2026/03/31),2026-06-18 13:12,株式会社髙松コンストラクショングループ
83440,S100YE2M,有価証券報告書－第214期(2025/04/01－2026/03/31),2026-06-18 13:13,株式会社山形銀行
71300,S100YE2O,有価証券報告書－第5期(2025/04/01－2026/03/31),2026-06-18 13:15,ヤマエグループホールディングス株式会社
57020,S100YCJD,有価証券報告書－第99期(2025/04/01－2026/03/31),2026-06-18 13:15,株式会社大紀アルミニウム工業所
93080,S100YD46,有価証券報告書－第106期(2025/04/01－2026/03/31),2026-06-18 13:21,乾汽船株式会社
94280,S100YDQV,有価証券報告書－第49期(2025/04/01－2026/03/31),2026-06-18 13:33,株式会社クロップス
34200,S100YDJU,有価証券報告書－第62期(2025/04/01－2026/03/31),2026-06-18 13:35,株式会社ケー・エフ・シー
42080,S100YD42,有価証券報告書－第120期(2025/04/01－2026/03/31),2026-06-18 13:38,ＵＢＥ株式会社
19690,S100YDOU,有価証券報告書－第146期(2025/04/01－2026/03/31),2026-06-18 13:38,高砂熱学工業株式会社
39690,S100YE46,有価証券報告書－第19期(2025/04/01－2026/03/31),2026-06-18 13:40,株式会社エイトレッド
83380,S100YDJN,有価証券報告書－第102期(2025/04/01－2026/03/31),2026-06-18 13:40,株式会社筑波銀行
19520,S100YDMT,有価証券報告書－第57期(2025/04/01－2026/03/31),2026-06-18 13:45,新日本空調株式会社
58050,S100YE42,有価証券報告書－第130期(2025/04/01－2026/03/31),2026-06-18 13:47,ＳＷＣＣ株式会社
18130,S100YDLY,有価証券報告書－第80期(2025/04/01－2026/03/31),2026-06-18 13:51,株式会社不動テトラ
41090,S100YDCE,有価証券報告書－第83期(2025/04/01－2026/03/31),2026-06-18 13:57,ステラケミファ株式会社
42460,S100YCYY,有価証券報告書－第19期(2025/04/01－2026/03/31),2026-06-18 14:00,ダイキョーニシカワ株式会社
34370,S100YD8G,有価証券報告書－第79期(2025/04/01－2026/03/31),2026-06-18 14:00,特殊電極株式会社
68340,S100YB9C,有価証券報告書－第54期(2025/04/01－2026/03/31),2026-06-18 14:10,株式会社　精工技研
38500,S100YBTF,有価証券報告書－第27期(2025/04/01－2026/03/31),2026-06-18 14:12,株式会社エヌ・ティ・ティ・データ・イントラマート
35530,S100YDOG,有価証券報告書－第128期(2025/04/01－2026/03/31),2026-06-18 14:19,共和レザー株式会社
46190,S100YDP5,有価証券報告書－第120期(2025/04/01－2026/03/31),2026-06-18 14:27,日本特殊塗料株式会社
62080,S100YDE9,有価証券報告書－第125期(2025/04/01－2026/03/31),2026-06-18 14:28,株式会社石川製作所
33520,S100YDDM,有価証券報告書－第44期(2025/04/01－2026/03/31),2026-06-18 14:45,株式会社バッファロー
57410,S100YCV0,有価証券報告書－第13期(2025/04/01－2026/03/31),2026-06-18 14:45,株式会社ＵＡＣＪ
98890,S100YE6B,有価証券報告書－第62期(2025/04/01－2026/03/31),2026-06-18 14:49,ＪＢＣＣホールディングス株式会社
35130,S100YE5G,有価証券報告書－第102期(2025/04/01－2026/03/31),2026-06-18 14:57,イチカワ株式会社
29030,S100YE21,有価証券報告書－第56期(2025/04/01－2026/03/31),2026-06-18 14:58,シノブフーズ株式会社
83360,S100YDFO,有価証券報告書－第103期(2025/04/01－2026/03/31),2026-06-18 15:00,株式会社武蔵野銀行
99500,S100YDJ0,有価証券報告書－第56期(2025/03/21－2026/03/20),2026-06-18 15:00,株式会社ハチバン
30200,S100YDKO,有価証券報告書－第44期(2025/04/01－2026/03/31),2026-06-18 15:00,アプライド株式会社
70590,S100YDFZ,有価証券報告書－第20期(2025/04/01－2026/03/31),2026-06-18 15:00,株式会社コプロ・ホールディングス
38780,S100YDU9,有価証券報告書－第167期(2025/04/01－2026/03/31),2026-06-18 15:02,株式会社巴川コーポレーション
34010,S100YCMK,有価証券報告書－第160期(2025/04/01－2026/03/31),2026-06-18 15:04,帝人株式会社
76000,S100YCSL,有価証券報告書－第54期(2025/04/01－2026/03/31),2026-06-18 15:04,株式会社　日本エム・ディ・エム
63820,S100YE9T,有価証券報告書－第92期(2025/04/01－2026/03/31),2026-06-18 15:05,トリニティ工業株式会社
45360,S100YDH1,有価証券報告書－第114期(2025/04/01－2026/03/31),2026-06-18 15:05,参天製薬株式会社
73840,S100YD0C,有価証券報告書－第4期(2025/04/01－2026/03/31),2026-06-18 15:11,株式会社プロクレアホールディングス
46650,S100YEAI,有価証券報告書－第64期(2025/04/01－2026/03/31),2026-06-18 15:13,株式会社ダスキン
63450,S100YBY2,有価証券報告書－第78期(2025/04/01－2026/03/31),2026-06-18 15:29,株式会社アイチコーポレーション
70470,S100YDYD,有価証券報告書－第15期(2025/04/01－2026/03/31),2026-06-18 15:30,ポート株式会社
67700,S100YB8V,有価証券報告書－第93期(2025/04/01－2026/03/31),2026-06-18 15:30,アルプスアルパイン株式会社
61780,S100YE7T,有価証券報告書－第21期(2025/04/01－2026/03/31),2026-06-18 15:30,日本郵政株式会社
72670,S100YDD9,有価証券報告書－第102期(2025/04/01－2026/03/31),2026-06-18 15:30,本田技研工業株式会社
71820,S100Y9G1,有価証券報告書－第20期(2025/04/01－2026/03/31),2026-06-18 15:30,株式会社ゆうちょ銀行
84180,S100YE1V,有価証券報告書－第20期(2025/04/01－2026/03/31),2026-06-18 15:30,株式会社山口フィナンシャルグループ
46740,S100YDHC,有価証券報告書－第38期(2025/04/01－2026/03/31),2026-06-18 15:30,株式会社クレスコ
71810,S100YD29,有価証券報告書－第20期(2025/04/01－2026/03/31),2026-06-18 15:30,株式会社かんぽ生命保険
74720,S100YC9S,有価証券報告書－第77期(2025/04/01－2026/03/31),2026-06-18 15:31,株式会社鳥羽洋行
68410,S100YE3H,有価証券報告書－第150期(2025/04/01－2026/03/31),2026-06-18 15:31,横河電機株式会社
23590,S100YE3S,有価証券報告書－第57期(2025/04/01－2026/03/31),2026-06-18 15:31,株式会社コア
45690,S100YDHG,有価証券報告書－第68期(2025/04/01－2026/03/31),2026-06-18 15:32,杏林製薬株式会社
77330,S100YDN3,有価証券報告書－第158期(2025/04/01－2026/03/31),2026-06-18 15:34,オリンパス株式会社
59880,S100YDNF,有価証券報告書－第110期(2025/04/01－2026/03/31),2026-06-18 15:34,株式会社パイオラックス
45480,S100YDGT,有価証券報告書－第80期(2025/04/01－2026/03/31),2026-06-18 15:35,生化学工業株式会社
67010,S100YBFV,有価証券報告書－第188期(2025/04/01－2026/03/31),2026-06-18 15:35,日本電気株式会社
67580,S100YE2C,有価証券報告書－第109期(2025/04/01－2026/03/31),2026-06-18 15:38,ソニーグループ株式会社
43370,S100YDQN,有価証券報告書－第53期(2025/04/01－2026/03/31),2026-06-18 15:39,ぴあ株式会社
71610,S100YDEF,有価証券報告書－第14期(2025/04/01－2026/03/31),2026-06-18 15:40,株式会社じもとホールディングス
99910,S100YD7I,有価証券報告書－第59期(2025/04/01－2026/03/31),2026-06-18 15:44,ジェコス株式会社
45120,S100YDBU,有価証券報告書－第131期(2025/04/01－2026/03/31),2026-06-18 15:48,わかもと製薬株式会社
23350,S100YCVG,有価証券報告書－第54期(2025/04/01－2026/03/31),2026-06-18 15:57,株式会社キューブシステム
18520,S100YD5O,有価証券報告書－第91期(2025/04/01－2026/03/31),2026-06-18 15:58,株式会社淺沼組
69460,S100YDXW,有価証券報告書－第76期(2025/04/01－2026/03/31),2026-06-18 15:59,日本アビオニクス株式会社
48330,S100YB3A,有価証券報告書－第39期(2025/04/01－2026/03/31),2026-06-18 16:00,株式会社Ｄｅｆ　ｃｏｎｓｕｌｔｉｎｇ
30880,S100YD1I,有価証券報告書－第19期(2025/04/01－2026/03/31),2026-06-18 16:00,株式会社マツキヨココカラ＆カンパニー
39080,S100YEB9,有価証券報告書－第25期(2025/04/01－2026/03/31),2026-06-18 16:00,株式会社コラボス
85220,S100YCZ0,有価証券報告書－第108期(2025/04/01－2026/03/31),2026-06-18 16:01,株式会社　名古屋銀行
93530,S100YDSZ,有価証券報告書－第84期(2025/04/01－2026/03/31),2026-06-18 16:01,櫻島埠頭株式会社
409A0,S100YE88,有価証券報告書－第69期(2025/04/01－2026/03/31),2026-06-18 16:04,オリオンビール株式会社
64130,S100YE4Y,有価証券報告書－第72期(2025/04/01－2026/03/31),2026-06-18 16:05,理想科学工業株式会社
48280,S100YD7D,有価証券報告書－第47期(2025/04/01－2026/03/31),2026-06-18 16:09,ビジネスエンジニアリング株式会社
72130,S100YCPI,有価証券報告書－第74期(2025/04/01－2026/03/31),2026-06-18 16:12,レシップホールディングス株式会社
72140,S100YE26,有価証券報告書－第64期(2025/04/01－2026/03/31),2026-06-18 16:17,ＧＭＢ株式会社
66520,S100YEDS,有価証券報告書－第79期(2025/04/01－2026/03/31),2026-06-18 16:21,ＩＤＥＣ株式会社
63660,S100YEDH,有価証券報告書－第98期(2025/04/01－2026/03/31),2026-06-18 16:24,千代田化工建設株式会社
18010,S100YDJC,訂正有価証券報告書－第166期(2025/04/01－2026/03/31),2026-06-18 16:30,大成建設株式会社
64630,S100YDSL,有価証券報告書－第93期(2025/04/01－2026/03/31),2026-06-18 16:40,ＴＰＲ株式会社
65390,S100YEG1,有価証券報告書－第36期(2025/04/01－2026/03/31),2026-06-18 16:41,株式会社ＭＳ－Ｊａｐａｎ
54060,S100YCDA,有価証券報告書－第173期(2025/04/01－2026/03/31),2026-06-18 16:45,株式会社　神戸製鋼所
48390,S100YDWH,有価証券報告書－第42期(2025/04/01－2026/03/31),2026-06-18 16:52,株式会社ＷＯＷＯＷ
72150,S100YEJ6,有価証券報告書－第22期(2025/04/01－2026/03/31),2026-06-18 16:52,株式会社ファルテック
90310,S100YAAB,有価証券報告書－第186期(2025/04/01－2026/03/31),2026-06-18 16:57,西日本鉄道株式会社
74660,S100YCR6,有価証券報告書－第155期(2025/04/01－2026/03/31),2026-06-18 17:07,ＳＰＫ株式会社
52080,S100YCDM,有価証券報告書－第78期(2025/04/01－2026/03/31),2026-06-17 09:00,株式会社有沢製作所
83660,S100YBKA,有価証券報告書－第139期(2025/04/01－2026/03/31),2026-06-17 09:00,株式会社滋賀銀行
37980,S100YCBQ,有価証券報告書－第26期(2025/04/01－2026/03/31),2026-06-17 09:00,ＵＬＳグループ株式会社
88180,S100YC9O,有価証券報告書－第103期(2025/04/01－2026/03/31),2026-06-17 09:02,京阪神ビルディング株式会社
90570,S100YBRY,有価証券報告書－第61期(2025/04/01－2026/03/31),2026-06-17 09:05,遠州トラック株式会社
83040,S100YCRO,有価証券報告書－第93期(2025/04/01－2026/03/31),2026-06-17 09:40,株式会社あおぞら銀行
48320,S100YCWP,有価証券報告書－第43期(2025/04/01－2026/03/31),2026-06-17 09:51,ＪＦＥシステムズ株式会社
15180,S100YBV8,有価証券報告書－第170期(2025/04/01－2026/03/31),2026-06-17 09:54,三井松島ホールディングス株式会社
17380,S100YC8S,有価証券報告書－第53期(2025/04/01－2026/03/31),2026-06-17 09:54,株式会社ニットー
23710,S100YBGN,有価証券報告書－第29期(2025/04/01－2026/03/31),2026-06-17 09:56,株式会社カカクコム
90410,S100YCLR,有価証券報告書－第115期(2025/04/01－2026/03/31),2026-06-17 09:59,近鉄グループホールディングス株式会社
59330,S100YCY5,有価証券報告書－第56期(2025/03/21－2026/03/20),2026-06-17 09:59,アルインコ株式会社
83090,S100YBGM,有価証券報告書－第15期(2025/04/01－2026/03/31),2026-06-17 10:05,三井住友トラストグループ株式会社
90420,S100YCBL,有価証券報告書－第188期(2025/04/01－2026/03/31),2026-06-17 10:07,阪急阪神ホールディングス株式会社
75520,S100YCH4,有価証券報告書－第58期(2025/04/01－2026/03/31),2026-06-17 10:20,株式会社ハピネット
24880,S100YD1Z,有価証券報告書－第39期(2025/04/01－2026/03/31),2026-06-17 10:43,ＪＴＰ株式会社
49290,S100YCJ4,有価証券報告書－第37期(2025/03/21－2026/03/20),2026-06-17 10:45,株式会社アジュバンホールディングス
75540,S100YCYB,有価証券報告書－第56期(2025/04/01－2026/03/31),2026-06-17 10:51,株式会社幸楽苑
59520,S100YCUS,有価証券報告書－第85期(2025/04/01－2026/03/31),2026-06-17 10:51,アマテイ株式会社
40610,S100YCU0,有価証券報告書－第167期(2025/04/01－2026/03/31),2026-06-17 11:01,デンカ株式会社
250A0,S100YCRS,有価証券報告書－第71期(2025/04/01－2026/03/31),2026-06-17 11:03,シマダヤ株式会社
67620,S100YD2Y,有価証券報告書－第130期(2025/04/01－2026/03/31),2026-06-17 11:15,ＴＤＫ株式会社
68990,S100YD3Z,有価証券報告書－第63期(2025/04/01－2026/03/31),2026-06-17 11:17,ＡＳＴＩ株式会社
59910,S100YD4O,有価証券報告書－第106期(2025/04/01－2026/03/31),2026-06-17 11:30,日本発條株式会社
90870,S100YD4T,有価証券報告書－第110期(2025/04/01－2026/03/31),2026-06-17 11:34,タカセ株式会社
74750,S100YD39,有価証券報告書－第59期(2025/04/01－2026/03/31),2026-06-17 11:42,アルビス株式会社
417A0,S100YC3L,有価証券報告書－第1期(2025/04/01－2026/03/31),2026-06-17 11:44,株式会社ブルーゾーンホールディングス
86010,S100YCMP,有価証券報告書－第89期(2025/04/01－2026/03/31),2026-06-17 11:49,株式会社大和証券グループ本社
88440,S100YCZ3,有価証券報告書－第57期(2025/04/01－2026/03/31),2026-06-17 11:55,株式会社コスモスイニシア
85950,S100YCOQ,有価証券報告書－第54期(2025/04/01－2026/03/31),2026-06-17 12:10,ジャフコ　グループ株式会社
72990,S100YCH0,有価証券報告書－第98期(2025/04/01－2026/03/31),2026-06-17 12:03,フジオーゼックス株式会社
56950,S100YCVX,有価証券報告書－第60期(2025/04/01－2026/03/31),2026-06-17 12:08,パウダーテック株式会社
78230,S100YCH9,有価証券報告書－第59期(2025/04/01－2026/03/31),2026-06-17 12:26,株式会社アートネイチャー
73370,S100YCZN,有価証券報告書－第6期(2025/04/01－2026/03/31),2026-06-17 12:31,株式会社ひろぎんホールディングス
85440,S100YBD2,有価証券報告書－第120期(2025/04/01－2026/03/31),2026-06-17 12:39,株式会社　京葉銀行
46440,S100YCJ1,有価証券報告書－第49期(2025/04/01－2026/03/31),2026-06-17 12:48,イマジニア株式会社
23420,S100YCRI,有価証券報告書－第28期(2025/04/01－2026/03/31),2026-06-17 12:56,株式会社トランスジェニックグループ
52040,S100YBU1,有価証券報告書－第91期(2025/03/21－2026/03/20),2026-06-17 13:00,石塚硝子株式会社
84100,S100YC1N,有価証券報告書－第25期(2025/04/01－2026/03/31),2026-06-17 13:00,株式会社セブン銀行
29370,S100YD6O,有価証券報告書－第44期(2025/04/01－2026/03/31),2026-06-17 13:03,株式会社サンクゼール
42020,S100YBO0,有価証券報告書－第160期(2025/04/01－2026/03/31),2026-06-17 13:04,株式会社ダイセル
38910,S100YD7L,有価証券報告書－第96期(2025/04/01－2026/03/31),2026-06-17 13:16,ニッポン高度紙工業株式会社
79060,S100YCTQ,有価証券報告書－第69期(2025/04/01－2026/03/31),2026-06-17 13:18,ヨネックス株式会社
59920,S100YBNR,有価証券報告書－第103期(2025/04/01－2026/03/31),2026-06-17 13:20,中央発條株式会社
19250,S100YAZ5,有価証券報告書－第87期(2025/04/01－2026/03/31),2026-06-17 13:23,大和ハウス工業株式会社
48750,S100YCTT,有価証券報告書,2026-06-17 13:36,メディシノバ・インク
30990,S100YD7C,有価証券報告書－第18期(2025/04/01－2026/03/31),2026-06-17 13:39,株式会社三越伊勢丹ホールディングス
90900,S100YCWN,有価証券報告書－第53期(2025/04/01－2026/03/31),2026-06-17 13:42,ＡＺ－ＣＯＭ丸和ホールディングス株式会社
93680,S100YCXZ,有価証券報告書－第55期(2025/04/01－2026/03/31),2026-06-17 13:43,キムラユニティー株式会社
79660,S100YBFC,有価証券報告書－第132期(2025/04/01－2026/03/31),2026-06-17 13:44,リンテック株式会社
77410,S100YD7J,訂正有価証券報告書－第88期(2025/04/01－2026/03/31),2026-06-17 13:51,ＨＯＹＡ株式会社
32320,S100YCX4,有価証券報告書－第20期(2025/04/01－2026/03/31),2026-06-17 13:56,三重交通グループホールディングス株式会社
79490,S100YAOG,有価証券報告書－第59期(2025/04/01－2026/03/31),2026-06-17 13:57,小松ウオール工業株式会社
43620,S100YCCG,有価証券報告書－第158期(2025/04/01－2026/03/31),2026-06-17 14:04,日本精化株式会社
86300,S100YC6Z,有価証券報告書－第16期(2025/04/01－2026/03/31),2026-06-17 14:16,ＳＯＭＰＯホールディングス株式会社
78710,S100YCP7,有価証券報告書－第92期(2025/04/01－2026/03/31),2026-06-17 14:20,フクビ化学工業株式会社
87370,S100YBUN,有価証券報告書－第76期(2025/04/01－2026/03/31),2026-06-17 14:29,株式会社あかつき本社
64720,S100Y8YZ,有価証券報告書－第127期(2025/04/01－2026/03/31),2026-06-17 14:30,ＮＴＮ株式会社
78370,S100YDAM,有価証券報告書－第41期(2025/04/01－2026/03/31),2026-06-17 14:34,株式会社アールシーコア
41140,S100YBP7,有価証券報告書－第114期(2025/04/01－2026/03/31),2026-06-17 14:39,株式会社日本触媒
72820,S100YC23,有価証券報告書－第103期(2025/04/01－2026/03/31),2026-06-17 14:47,豊田合成株式会社
49510,S100YD9M,有価証券報告書－第79期(2025/04/01－2026/03/31),2026-06-17 14:54,エステー株式会社
83580,S100YCW1,有価証券報告書－第215期(2025/04/01－2026/03/31),2026-06-17 15:00,スルガ銀行株式会社
13330,S100YCK1,有価証券報告書－第82期(2025/04/01－2026/03/31),2026-06-17 15:00,Ｕｍｉｏｓ株式会社
59380,S100YD5L,有価証券報告書－第84期(2025/04/01－2026/03/31),2026-06-17 15:00,株式会社ＬＩＸＩＬ
65160,S100YCEQ,有価証券報告書－第124期(2025/04/01－2026/03/31),2026-06-17 15:01,山洋電気株式会社
56320,S100YCQQ,有価証券報告書－第102期(2025/04/01－2026/03/31),2026-06-17 15:01,三菱製鋼株式会社
87290,S100YCL0,有価証券報告書－第22期(2025/04/01－2026/03/31),2026-06-17 15:01,ソニーフィナンシャルグループ株式会社
79400,S100YDAF,有価証券報告書－第63期(2025/04/01－2026/03/31),2026-06-17 15:05,ウェーブロックホールディングス株式会社
19790,S100YCPQ,有価証券報告書－第81期(2025/04/01－2026/03/31),2026-06-17 15:10,株式会社大気社
42160,S100YDDN,有価証券報告書－第105期(2025/04/01－2026/03/31),2026-06-17 15:26,旭有機材株式会社
24970,S100YD7V,有価証券報告書－第29期(2025/04/01－2026/03/31),2026-06-17 15:30,ユナイテッド株式会社
96820,S100YCT4,有価証券報告書－第54期(2025/04/01－2026/03/31),2026-06-17 15:33,株式会社ＤＴＳ
45020,S100YB5L,有価証券報告書－第149期(2025/04/01－2026/03/31),2026-06-17 15:34,武田薬品工業株式会社
22960,S100YCXD,有価証券報告書－第10期(2025/04/01－2026/03/31),2026-06-17 15:34,伊藤ハム米久ホールディングス株式会社
30360,S100YCV6,有価証券報告書－第45期(2025/04/01－2026/03/31),2026-06-17 15:38,アルコニックス株式会社
95190,S100YD7F,有価証券報告書－第27期(2025/04/01－2026/03/31),2026-06-17 15:39,株式会社レノバ
86000,S100YAZU,有価証券報告書－第16期(2025/04/01－2026/03/31),2026-06-17 15:40,トモニホールディングス株式会社
85850,S100YCKH,有価証券報告書－第66期(2025/04/01－2026/03/31),2026-06-17 15:54,株式会社オリエントコーポレーション
32840,S100YB28,有価証券報告書－第13期(2025/04/01－2026/03/31),2026-06-17 16:00,株式会社フージャースホールディングス
60130,S100YB3J,有価証券報告書－第122期(2025/04/01－2026/03/31),2026-06-17 16:00,株式会社タクマ
79170,S100YAZH,有価証券報告書－第96期(2025/04/01－2026/03/31),2026-06-17 16:00,ＺＡＣＲＯＳ株式会社
55760,S100YC6U,有価証券報告書－第54期(2025/04/01－2026/03/31),2026-06-17 16:00,株式会社オービーシステム
77750,S100YCII,有価証券報告書－第58期(2025/04/01－2026/03/31),2026-06-17 16:00,大研医器株式会社
94130,S100YCRR,有価証券報告書－第16期(2025/04/01－2026/03/31),2026-06-17 16:00,株式会社テレビ東京ホールディングス
69880,S100YCAR,有価証券報告書－第161期(2025/04/01－2026/03/31),2026-06-17 16:01,日東電工株式会社
50190,S100YCS3,有価証券報告書－第111期(2025/04/01－2026/03/31),2026-06-17 16:08,出光興産株式会社
72410,S100YCHA,有価証券報告書－第112期(2025/04/01－2026/03/31),2026-06-17 16:11,フタバ産業株式会社
73130,S100YCXB,有価証券報告書－第80期(2025/04/01－2026/03/31),2026-06-17 16:11,テイ・エス　テック株式会社
71860,S100YDH5,訂正有価証券報告書－第6期(2021/04/01－2022/03/31),2026-06-17 16:36,株式会社横浜フィナンシャルグループ
88710,S100YCU8,有価証券報告書－第35期(2025/04/01－2026/03/31),2026-06-17 16:17,株式会社ゴールドクレスト
28150,S100YDGM,有価証券報告書－第48期(2025/04/01－2026/03/31),2026-06-17 16:21,アリアケジャパン株式会社
98280,S100YCXM,有価証券報告書－第47期(2025/04/01－2026/03/31),2026-06-17 16:27,株式会社Ｇｅｎｋｉ　Ｇｌｏｂａｌ　Ｄｉｎｉｎｇ　Ｃｏｎｃｅｐｔｓ
49730,S100YD8M,有価証券報告書－第55期(2025/04/01－2026/03/31),2026-06-17 16:34,日本高純度化学株式会社
90200,S100YC7N,有価証券報告書－第39期(2025/04/01－2026/03/31),2026-06-17 17:07,東日本旅客鉄道株式会社
79310,S100YBKG,有価証券報告書－第61期(2025/03/21－2026/03/20),2026-06-16 09:01,未来工業株式会社
41200,S100YBHZ,有価証券報告書－第75期(2025/04/01－2026/03/31),2026-06-16 09:08,スガイ化学工業株式会社
83590,S100YAUN,有価証券報告書－第143期(2025/04/01－2026/03/31),2026-06-16 09:10,株式会社八十二長野銀行
58300,S100YBIB,有価証券報告書－第4期(2025/04/01－2026/03/31),2026-06-16 09:11,株式会社いよぎんホールディングス
62940,S100YBL0,有価証券報告書－第67期(2025/04/01－2026/03/31),2026-06-16 09:23,オカダアイヨン株式会社
86130,S100YC95,有価証券報告書－第106期(2025/04/01－2026/03/31),2026-06-16 09:27,丸三証券株式会社
49560,S100YC07,有価証券報告書－第101期(2025/04/01－2026/03/31),2026-06-16 10:00,コニシ株式会社
95510,S100YBSD,有価証券報告書－第53期(2025/04/01－2026/03/31),2026-06-16 10:00,メタウォーター株式会社
27600,S100YBV4,有価証券報告書－第41期(2025/04/01－2026/03/31),2026-06-16 10:15,東京エレクトロンデバイス株式会社
83810,S100YBU8,有価証券報告書－第123期(2025/04/01－2026/03/31),2026-06-16 10:22,株式会社山陰合同銀行
22700,S100YC5I,有価証券報告書－第17期(2025/04/01－2026/03/31),2026-06-16 11:00,雪印メグミルク株式会社
99020,S100YCBD,有価証券報告書－第75期(2025/04/01－2026/03/31),2026-06-16 10:51,株式会社日伝
91010,S100YBT6,有価証券報告書－第139期(2025/04/01－2026/03/31),2026-06-16 10:56,日本郵船株式会社
81300,S100YA8B,有価証券報告書－第74期(2025/04/01－2026/03/31),2026-06-16 13:05,株式会社サンゲツ
83640,S100YC9F,有価証券報告書－第151期(2025/04/01－2026/03/31),2026-06-16 11:52,株式会社清水銀行
26020,S100YB17,有価証券報告書－第154期(2025/04/01－2026/03/31),2026-06-16 12:00,日清オイリオグループ株式会社
46260,S100YBLG,有価証券報告書－第80期(2025/04/01－2026/03/31),2026-06-16 12:00,太陽ホールディングス株式会社
28760,S100YC0N,有価証券報告書－第62期(2025/04/01－2026/03/31),2026-06-16 12:23,株式会社デルソーレ
85720,S100YBXA,有価証券報告書－第49期(2025/04/01－2026/03/31),2026-06-16 12:55,アコム株式会社
61010,S100YBZA,有価証券報告書－第123期(2025/04/01－2026/03/31),2026-06-16 13:00,株式会社ツガミ
77520,S100YBFF,有価証券報告書－第126期(2025/04/01－2026/03/31),2026-06-16 13:03,株式会社リコー
94120,S100YBNS,有価証券報告書－第19期(2025/04/01－2026/03/31),2026-06-16 13:04,スカパーＪＳＡＴ株式会社
81330,S100YC4K,有価証券報告書－第66期(2025/04/01－2026/03/31),2026-06-16 13:04,伊藤忠エネクス株式会社
90210,S100YCFK,有価証券報告書－第39期(2025/04/01－2026/03/31),2026-06-16 13:05,西日本旅客鉄道株式会社
44710,S100YC0P,有価証券報告書－第102期(2025/04/01－2026/03/31),2026-06-16 13:22,三洋化成工業株式会社
20600,S100YC1Q,有価証券報告書－第12期(2025/04/01－2026/03/31),2026-06-16 13:29,フィード・ワン株式会社
96190,S100YCGP,有価証券報告書－第64期(2025/04/01－2026/03/31),2026-06-16 13:33,株式会社イチネンホールディングス
96400,S100YC54,有価証券報告書－第57期(2025/04/01－2026/03/31),2026-06-16 13:39,株式会社セゾンテクノロジー
87040,S100YCGC,有価証券報告書－第27期(2025/04/01－2026/03/31),2026-06-16 13:56,トレイダーズホールディングス株式会社
38260,S100YCIF,訂正有価証券報告書－第31期(2025/03/01－2026/02/28),2026-06-16 13:57,株式会社システムインテグレータ
99620,S100YB3N,有価証券報告書－第64期(2025/04/01－2026/03/31),2026-06-16 14:01,株式会社　ミスミグループ本社
63240,S100YBHC,有価証券報告書－第38期(2025/04/01－2026/03/31),2026-06-16 14:10,株式会社ハーモニック・ドライブ・システムズ
50760,S100YCIP,有価証券報告書－第5期(2025/04/01－2026/03/31),2026-06-16 14:10,インフロニア・ホールディングス株式会社
80070,S100YCID,有価証券報告書－第138期(2025/04/01－2026/03/31),2026-06-16 14:22,高島株式会社
83770,S100YBV5,有価証券報告書－第23期(2025/04/01－2026/03/31),2026-06-16 14:31,株式会社ほくほくフィナンシャルグループ
28710,S100YCCS,有価証券報告書－第108期(2025/04/01－2026/03/31),2026-06-16 14:47,株式会社ニチレイ
42990,S100YC5V,有価証券報告書－第50期(2025/04/01－2026/03/31),2026-06-16 14:54,株式会社ハイマックス
74770,S100YCAP,有価証券報告書－第68期(2025/04/01－2026/03/31),2026-06-16 15:02,ムラキ株式会社
38480,S100YBU2,有価証券報告書－第41期(2025/04/01－2026/03/31),2026-06-16 15:03,株式会社データ・アプリケーション
61460,S100YC6I,有価証券報告書－第87期(2025/04/01－2026/03/31),2026-06-16 15:08,株式会社ディスコ
45030,S100YBPK,有価証券報告書－第21期(2025/04/01－2026/03/31),2026-06-16 15:09,アステラス製薬株式会社
72110,S100YCMC,有価証券報告書,2026-06-16 15:12,三菱自動車工業株式会社
98570,S100YCFQ,有価証券報告書－第79期(2025/04/01－2026/03/31),2026-06-16 15:18,英和株式会社
93250,S100YCI4,有価証券報告書－第13期(2025/04/01－2026/03/31),2026-06-16 15:30,ファイズホールディングス株式会社
27670,S100YBQC,有価証券報告書－第38期(2025/04/01－2026/03/31),2026-06-16 15:30,円谷フィールズホールディングス株式会社
53320,S100YC72,有価証券報告書－第160期(2025/04/01－2026/03/31),2026-06-16 15:30,ＴＯＴＯ株式会社
92210,S100YBWO,有価証券報告書－第79期(2025/04/01－2026/03/31),2026-06-16 15:30,フルハシＥＰＯ株式会社
80140,S100YBIN,有価証券報告書－第79期(2025/04/01－2026/03/31),2026-06-16 15:31,蝶理株式会社
33930,S100YCNU,有価証券報告書－第31期(2025/04/01－2026/03/31),2026-06-16 15:35,スターティアホールディングス株式会社
94320,S100YCP3,有価証券報告書－第41期(2025/04/01－2026/03/31),2026-06-16 15:51,ＮＴＴ株式会社
80880,S100YBEM,有価証券報告書－第83期(2025/04/01－2026/03/31),2026-06-16 16:00,岩谷産業株式会社
303A0,S100YCOW,有価証券報告書－第7期(2025/04/01－2026/03/31),2026-06-16 16:00,株式会社ｖｉｓｕｍｏ
60730,S100Y9ZW,有価証券報告書－第53期(2025/04/01－2026/03/31),2026-06-16 16:00,株式会社アサンテ
62310,S100YCHD,有価証券報告書－第79期(2025/04/01－2026/03/31),2026-06-16 16:00,木村工機株式会社
79950,S100YC38,有価証券報告書－第126期(2025/04/01－2026/03/31),2026-06-16 16:00,株式会社バルカー
58920,S100YC75,有価証券報告書－第8期(2025/04/01－2026/03/31),2026-06-16 16:00,株式会社ｙｕｔｏｒｉ
34840,S100YCOY,有価証券報告書－第20期(2025/04/01－2026/03/31),2026-06-16 16:01,株式会社イノベーションホールディングス
78320,S100YBXE,有価証券報告書－第21期(2025/04/01－2026/03/31),2026-06-16 16:06,株式会社バンダイナムコホールディングス
96970,S100YCGO,有価証券報告書－第47期(2025/04/01－2026/03/31),2026-06-16 16:16,株式会社カプコン
70570,S100YCPU,有価証券報告書－第31期(2025/04/01－2026/03/31),2026-06-16 16:28,株式会社エヌ・シー・エヌ
90370,S100YBXW,有価証券報告書－第55期(2025/04/01－2026/03/31),2026-06-16 16:28,株式会社ハマキョウレックス
64450,S100YCOS,有価証券報告書－第100期(2025/04/01－2026/03/31),2026-06-16 16:30,株式会社ジャノメ
71570,S100YC7R,有価証券報告書－第20期(2025/04/01－2026/03/31),2026-06-16 16:36,ライフネット生命保険株式会社
87500,S100YC7A,有価証券報告書－第124期(2025/04/01－2026/03/31),2026-06-16 16:38,株式会社第一ライフグループ
67300,S100YC4Y,有価証券報告書－第31期(2025/04/01－2026/03/31),2026-06-16 16:56,株式会社アクセル
47650,S100YCOR,有価証券報告書－第29期(2025/04/01－2026/03/31),2026-06-16 17:00,ＳＢＩグローバルアセットマネジメント株式会社
40820,S100Y9OW,有価証券報告書－第70期(2025/04/01－2026/03/31),2026-06-15 09:09,第一稀元素化学工業株式会社
53670,S100Y9NY,有価証券報告書－第156期(2025/04/01－2026/03/31),2026-06-15 09:13,株式会社ニッカトー
88600,S100YB7Y,有価証券報告書－第53期(2025/04/01－2026/03/31),2026-06-15 09:21,フジ住宅株式会社
87140,S100YAWY,有価証券報告書－第17期(2025/04/01－2026/03/31),2026-06-15 09:46,株式会社池田泉州ホールディングス
80980,S100YB2W,有価証券報告書－第165期(2025/04/01－2026/03/31),2026-06-15 10:00,稲畑産業株式会社
99320,S100YBJ3,有価証券報告書－第101期(2025/04/01－2026/03/31),2026-06-15 10:02,杉本商事株式会社
19640,S100YBFQ,有価証券報告書－第84期(2025/04/01－2026/03/31),2026-06-15 10:05,中外炉工業株式会社
45440,S100YB46,有価証券報告書－第76期(2025/04/01－2026/03/31),2026-06-15 10:09,Ｈ．Ｕ．グループホールディングス株式会社
85240,S100YBAP,有価証券報告書－第170期(2025/04/01－2026/03/31),2026-06-15 10:30,株式会社北洋銀行
90440,S100YBA0,有価証券報告書－第109期(2025/04/01－2026/03/31),2026-06-15 10:49,株式会社ＮＡＮＫＡＩ
43070,S100YBM8,有価証券報告書－第61期(2025/04/01－2026/03/31),2026-06-15 11:14,株式会社野村総合研究所
49330,S100YBL7,訂正有価証券報告書－第19期(2025/01/01－2025/12/31),2026-06-15 11:28,株式会社Ｉ－ｎｅ
44010,S100YBCU,有価証券報告書－第164期(2025/04/01－2026/03/31),2026-06-15 11:34,株式会社ＡＤＥＫＡ
83460,S100Y9W6,有価証券報告書－第123期(2025/04/01－2026/03/31),2026-06-15 11:49,株式会社東邦銀行
45390,S100YBOB,有価証券報告書－第94期(2025/04/01－2026/03/31),2026-06-15 11:58,日本ケミファ株式会社
83600,S100YAZE,有価証券報告書－第123期(2025/04/01－2026/03/31),2026-06-15 12:40,株式会社　山梨中央銀行
96630,S100YBEF,有価証券報告書－第62期(2025/04/01－2026/03/31),2026-06-15 13:00,株式会社ナガワ
83410,S100YAM0,有価証券報告書－第142期(2025/04/01－2026/03/31),2026-06-15 13:23,株式会社七十七銀行
58320,S100YB0D,有価証券報告書－第4期(2025/04/01－2026/03/31),2026-06-15 13:25,株式会社ちゅうぎんフィナンシャルグループ
59300,S100YBKB,有価証券報告書－第80期(2025/04/01－2026/03/31),2026-06-15 13:30,文化シヤッター株式会社
28830,S100YBPW,有価証券報告書－第55期(2025/04/01－2026/03/31),2026-06-15 13:34,株式会社大冷
83430,S100YATN,有価証券報告書－第123期(2025/04/01－2026/03/31),2026-06-15 13:37,株式会社秋田銀行
67410,S100YAO1,有価証券報告書－第143期(2025/04/01－2026/03/31),2026-06-15 14:03,日本信号株式会社
19670,S100YBIH,有価証券報告書－第81期(2025/03/21－2026/03/20),2026-06-15 14:05,株式会社ヤマト
97260,S100Y9UU,有価証券報告書－第89期(2025/04/01－2026/03/31),2026-06-15 14:06,ＫＮＴ－ＣＴホールディングス株式会社
83860,S100YA4U,有価証券報告書－第157期(2025/04/01－2026/03/31),2026-06-15 14:15,株式会社百十四銀行
80510,S100YBDH,有価証券報告書－第80期(2025/04/01－2026/03/31),2026-06-15 14:19,株式会社山善
23270,S100YAEV,有価証券報告書－第46期(2025/04/01－2026/03/31),2026-06-15 14:23,日鉄ソリューションズ株式会社
90100,S100YBGE,有価証券報告書－第125期(2025/04/01－2026/03/31),2026-06-15 14:50,富士急行株式会社
72780,S100YBAF,有価証券報告書－第76期(2025/04/01－2026/03/31),2026-06-15 14:52,株式会社エクセディ
68610,S100YAHE,有価証券報告書－第57期(2025/03/21－2026/03/20),2026-06-15 15:00,株式会社キーエンス
18500,S100Y9NL,有価証券報告書－第83期(2025/04/01－2026/03/31),2026-06-15 15:03,南海辰村建設株式会社
58570,S100YBFP,有価証券報告書－第17期(2025/04/01－2026/03/31),2026-06-15 15:54,ＡＲＥホールディングス株式会社
71730,S100YBHI,有価証券報告書－第12期(2025/04/01－2026/03/31),2026-06-15 16:00,株式会社東京きらぼしフィナンシャルグループ
37780,S100YBG6,有価証券報告書－第27期(2025/04/01－2026/03/31),2026-06-15 16:02,さくらインターネット株式会社
65900,S100YAST,有価証券報告書－第117期(2025/04/01－2026/03/31),2026-06-15 16:11,芝浦メカトロニクス株式会社
40910,S100YB9P,有価証券報告書－第22期(2025/04/01－2026/03/31),2026-06-15 16:49,日本酸素ホールディングス株式会社
27530,S100Y9U0,有価証券報告書－第31期(2025/04/01－2026/03/31),2026-06-12 09:03,株式会社　あみやき亭
78570,S100YA1Y,有価証券報告書－第77期(2025/04/01－2026/03/31),2026-06-12 09:03,セキ株式会社
58310,S100Y9RT,有価証券報告書－第4期(2025/04/01－2026/03/31),2026-06-12 09:13,株式会社しずおかフィナンシャルグループ
90640,S100YAYL,有価証券報告書－第161期(2025/04/01－2026/03/31),2026-06-12 09:17,ヤマトホールディングス株式会社
45230,S100YB05,有価証券報告書－第114期(2025/04/01－2026/03/31),2026-06-12 09:48,エーザイ株式会社
90460,S100YAZT,有価証券報告書－第151期(2025/04/01－2026/03/31),2026-06-12 10:03,神戸電鉄株式会社
53440,S100YB11,有価証券報告書－第53期(2025/04/01－2026/03/31),2026-06-12 10:09,株式会社ＭＡＲＵＷＡ
73810,S100YAOX,有価証券報告書－第5期(2025/04/01－2026/03/31),2026-06-12 10:36,株式会社ＣＣＩグループ
86240,S100YANQ,有価証券報告書－第84期(2025/04/01－2026/03/31),2026-06-12 10:53,いちよし証券株式会社
49970,S100YATP,有価証券報告書－第127期(2025/04/01－2026/03/31),2026-06-12 11:17,日本農薬株式会社
92450,S100YB2Z,訂正有価証券報告書－第17期(2025/01/01－2025/12/31),2026-06-12 11:59,株式会社リベロ
38410,S100YAUW,有価証券報告書－第24期(2025/04/01－2026/03/31),2026-06-12 12:22,株式会社ジーダット
83340,S100Y8O1,有価証券報告書－第141期(2025/04/01－2026/03/31),2026-06-12 12:26,株式会社　群馬銀行
80010,S100YA6H,有価証券報告書－第102期(2025/04/01－2026/03/31),2026-06-12 12:35,伊藤忠商事株式会社
60350,S100YATA,有価証券報告書－第12期(2025/04/01－2026/03/31),2026-06-12 13:14,株式会社アイ・アールジャパンホールディングス
28020,S100Y992,有価証券報告書－第148期(2025/04/01－2026/03/31),2026-06-12 13:17,味の素株式会社
97090,S100YAMN,有価証券報告書－第60期(2025/04/01－2026/03/31),2026-06-12 13:24,ＮＣＳ＆Ａ株式会社
79710,S100YB1Q,有価証券報告書－第162期(2025/04/01－2026/03/31),2026-06-12 13:30,東リ株式会社
73270,S100YAX4,有価証券報告書－第8期(2025/04/01－2026/03/31),2026-06-12 13:37,株式会社第四北越フィナンシャルグループ
80530,S100YARD,有価証券報告書－第158期(2025/04/01－2026/03/31),2026-06-12 14:00,住友商事株式会社
83880,S100YAMP,有価証券報告書－第214期(2025/04/01－2026/03/31),2026-06-12 14:01,株式会社阿波銀行
72590,S100YAWO,有価証券報告書－第103期(2025/04/01－2026/03/31),2026-06-12 14:02,株式会社アイシン
80310,S100YAVT,有価証券報告書－第107期(2025/04/01－2026/03/31),2026-06-12 14:07,三井物産株式会社
71670,S100YAVM,有価証券報告書－第10期(2025/04/01－2026/03/31),2026-06-12 14:07,株式会社めぶきフィナンシャルグループ
87050,S100YB7U,有価証券報告書－第21期(2025/04/01－2026/03/31),2026-06-12 14:11,日産証券グループ株式会社
49020,S100YB93,有価証券報告書－第122期(2025/04/01－2026/03/31),2026-06-12 14:42,コニカミノルタ株式会社
71640,S100YAIZ,有価証券報告書－第46期(2025/04/01－2026/03/31),2026-06-12 14:58,全国保証株式会社
80020,S100YAY4,有価証券報告書－第102期(2025/04/01－2026/03/31),2026-06-12 15:30,丸紅株式会社
43900,S100YBB2,有価証券報告書－第35期(2025/04/01－2026/03/31),2026-06-12 15:37,株式会社アイ・ピー・エス
42620,S100YB8F,有価証券報告書－第9期(2025/04/01－2026/03/31),2026-06-12 15:49,ニフティライフスタイル株式会社
42040,S100YBAY,有価証券報告書－第104期(2025/04/01－2026/03/31),2026-06-12 15:50,積水化学工業株式会社
47430,S100YAUM,有価証券報告書－第67期(2025/04/01－2026/03/31),2026-06-12 15:53,株式会社アイティフォー
74190,S100YAOT,有価証券報告書－第64期(2025/04/01－2026/03/31),2026-06-12 16:15,株式会社ノジマ
81310,S100YAZQ,有価証券報告書－第117期(2025/04/01－2026/03/31),2026-06-12 16:49,株式会社ミツウロコグループホールディングス
33500,S100YB0L,訂正有価証券報告書－第27期(2025/01/01－2025/12/31),2026-06-12 17:00,株式会社メタプラネット
73800,S100YA7J,有価証券報告書－第5期(2025/04/01－2026/03/31),2026-06-11 09:25,株式会社十六フィナンシャルグループ
90400,S100YADW,有価証券報告書－第75期(2025/03/21－2026/03/20),2026-06-11 09:46,大宝運輸株式会社
72830,S100Y9N3,有価証券報告書－第124期(2025/04/01－2026/03/31),2026-06-11 10:03,愛三工業株式会社
86970,S100YA84,有価証券報告書－第25期(2025/04/01－2026/03/31),2026-06-11 10:43,株式会社日本取引所グループ
296A0,S100YAIC,有価証券報告書－第22期(2025/04/01－2026/03/31),2026-06-11 11:30,令和アカウンティング・ホールディングス株式会社
82850,S100YAL6,有価証券報告書－第101期(2025/04/01－2026/03/31),2026-06-11 13:11,三谷産業株式会社
59060,S100YA6U,有価証券報告書－第70期(2025/03/21－2026/03/20),2026-06-11 14:00,エムケー精工株式会社
43730,S100YARY,有価証券報告書－第10期(2025/04/01－2026/03/31),2026-06-11 15:30,シンプレクス・ホールディングス株式会社
18350,S100YA1U,有価証券報告書－第83期(2025/04/01－2026/03/31),2026-06-11 15:30,東鉄工業株式会社
69020,S100Y9T1,有価証券報告書－第103期(2025/04/01－2026/03/31),2026-06-11 15:36,株式会社デンソー
76080,S100YA1Z,訂正有価証券報告書－第37期(2025/03/01－2026/02/28),2026-06-10 10:35,株式会社エスケイジャパン
42200,S100Y9PN,有価証券報告書－第97期(2025/04/01－2026/03/31),2026-06-10 14:00,リケンテクノス株式会社
26640,S100Y9UW,有価証券報告書－第59期(2025/03/16－2026/03/15),2026-06-10 15:00,株式会社カワチ薬品
91430,S100Y9P7,有価証券報告書－第20期(2025/04/01－2026/03/31),2026-06-10 15:22,ＳＧホールディングス株式会社
72030,S100Y8NY,有価証券報告書－第122期(2025/04/01－2026/03/31),2026-06-10 15:33,トヨタ自動車株式会社
81900,S100Y9HQ,有価証券報告書－第69期(2025/03/21－2026/03/20),2026-06-09 09:37,株式会社ヤマナカ
31160,S100Y9AH,有価証券報告書－第101期(2025/04/01－2026/03/31),2026-06-09 10:09,トヨタ紡織株式会社
27680,S100Y9EI,有価証券報告書－第23期(2025/04/01－2026/03/31),2026-06-09 11:31,双日株式会社
69950,S100Y9M2,有価証券報告書－第79期(2025/04/01－2026/03/31),2026-06-09 12:55,株式会社東海理化電機製作所
59900,S100Y9PU,有価証券報告書－第66期(2025/03/16－2026/03/15),2026-06-09 13:19,株式会社スーパーツール
94360,S100Y9T5,有価証券報告書－第35期(2025/04/01－2026/03/31),2026-06-09 15:37,沖縄セルラー電話株式会社
91270,S100Y90D,有価証券報告書－第117期(2025/04/01－2026/03/31),2026-06-08 14:15,玉井商船株式会社
30920,S100Y951,有価証券報告書－第28期(2025/04/01－2026/03/31),2026-06-08 15:34,株式会社ＺＯＺＯ
72360,S100Y8UO,有価証券報告書－第124期(2025/04/01－2026/03/31),2026-06-05 09:03,株式会社ティラド
80610,S100Y935,有価証券報告書－第103期(2025/04/01－2026/03/31),2026-06-05 14:13,西華産業株式会社
90290,S100Y848,有価証券報告書－第104期(2025/04/01－2026/03/31),2026-06-05 15:30,株式会社ヒガシホールディングス
65480,S100Y964,訂正有価証券報告書－第31期(2024/07/01－2025/06/30),2026-06-05 15:58,株式会社旅工房
30830,S100Y8QM,訂正有価証券報告書－第36期(2024/03/01－2025/02/28),2026-06-04 15:08,スターシーズ株式会社
47770,S100Y86A,訂正有価証券報告書－第33期(2025/01/01－2025/12/31),2026-06-02 16:00,株式会社ガーラ
82370,S100Y7R7,訂正有価証券報告書－第157期(2025/03/01－2026/02/28),2026-06-01 15:00,株式会社松屋
39970,S100Y7VX,訂正有価証券報告書－第28期(2025/01/01－2025/12/31),2026-06-01 15:48,株式会社トレードワークス
60580,S100Y7XO,訂正有価証券報告書－第34期(2025/03/01－2026/02/28),2026-06-01 16:03,株式会社ベクトル
30630,S100Y7CP,有価証券報告書－第25期(2025/03/01－2026/02/28),2026-05-29 09:00,株式会社ジェイグループホールディングス
27890,S100Y72L,有価証券報告書－第54期(2025/03/01－2026/02/28),2026-05-29 09:48,株式会社カルラ
33840,S100Y6PS,有価証券報告書－第23期(2025/03/01－2026/02/28),2026-05-29 10:18,株式会社アークコア
43170,S100Y7H8,有価証券報告書－第45期(2025/03/01－2026/02/28),2026-05-29 10:29,株式会社レイ
73570,S100Y7GV,有価証券報告書－第22期(2025/03/01－2026/02/28),2026-05-29 10:34,株式会社ジオコード
49200,S100Y7HD,有価証券報告書－第69期(2025/03/01－2026/02/28),2026-05-29 10:36,株式会社日本色材工業研究所
31770,S100Y7HH,有価証券報告書－第27期(2025/03/01－2026/02/28),2026-05-29 10:37,株式会社ありがとうサービス
47090,S100Y7D7,有価証券報告書－第58期(2025/04/01－2026/03/31),2026-05-29 10:47,株式会社ＩＤホールディングス
82470,S100Y7D9,有価証券報告書－第110期(2025/03/01－2026/02/28),2026-05-29 10:52,株式会社大和
76890,S100Y7HW,有価証券報告書－第28期(2025/03/01－2026/02/28),2026-05-29 11:13,株式会社コパ・コーポレーション
75160,S100Y7KL,有価証券報告書－第49期(2025/03/01－2026/02/28),2026-05-29 13:07,コーナン商事株式会社
59000,S100Y6RH,有価証券報告書－第78期(2025/03/01－2026/02/28),2026-05-29 13:18,株式会社ダイケン
77900,S100Y7FJ,訂正有価証券報告書－第35期(2025/01/01－2025/12/31),2026-05-29 14:14,株式会社バルコス
81430,S100Y7LR,有価証券報告書－第78期(2025/03/01－2026/02/28),2026-05-29 14:15,株式会社ラピーヌ
77190,S100Y7MQ,有価証券報告書－第120期(2025/03/01－2026/02/28),2026-05-29 15:32,株式会社東京衡機
76100,S100Y7L3,有価証券報告書－第36期(2025/03/01－2026/02/28),2026-05-29 15:49,株式会社テイツー
44900,S100Y7OP,有価証券報告書－第14期(2025/03/01－2026/02/28),2026-05-29 15:57,株式会社ビザスク
87390,S100Y7MV,有価証券報告書－第37期(2025/04/01－2026/03/31),2026-05-29 16:02,スパークス・グループ株式会社
93260,S100Y7I7,有価証券報告書－第40期(2025/03/01－2026/02/28),2026-05-29 16:11,関通ホールディングス株式会社
34790,S100Y7OL,有価証券報告書－第21期(2025/03/01－2026/02/28),2026-05-29 16:32,株式会社ティーケーピー
35570,S100Y7EJ,有価証券報告書－第26期(2025/03/01－2026/02/28),2026-05-29 16:47,ユナイテッド＆コレクティブ株式会社
80050,S100Y6S7,有価証券報告書－第85期(2025/04/01－2026/03/31),2026-05-28 09:03,株式会社スクロール
76300,S100Y73F,有価証券報告書－第44期(2025/03/01－2026/02/28),2026-05-28 09:47,株式会社壱番屋
30300,S100Y764,有価証券報告書－第28期(2025/03/01－2026/02/28),2026-05-28 11:16,株式会社ハブ
89180,S100Y721,有価証券報告書－第30期(2025/03/01－2026/02/28),2026-05-28 12:09,株式会社ランド
80110,S100Y77K,有価証券報告書－第83期(2025/03/01－2026/02/28),2026-05-28 13:31,株式会社三陽商会
28840,S100Y77U,有価証券報告書－第18期(2025/03/01－2026/02/28),2026-05-28 13:43,株式会社ヨシムラ・フード・ホールディングス
36780,S100Y71R,有価証券報告書－第27期(2025/03/01－2026/02/28),2026-05-28 15:10,株式会社メディアドゥ
23380,S100Y6YJ,有価証券報告書－第27期(2025/03/01－2026/02/28),2026-05-28 15:30,クオンタムソリューションズ株式会社
29360,S100Y7A4,有価証券報告書－第10期(2025/03/01－2026/02/28),2026-05-28 15:30,ベースフード株式会社
32230,S100Y6RF,有価証券報告書－第23期(2025/03/01－2026/02/28),2026-05-28 15:30,株式会社エスエルディー
78070,S100Y797,有価証券報告書－第39期(2025/03/01－2026/02/28),2026-05-28 15:31,株式会社幸和製作所
30750,S100Y6WM,有価証券報告書－第49期(2025/03/01－2026/02/28),2026-05-28 15:31,株式会社銚子丸
36270,S100Y74O,有価証券報告書－第22期(2025/03/01－2026/02/28),2026-05-28 15:31,テクミラホールディングス株式会社
35480,S100Y6V9,有価証券報告書－第27期(2025/03/01－2026/02/28),2026-05-28 15:32,株式会社バロックジャパンリミテッド
91680,S100Y6K8,有価証券報告書－第6期(2025/03/01－2026/02/28),2026-05-28 15:33,株式会社ライズ・コンサルティング・グループ
64320,S100Y78J,有価証券報告書－第64期(2025/03/01－2026/02/28),2026-05-28 15:34,株式会社竹内製作所
65780,S100Y78X,有価証券報告書－第16期(2025/03/01－2026/02/28),2026-05-28 15:50,株式会社コレックホールディングス
78470,S100Y66O,有価証券報告書－第37期(2025/03/01－2026/02/28),2026-05-28 16:07,株式会社グラファイトデザイン
39960,S100Y6B0,有価証券報告書－第19期(2025/03/01－2026/02/28),2026-05-28 16:07,サインポスト株式会社
82890,S100Y77X,有価証券報告書－第54期(2025/03/01－2026/02/28),2026-05-28 16:10,株式会社Ｏｌｙｍｐｉｃグループ
32600,S100Y78C,有価証券報告書－第54期(2025/03/01－2026/02/28),2026-05-28 16:26,株式会社エスポア
97930,S100Y63V,有価証券報告書－第68期(2025/03/01－2026/02/28),2026-05-27 09:00,株式会社ダイセキ
23050,S100Y6JW,有価証券報告書－第52期(2025/03/01－2026/02/28),2026-05-27 09:14,株式会社スタジオアリス
135A0,S100Y2CG,有価証券報告書－第6期(2025/03/01－2026/02/28),2026-05-27 09:24,株式会社ＶＲＡＩＮ　Ｓｏｌｕｔｉｏｎ
75150,S100Y5AV,有価証券報告書－第66期(2025/03/01－2026/02/28),2026-05-27 09:28,株式会社マルヨシセンター
29350,S100Y62P,有価証券報告書－第4期(2025/03/01－2026/02/28),2026-05-27 09:32,株式会社ピックルスホールディングス
98350,S100Y6C2,有価証券報告書－第65期(2025/03/01－2026/02/28),2026-05-27 09:36,株式会社ジュンテンドー
30500,S100Y6MK,有価証券報告書－第20期(2025/03/01－2026/02/28),2026-05-27 09:39,ＤＣＭホールディングス株式会社
75440,S100Y68I,有価証券報告書－第45期(2025/03/01－2026/02/28),2026-05-27 11:15,株式会社スリーエフ
82000,S100Y5IT,有価証券報告書－第62期(2025/03/01－2026/02/28),2026-05-27 11:38,株式会社リンガーハット
46450,S100Y6LI,有価証券報告書－第52期(2025/03/01－2026/02/28),2026-05-27 12:00,株式会社市進ホールディングス
29180,S100Y6N1,有価証券報告書－第62期(2025/03/01－2026/02/28),2026-05-27 13:01,わらべや日洋ホールディングス株式会社
99930,S100Y6JY,有価証券報告書－第64期(2025/03/01－2026/02/28),2026-05-27 13:06,株式会社ヤマザワ
31810,S100Y6PJ,有価証券報告書－第27期(2025/03/01－2026/02/28),2026-05-27 13:15,株式会社買取王国
82600,S100Y6HY,有価証券報告書－第131期(2025/03/01－2026/02/28),2026-05-27 13:51,株式会社井筒屋
99030,S100Y67I,有価証券報告書－第52期(2025/03/01－2026/02/28),2026-05-27 14:30,株式会社カンセキ
62240,S100Y688,有価証券報告書－第35期(2025/03/01－2026/02/28),2026-05-27 14:32,株式会社ＪＲＣ
80160,S100Y6J6,有価証券報告書－第79期(2025/03/01－2026/02/28),2026-05-27 14:57,株式会社オンワードホールディングス
44940,S100Y6VZ,有価証券報告書－第11期(2025/03/01－2026/02/28),2026-05-27 14:58,バリオセキュア株式会社
79920,S100Y6JL,訂正有価証券報告書－第113期(2025/01/01－2025/12/31),2026-05-27 14:58,セーラー万年筆株式会社
70770,S100Y69B,有価証券報告書－第13期(2025/03/01－2026/02/28),2026-05-27 15:01,株式会社ＡＬｉＮＫインターネット
39670,S100Y6AI,有価証券報告書－第15期(2025/03/01－2026/02/28),2026-05-27 15:14,株式会社エルテス
274A0,S100Y6WH,有価証券報告書－第11期(2025/03/01－2026/02/28),2026-05-27 15:30,株式会社ガーデン
50250,S100Y6Q0,有価証券報告書－第35期(2025/03/01－2026/02/28),2026-05-27 15:30,株式会社マーキュリー
34900,S100Y6VO,有価証券報告書－第37期(2025/03/01－2026/02/28),2026-05-27 15:30,株式会社アズ企画設計
35430,S100Y6O9,有価証券報告書－第12期(2025/03/01－2026/02/28),2026-05-27 15:30,株式会社コメダホールディングス
80080,S100Y6MY,有価証券報告書－第76期(2025/03/01－2026/02/28),2026-05-27 15:30,株式会社ヨンドシーホールディングス
35580,S100Y6RE,有価証券報告書－第16期(2025/03/01－2026/02/28),2026-05-27 15:37,ジェイドグループ株式会社
44130,S100Y6J0,有価証券報告書－第19期(2025/03/01－2026/02/28),2026-05-27 15:37,株式会社ボードルア
28820,S100Y6XK,有価証券報告書－第49期(2025/03/01－2026/02/28),2026-05-27 15:41,株式会社イートアンドホールディングス
33960,S100Y6XM,有価証券報告書－第61期(2025/03/01－2026/02/28),2026-05-27 15:41,株式会社フェリシモ
304A0,S100Y6MO,有価証券報告書－第25期(2025/03/01－2026/02/28),2026-05-27 15:45,フォルシア株式会社
27980,S100Y6U1,有価証券報告書－第27期(2025/03/01－2026/02/28),2026-05-27 15:53,株式会社ワイズテーブルコーポレーション
339A0,S100Y6XY,有価証券報告書－第6期(2025/03/01－2026/02/28),2026-05-27 15:54,プログレス・テクノロジーズ　グループ株式会社
44290,S100Y6L5,有価証券報告書－第24期(2025/03/01－2026/02/28),2026-05-27 16:00,リックソフト株式会社
61420,S100Y6NR,有価証券報告書－第68期(2025/03/01－2026/02/28),2026-05-27 16:01,富士精工株式会社
70490,S100Y1AF,有価証券報告書－第11期(2025/03/01－2026/02/28),2026-05-27 16:10,株式会社識学
39770,S100Y6LQ,有価証券報告書－第35期(2025/03/01－2026/02/28),2026-05-27 16:13,フュージョン株式会社
61820,S100Y6W8,有価証券報告書－第22期(2025/03/01－2026/02/28),2026-05-27 16:32,株式会社メタリアル
81810,S100Y6NU,有価証券報告書－第70期(2025/03/01－2026/02/28),2026-05-27 16:45,株式会社東天紅
75990,S100Y6I6,訂正有価証券報告書－第32期(2025/03/01－2026/02/28),2026-05-27 16:50,株式会社ＩＤＯＭ
97780,S100Y5RU,有価証券報告書－第68期(2025/03/01－2026/02/28),2026-05-26 09:00,株式会社昴
30800,S100Y69Z,有価証券報告書－第41期(2025/03/01－2026/02/28),2026-05-26 09:02,株式会社ジェーソン
50180,S100Y64F,有価証券報告書－第68期(2025/03/01－2026/02/28),2026-05-26 09:07,株式会社ＭＯＲＥＳＣＯ
30650,S100Y57D,有価証券報告書－第40期(2025/03/01－2026/02/28),2026-05-26 09:14,株式会社ライフフーズ
81940,S100Y63D,有価証券報告書－第71期(2025/03/01－2026/02/28),2026-05-26 09:24,株式会社ライフコーポレーション
97400,S100Y6FE,有価証券報告書－第54期(2025/03/01－2026/02/28),2026-05-26 10:35,セントラル警備保障株式会社
74270,S100Y67Z,有価証券報告書－第55期(2025/03/01－2026/02/28),2026-05-26 10:36,エコートレーディング株式会社
27260,S100Y647,有価証券報告書－第54期(2025/03/01－2026/02/28),2026-05-26 10:46,株式会社パルグループホールディングス
27470,S100Y6GL,有価証券報告書－第56期(2025/03/01－2026/02/28),2026-05-26 11:08,北雄ラッキー株式会社
58170,S100Y6GG,有価証券報告書－第62期(2025/03/01－2026/02/28),2026-05-26 11:10,ＪＭＡＣＳ株式会社
65320,S100Y69G,有価証券報告書－第12期(2025/03/01－2026/02/28),2026-05-26 12:00,株式会社ベイカレント
26850,S100Y5ZC,有価証券報告書－第76期(2025/03/01－2026/02/28),2026-05-26 12:30,株式会社アンドエスティＨＤ
82730,S100Y671,有価証券報告書－第65期(2025/03/01－2026/02/28),2026-05-26 12:58,株式会社イズミ
80290,S100Y64V,訂正有価証券報告書－第64期(2025/01/01－2025/12/31),2026-05-26 13:15,株式会社ルックホールディングス
59820,S100Y6B9,有価証券報告書－第65期(2025/03/01－2026/02/28),2026-05-26 13:26,株式会社マルゼン
30870,S100Y6D7,有価証券報告書－第19期(2025/03/01－2026/02/28),2026-05-26 13:35,株式会社ドトール・日レスホールディングス
74850,S100Y5YH,有価証券報告書－第90期(2025/03/01－2026/02/28),2026-05-26 13:55,岡谷鋼機株式会社
68970,S100Y6EN,有価証券報告書－第64期(2025/03/01－2026/02/28),2026-05-26 14:00,株式会社ツインバード
35460,S100Y68G,有価証券報告書－第10期(2025/03/01－2026/02/28),2026-05-26 14:03,アレンザホールディングス株式会社
52710,S100Y4LV,有価証券報告書－第83期(2025/03/01－2026/02/28),2026-05-26 14:40,株式会社トーヨーアサノ
32220,S100Y6HP,訂正有価証券報告書－第11期(2025/03/01－2026/02/28),2026-05-26 15:02,ユナイテッド・スーパーマーケット・ホールディングス株式会社
26870,S100Y68C,有価証券報告書－第46期(2025/03/01－2026/02/28),2026-05-26 15:04,株式会社シー・ヴイ・エス・ベイエリア
30930,S100Y644,有価証券報告書－第31期(2025/03/01－2026/02/28),2026-05-26 15:09,株式会社トレジャー・ファクトリー
97160,S100Y66D,有価証券報告書－第89期(2025/03/01－2026/02/28),2026-05-26 15:10,株式会社乃村工藝社
30860,S100Y6K0,有価証券報告書－第19期(2025/03/01－2026/02/28),2026-05-26 15:30,Ｊ．フロント　リテイリング株式会社
39220,S100Y6DH,有価証券報告書－第21期(2025/03/01－2026/02/28),2026-05-26 15:33,株式会社ＰＲ　ＴＩＭＥＳ
23000,S100Y6G1,有価証券報告書－第47期(2025/03/01－2026/02/28),2026-05-26 15:58,株式会社きょくとう
47630,S100Y6IG,有価証券報告書－第36期(2025/03/01－2026/02/28),2026-05-26 16:01,株式会社クリーク・アンド・リバー社
65550,S100Y6L3,有価証券報告書－第14期(2025/03/01－2026/02/28),2026-05-26 16:19,株式会社ＭＳ＆Ｃｏｎｓｕｌｔｉｎｇ
96610,S100Y65X,有価証券報告書－第102期(2025/03/01－2026/02/28),2026-05-26 16:23,株式会社歌舞伎座
33870,S100Y2PC,有価証券報告書－第29期(2025/03/01－2026/02/28),2026-05-26 16:28,株式会社クリエイト・レストランツ・ホールディングス
65430,S100Y6L2,有価証券報告書－第73期(2025/03/01－2026/02/28),2026-05-26 16:45,株式会社日宣
44320,S100Y628,有価証券報告書－第10期(2025/03/01－2026/02/28),2026-05-25 09:16,ウイングアーク１ｓｔ株式会社
26700,S100Y5F0,有価証券報告書－第41期(2025/03/01－2026/02/28),2026-05-25 09:19,株式会社エービーシー・マート
23410,S100Y5RZ,有価証券報告書－第53期(2025/03/01－2026/02/28),2026-05-25 09:31,株式会社アルバイトタイムス
89310,S100Y62K,有価証券報告書－第60期(2025/03/01－2026/02/28),2026-05-25 09:33,和田興産株式会社
26690,S100Y5SJ,有価証券報告書－第56期(2025/03/01－2026/02/28),2026-05-25 10:00,カネ美食品株式会社
78110,S100Y635,有価証券報告書－第38期(2025/03/01－2026/02/28),2026-05-25 10:00,中本パックス株式会社
99820,S100Y62Z,有価証券報告書－第115期(2025/03/01－2026/02/28),2026-05-25 10:06,タキヒヨー株式会社
27420,S100Y5WR,有価証券報告書－第68期(2025/03/01－2026/02/28),2026-05-25 10:43,株式会社ハローズ
82440,S100Y5TO,有価証券報告書－第132期(2025/03/01－2026/02/28),2026-05-25 11:00,株式会社近鉄百貨店
29300,S100Y5VV,有価証券報告書－第25期(2025/03/01－2026/02/28),2026-05-25 11:36,株式会社北の達人コーポレーション
26860,S100Y651,有価証券報告書－第55期(2025/03/01－2026/02/28),2026-05-25 11:47,株式会社ジーフット
14180,S100Y600,有価証券報告書－第16期(2025/03/01－2026/02/28),2026-05-25 11:54,インターライフホールディングス株式会社
98460,S100Y4A4,有価証券報告書－第57期(2025/03/01－2026/02/28),2026-05-25 12:07,株式会社天満屋ストア
26590,S100Y64A,有価証券報告書－第56期(2025/03/01－2026/02/28),2026-05-25 12:07,株式会社サンエー
81670,S100Y650,有価証券報告書－第73期(2025/03/01－2026/02/28),2026-05-25 13:28,株式会社リテールパートナーズ
64690,S100Y5TC,有価証券報告書－第65期(2025/03/01－2026/02/28),2026-05-25 13:33,株式会社　放電精密加工研究所
81250,S100Y60M,有価証券報告書－第66期(2025/03/01－2026/02/28),2026-05-25 13:45,株式会社ワキタ
47350,S100Y613,有価証券報告書－第46期(2025/06/01－2026/02/28),2026-05-25 15:05,株式会社京進
365A0,S100Y66L,有価証券報告書－第5期(2025/03/01－2026/02/28),2026-05-25 15:30,伊澤タオル株式会社
61830,S100Y5Z2,有価証券報告書－第12期(2025/03/01－2026/02/28),2026-05-25 15:30,株式会社ベルシステム２４ホールディングス
42700,S100Y5VS,有価証券報告書－第10期(2025/03/01－2026/02/28),2026-05-25 15:31,株式会社ＢｅｅＸ
26980,S100Y64P,有価証券報告書－第32期(2025/03/01－2026/02/28),2026-05-25 15:31,株式会社キャンドゥ
60370,S100Y67O,訂正有価証券報告書－第20期(2024/08/01－2025/07/31),2026-05-25 15:31,楽待株式会社
28720,S100Y621,有価証券報告書－第115期(2025/03/01－2026/02/28),2026-05-25 15:32,株式会社セイヒョー
44340,S100Y5TF,有価証券報告書－第27期(2025/03/01－2026/02/28),2026-05-25 15:33,株式会社サーバーワークス
96010,S100Y66K,有価証券報告書－第160期(2025/03/01－2026/02/28),2026-05-25 15:34,松竹株式会社
35620,S100Y62C,有価証券報告書－第37期(2025/03/01－2026/02/28),2026-05-25 15:37,株式会社Ｎｏ．１
99480,S100Y640,有価証券報告書－第65期(2025/03/01－2026/02/28),2026-05-25 15:50,株式会社アークス
65060,S100Y69H,有価証券報告書－第110期(2025/03/01－2026/02/28),2026-05-25 15:58,株式会社安川電機
323A0,S100Y68H,有価証券報告書－第13期(2025/03/01－2026/02/28),2026-05-25 16:00,株式会社フライヤー
96020,S100Y5O3,有価証券報告書－第137期(2025/03/01－2026/02/28),2026-05-25 16:00,東宝株式会社
65720,S100Y69Y,有価証券報告書－第27期(2025/03/01－2026/02/28),2026-05-25 16:19,オープングループ株式会社
39350,S100Y6A9,有価証券報告書－第27期(2025/03/01－2026/02/28),2026-05-25 17:00,株式会社エディア
98610,S100Y5NR,有価証券報告書－第69期(2025/03/01－2026/02/28),2026-05-22 10:00,株式会社吉野家ホールディングス
79080,S100Y5JR,有価証券報告書－第66期(2025/04/01－2026/03/31),2026-05-22 10:10,株式会社きもと
93810,S100Y53V,有価証券報告書－第39期(2025/03/01－2026/02/28),2026-05-22 10:54,株式会社エーアイテイー
76030,S100Y5TM,有価証券報告書－第36期(2025/03/01－2026/02/28),2026-05-22 11:34,ジーイエット株式会社
65210,S100Y5QW,有価証券報告書－第26期(2025/03/01－2026/02/28),2026-05-22 12:56,株式会社オキサイド
26830,S100Y5OG,有価証券報告書－第41期(2025/03/01－2026/02/28),2026-05-22 13:06,株式会社魚喜
63230,S100Y5GM,有価証券報告書－第41期(2025/03/01－2026/02/28),2026-05-22 13:42,ローツェ株式会社
21860,S100Y5RH,有価証券報告書－第44期(2025/03/01－2026/02/28),2026-05-22 15:30,ソーバル株式会社
40170,S100Y5AX,有価証券報告書－第17期(2025/03/01－2026/02/28),2026-05-22 15:30,株式会社クリーマ
93880,S100Y5VD,有価証券報告書－第31期(2025/03/01－2026/02/28),2026-05-22 15:36,株式会社パパネッツ
60930,S100Y5Q4,有価証券報告書－第19期(2025/03/01－2026/02/28),2026-05-22 16:04,株式会社エスクロー・エージェント・ジャパン
78940,S100Y5TV,訂正有価証券報告書－第79期(2025/03/01－2026/02/28),2026-05-22 16:32,丸東産業株式会社
36120,S100Y4W7,有価証券報告書－第68期(2025/03/01－2026/02/28),2026-05-21 10:20,株式会社ワールド
23540,S100Y56T,有価証券報告書－第49期(2025/03/01－2026/02/28),2026-05-21 10:43,株式会社ＹＥ　ＤＩＧＩＴＡＬ
47140,S100Y58Q,有価証券報告書－第41期(2025/03/01－2026/02/28),2026-05-21 11:00,株式会社　リソー教育グループ
22920,S100Y5H5,有価証券報告書－第60期(2025/03/01－2026/02/28),2026-05-21 13:34,エスフーズ株式会社
33910,S100Y5EY,有価証券報告書－第64期(2025/03/01－2026/02/28),2026-05-21 13:48,株式会社ツルハホールディングス
31980,S100Y5KF,有価証券報告書－第16期(2025/03/01－2026/02/28),2026-05-21 15:15,ＳＦＰホールディングス株式会社
98420,S100Y5KN,有価証券報告書－第57期(2025/03/01－2026/02/28),2026-05-21 15:19,アークランズ株式会社
76790,S100Y4K3,有価証券報告書－第7期(2025/03/01－2026/02/28),2026-05-21 15:40,株式会社薬王堂ホールディングス
60860,S100Y57I,有価証券報告書－第41期(2025/03/01－2026/02/28),2026-05-21 15:50,シンメンテホールディングス株式会社
35500,S100Y4QT,有価証券報告書－第22期(2025/03/01－2026/02/28),2026-05-21 16:02,株式会社スタジオアタオ
98760,S100Y54S,訂正有価証券報告書－第53期(2025/03/01－2026/02/28),2026-05-20 09:31,株式会社コックス
79750,S100Y4MZ,有価証券報告書－第78期(2025/03/01－2026/02/28),2026-05-20 09:40,株式会社リヒトラブ
26680,S100Y4Z8,有価証券報告書－第49期(2025/03/01－2026/02/28),2026-05-20 10:39,タビオ株式会社
82330,S100Y4X5,有価証券報告書－第160期(2025/03/01－2026/02/28),2026-05-20 11:00,株式会社髙島屋
33820,S100Y4VB,有価証券報告書－第21期(2025/03/01－2026/02/28),2026-05-20 12:05,株式会社セブン＆アイ・ホールディングス
81850,S100Y563,有価証券報告書－第79期(2025/03/01－2026/02/28),2026-05-20 13:06,株式会社チヨダ
99460,S100Y4UH,有価証券報告書－第47期(2025/03/01－2026/02/28),2026-05-20 13:39,ミニストップ株式会社
36080,S100Y5A2,有価証券報告書－第15期(2025/03/01－2026/02/28),2026-05-20 13:47,株式会社ＴＳＩホールディングス
23790,S100Y510,有価証券報告書－第29期(2025/03/01－2026/02/28),2026-05-20 15:06,ディップ株式会社
275A0,S100Y55S,有価証券報告書－第32期(2025/02/21－2026/02/20),2026-05-20 15:30,ハンワホームズ株式会社
76490,S100Y3QN,有価証券報告書－第44期(2025/03/01－2026/02/28),2026-05-20 15:31,スギホールディングス株式会社
99740,S100Y4X3,有価証券報告書－第67期(2025/03/01－2026/02/28),2026-05-20 16:03,株式会社ベルク
82030,S100Y58I,有価証券報告書－第77期(2025/03/01－2026/02/28),2026-05-20 16:03,株式会社ミスターマックス・ホールディングス
23370,S100Y50H,有価証券報告書－第26期(2025/03/01－2026/02/28),2026-05-20 16:07,いちご株式会社
70360,S100Y5DB,訂正有価証券報告書－第13期(2025/01/01－2025/12/31),2026-05-20 16:08,株式会社イーエムネットジャパン
75200,S100Y4BQ,有価証券報告書－第61期(2025/03/01－2026/02/28),2026-05-19 09:06,株式会社エコス
43430,S100Y4UK,有価証券報告書－第30期(2025/03/01－2026/02/28),2026-05-19 09:40,株式会社イオンファンタジー
92530,S100Y4UP,有価証券報告書－第21期(2025/03/01－2026/02/28),2026-05-19 09:42,スローガン株式会社
76240,S100Y4MW,有価証券報告書－第75期(2025/03/01－2026/02/28),2026-05-19 13:59,株式会社ＮａＩＴＯ
26530,S100Y4YP,有価証券報告書－第54期(2025/03/01－2026/02/28),2026-05-19 15:01,イオン九州株式会社
33530,S100Y4Y9,有価証券報告書－第41期(2025/03/01－2026/02/28),2026-05-19 15:05,株式会社メディカル一光グループ
70380,S100Y4VC,訂正有価証券報告書－第19期(2025/01/01－2025/12/31),2026-05-19 15:59,フロンティア・マネジメント株式会社
85700,S100Y53G,有価証券報告書－第45期(2025/03/01－2026/02/28),2026-05-19 16:55,イオンフィナンシャルサービス株式会社
94250,S100Y4GM,訂正有価証券報告書－第38期(2024/11/01－2025/10/31),2026-05-18 09:00,ＲｅＹｕｕ　Ｊａｐａｎ株式会社
82780,S100Y4CU,有価証券報告書－第59期(2025/03/01－2026/02/28),2026-05-18 10:49,株式会社フジ
81980,S100Y494,有価証券報告書－第64期(2025/03/01－2026/02/28),2026-05-18 11:01,マックスバリュ東海株式会社
89460,S100Y4NV,訂正有価証券報告書－第47期(2025/01/01－2025/12/31),2026-05-18 14:20,株式会社ＡＳＩＡＮ　ＳＴＡＲ
81660,S100Y4PA,有価証券報告書－第77期(2025/03/01－2026/02/28),2026-05-18 14:47,株式会社タカキュー
75120,S100Y36L,有価証券報告書－第48期(2025/03/01－2026/02/28),2026-05-15 09:10,イオン北海道株式会社
91730,S100Y40M,訂正有価証券報告書－第201期(2025/01/01－2025/12/31),2026-05-15 11:27,東海汽船株式会社
27620,S100Y43N,訂正有価証券報告書－第49期(2024/07/01－2025/06/30),2026-05-15 15:33,株式会社ＳＡＮＫＯ　ＭＡＲＫＥＴＩＮＧ　ＦＯＯＤＳ
43240,S100Y36E,訂正有価証券報告書－第177期(2025/01/01－2025/12/31),2026-05-15 16:02,株式会社電通グループ
99760,S100Y3VC,有価証券報告書－第75期(2025/02/21－2026/02/20),2026-05-14 11:06,株式会社　セキチュー
62790,S100Y3PF,有価証券報告書－第63期(2025/02/21－2026/02/20),2026-05-14 15:21,株式会社瑞光
27780,S100Y39Y,有価証券報告書－第41期(2025/02/21－2026/02/20),2026-05-13 09:04,パレモ・ホールディングス株式会社
75450,S100Y3CW,有価証券報告書－第70期(2025/02/21－2026/02/20),2026-05-13 09:20,株式会社西松屋チェーン
33330,S100Y2X4,有価証券報告書－第51期(2025/02/21－2026/02/20),2026-05-13 10:13,株式会社あさひ
82170,S100Y362,有価証券報告書－第57期(2025/02/21－2026/02/20),2026-05-13 11:21,株式会社オークワ
82270,S100Y2PP,有価証券報告書－第73期(2025/02/21－2026/02/20),2026-05-12 09:07,株式会社しまむら
91450,S100Y37Z,訂正有価証券報告書－第40期(2025/01/01－2025/12/31),2026-05-12 14:42,株式会社ビーイングホールディングス
82760,S100Y2FB,有価証券報告書－第69期(2025/02/21－2026/02/20),2026-05-11 10:53,株式会社　平和堂
19110,S100Y1XP,訂正有価証券報告書－第86期(2025/01/01－2025/12/31),2026-05-08 10:27,住友林業株式会社
44630,S100Y1V9,訂正有価証券報告書－第112期(2025/01/01－2025/12/31),2026-05-01 11:23,日華化学株式会社
43950,S100Y1OR,訂正有価証券報告書－第12期(2025/01/01－2025/12/31),2026-05-01 15:45,株式会社アクリート
33990,S100Y1KO,有価証券報告書－第33期(2025/02/01－2026/01/31),2026-04-30 10:30,株式会社丸千代山岡家
65460,S100Y1DI,訂正有価証券報告書－第63期(2025/01/01－2025/12/31),2026-04-30 11:39,フルテック株式会社
42580,S100Y1NN,訂正有価証券報告書－第30期(2025/01/01－2025/12/31),2026-04-30 15:29,株式会社網屋
36810,S100Y1NL,有価証券報告書－第26期(2025/01/01－2025/12/31),2026-04-30 15:30,株式会社ブイキューブ
338A0,S100Y1PM,訂正有価証券報告書－第12期(2025/01/01－2025/12/31),2026-04-30 16:14,株式会社ＺｅｎｍｕＴｅｃｈ
278A0,S100XY8O,有価証券報告書－第10期(2025/02/01－2026/01/31),2026-04-30 16:38,Ｔｅｒｒａ　Ｄｒｏｎｅ株式会社
70640,S100XVTU,有価証券報告書－第16期(2025/02/01－2026/01/31),2026-04-28 09:48,株式会社ハウテレビジョン
70730,S100Y1BL,有価証券報告書－第35期(2025/02/01－2026/01/31),2026-04-28 11:30,株式会社ジェイック
91660,S100Y1F9,有価証券報告書－第8期(2025/02/01－2026/01/31),2026-04-28 15:20,株式会社ＧＥＮＤＡ
41740,S100Y16K,有価証券報告書－第26期(2025/02/01－2026/01/31),2026-04-28 15:31,株式会社アピリッツ
456A0,S100Y17X,有価証券報告書－第10期(2025/02/01－2026/01/31),2026-04-28 16:00,ＨＵＭＡＮ　ＭＡＤＥ株式会社
76140,S100Y11L,有価証券報告書－第67期(2025/02/01－2026/01/31),2026-04-28 16:12,株式会社オーエムツーネットワーク
48130,S100Y070,有価証券報告書－第42期(2025/02/01－2026/01/31),2026-04-28 16:39,株式会社ＡＣＣＥＳＳ
446A0,S100Y1HV,有価証券報告書－第11期(2025/02/01－2026/01/31),2026-04-28 17:02,株式会社ノースサンド
76740,S100Y07P,有価証券報告書－第25期(2025/02/01－2026/01/31),2026-04-27 09:14,株式会社ＮＡＴＴＹ　ＳＷＡＮＫＹホールディングス
39550,S100Y0K4,有価証券報告書－第76期(2025/02/01－2026/01/31),2026-04-27 09:38,株式会社イムラ
96320,S100Y0Y3,有価証券報告書－第112期(2025/02/01－2026/01/31),2026-04-27 10:59,スバル興業株式会社
43340,S100Y0NT,有価証券報告書－第34期(2025/02/01－2026/01/31),2026-04-27 11:23,株式会社ユークス
81420,S100Y0S6,有価証券報告書－第73期(2025/02/01－2026/01/31),2026-04-27 13:09,株式会社トーホー
36650,S100Y0WP,有価証券報告書－第22期(2025/02/01－2026/01/31),2026-04-27 15:00,株式会社エニグモ
168A0,S100Y111,有価証券報告書－第27期(2025/02/01－2026/01/31),2026-04-27 15:21,株式会社イタミアート
39210,S100Y0W0,有価証券報告書－第34期(2025/02/01－2026/01/31),2026-04-27 15:46,株式会社ネオジャパン
35650,S100Y14Y,有価証券報告書－第18期(2025/02/01－2026/01/31),2026-04-27 16:13,アセンテック株式会社
76830,S100Y159,有価証券報告書－第25期(2025/02/01－2026/01/31),2026-04-27 16:13,株式会社ダブルエー
43690,S100XYYG,有価証券報告書－第48期(2025/02/01－2026/01/31),2026-04-24 09:40,株式会社　トリケミカル研究所
67570,S100Y0OW,有価証券報告書－第56期(2025/02/01－2026/01/31),2026-04-24 11:40,株式会社ＯＳＧコーポレーション
62760,S100Y0TR,訂正有価証券報告書－第47期(2025/01/01－2025/12/31),2026-04-24 14:28,シリウスビジョン株式会社
31590,S100Y0TV,有価証券報告書－第16期(2025/02/01－2026/01/31),2026-04-24 15:32,丸善ＣＨＩホールディングス株式会社
42870,S100Y0NF,有価証券報告書－第32期(2025/02/01－2026/01/31),2026-04-24 15:35,株式会社ジャストプランニング
31690,S100Y0VC,有価証券報告書－第67期(2025/02/01－2026/01/31),2026-04-24 15:58,株式会社ミサワ
41750,S100Y0KM,有価証券報告書－第12期(2025/02/01－2026/01/31),2026-04-24 16:00,株式会社ｃｏｌｙ
68980,S100Y0O4,有価証券報告書－第75期(2025/02/01－2026/01/31),2026-04-24 16:09,トミタ電機株式会社
22170,S100Y0DZ,有価証券報告書－第96期(2025/02/01－2026/01/31),2026-04-23 09:17,モロゾフ株式会社
63360,S100Y0EE,有価証券報告書－第53期(2025/02/01－2026/01/31),2026-04-23 09:31,株式会社石井表記
33200,S100Y0F4,有価証券報告書－第73期(2025/02/01－2026/01/31),2026-04-23 09:48,クロスプラス株式会社
58890,S100Y0I2,有価証券報告書－第7期(2025/02/01－2026/01/31),2026-04-23 10:11,Ｊａｐａｎ　Ｅｙｅｗｅａｒ　Ｈｏｌｄｉｎｇｓ株式会社
76780,S100Y0LF,有価証券報告書－第53期(2025/02/01－2026/01/31),2026-04-23 14:39,株式会社あさくま
58880,S100Y0CE,有価証券報告書－第36期(2025/02/01－2026/01/31),2026-04-23 15:18,ＤＡＩＷＡ　ＣＹＣＬＥ株式会社
50750,S100Y0D4,有価証券報告書－第23期(2025/02/01－2026/01/31),2026-04-23 15:30,アップコン株式会社
71960,S100XZL9,有価証券報告書－第13期(2025/02/01－2026/01/31),2026-04-23 15:31,株式会社Ｃａｓａ
43800,S100Y0DB,有価証券報告書－第26期(2025/02/01－2026/01/31),2026-04-23 15:46,株式会社Ｍマート
39310,S100Y0HP,有価証券報告書－第22期(2025/02/01－2026/01/31),2026-04-23 16:27,株式会社バリューゴルフ
61840,S100Y0J1,有価証券報告書－第42期(2025/02/01－2026/01/31),2026-04-23 16:43,株式会社鎌倉新書
17580,S100Y01F,有価証券報告書－第59期(2025/02/01－2026/01/31),2026-04-22 09:00,太洋基礎工業株式会社
78310,S100Y02H,訂正有価証券報告書－第47期(2024/11/01－2025/10/31),2026-04-22 09:49,株式会社ウイルコホールディングス
50310,S100Y086,有価証券報告書－第14期(2025/02/01－2026/01/31),2026-04-22 10:16,モイ株式会社
30710,S100Y025,有価証券報告書－第27期(2025/02/01－2026/01/31),2026-04-22 10:25,株式会社ストリーム
97430,S100Y04L,有価証券報告書－第68期(2025/02/01－2026/01/31),2026-04-22 10:37,株式会社丹青社
80130,S100Y034,有価証券報告書－第129期(2025/02/01－2026/01/31),2026-04-22 11:45,株式会社ナイガイ
52480,S100Y02W,有価証券報告書－第12期(2025/02/01－2026/01/31),2026-04-22 15:00,株式会社テクノロジーズ
34150,S100Y0D8,有価証券報告書－第18期(2025/02/01－2026/01/31),2026-04-22 15:24,株式会社ＴＯＫＹＯ　ＢＡＳＥ
66960,S100Y0AL,有価証券報告書－第32期(2025/02/01－2026/01/31),2026-04-22 15:30,株式会社トラース・オン・プロダクト
78780,S100Y03W,有価証券報告書－第59期(2025/02/01－2026/01/31),2026-04-22 15:32,株式会社光・彩
21630,S100Y062,有価証券報告書－第64期(2025/02/01－2026/01/31),2026-04-22 15:59,株式会社アルトナー
29970,S100Y0E1,有価証券報告書－第16期(2025/02/01－2026/01/31),2026-04-22 16:17,株式会社ストレージ王
42380,S100Y0E4,有価証券報告書－第58期(2025/02/01－2026/01/31),2026-04-22 16:18,ミライアル株式会社
66540,S100XZWO,有価証券報告書－第68期(2025/02/01－2026/01/31),2026-04-21 09:14,不二電機工業株式会社
96920,S100XZVZ,有価証券報告書－第58期(2025/02/01－2026/01/31),2026-04-21 14:39,株式会社シーイーシー
60810,S100Y03D,訂正有価証券報告書－第21期(2025/01/01－2025/12/31),2026-04-21 15:11,アライドアーキテクツ株式会社
36570,S100XZNA,有価証券報告書－第17期(2025/02/01－2026/01/31),2026-04-21 15:13,ポールトゥウィンホールディングス株式会社
29830,S100Y03C,有価証券報告書－第23期(2025/02/01－2026/01/31),2026-04-21 15:35,株式会社アールプランナー
96360,S100XZ5Y,有価証券報告書－第129期(2025/02/01－2026/01/31),2026-04-20 09:18,株式会社きんえい
45920,S100XZTW,有価証券報告書－第13期(2025/02/01－2026/01/31),2026-04-20 15:42,サンバイオ株式会社
75900,S100XYFO,有価証券報告書－第46期(2025/01/21－2026/01/20),2026-04-17 09:02,株式会社タカショー
66190,S100XZF3,有価証券報告書－第21期(2025/02/01－2026/01/31),2026-04-17 09:37,ダブル・スコープ株式会社
69660,S100XZDC,有価証券報告書－第92期(2025/02/01－2026/01/31),2026-04-17 15:01,株式会社三井ハイテック
19280,S100XZ22,有価証券報告書－第75期(2025/02/01－2026/01/31),2026-04-16 13:41,積水ハウス株式会社
14330,S100XZ7G,有価証券報告書－第53期(2025/02/01－2026/01/31),2026-04-16 16:57,ベステラ株式会社
78650,S100XYGD,有価証券報告書－第49期(2025/01/21－2026/01/20),2026-04-15 10:12,ピープル株式会社
49190,S100XZ4Q,訂正有価証券報告書－第66期(2025/01/01－2025/12/31),2026-04-15 15:20,株式会社ミルボン
47510,S100XZ2X,訂正有価証券報告書－第28期(2024/10/01－2025/09/30),2026-04-15 16:01,株式会社サイバーエージェント
25900,S100XYDT,有価証券報告書－第51期(2025/01/21－2026/01/20),2026-04-14 15:33,ダイドーグループホールディングス株式会社
145A0,S100XYHQ,訂正有価証券報告書－第16期(2025/01/01－2025/12/31),2026-04-14 16:00,株式会社Ｌ　ｉｓ　Ｂ
32460,S100XXPI,有価証券報告書－第36期(2025/02/01－2026/01/31),2026-04-09 14:38,株式会社コーセーアールイー
37650,S100XXTG,訂正有価証券報告書－第29期(2025/01/01－2025/12/31),2026-04-09 15:42,ガンホー・オンライン・エンターテイメント株式会社
37270,S100XXPK,訂正有価証券報告書－第41期(2025/01/01－2025/12/31),2026-04-08 15:02,株式会社アプリックス
96210,S100XXFD,訂正有価証券報告書－第63期(2025/01/01－2025/12/31),2026-04-07 10:48,株式会社建設技術研究所
81790,S100XX3T,訂正有価証券報告書－第77期(2025/01/01－2025/12/31),2026-04-06 13:12,ロイヤルホールディングス株式会社
55420,S100XWUB,訂正有価証券報告書－第93期(2025/01/01－2025/12/31),2026-04-03 13:46,新報国マテリアル株式会社
48200,S100XUIK,有価証券報告書－第43期(2025/01/01－2025/12/31),2026-03-26 16:32,株式会社イーエムシステムズ（商号　株式会社ＥＭシステムズ）
93390,S100XVLX,訂正有価証券報告書－第25期(2025/01/01－2025/12/31),2026-04-02 15:58,株式会社コーチ・エィ
82020,S100XVC0,訂正有価証券報告書－第50期(2025/01/01－2025/12/31),2026-04-02 16:00,ラオックスホールディングス株式会社
97040,S100XSK1,有価証券報告書－第88期(2025/01/01－2025/12/31),2026-03-31 09:41,株式会社アゴーラホスピタリティーグループ
59570,S100XVV3,有価証券報告書－第120期(2025/01/01－2025/12/31),2026-03-31 14:00,日東精工株式会社
36630,S100XVIW,有価証券報告書－第14期(2025/01/01－2025/12/31),2026-03-31 12:01,株式会社セルシス
62320,S100XVUY,有価証券報告書－第14期(2025/01/01－2025/12/31),2026-03-31 14:06,株式会社ＡＣＳＬ
52400,S100XVWV,訂正有価証券報告書－第13期(2025/01/01－2025/12/31),2026-03-31 14:32,ｍｏｎｏＡＩ　ｔｅｃｈｎｏｌｏｇｙ株式会社
42610,S100XVLI,有価証券報告書－第14期(2025/01/01－2025/12/31),2026-03-31 14:50,アジアクエスト株式会社
43310,S100XVY3,有価証券報告書－第28期(2025/04/01－2025/12/31),2026-03-31 15:14,株式会社テイクアンドギヴ・ニーズ
60310,S100XVUK,有価証券報告書－第21期(2025/01/01－2025/12/31),2026-03-31 15:30,ＺＥＴＡ株式会社
49350,S100XVNJ,有価証券報告書－第30期(2025/01/01－2025/12/31),2026-03-31 15:33,株式会社リベルタ
44380,S100XVVP,有価証券報告書－第15期(2025/01/01－2025/12/31),2026-03-31 15:57,株式会社Ｗｅｌｂｙ
52550,S100XVZN,有価証券報告書－第20期(2025/01/01－2025/12/31),2026-03-31 16:00,株式会社モンスターラボ
67210,S100XW0L,有価証券報告書－第33期(2025/01/01－2025/12/31),2026-03-31 16:20,ウインテスト株式会社
153A0,S100XV0K,有価証券報告書－第11期(2025/01/01－2025/12/31),2026-03-30 09:00,株式会社カウリス
61410,S100XUMY,有価証券報告書－第78期(2025/01/01－2025/12/31),2026-03-30 09:02,ＤＭＧ森精機株式会社
40560,S100XV3Y,有価証券報告書－第8期(2025/01/01－2025/12/31),2026-03-30 09:17,ニューラルグループ株式会社
68700,S100XU9W,有価証券報告書－第65期(2025/01/01－2025/12/31),2026-03-30 09:33,日本フェンオール株式会社
80400,S100XV8N,有価証券報告書－第57期(2025/01/01－2025/12/31),2026-03-30 09:46,株式会社東京ソワール
41680,S100XVB7,有価証券報告書－第13期(2025/01/01－2025/12/31),2026-03-30 10:00,株式会社ヤプリ
48910,S100XVBS,有価証券報告書－第22期(2025/03/01－2025/12/31),2026-03-30 10:11,㈱ティムス
21690,S100XULK,有価証券報告書－第46期(2025/01/01－2025/12/31),2026-03-30 10:54,ＣＤＳ株式会社
59650,S100XV4T,有価証券報告書－第77期(2025/01/01－2025/12/31),2026-03-30 11:06,株式会社フジマック
77930,S100XVC1,有価証券報告書－第31期(2025/01/01－2025/12/31),2026-03-30 11:12,株式会社イメージ・マジック
21730,S100XV33,有価証券報告書－第57期(2025/01/01－2025/12/31),2026-03-30 11:30,株式会社博展
23250,S100XV5A,有価証券報告書－第76期(2025/01/01－2025/12/31),2026-03-30 11:36,株式会社ＮＪＳ
70390,S100XV70,有価証券報告書－第24期(2025/01/01－2025/12/31),2026-03-30 12:00,ブリッジインターナショナル株式会社
37190,S100XV8F,有価証券報告書－第62期(2025/01/01－2025/12/31),2026-03-30 12:38,ＡＩストーム株式会社
41700,S100XSOQ,有価証券報告書－第9期(2025/01/01－2025/12/31),2026-03-30 13:12,株式会社Ｋａｉｚｅｎ　Ｐｌａｔｆｏｒｍ
55970,S100XVG3,有価証券報告書－第27期(2025/01/01－2025/12/31),2026-03-30 13:24,ブルーイノベーション株式会社
67480,S100XVH2,有価証券報告書－第78期(2025/01/01－2025/12/31),2026-03-30 13:58,星和電機株式会社
58160,S100XV82,有価証券報告書－第95期(2025/01/01－2025/12/31),2026-03-30 14:32,オーナンバ株式会社
519A0,S100XVIQ,有価証券報告書－第22期(2025/01/01－2025/12/31),2026-03-30 14:40,株式会社ベーシック
68350,S100XVFP,有価証券報告書－第39期(2025/01/01－2025/12/31),2026-03-30 15:01,アライドテレシスホールディングス株式会社
99730,S100XVJC,有価証券報告書－第58期(2025/01/01－2025/12/31),2026-03-30 15:01,ＫＯＺＯホールディングス株式会社
94160,S100XV85,有価証券報告書－第25期(2025/01/01－2025/12/31),2026-03-30 15:09,株式会社ビジョン
64250,S100XVDD,有価証券報告書－第53期(2025/01/01－2025/12/31),2026-03-30 15:15,株式会社ユニバーサルエンターテインメント
27210,S100XUOH,有価証券報告書－第34期(2025/01/01－2025/12/31),2026-03-30 15:17,株式会社ジェイホールディングス
65370,S100XVE0,有価証券報告書－第25期(2025/01/01－2025/12/31),2026-03-30 15:19,ＷＡＳＨハウス株式会社
92130,S100XTQ4,有価証券報告書－第36期(2025/01/01－2025/12/31),2026-03-30 15:30,株式会社セイファート
27880,S100XVCR,有価証券報告書－第31期(2025/01/01－2025/12/31),2026-03-30 15:30,アップルインターナショナル株式会社
44200,S100XV6D,有価証券報告書－第51期(2025/01/01－2025/12/31),2026-03-30 15:30,イーソル株式会社
49920,S100XVAV,訂正有価証券報告書－第76期(2024/12/01－2025/11/30),2026-03-30 15:30,北興化学工業株式会社
472A0,S100XUI4,有価証券報告書－第8期(2025/01/01－2025/12/31),2026-03-30 15:30,株式会社ミラティブ
92140,S100XV6A,有価証券報告書－第13期(2025/01/01－2025/12/31),2026-03-30 15:40,Ｒｅｃｏｖｅｒｙ　Ｉｎｔｅｒｎａｔｉｏｎａｌ株式会社
92110,S100XVKK,有価証券報告書－第20期(2025/01/01－2025/12/31),2026-03-30 15:47,株式会社エフ・コード
92180,S100XVL7,有価証券報告書－第15期(2025/01/01－2025/12/31),2026-03-30 16:20,株式会社メンタルヘルステクノロジーズ
61770,S100XVHM,有価証券報告書－第14期(2025/01/01－2025/12/31),2026-03-30 16:27,ＡｐｐＢａｎｋ株式会社
319A0,S100XV9V,有価証券報告書－第8期(2025/01/01－2025/12/31),2026-03-30 16:30,株式会社技術承継機構
29320,S100XVLJ,訂正有価証券報告書－第9期(2025/01/01－2025/12/31),2026-03-30 16:37,株式会社ＳＴＩフードホールディングス
69770,S100XUGC,有価証券報告書－第78期(2025/01/01－2025/12/31),2026-03-27 09:04,株式会社日本抵抗器製作所
55880,S100XUQ2,有価証券報告書－第10期(2025/01/01－2025/12/31),2026-03-27 09:07,ファーストアカウンティング株式会社
76090,S100XUE0,有価証券報告書－第74期(2025/01/01－2025/12/31),2026-03-27 09:16,ダイトロン株式会社
47460,S100XUNZ,有価証券報告書－第56期(2025/01/01－2025/12/31),2026-03-27 09:18,株式会社東計電算
56160,S100XU04,有価証券報告書－第11期(2025/01/01－2025/12/31),2026-03-27 09:30,株式会社雨風太陽
16630,S100XUMN,有価証券報告書－第12期(2025/01/01－2025/12/31),2026-03-27 10:03,Ｋ＆Ｏエナジーグループ株式会社
43740,S100XUUD,有価証券報告書－第26期(2025/01/01－2025/12/31),2026-03-27 10:24,株式会社ＲＯＢＯＴ　ＰＡＹＭＥＮＴ
41070,S100XT8H,有価証券報告書－第105期(2025/01/01－2025/12/31),2026-03-27 10:43,伊勢化学工業株式会社
286A0,S100XUVY,有価証券報告書－第21期(2025/01/01－2025/12/31),2026-03-27 11:34,株式会社ユカリア
14290,S100XUQB,有価証券報告書－第22期(2025/01/01－2025/12/31),2026-03-27 11:37,株式会社日本アクア
59970,S100XUIL,有価証券報告書－第55期(2025/01/01－2025/12/31),2026-03-27 11:38,協立エアテック株式会社
40110,S100XUSL,有価証券報告書－第21期(2025/01/01－2025/12/31),2026-03-27 12:10,株式会社ヘッドウォータース
64970,S100XUXN,有価証券報告書－第94期(2025/01/01－2025/12/31),2026-03-27 12:22,株式会社ハマイ
60630,S100XUYQ,有価証券報告書－第23期(2025/01/01－2025/12/31),2026-03-27 13:25,日本エマージェンシーアシスタンス株式会社
36960,S100XU6S,有価証券報告書－第21期(2025/01/01－2025/12/31),2026-03-27 13:42,株式会社セレス
62650,S100XUYZ,有価証券報告書－第75期(2025/01/01－2025/12/31),2026-03-27 13:53,コンバム株式会社
40600,S100XUZC,有価証券報告書－第22期(2025/01/01－2025/12/31),2026-03-27 13:59,ｒａｋｕｍｏ株式会社
77160,S100XU9P,有価証券報告書－第74期(2025/01/01－2025/12/31),2026-03-27 14:00,株式会社ナカニシ
64440,S100XUJB,有価証券報告書－第100期(2025/01/01－2025/12/31),2026-03-27 14:00,サンデン株式会社
97570,S100XUVD,有価証券報告書－第56期(2025/01/01－2025/12/31),2026-03-27 14:10,株式会社船井総研ホールディングス
40200,S100XUPN,有価証券報告書－第27期(2025/01/01－2025/12/31),2026-03-27 14:13,ビートレンド株式会社
27520,S100XV0N,有価証券報告書－第27期(2025/01/01－2025/12/31),2026-03-27 14:23,株式会社フジオフードグループ本社
61430,S100XUQM,有価証券報告書－第50期(2025/01/01－2025/12/31),2026-03-27 14:24,株式会社ソディック
79570,S100XUTV,有価証券報告書－第76期(2025/01/01－2025/12/31),2026-03-27 14:30,フジコピアン株式会社
77820,S100XUH3,有価証券報告書－第18期(2025/01/01－2025/12/31),2026-03-27 15:08,株式会社シンシア
334A0,S100XV29,有価証券報告書－第32期(2025/01/01－2025/12/31),2026-03-27 15:12,株式会社ビジュアル・プロセッシング・ジャパン
30540,S100XUT2,有価証券報告書－第36期(2025/01/01－2025/12/31),2026-03-27 15:30,株式会社ハイパー
44760,S100XUJV,有価証券報告書－第11期(2025/01/01－2025/12/31),2026-03-27 15:30,ＡＩ　ＣＲＯＳＳ株式会社
43750,S100XUXF,有価証券報告書－第12期(2025/01/01－2025/12/31),2026-03-27 15:30,セーフィー株式会社
48110,S100XUWD,有価証券報告書－第30期(2025/01/01－2025/12/31),2026-03-27 15:30,株式会社ドリーム・アーツ
76130,S100XUJ0,有価証券報告書－第34期(2025/01/01－2025/12/31),2026-03-27 15:30,シークス株式会社
43790,S100XV3D,有価証券報告書－第12期(2025/01/01－2025/12/31),2026-03-27 15:30,株式会社Ｐｈｏｔｏｓｙｎｔｈ
34740,S100XUW1,有価証券報告書－第23期(2025/01/01－2025/12/31),2026-03-27 15:30,Ｇ－ＦＡＣＴＯＲＹ株式会社
45960,S100XUHX,有価証券報告書－第11期(2025/01/01－2025/12/31),2026-03-27 15:30,窪田製薬ホールディングス株式会社
62910,S100XUPZ,有価証券報告書－第53期(2025/01/01－2025/12/31),2026-03-27 15:30,日本エアーテック株式会社
34160,S100XUME,有価証券報告書－第21期(2025/01/01－2025/12/31),2026-03-27 15:31,ピクスタ株式会社
47760,S100XUKS,有価証券報告書－第29期(2025/01/01－2025/12/31),2026-03-27 15:32,サイボウズ株式会社
43920,S100XUAL,有価証券報告書－第8期(2025/01/01－2025/12/31),2026-03-27 15:32,ＦＩＧ株式会社
37580,S100XUMZ,有価証券報告書－第24期(2025/01/01－2025/12/31),2026-03-27 15:35,株式会社アエリア
39810,S100XUQE,有価証券報告書－第13期(2025/01/01－2025/12/31),2026-03-27 15:37,株式会社ビーグリー
42640,S100XTNP,有価証券報告書－第24期(2025/01/01－2025/12/31),2026-03-27 15:38,株式会社セキュア
95610,S100XV2A,有価証券報告書－第19期(2025/01/01－2025/12/31),2026-03-27 15:39,株式会社グラッドキューブ
39280,S100XRSE,有価証券報告書－第20期(2025/01/01－2025/12/31),2026-03-27 15:39,株式会社マイネット
92710,S100XUPT,有価証券報告書－第23期(2025/01/01－2025/12/31),2026-03-27 15:39,株式会社和心
45830,S100XUJT,有価証券報告書－第22期(2025/01/01－2025/12/31),2026-03-27 15:40,株式会社カイオム・バイオサイエンス
39980,S100XUP0,有価証券報告書－第18期(2025/01/01－2025/12/31),2026-03-27 15:40,株式会社すららネット
51010,S100XV3S,訂正有価証券報告書－第150期(2025/01/01－2025/12/31),2026-03-27 15:42,横浜ゴム株式会社
70930,S100XV2Z,有価証券報告書－第12期(2025/01/01－2025/12/31),2026-03-27 15:43,アディッシュ株式会社
96120,S100XUUG,有価証券報告書－第56期(2025/01/01－2025/12/31),2026-03-27 15:47,株式会社ラックランド
43770,S100XUP3,有価証券報告書－第11期(2025/01/01－2025/12/31),2026-03-27 15:48,株式会社ワンキャリア
39760,S100XV3B,有価証券報告書－第25期(2024/11/01－2025/12/31),2026-03-27 15:49,株式会社シャノン
37770,S100XV28,有価証券報告書－第32期(2025/01/01－2025/12/31),2026-03-27 15:51,株式会社環境フレンドリーホールディングス
79860,S100XV0H,有価証券報告書－第79期(2025/01/01－2025/12/31),2026-03-27 15:54,日本アイ・エス・ケイ株式会社
38070,S100XV4F,有価証券報告書－第32期(2025/01/01－2025/12/31),2026-03-27 15:59,株式会社フィスコ
55370,S100XV4H,有価証券報告書－第15期(2025/01/01－2025/12/31),2026-03-27 16:00,株式会社ＡｌｂａＬｉｎｋ
47660,S100XUYO,有価証券報告書－第40期(2025/01/01－2025/12/31),2026-03-27 16:00,株式会社ピーエイ
92460,S100XUQY,有価証券報告書－第10期(2025/01/01－2025/12/31),2026-03-27 16:00,株式会社プロジェクトホールディングス
43710,S100XUXC,有価証券報告書－第17期(2025/01/01－2025/12/31),2026-03-27 16:03,株式会社コアコンセプト・テクノロジー
22150,S100XV32,有価証券報告書－第84期(2025/01/01－2025/12/31),2026-03-27 16:04,第一屋製パン株式会社
48920,S100XV4M,有価証券報告書－第16期(2025/01/01－2025/12/31),2026-03-27 16:06,株式会社サイフューズ
93990,S100XV05,有価証券報告書－第22期(2025/01/01－2025/12/31),2026-03-27 16:10,ビート・ホールディングス・リミテッド　（貝德控股有限公司、Ｂｅａｔ　Ｈｏｌｄｉｎｇｓ　Ｌｉｍｉｔｅｄ）
32410,S100XUX4,有価証券報告書－第31期(2025/01/01－2025/12/31),2026-03-27 16:16,株式会社ウィル
70440,S100XTO4,有価証券報告書－第22期(2025/01/01－2025/12/31),2026-03-27 16:21,株式会社ピアラ
44870,S100XUYI,有価証券報告書－第12期(2025/01/01－2025/12/31),2026-03-27 16:25,株式会社スペースマーケット
56180,S100XV5Y,有価証券報告書－第19期(2025/01/01－2025/12/31),2026-03-27 16:28,ナイル株式会社
43510,S100XU23,有価証券報告書－第45期(2025/01/01－2025/12/31),2026-03-27 16:32,株式会社山田再生系債権回収総合事務所
44490,S100XUO8,有価証券報告書－第16期(2025/01/01－2025/12/31),2026-03-27 16:35,株式会社ギフティ
42860,S100XUVG,有価証券報告書－第38期(2025/01/01－2025/12/31),2026-03-27 16:37,株式会社ＣＬホールディングス
65730,S100XURW,有価証券報告書－第19期(2025/01/01－2025/12/31),2026-03-27 16:38,ＣＲＡＶＩＡ株式会社
36710,S100XURZ,有価証券報告書－第53期(2025/01/01－2025/12/31),2026-03-27 16:41,ソフトマックス株式会社
21600,S100XV4B,有価証券報告書－第25期(2025/01/01－2025/12/31),2026-03-27 16:55,株式会社ジーエヌアイグループ
44800,S100XUX3,有価証券報告書－第17期(2025/01/01－2025/12/31),2026-03-27 17:00,株式会社メドレー
56190,S100XU72,有価証券報告書－第11期(2025/01/01－2025/12/31),2026-03-26 09:00,マーソ株式会社
96560,S100XSM3,有価証券報告書－第47期(2025/01/01－2025/12/31),2026-03-26 09:00,グリーンランドリゾート株式会社
62230,S100XTV5,有価証券報告書－第61期(2025/01/01－2025/12/31),2026-03-26 09:03,株式会社　西部技研
74250,S100XT3I,有価証券報告書－第68期(2025/01/01－2025/12/31),2026-03-26 09:04,初穂商事株式会社
45950,S100XTF0,有価証券報告書－第49期(2025/01/01－2025/12/31),2026-03-26 09:10,株式会社ミズホメディー
52140,S100XU17,有価証券報告書－第107期(2025/01/01－2025/12/31),2026-03-26 09:10,日本電気硝子株式会社
22160,S100XTWS,有価証券報告書－第76期(2025/01/01－2025/12/31),2026-03-26 09:14,カンロ株式会社
65240,S100XT3K,有価証券報告書－第67期(2025/01/01－2025/12/31),2026-03-26 09:27,湖北工業株式会社
63020,S100XT1R,有価証券報告書－第130期(2025/01/01－2025/12/31),2026-03-26 09:29,住友重機械工業株式会社
31960,S100XU8Z,有価証券報告書－第35期(2025/01/01－2025/12/31),2026-03-26 09:38,株式会社ホットランドホールディングス
48480,S100XTTU,有価証券報告書－第33期(2025/01/01－2025/12/31),2026-03-26 09:43,株式会社フルキャストホールディングス
78460,S100XU5I,有価証券報告書－第24期(2025/01/01－2025/12/31),2026-03-26 10:01,株式会社パイロットコーポレーション
35660,S100XTR8,有価証券報告書－第32期(2025/01/01－2025/12/31),2026-03-26 10:02,ユニフォームネクスト株式会社
97680,S100XTWL,有価証券報告書－第58期(2025/01/01－2025/12/31),2026-03-26 10:02,いであ株式会社
60540,S100XSWS,有価証券報告書－第20期(2025/01/01－2025/12/31),2026-03-26 10:04,株式会社リブセンス
24910,S100XU5J,有価証券報告書－第30期(2025/01/01－2025/12/31),2026-03-26 10:06,バリューコマース株式会社
63760,S100XU3R,有価証券報告書－第85期(2025/01/01－2025/12/31),2026-03-26 10:06,日機装株式会社
32040,S100XTN7,有価証券報告書－第24期(2025/01/01－2025/12/31),2026-03-26 10:13,株式会社トーア紡コーポレーション
45780,S100XUA7,有価証券報告書－第18期(2025/01/01－2025/12/31),2026-03-26 10:13,大塚ホールディングス株式会社
20090,S100XTAP,有価証券報告書－第91期(2025/01/01－2025/12/31),2026-03-26 10:22,鳥越製粉株式会社
59500,S100XS9S,有価証券報告書－第63期(2025/01/01－2025/12/31),2026-03-26 10:36,日本パワーファスニング株式会社
77400,S100XUB4,有価証券報告書－第79期(2025/01/01－2025/12/31),2026-03-26 10:42,株式会社タムロン
19940,S100XUAO,有価証券報告書－第61期(2025/01/01－2025/12/31),2026-03-26 11:06,高橋カーテンウォール工業株式会社
65610,S100XU2F,有価証券報告書－第21期(2025/01/01－2025/12/31),2026-03-26 11:10,株式会社ＨＡＮＡＴＯＵＲ　ＪＡＰＡＮ
52420,S100XU39,有価証券報告書－第19期(2025/01/01－2025/12/31),2026-03-26 11:11,株式会社アイズ
66300,S100XSSJ,有価証券報告書－第52期(2025/05/01－2025/12/31),2026-03-26 11:17,ヤーマン株式会社
60990,S100XU87,有価証券報告書－第32期(2025/01/01－2025/12/31),2026-03-26 11:28,株式会社エラン
34360,S100XRR5,有価証券報告書－第27期(2025/01/01－2025/12/31),2026-03-26 11:30,株式会社ＳＵＭＣＯ
51050,S100XTYE,有価証券報告書－第110期(2025/01/01－2025/12/31),2026-03-26 11:44,ＴＯＹＯ　ＴＩＲＥ株式会社
45720,S100XSFK,有価証券報告書－第23期(2025/01/01－2025/12/31),2026-03-26 11:54,カルナバイオサイエンス株式会社
66350,S100XUDS,有価証券報告書－第47期(2025/01/01－2025/12/31),2026-03-26 12:01,株式会社大日光・エンジニアリング
97020,S100XU2G,有価証券報告書－第56期(2025/01/01－2025/12/31),2026-03-26 12:28,株式会社アイ・エス・ビー
31380,S100XUDW,有価証券報告書－第24期(2025/01/01－2025/12/31),2026-03-26 12:31,株式会社富士山マガジンサービス
29860,S100XUF0,有価証券報告書－第6期(2025/01/01－2025/12/31),2026-03-26 12:53,株式会社ＬＡホールディングス
39470,S100XT1X,有価証券報告書－第64期(2025/01/01－2025/12/31),2026-03-26 12:54,ダイナパック株式会社
39040,S100XU3X,訂正有価証券報告書－第21期(2025/01/01－2025/12/31),2026-03-26 12:54,株式会社カヤック
62690,S100XU6C,有価証券報告書－第40期(2025/01/01－2025/12/31),2026-03-26 12:59,三井海洋開発株式会社
49120,S100XU1E,有価証券報告書－第165期(2025/01/01－2025/12/31),2026-03-26 13:00,ライオン株式会社
64590,S100XU5A,有価証券報告書－第65期(2025/01/01－2025/12/31),2026-03-26 13:01,大和冷機工業株式会社
52160,S100XU8N,有価証券報告書－第51期(2025/01/01－2025/12/31),2026-03-26 13:04,株式会社倉元製作所
30010,S100XTK8,有価証券報告書－第117期(2025/01/01－2025/12/31),2026-03-26 13:06,片倉工業株式会社
73590,S100XU1Y,有価証券報告書－第11期(2025/01/01－2025/12/31),2026-03-26 13:17,株式会社東京通信グループ
78330,S100XT95,有価証券報告書－第31期(2025/01/01－2025/12/31),2026-03-26 13:30,株式会社アイフィスジャパン
66940,S100XTUG,有価証券報告書－第43期(2025/01/01－2025/12/31),2026-03-26 13:42,株式会社ズーム
42350,S100XU4V,有価証券報告書－第61期(2025/01/01－2025/12/31),2026-03-26 13:49,ウルトラファブリックス・ホールディングス株式会社
44820,S100XUGF,有価証券報告書－第22期(2025/01/01－2025/12/31),2026-03-26 13:53,株式会社ウィルズ
149A0,S100XUGX,有価証券報告書－第12期(2025/01/01－2025/12/31),2026-03-26 13:54,株式会社シンカ
73620,S100XU5X,有価証券報告書－第16期(2025/01/01－2025/12/31),2026-03-26 13:57,株式会社Ｔ．Ｓ．Ｉ
44500,S100XU6D,有価証券報告書－第24期(2025/01/01－2025/12/31),2026-03-26 14:01,株式会社パワーソリューションズ
37750,S100XUBY,有価証券報告書－第28期(2025/01/01－2025/12/31),2026-03-26 14:04,株式会社ガイアックス
47040,S100XUHN,有価証券報告書－第37期(2025/01/01－2025/12/31),2026-03-26 14:16,トレンドマイクロ株式会社
76250,S100XTRA,有価証券報告書－第53期(2025/01/01－2025/12/31),2026-03-26 14:22,株式会社グローバルダイニング
25730,S100XRTE,有価証券報告書－第64期(2025/01/01－2025/12/31),2026-03-26 14:26,北海道コカ・コーラボトリング株式会社
47680,S100XU0X,有価証券報告書－第65期(2025/01/01－2025/12/31),2026-03-26 14:26,株式会社　大塚商会
146A0,S100XUIC,有価証券報告書－第13期(2025/01/01－2025/12/31),2026-03-26 14:27,コロンビア・ワークス株式会社
31970,S100XUBI,有価証券報告書－第15期(2025/01/01－2025/12/31),2026-03-26 14:40,株式会社すかいらーくホールディングス
67690,S100XTHX,有価証券報告書－第34期(2025/01/01－2025/12/31),2026-03-26 14:46,ザインエレクトロニクス株式会社
24990,S100XTS2,有価証券報告書－第40期(2025/01/01－2025/12/31),2026-03-26 14:47,日本和装ホールディングス株式会社
51870,S100XUEF,有価証券報告書－第52期(2025/01/01－2025/12/31),2026-03-26 14:52,クリエートメディック株式会社
50350,S100XU4M,有価証券報告書－第30期(2025/01/01－2025/12/31),2026-03-26 14:59,ＨＯＵＳＥＩ株式会社
64000,S100XUJ9,有価証券報告書－第61期(2025/01/01－2025/12/31),2026-03-26 15:00,不二精機株式会社
71280,S100XU07,有価証券報告書－第5期(2025/01/01－2025/12/31),2026-03-26 15:02,ユニソルホールディングス株式会社
79840,S100XUE1,有価証券報告書－第79期(2025/01/01－2025/12/31),2026-03-26 15:02,コクヨ株式会社
34490,S100XU8H,有価証券報告書－第25期(2025/01/01－2025/12/31),2026-03-26 15:10,株式会社テクノフレックス
46120,S100XU2S,有価証券報告書－第200期(2025/01/01－2025/12/31),2026-03-26 15:16,日本ペイントホールディングス株式会社
77760,S100XUKD,有価証券報告書－第25期(2025/01/01－2025/12/31),2026-03-26 15:16,株式会社セルシード
16050,S100XU9L,有価証券報告書－第20期(2025/01/01－2025/12/31),2026-03-26 15:17,株式会社ＩＮＰＥＸ
55630,S100XUK7,有価証券報告書－第126期(2025/01/01－2025/12/31),2026-03-26 15:22,新日本電工株式会社
46420,S100XU33,有価証券報告書－第64期(2025/01/01－2025/12/31),2026-03-26 15:22,オリジナル設計株式会社
59430,S100XUKL,有価証券報告書－第76期(2025/01/01－2025/12/31),2026-03-26 15:24,株式会社ノーリツ
98270,S100XUAQ,有価証券報告書－第85期(2025/01/01－2025/12/31),2026-03-26 15:25,リリカラ株式会社
34820,S100XUBZ,有価証券報告書－第14期(2025/01/01－2025/12/31),2026-03-26 15:30,ロードスターキャピタル株式会社
59590,S100XUL3,有価証券報告書－第82期(2025/01/01－2025/12/31),2026-03-26 15:30,岡部株式会社
47550,S100XTNW,有価証券報告書－第29期(2025/01/01－2025/12/31),2026-03-26 15:30,楽天グループ株式会社
219A0,S100XUL5,有価証券報告書－第10期(2024/11/01－2025/12/31),2026-03-26 15:30,Ｈｅａｒｔｓｅｅｄ株式会社
93450,S100XUK8,有価証券報告書－第14期(2025/01/01－2025/12/31),2026-03-26 15:30,ビズメイツ株式会社
34520,S100XTWZ,有価証券報告書－第18期(2025/01/01－2025/12/31),2026-03-26 15:30,株式会社ビーロット
50390,S100XU41,有価証券報告書－第10期(2025/01/01－2025/12/31),2026-03-26 15:30,株式会社キットアライブ
73540,S100XUHI,有価証券報告書－第9期(2025/01/01－2025/12/31),2026-03-26 15:30,株式会社ダイレクトマーケティングミックス
39110,S100XU6G,有価証券報告書－第15期(2025/01/01－2025/12/31),2026-03-26 15:30,株式会社Ａｉｍｉｎｇ
24360,S100XUFT,有価証券報告書－第62期(2025/01/01－2025/12/31),2026-03-26 15:31,共同ピーアール株式会社
34450,S100XUA2,有価証券報告書－第16期(2025/01/01－2025/12/31),2026-03-26 15:31,株式会社ＲＳ　Ｔｅｃｈｎｏｌｏｇｉｅｓ
50270,S100XUHG,有価証券報告書－第7期(2025/01/01－2025/12/31),2026-03-26 15:31,ＡｎｙＭｉｎｄ　Ｇｒｏｕｐ株式会社
60710,S100XUID,有価証券報告書－第20期(2025/01/01－2025/12/31),2026-03-26 15:33,株式会社ＩＢＪ
41800,S100XTNG,有価証券報告書－第8期(2025/01/01－2025/12/31),2026-03-26 15:34,Ａｐｐｉｅｒ　Ｇｒｏｕｐ株式会社
66530,S100XU9B,有価証券報告書－第122期(2025/01/01－2025/12/31),2026-03-26 15:34,株式会社正興電機製作所
21240,S100XU6Z,有価証券報告書－第39期(2025/01/01－2025/12/31),2026-03-26 15:38,株式会社ジェイエイシーリクルートメント
55910,S100XULB,有価証券報告書－第8期(2025/01/01－2025/12/31),2026-03-26 15:38,株式会社ＡＶＩＬＥＮ
39680,S100XTVB,有価証券報告書－第12期(2025/01/01－2025/12/31),2026-03-26 15:38,セグエグループ株式会社
36830,S100XU98,有価証券報告書－第62期(2025/01/01－2025/12/31),2026-03-26 15:39,株式会社サイバーリンクス
30530,S100XULF,有価証券報告書－第41期(2025/01/01－2025/12/31),2026-03-26 15:39,株式会社ペッパーフードサービス
148A0,S100XS1R,有価証券報告書－第26期(2025/01/01－2025/12/31),2026-03-26 15:43,株式会社ハッチ・ワーク
36800,S100XTX2,有価証券報告書－第27期(2025/01/01－2025/12/31),2026-03-26 15:46,株式会社ホットリンク
44280,S100XUCN,有価証券報告書－第39期(2025/01/01－2025/12/31),2026-03-26 15:52,株式会社シノプス
40190,S100XTWU,有価証券報告書－第10期(2025/01/01－2025/12/31),2026-03-26 15:53,株式会社スタメン
69140,S100XU36,有価証券報告書－第47期(2025/01/01－2025/12/31),2026-03-26 15:58,オプテックスグループ株式会社
31050,S100XT05,有価証券報告書－第183期(2025/01/01－2025/12/31),2026-03-26 16:00,日清紡ホールディングス株式会社
60290,S100XU1F,有価証券報告書－第21期(2025/01/01－2025/12/31),2026-03-26 16:05,アトラグループ株式会社
32760,S100XTQS,有価証券報告書－第24期(2025/01/01－2025/12/31),2026-03-26 16:05,株式会社ＪＰＭＣ
36560,S100XU7P,有価証券報告書－第26期(2025/01/01－2025/12/31),2026-03-26 16:07,ＫＬａｂ株式会社
281A0,S100XTSK,有価証券報告書－第13期(2025/01/01－2025/12/31),2026-03-26 16:08,インフォメティス株式会社
23300,S100XTKS,有価証券報告書－第26期(2025/01/01－2025/12/31),2026-03-26 16:17,株式会社フォーサイド
40740,S100XUN1,有価証券報告書－第9期(2025/01/01－2025/12/31),2026-03-26 16:26,株式会社ラキール
504A0,S100XUN8,有価証券報告書－第5期(2025/01/01－2025/12/31),2026-03-26 16:27,イノバセル株式会社
44810,S100XUKI,有価証券報告書－第29期(2025/01/01－2025/12/31),2026-03-26 16:28,ベース株式会社
65920,S100XUAX,有価証券報告書－第85期(2025/01/01－2025/12/31),2026-03-26 16:40,マブチモーター株式会社
58190,S100XULV,訂正有価証券報告書－第53期(2025/01/01－2025/12/31),2026-03-26 16:49,カナレ電気株式会社
73470,S100XQHE,有価証券報告書－第5期(2025/01/01－2025/12/31),2026-03-26 16:54,株式会社マーキュリアホールディングス
53010,S100XU85,有価証券報告書－第164期(2025/01/01－2025/12/31),2026-03-26 17:00,東海カーボン株式会社
290A0,S100XUO9,有価証券報告書－第8期(2025/01/01－2025/12/31),2026-03-26 17:01,株式会社Ｓｙｎｓｐｅｃｔｉｖｅ
42450,S100XU1D,有価証券報告書－第21期(2025/01/01－2025/12/31),2026-03-26 17:14,株式会社ダイキアクシス
52570,S100XT6D,有価証券報告書－第44期(2025/01/01－2025/12/31),2026-03-25 09:00,ノバシステム株式会社
36670,S100XTDL,有価証券報告書－第17期(2025/01/01－2025/12/31),2026-03-25 09:00,株式会社ｅｎｉｓｈ
40250,S100XS6V,有価証券報告書－第107期(2025/01/01－2025/12/31),2026-03-25 09:02,多木化学株式会社
44520,S100XT6G,有価証券報告書－第120期(2025/01/01－2025/12/31),2026-03-25 09:14,花王株式会社
77390,S100XSYM,有価証券報告書－第87期(2025/01/01－2025/12/31),2026-03-25 09:28,キヤノン電子株式会社
47220,S100XTFP,有価証券報告書－第37期(2025/01/01－2025/12/31),2026-03-25 09:46,フューチャー株式会社
49670,S100XSXS,有価証券報告書－第108期(2025/01/01－2025/12/31),2026-03-25 10:00,小林製薬株式会社
97550,S100XTJV,有価証券報告書－第69期(2025/01/01－2025/12/31),2026-03-25 10:01,応用地質株式会社
18970,S100XT0W,有価証券報告書－第75期(2025/01/01－2025/12/31),2026-03-25 10:03,金下建設株式会社
45880,S100XTMG,有価証券報告書－第22期(2025/01/01－2025/12/31),2026-03-25 10:04,オンコリスバイオファーマ株式会社
45630,S100XTMQ,有価証券報告書－第27期(2025/01/01－2025/12/31),2026-03-25 10:06,アンジェス株式会社
75310,S100XSS6,有価証券報告書－第72期(2025/01/01－2025/12/31),2026-03-25 10:15,清和中央ホールディングス株式会社
72280,S100XSX2,有価証券報告書－第54期(2025/01/01－2025/12/31),2026-03-25 10:30,株式会社デイトナ
58680,S100XSJ5,有価証券報告書－第32期(2025/01/01－2025/12/31),2026-03-25 10:38,株式会社ロココ
21930,S100XTNM,有価証券報告書－第29期(2025/01/01－2025/12/31),2026-03-25 10:38,クックパッド株式会社
95430,S100XTDX,有価証券報告書－第178期(2025/01/01－2025/12/31),2026-03-25 10:40,静岡ガス株式会社
39480,S100XSVY,有価証券報告書－第58期(2025/01/01－2025/12/31),2026-03-25 10:54,光ビジネスフォーム株式会社
36490,S100XTNK,有価証券報告書－第41期(2025/01/01－2025/12/31),2026-03-25 11:18,株式会社ファインデックス
36640,S100XTGV,有価証券報告書－第22期(2025/01/01－2025/12/31),2026-03-25 11:26,株式会社モブキャストホールディングス
53100,S100XTP9,有価証券報告書－第84期(2025/01/01－2025/12/31),2026-03-25 11:28,東洋炭素株式会社
81650,S100XRKS,有価証券報告書－第81期(2025/01/01－2025/12/31),2026-03-25 11:30,株式会社千趣会
32610,S100XTGC,有価証券報告書－第20期(2025/01/01－2025/12/31),2026-03-25 11:31,株式会社グランディーズ
17180,S100XTPB,有価証券報告書－第64期(2025/01/01－2025/12/31),2026-03-25 11:33,美樹工業株式会社
68710,S100XTD8,有価証券報告書－第55期(2025/01/01－2025/12/31),2026-03-25 11:42,株式会社日本マイクロニクス
24610,S100XRYY,有価証券報告書－第27期(2025/01/01－2025/12/31),2026-03-25 11:51,株式会社ファンコミュニケーションズ
41710,S100XTHD,有価証券報告書－第31期(2025/01/01－2025/12/31),2026-03-25 12:00,株式会社グローバルインフォメーション
261A0,S100XTPW,有価証券報告書－第68期(2025/01/01－2025/12/31),2026-03-25 12:00,株式会社日水コン
49270,S100XSDL,有価証券報告書－第20期(2025/01/01－2025/12/31),2026-03-25 12:04,株式会社ポーラ・オルビスホールディングス
94410,S100XT5G,有価証券報告書－第33期(2025/01/01－2025/12/31),2026-03-25 12:08,株式会社ベルパーク
24180,S100XTC0,有価証券報告書－第31期(2025/01/01－2025/12/31),2026-03-25 12:11,株式会社ツカダ・グローバルホールディング
43720,S100XS86,有価証券報告書－第28期(2025/01/01－2025/12/31),2026-03-25 12:30,ユミルリンク株式会社
68530,S100XSGM,有価証券報告書－第79期(2025/01/01－2025/12/31),2026-03-25 12:48,株式会社共和電業
27000,S100XSQ8,有価証券報告書－第78期(2025/01/01－2025/12/31),2026-03-25 12:55,木徳神糧株式会社
46410,S100XTGN,有価証券報告書－第45期(2025/01/01－2025/12/31),2026-03-25 12:57,株式会社アルプス技研
78410,S100XTH1,有価証券報告書－第76期(2025/01/01－2025/12/31),2026-03-25 13:00,株式会社遠藤製作所
58510,S100XT40,有価証券報告書－第114期(2025/01/01－2025/12/31),2026-03-25 13:04,リョービ株式会社
47720,S100XTT0,有価証券報告書－第55期(2025/01/01－2025/12/31),2026-03-25 13:08,株式会社ＳＭ　ＥＮＴＥＲＴＡＩＮＭＥＮＴ　ＪＡＰＡＮ
18990,S100XT0V,有価証券報告書－第99期(2025/01/01－2025/12/31),2026-03-25 13:09,株式会社福田組
40040,S100XTT8,有価証券報告書－第117期(2025/01/01－2025/12/31),2026-03-25 13:14,株式会社レゾナック・ホールディングス
39400,S100XTIP,有価証券報告書－第41期(2025/01/01－2025/12/31),2026-03-25 13:17,株式会社ノムラシステムコーポレーション
17240,S100XT97,有価証券報告書－第64期(2025/01/01－2025/12/31),2026-03-25 13:28,シンクレイヤ株式会社
50100,S100XTUB,有価証券報告書－第99期(2025/01/01－2025/12/31),2026-03-25 13:44,日本精蝋株式会社
40450,S100XTI8,有価証券報告書－第113期(2025/01/01－2025/12/31),2026-03-25 14:37,東亞合成株式会社
76850,S100XTBY,有価証券報告書－第25期(2025/01/01－2025/12/31),2026-03-25 14:03,株式会社ＢｕｙＳｅｌｌ　Ｔｅｃｈｎｏｌｏｇｉｅｓ
53020,S100XT3M,有価証券報告書－第167期(2025/01/01－2025/12/31),2026-03-25 14:07,日本カーボン株式会社
62350,S100XTSL,有価証券報告書－第27期(2025/01/01－2025/12/31),2026-03-25 14:18,株式会社オプトラン
53370,S100XSWN,有価証券報告書－第198期(2025/01/01－2025/12/31),2026-03-25 14:27,ダントーホールディングス株式会社
48830,S100XSHO,有価証券報告書－第10期(2025/01/01－2025/12/31),2026-03-25 14:32,株式会社モダリス
41890,S100XT28,有価証券報告書－第16期(2025/01/01－2025/12/31),2026-03-25 14:35,ＫＨネオケム株式会社
96720,S100XTJA,有価証券報告書－第102期(2025/01/01－2025/12/31),2026-03-25 14:45,東京都競馬株式会社
26930,S100XSLT,有価証券報告書－第49期(2025/01/01－2025/12/31),2026-03-25 14:53,ＹＫＴ株式会社
42840,S100XRPQ,有価証券報告書－第46期(2025/01/01－2025/12/31),2026-03-25 14:57,株式会社　ソルクシーズ
40530,S100XTX9,有価証券報告書－第13期(2025/01/01－2025/12/31),2026-03-25 14:59,株式会社Ｓｕｎ　Ａｓｔｅｒｉｓｋ
79630,S100XTH9,有価証券報告書－第63期(2025/01/01－2025/12/31),2026-03-25 15:00,興研株式会社
69290,S100XTCV,有価証券報告書－第51期(2025/01/01－2025/12/31),2026-03-25 15:00,日本セラミック株式会社
78140,S100XTTY,有価証券報告書－第11期(2025/01/01－2025/12/31),2026-03-25 15:04,株式会社日本創発グループ
25010,S100XTM0,有価証券報告書－第102期(2025/01/01－2025/12/31),2026-03-25 15:08,サッポロホールディングス株式会社
33550,S100XTG9,有価証券報告書－第86期(2025/01/01－2025/12/31),2026-03-25 15:13,クリヤマホールディングス株式会社
22660,S100XSYQ,有価証券報告書－第102期(2025/01/01－2025/12/31),2026-03-25 15:15,六甲バター株式会社
248A0,S100XTN4,有価証券報告書－第12期(2025/01/01－2025/12/31),2026-03-25 15:30,株式会社キッズスター
29700,S100XTGG,有価証券報告書－第18期(2025/01/01－2025/12/31),2026-03-25 15:30,ＧＬＣ　ＧＲＯＵＰ株式会社
55900,S100XTGZ,有価証券報告書－第17期(2025/01/01－2025/12/31),2026-03-25 15:30,株式会社ネットスターズ
77510,S100XTLJ,有価証券報告書－第125期(2025/01/01－2025/12/31),2026-03-25 15:30,キヤノン株式会社
64650,S100XSOT,有価証券報告書－第80期(2025/01/01－2025/12/31),2026-03-25 15:30,ホシザキ株式会社
431A0,S100XTYS,有価証券報告書－第36期(2025/01/01－2025/12/31),2026-03-25 15:30,ユーソナー株式会社
44930,S100XTY6,有価証券報告書－第16期(2025/01/01－2025/12/31),2026-03-25 15:30,株式会社サイバーセキュリティクラウド
73580,S100XTK0,有価証券報告書－第10期(2025/01/01－2025/12/31),2026-03-25 15:30,株式会社ポピンズ
76750,S100XQSG,有価証券報告書－第7期(2025/01/01－2025/12/31),2026-03-25 15:30,セントラルフォレストグループ株式会社
70610,S100XTMW,有価証券報告書－第9期(2025/01/01－2025/12/31),2026-03-25 15:30,日本ホスピスホールディングス株式会社
479A0,S100XTAR,有価証券報告書－第14期(2025/01/01－2025/12/31),2026-03-25 15:31,ＰＲＯＮＩ株式会社
155A0,S100XTWQ,有価証券報告書－第17期(2025/01/01－2025/12/31),2026-03-25 15:31,株式会社情報戦略テクノロジー
52410,S100XTGF,有価証券報告書－第44期(2025/01/01－2025/12/31),2026-03-25 15:33,株式会社日本オーエー研究所
65400,S100XTA7,有価証券報告書－第65期(2025/01/01－2025/12/31),2026-03-25 15:34,株式会社船場
69150,S100XT6S,有価証券報告書－第70期(2025/01/01－2025/12/31),2026-03-25 15:34,千代田インテグレ株式会社
91470,S100XTG8,有価証券報告書－第4期(2025/01/01－2025/12/31),2026-03-25 15:35,ＮＩＰＰＯＮ　ＥＸＰＲＥＳＳホールディングス株式会社
42550,S100XTKE,有価証券報告書－第12期(2025/01/01－2025/12/31),2026-03-25 15:36,ＴＨＥＣＯＯ株式会社
63100,S100XTT5,有価証券報告書－第102期(2025/01/01－2025/12/31),2026-03-25 15:38,井関農機株式会社
42930,S100XT7F,有価証券報告書－第35期(2025/01/01－2025/12/31),2026-03-25 15:39,株式会社セプテーニ・ホールディングス
265A0,S100XTZB,有価証券報告書－第14期(2025/01/01－2025/12/31),2026-03-25 15:39,Ｈｍｃｏｍｍ株式会社
45190,S100XTBJ,有価証券報告書－第115期(2025/01/01－2025/12/31),2026-03-25 15:42,中外製薬株式会社
30640,S100XSYP,有価証券報告書－第26期(2025/01/01－2025/12/31),2026-03-25 15:43,株式会社ＭｏｎｏｔａＲＯ
70810,S100XTYD,有価証券報告書－第56期(2025/01/01－2025/12/31),2026-03-25 15:45,コーユーレンティア株式会社
480A0,S100XT4I,有価証券報告書－第14期(2025/01/01－2025/12/31),2026-03-25 15:47,株式会社リブ・コンサルティング
65330,S100XTR2,有価証券報告書－第17期(2025/01/01－2025/12/31),2026-03-25 15:49,株式会社Ｏｒｃｈｅｓｔｒａ　Ｈｏｌｄｉｎｇｓ
70820,S100XTWJ,有価証券報告書－第15期(2025/01/01－2025/12/31),2026-03-25 15:56,株式会社ジモティー
478A0,S100XU0K,有価証券報告書－第6期(2025/01/01－2025/12/31),2026-03-25 16:00,株式会社フツパー
34860,S100XU06,有価証券報告書－第21期(2025/01/01－2025/12/31),2026-03-25 16:00,株式会社グローバル・リンク・マネジメント
41660,S100XTRE,有価証券報告書－第15期(2025/01/01－2025/12/31),2026-03-25 16:00,かっこ株式会社
62680,S100XTOY,有価証券報告書－第23期(2025/01/01－2025/12/31),2026-03-25 16:00,ナブテスコ株式会社
71120,S100XTL6,有価証券報告書－第32期(2025/01/01－2025/12/31),2026-03-25 16:00,株式会社キューブ
58710,S100XSRF,有価証券報告書－第36期(2025/01/01－2025/12/31),2026-03-25 16:00,ＳＯＬＩＺＥ　Ｈｏｌｄｉｎｇｓ株式会社
64640,S100XTLM,有価証券報告書－第20期(2025/01/01－2025/12/31),2026-03-25 16:00,株式会社ツバキ・ナカシマ
45650,S100XTYN,有価証券報告書－第36期(2025/01/01－2025/12/31),2026-03-25 16:01,ネクセラファーマ株式会社
48400,S100XU05,有価証券報告書－第31期(2025/01/01－2025/12/31),2026-03-25 16:02,株式会社トライアイズ
95390,S100XTA9,有価証券報告書－第141期(2025/01/01－2025/12/31),2026-03-25 16:02,京葉瓦斯株式会社
37440,S100XTY8,有価証券報告書－第29期(2025/01/01－2025/12/31),2026-03-25 16:04,サイオス株式会社
47250,S100XSXA,有価証券報告書－第60期(2025/01/01－2025/12/31),2026-03-25 16:06,株式会社ＣＡＣ　Ｈｏｌｄｉｎｇｓ
95630,S100XU0E,有価証券報告書－第8期(2025/01/01－2025/12/31),2026-03-25 16:09,Ａｔｌａｓ　Ｔｅｃｈｎｏｌｏｇｉｅｓ株式会社
66120,S100XTCP,有価証券報告書－第23期(2025/01/01－2025/12/31),2026-03-25 16:20,バルミューダ株式会社
14490,S100XT84,有価証券報告書－第21期(2025/01/01－2025/12/31),2026-03-25 16:22,株式会社ＦＵＪＩジャパン
30910,S100XT8X,有価証券報告書－第44期(2025/01/01－2025/12/31),2026-03-25 16:26,株式会社ブロンコビリー
377A0,S100XU0T,有価証券報告書－第1期(2025/07/01－2025/12/31),2026-03-25 16:29,株式会社エージェントＩＧホールディングス
66270,S100XTOJ,有価証券報告書－第21期(2025/01/01－2025/12/31),2026-03-25 16:29,株式会社テラプローブ
50150,S100XT5L,有価証券報告書－第49期(2025/01/01－2025/12/31),2026-03-25 16:30,ビーピー・カストロール株式会社
72440,S100XTYP,有価証券報告書－第96期(2025/01/01－2025/12/31),2026-03-25 16:39,市光工業株式会社
34050,S100XSSZ,有価証券報告書－第145期(2025/01/01－2025/12/31),2026-03-25 16:52,株式会社クラレ
39500,S100XU2H,有価証券報告書－第74期(2025/01/01－2025/12/31),2026-03-25 17:02,ザ・パック株式会社
43440,S100XSUV,有価証券報告書－第30期(2025/04/01－2025/12/31),2026-03-24 09:23,ソースネクスト株式会社
94190,S100XSUO,有価証券報告書－第22期(2025/01/01－2025/12/31),2026-03-24 09:42,株式会社ワイヤレスゲート
40720,S100XSJW,有価証券報告書－第5期(2025/01/01－2025/12/31),2026-03-24 09:43,株式会社電算システムホールディングス
21700,S100XSV5,有価証券報告書－第26期(2025/01/01－2025/12/31),2026-03-24 10:06,株式会社リンクアンドモチベーション
89140,S100XSP5,有価証券報告書－第31期(2025/01/01－2025/12/31),2026-03-24 10:09,エリアリンク株式会社
71150,S100XT1E,有価証券報告書－第16期(2025/01/01－2025/12/31),2026-03-24 10:27,株式会社アルファパーチェス
22120,S100XQ5C,有価証券報告書－第78期(2025/01/01－2025/12/31),2026-03-24 10:28,山崎製パン株式会社
48960,S100XSVP,有価証券報告書－第9期(2025/01/01－2025/12/31),2026-03-24 10:30,株式会社ケイファーマ
39130,S100XT1W,有価証券報告書－第19期(2025/01/01－2025/12/31),2026-03-24 10:52,ＧｒｅｅｎＢｅｅ株式会社
175A0,S100XT2X,有価証券報告書－第14期(2025/01/01－2025/12/31),2026-03-24 10:55,株式会社Ｗｉｌｌ　Ｓｍａｒｔ
61490,S100XSNC,有価証券報告書－第47期(2025/01/01－2025/12/31),2026-03-24 11:07,株式会社小田原エンジニアリング
30400,S100XRPJ,有価証券報告書－第48期(2025/01/01－2025/12/31),2026-03-24 11:42,株式会社ソリトンシステムズ
49790,S100XSHI,有価証券報告書－第16期(2025/01/01－2025/12/31),2026-03-24 12:43,ＯＡＴアグリオ株式会社
23110,S100XSPG,有価証券報告書－第36期(2025/01/01－2025/12/31),2026-03-24 12:44,株式会社エプコ
32990,S100XT1L,有価証券報告書－第36期(2025/01/01－2025/12/31),2026-03-24 12:59,株式会社ムゲンエステート
45970,S100XT68,有価証券報告書－第18期(2025/01/01－2025/12/31),2026-03-24 13:07,ソレイジア・ファーマ株式会社
52010,S100XSTU,有価証券報告書－第101期(2025/01/01－2025/12/31),2026-03-24 13:32,ＡＧＣ株式会社
80600,S100XS8C,有価証券報告書－第58期(2025/01/01－2025/12/31),2026-03-24 13:40,キヤノンマーケティングジャパン株式会社
32770,S100XSVW,有価証券報告書－第50期(2025/01/01－2025/12/31),2026-03-24 14:01,株式会社サンセイランディック
44040,S100XSY8,有価証券報告書－第100期(2025/01/01－2025/12/31),2026-03-24 14:44,ミヨシ油脂株式会社
51100,S100XT7A,有価証券報告書－第134期(2025/01/01－2025/12/31),2026-03-24 14:45,住友ゴム工業株式会社
73140,S100XT5I,有価証券報告書－第47期(2025/01/01－2025/12/31),2026-03-24 15:12,株式会社小田原機器
40580,S100XS1A,有価証券報告書－第16期(2025/01/01－2025/12/31),2026-03-24 15:30,トヨクモ株式会社
21950,S100XRZ8,有価証券報告書－第16期(2025/01/01－2025/12/31),2026-03-24 15:30,アミタホールディングス株式会社
14350,S100XSYD,有価証券報告書－第20期(2025/01/01－2025/12/31),2026-03-24 15:30,株式会社ｒｏｂｏｔ　ｈｏｍｅ
268A0,S100XTB1,有価証券報告書－第5期(2025/01/01－2025/12/31),2026-03-24 15:30,リガク・ホールディングス株式会社
262A0,S100XT2Q,有価証券報告書－第33期(2025/01/01－2025/12/31),2026-03-24 15:30,株式会社インターメスティック
24890,S100XSXU,有価証券報告書－第26期(2025/01/01－2025/12/31),2026-03-24 15:30,株式会社アドウェイズ
421A0,S100XSRL,有価証券報告書－第26期(2025/01/01－2025/12/31),2026-03-24 15:30,株式会社ムービン・ストラテジック・キャリア
96220,S100XT9C,有価証券報告書－第54期(2025/01/01－2025/12/31),2026-03-24 15:30,株式会社スペース
298A0,S100XSCJ,有価証券報告書－第9期(2025/01/01－2025/12/31),2026-03-24 15:30,ＧＶＡ　ＴＥＣＨ株式会社
57040,S100XSBE,有価証券報告書－第34期(2025/01/01－2025/12/31),2026-03-24 15:31,株式会社ＪＭＣ
47120,S100XSVU,有価証券報告書－第59期(2025/01/01－2025/12/31),2026-03-24 15:31,株式会社ＫｅｙＨｏｌｄｅｒ
73530,S100XSRQ,有価証券報告書－第16期(2025/01/01－2025/12/31),2026-03-24 15:31,ＫＩＹＯラーニング株式会社
43560,S100XSUL,有価証券報告書－第43期(2025/01/01－2025/12/31),2026-03-24 15:31,応用技術株式会社
50280,S100XSMG,有価証券報告書－第10期(2025/01/01－2025/12/31),2026-03-24 15:31,セカンドサイトアナリティカ株式会社
63830,S100XT4W,有価証券報告書－第110期(2025/01/01－2025/12/31),2026-03-24 15:31,株式会社ダイフク
49220,S100XSUW,有価証券報告書－第84期(2025/01/01－2025/12/31),2026-03-24 15:35,株式会社コーセーホールディングス
97310,S100XT2K,有価証券報告書－第133期(2025/01/01－2025/12/31),2026-03-24 15:39,株式会社白洋舍
45740,S100XSJ2,有価証券報告書－第80期(2025/01/01－2025/12/31),2026-03-24 15:39,大幸薬品株式会社
45930,S100XTBP,有価証券報告書－第15期(2025/01/01－2025/12/31),2026-03-24 15:39,株式会社ヘリオス
49850,S100XSLS,有価証券報告書－第102期(2025/01/01－2025/12/31),2026-03-24 15:40,アース製薬株式会社
58910,S100XTBZ,有価証券報告書－第23期(2025/01/01－2025/12/31),2026-03-24 15:43,株式会社魁力屋
70330,S100XT2O,有価証券報告書－第21期(2025/01/01－2025/12/31),2026-03-24 15:57,株式会社マネジメントソリューションズ
66330,S100XRYC,有価証券報告書－第19期(2025/01/01－2025/12/31),2026-03-24 16:00,株式会社ＣＧＳホールディングス
70430,S100XT2J,有価証券報告書－第23期(2025/01/01－2025/12/31),2026-03-24 16:00,アルー株式会社
41920,S100XT30,有価証券報告書－第27期(2025/01/01－2025/12/31),2026-03-24 16:00,スパイダープラス株式会社
55890,S100XTAQ,有価証券報告書－第11期(2025/01/01－2025/12/31),2026-03-24 16:00,株式会社オートサーバー
41860,S100XT0N,有価証券報告書－第96期(2025/01/01－2025/12/31),2026-03-24 16:00,東京応化工業株式会社
39140,S100XSVD,有価証券報告書－第25期(2025/01/01－2025/12/31),2026-03-24 16:00,ＪＩＧ－ＳＡＷ株式会社
62780,S100XSU7,有価証券報告書－第65期(2025/01/01－2025/12/31),2026-03-24 16:00,ユニオンツール株式会社
85080,S100XSDT,有価証券報告書－第50期(2025/01/01－2025/12/31),2026-03-24 16:02,Ｊトラスト株式会社
62500,S100XSYR,有価証券報告書－第18期(2025/01/01－2025/12/31),2026-03-24 16:04,株式会社やまびこ
60780,S100XT60,有価証券報告書－第25期(2025/01/01－2025/12/31),2026-03-24 16:06,株式会社バリューＨＲ
51390,S100XTDI,有価証券報告書－第19期(2025/01/01－2025/12/31),2026-03-24 16:10,オープンワーク株式会社
36590,S100XSM4,有価証券報告書－第24期(2025/01/01－2025/12/31),2026-03-24 16:14,株式会社ネクソン
25970,S100XTDG,有価証券報告書－第54期(2025/01/01－2025/12/31),2026-03-24 16:14,株式会社ユニカフェ
89290,S100XTDE,有価証券報告書－第35期(2025/01/01－2025/12/31),2026-03-24 16:20,株式会社青山財産ネットワークス
41780,S100XS7T,有価証券報告書－第18期(2025/01/01－2025/12/31),2026-03-24 16:24,株式会社Ｓｈａｒｉｎｇ　Ｉｎｎｏｖａｔｉｏｎｓ
23840,S100XSXL,有価証券報告書－第40期(2025/01/01－2025/12/31),2026-03-24 16:33,ＳＢＳホールディングス株式会社
39020,S100XSN5,有価証券報告書－第23期(2025/01/01－2025/12/31),2026-03-24 16:34,メディカル・データ・ビジョン株式会社
45820,S100XNE5,有価証券報告書－第21期(2025/01/01－2025/12/31),2026-03-24 16:37,シンバイオ製薬株式会社
48810,S100XTDT,有価証券報告書－第13期(2025/01/01－2025/12/31),2026-03-24 17:00,株式会社ファンペップ
81130,S100XSEU,有価証券報告書－第66期(2025/01/01－2025/12/31),2026-03-23 09:00,ユニ・チャーム株式会社
65600,S100XRW4,有価証券報告書－第24期(2025/01/01－2025/12/31),2026-03-23 09:02,株式会社エル・ティー・エス
79150,S100XS06,有価証券報告書－第107期(2025/01/01－2025/12/31),2026-03-23 10:00,ＮＩＳＳＨＡ株式会社
22110,S100XS9W,有価証券報告書－第131期(2025/01/01－2025/12/31),2026-03-23 10:05,株式会社不二家
85940,S100XSCO,有価証券報告書－第54期(2025/01/01－2025/12/31),2026-03-23 10:08,中道リース株式会社
130A0,S100XSIT,有価証券報告書－第10期(2025/01/01－2025/12/31),2026-03-23 10:36,株式会社Ｖｅｒｉｔａｓ　Ｉｎ　Ｓｉｌｉｃｏ
89960,S100XS94,有価証券報告書－第31期(2025/01/01－2025/12/31),2026-03-23 10:51,株式会社ハウスフリーダム
93430,S100XS2D,有価証券報告書－第27期(2025/01/01－2025/12/31),2026-03-23 11:00,株式会社アイビス
36730,S100XS43,有価証券報告書－第17期(2025/01/01－2025/12/31),2026-03-23 11:40,株式会社ブロードリーフ
42480,S100XSML,有価証券報告書－第75期(2025/01/01－2025/12/31),2026-03-23 12:32,竹本容器株式会社
39010,S100XSGJ,有価証券報告書－第25期(2025/01/01－2025/12/31),2026-03-23 13:09,マークラインズ株式会社
68560,S100XSIJ,有価証券報告書－第88期(2025/01/01－2025/12/31),2026-03-23 13:31,株式会社堀場製作所
25870,S100XSOA,有価証券報告書－第17期(2025/01/01－2025/12/31),2026-03-23 13:44,サントリー食品インターナショナル株式会社
24920,S100XSO1,有価証券報告書－第28期(2025/01/01－2025/12/31),2026-03-23 13:47,株式会社インフォマート
46310,S100XS2N,有価証券報告書－第128期(2025/01/01－2025/12/31),2026-03-23 14:02,ＤＩＣ株式会社
61710,S100XSOI,有価証券報告書－第41期(2025/01/01－2025/12/31),2026-03-23 14:08,株式会社土木管理総合試験所
48930,S100XSP4,有価証券報告書－第11期(2025/01/01－2025/12/31),2026-03-23 14:21,ノイルイミューン・バイオテック株式会社
46330,S100XSP9,有価証券報告書－第148期(2025/01/01－2025/12/31),2026-03-23 14:36,サカタインクス株式会社
78490,S100XSPB,有価証券報告書－第43期(2025/01/01－2025/12/31),2026-03-23 14:37,スターツ出版株式会社
64400,S100XSJU,有価証券報告書－第111期(2025/01/01－2025/12/31),2026-03-23 15:08,ＪＵＫＩ株式会社
56990,S100XSK6,有価証券報告書－第42期(2025/01/01－2025/12/31),2026-03-23 15:22,株式会社イボキン
39640,S100XSDA,有価証券報告書－第18期(2025/01/01－2025/12/31),2026-03-23 15:30,株式会社オークネット
45790,S100XSQX,有価証券報告書－第18期(2025/01/01－2025/12/31),2026-03-23 15:30,ラクオリア創薬株式会社
45760,S100XS4G,有価証券報告書－第28期(2025/01/01－2025/12/31),2026-03-23 15:30,株式会社デ・ウエスタン・セラピテクス研究所
97220,S100XS71,有価証券報告書－第93期(2025/01/01－2025/12/31),2026-03-23 15:31,藤田観光株式会社
51260,S100XSOH,有価証券報告書－第25期(2025/01/01－2025/12/31),2026-03-23 15:32,ポーターズ株式会社
44480,S100XSJP,有価証券報告書－第22期(2025/01/01－2025/12/31),2026-03-23 15:33,株式会社ｋｕｂｅｌｌ
79760,S100XRVX,有価証券報告書－第151期(2025/01/01－2025/12/31),2026-03-23 15:34,三菱鉛筆株式会社
32520,S100XS0T,有価証券報告書－第26期(2025/01/01－2025/12/31),2026-03-23 15:35,地主株式会社
44770,S100XSMS,有価証券報告書－第13期(2025/01/01－2025/12/31),2026-03-23 15:39,ＢＡＳＥ株式会社
62660,S100XS15,有価証券報告書－第54期(2025/01/01－2025/12/31),2026-03-23 15:40,タツモ株式会社
49110,S100XSCU,有価証券報告書－第126期(2025/01/01－2025/12/31),2026-03-23 15:45,株式会社資生堂
471A0,S100XSQQ,有価証券報告書－第5期(2025/01/01－2025/12/31),2026-03-23 15:45,ＮＳグループ株式会社
88040,S100XSKF,有価証券報告書－第208期(2025/01/01－2025/12/31),2026-03-23 15:53,東京建物株式会社
29140,S100XSSA,有価証券報告書－第41期(2025/01/01－2025/12/31),2026-03-23 16:00,日本たばこ産業株式会社
60340,S100XSR6,有価証券報告書－第27期(2025/01/01－2025/12/31),2026-03-23 16:00,ＭＲＴ株式会社
49710,S100XRJV,有価証券報告書－第57期(2025/01/01－2025/12/31),2026-03-23 16:00,メック株式会社
42210,S100XSNI,有価証券報告書－第106期(2025/01/01－2025/12/31),2026-03-23 16:01,大倉工業株式会社
44150,S100XSGS,有価証券報告書－第26期(2025/01/01－2025/12/31),2026-03-23 16:03,株式会社ブロードエンタープライズ
63610,S100XS6E,有価証券報告書－第161期(2025/01/01－2025/12/31),2026-03-23 16:13,株式会社荏原製作所
50380,S100XSJZ,有価証券報告書－第14期(2025/01/01－2025/12/31),2026-03-23 16:30,株式会社ｅＷｅＬＬ
94490,S100XSG3,有価証券報告書－第35期(2025/01/01－2025/12/31),2026-03-23 16:33,ＧＭＯインターネットグループ株式会社
29310,S100XSL3,有価証券報告書－第21期(2025/01/01－2025/12/31),2026-03-23 16:48,株式会社ユーグレナ
42510,S100XS6Z,有価証券報告書－第79期(2025/01/01－2025/12/31),2026-03-23 16:50,恵和株式会社
36230,S100XSRU,有価証券報告書－第26期(2025/01/01－2025/12/31),2026-03-23 16:55,ビリングシステム株式会社
70480,S100XSV4,有価証券報告書－第36期(2025/01/01－2025/12/31),2026-03-23 17:00,ベルトラ株式会社
39440,S100XRPZ,有価証券報告書－第96期(2025/01/01－2025/12/31),2026-03-19 09:55,古林紙工株式会社
58670,S100XS2Y,有価証券報告書－第27期(2025/01/01－2025/12/31),2026-03-19 10:44,株式会社エスネットワークス
46340,S100XRLA,有価証券報告書－第188期(2025/01/01－2025/12/31),2026-03-19 11:14,ａｒｔｉｅｎｃｅ株式会社
79560,S100XS40,有価証券報告書－第69期(2025/01/01－2025/12/31),2026-03-19 11:35,ピジョン株式会社
44860,S100XRU1,有価証券報告書－第21期(2025/01/01－2025/12/31),2026-03-19 11:35,ユナイトアンドグロウ株式会社
36330,S100XS5R,有価証券報告書－第24期(2025/01/01－2025/12/31),2026-03-19 12:49,ＧＭＯペパボ株式会社
77440,S100XS3C,有価証券報告書－第71期(2025/01/01－2025/12/31),2026-03-19 13:01,ノーリツ鋼機株式会社
70800,S100XS6L,有価証券報告書－第16期(2025/01/01－2025/12/31),2026-03-19 13:28,株式会社スポーツフィールド
37760,S100WZGB,有価証券報告書－第47期(2025/01/01－2025/12/31),2026-03-19 13:39,株式会社ブロードバンドタワー
70370,S100XRYQ,有価証券報告書－第11期(2025/01/01－2025/12/31),2026-03-19 13:59,株式会社テノ．ホールディングス
67230,S100XR06,有価証券報告書－第24期(2025/01/01－2025/12/31),2026-03-19 14:22,ルネサスエレクトロニクス株式会社
25330,S100XRFQ,有価証券報告書－第119期(2025/01/01－2025/12/31),2026-03-19 15:00,オエノンホールディングス株式会社
29820,S100XS5K,有価証券報告書－第6期(2025/01/01－2025/12/31),2026-03-19 15:01,株式会社ＡＤワークスグループ
244A0,S100XJ6M,訂正有価証券報告書－第18期(2024/09/01－2025/08/31),2026-03-19 15:30,グロースエクスパートナーズ株式会社
22060,S100XRXN,有価証券報告書－第121期(2025/01/01－2025/12/31),2026-03-19 15:30,江崎グリコ株式会社
40130,S100XR7V,有価証券報告書－第45期(2025/01/01－2025/12/31),2026-03-19 15:31,勤次郎株式会社
45860,S100XS7V,有価証券報告書－第24期(2025/01/01－2025/12/31),2026-03-19 15:32,株式会社メドレックス
58420,S100XOZ3,有価証券報告書－第20期(2025/01/01－2025/12/31),2026-03-19 15:45,インテグラル株式会社
64980,S100XS6X,有価証券報告書－第112期(2025/01/01－2025/12/31),2026-03-19 15:59,株式会社キッツ
39830,S100XR9Z,有価証券報告書－第28期(2025/01/01－2025/12/31),2026-03-19 16:05,株式会社オロ
91600,S100XSAX,有価証券報告書－第10期(2025/01/01－2025/12/31),2026-03-19 16:06,株式会社ノバレーゼ
27020,S100XS22,有価証券報告書－第55期(2025/01/01－2025/12/31),2026-03-19 16:10,日本マクドナルドホールディングス株式会社
415A0,S100XS80,有価証券報告書－第1期(2025/01/01－2025/12/31),2026-03-19 16:14,ＧＭＯ　ＴＥＣＨホールディングス株式会社
25790,S100XR1L,有価証券報告書－第68期(2025/01/01－2025/12/31),2026-03-19 16:26,コカ・コーラボトラーズジャパンホールディングス株式会社
40120,S100XS04,有価証券報告書－第35期(2025/01/01－2025/12/31),2026-03-19 16:36,株式会社アクシス
63950,S100XQP3,有価証券報告書－第78期(2025/01/01－2025/12/31),2026-03-18 09:21,株式会社タダノ
47840,S100XRMD,有価証券報告書－第27期(2025/01/01－2025/12/31),2026-03-18 09:31,ＧＭＯインターネット株式会社
98300,S100XRJW,有価証券報告書－第63期(2025/01/01－2025/12/31),2026-03-18 10:00,トラスコ中山株式会社
59460,S100XRH4,有価証券報告書－第72期(2025/01/01－2025/12/31),2026-03-18 10:07,株式会社長府製作所
33860,S100XRR0,有価証券報告書－第43期(2025/01/01－2025/12/31),2026-03-18 11:33,コスモ・バイオ株式会社
93370,S100XQKR,有価証券報告書－第10期(2025/01/01－2025/12/31),2026-03-18 12:19,株式会社トリドリ
48120,S100XRJK,有価証券報告書－第51期(2025/01/01－2025/12/31),2026-03-18 13:23,株式会社電通総研
51840,S100XRDM,有価証券報告書－第142期(2025/01/01－2025/12/31),2026-03-18 13:32,株式会社ニチリン
36950,S100XRA9,有価証券報告書－第24期(2025/01/01－2025/12/31),2026-03-18 13:42,ＧＭＯプロダクトプラットフォーム株式会社
37880,S100XREJ,有価証券報告書－第33期(2025/01/01－2025/12/31),2026-03-18 14:14,ＧＭＯグローバルサイン・ホールディングス株式会社
61800,S100XRSC,訂正有価証券報告書－第26期(2025/01/01－2025/12/31),2026-03-18 14:34,ＧＭＯメディア株式会社
30470,S100XRE0,有価証券報告書－第36期(2025/01/01－2025/12/31),2026-03-18 15:05,株式会社ＴＲＵＣＫ－ＯＮＥ
51080,S100XRPR,有価証券報告書－第107期(2025/01/01－2025/12/31),2026-03-18 15:24,株式会社ブリヂストン
79720,S100XRIU,有価証券報告書－第76期(2025/01/01－2025/12/31),2026-03-18 15:30,株式会社イトーキ
71720,S100XRRA,有価証券報告書－第20期(2025/01/01－2025/12/31),2026-03-18 15:30,株式会社ジャパンインベストメントアドバイザー
79890,S100XRWE,有価証券報告書－第80期(2025/01/01－2025/12/31),2026-03-18 16:00,立川ブラインド工業株式会社
24290,S100XRUO,有価証券報告書－第33期(2025/01/01－2025/12/31),2026-03-18 16:16,株式会社ワールドホールディングス
45870,S100XRP4,有価証券報告書－第20期(2025/01/01－2025/12/31),2026-03-18 16:38,ペプチドリーム株式会社
64810,S100XRWN,有価証券報告書－第56期(2025/01/01－2025/12/31),2026-03-18 16:58,ＴＨＫ株式会社
73090,S100XQSE,有価証券報告書－第119期(2025/01/01－2025/12/31),2026-03-17 09:25,株式会社シマノ
33020,S100XQYR,有価証券報告書－第100期(2025/01/01－2025/12/31),2026-03-17 09:57,帝国繊維株式会社
74220,S100XRD8,有価証券報告書－第68期(2024/12/21－2025/12/20),2026-03-17 13:19,東邦レマック株式会社
66630,S100XRF9,有価証券報告書－第65期(2024/12/21－2025/12/20),2026-03-17 13:36,太洋テクノレックス株式会社
30030,S100XR5L,有価証券報告書－第96期(2025/01/01－2025/12/31),2026-03-17 15:30,ヒューリック株式会社
410A0,S100XR0F,有価証券報告書－第14期(2025/01/01－2025/12/31),2026-03-17 15:31,ＧＭＯコマース株式会社
68170,S100XQT8,有価証券報告書－第71期(2025/01/01－2025/12/31),2026-03-16 10:00,スミダコーポレーション株式会社
22680,S100XQHI,有価証券報告書－第53期(2025/01/01－2025/12/31),2026-03-16 13:30,Ｂ－Ｒ　サーティワン　アイスクリーム株式会社
63260,S100XR0M,有価証券報告書－第136期(2025/01/01－2025/12/31),2026-03-16 15:00,株式会社　クボタ
93380,S100XR70,有価証券報告書－第11期(2025/01/01－2025/12/31),2026-03-16 15:52,株式会社ＩＮＦＯＲＩＣＨ
68580,S100XR77,有価証券報告書－第72期(2025/01/01－2025/12/31),2026-03-16 16:01,株式会社小野測器
39120,S100XQ8M,有価証券報告書－第25期(2025/01/01－2025/12/31),2026-03-13 14:16,株式会社モバイルファクトリー
28110,S100XQN0,有価証券報告書－第82期(2025/01/01－2025/12/31),2026-03-13 15:43,カゴメ株式会社
65580,S100XQ1R,訂正有価証券報告書－第18期(2024/12/01－2025/11/30),2026-03-11 15:30,クックビズ株式会社
41510,S100XPTY,有価証券報告書－第103期(2025/01/01－2025/12/31),2026-03-10 15:30,協和キリン株式会社
24080,S100XPFN,有価証券報告書－第46期(2024/12/21－2025/12/20),2026-03-09 11:06,株式会社ＫＧ情報
63280,S100XPJL,有価証券報告書－第87期(2025/01/01－2025/12/31),2026-03-09 16:57,荏原実業株式会社
79440,S100XNYW,有価証券報告書－第54期(2025/01/01－2025/12/31),2026-03-05 12:30,ローランド株式会社
79360,S100XOKI,有価証券報告書－第72期(2025/01/01－2025/12/31),2026-03-04 09:01,株式会社アシックス
50740,S100XOS1,訂正有価証券報告書－第16期(2024/07/01－2025/06/30),2026-03-04 13:45,テスホールディングス株式会社
53410,S100XNR4,有価証券報告書－第75期(2024/12/01－2025/11/30),2026-02-27 10:11,ＡＳＡＨＩ　ＥＩＴＯホールディングス株式会社
41970,S100XNPA,有価証券報告書－第24期(2024/12/01－2025/11/30),2026-02-27 12:18,株式会社アスマーク
68660,S100XNNG,有価証券報告書－第74期(2025/01/01－2025/12/31),2026-02-27 12:52,日置電機株式会社
280A0,S100XNNH,有価証券報告書－第14期(2024/12/01－2025/11/30),2026-02-27 15:35,株式会社ＴＭＨ
469A0,S100XO08,有価証券報告書－第11期(2024/12/01－2025/11/30),2026-02-27 16:54,株式会社フィットクルー
31920,S100XN0D,有価証券報告書－第54期(2025/03/01－2025/11/30),2026-02-27 16:56,株式会社白鳩
49950,S100XNCR,有価証券報告書－第101期(2024/12/01－2025/11/30),2026-02-26 09:17,サンケイ化学株式会社
24930,S100XNBS,有価証券報告書－第28期(2024/12/01－2025/11/30),2026-02-26 09:24,イーサポートリンク株式会社
72270,S100XNA6,有価証券報告書－第72期(2024/12/01－2025/11/30),2026-02-26 10:00,アスカ株式会社
92500,S100XNEI,有価証券報告書－第21期(2024/12/01－2025/11/30),2026-02-26 10:47,株式会社ＧＲＣＳ
75010,S100XMV5,有価証券報告書－第56期(2024/12/01－2025/11/30),2026-02-26 13:07,株式会社ティムコ
73880,S100XN8S,有価証券報告書－第16期(2024/12/01－2025/11/30),2026-02-26 14:06,株式会社ＦＰパートナー
39070,S100XNL3,有価証券報告書－第27期(2024/12/01－2025/11/30),2026-02-26 15:12,シリコンスタジオ株式会社
418A0,S100XN60,有価証券報告書－第11期(2024/12/01－2025/11/30),2026-02-26 15:30,ウリドキ株式会社
96470,S100XMZO,有価証券報告書－第65期(2024/12/01－2025/11/30),2026-02-26 15:32,株式会社協和コンサルタンツ
70740,S100XMWM,有価証券報告書－第18期(2024/12/01－2025/11/30),2026-02-26 16:00,株式会社トゥエンティーフォーセブンホールディングス
66640,S100XNIW,有価証券報告書－第50期(2024/12/01－2025/11/30),2026-02-26 16:37,株式会社オプトエレクトロニクス
32670,S100XMZE,有価証券報告書－第21期(2024/12/01－2025/11/30),2026-02-25 09:13,株式会社フィル・カンパニー
55270,S100XN0E,有価証券報告書－第6期(2024/12/01－2025/11/30),2026-02-25 10:00,株式会社ｐｒｏｐｅｒｔｙ　ｔｅｃｈｎｏｌｏｇｉｅｓ
228A0,S100XN26,有価証券報告書－第29期(2024/12/01－2025/11/30),2026-02-25 10:30,株式会社オプロ
93130,S100XN1B,有価証券報告書－第130期(2024/12/01－2025/11/30),2026-02-25 10:45,丸八倉庫株式会社
43940,S100XN3A,有価証券報告書－第18期(2024/12/01－2025/11/30),2026-02-25 11:47,株式会社エクスモーション
24710,S100XN00,有価証券報告書－第26期(2024/12/01－2025/11/30),2026-02-25 12:14,株式会社エスプール
79970,S100XN3N,有価証券報告書－第106期(2024/12/01－2025/11/30),2026-02-25 12:34,株式会社くろがね工作所
97200,S100XMSL,有価証券報告書－第148期(2024/12/01－2025/11/30),2026-02-25 13:20,株式会社ホテル、ニューグランド
30890,S100XN4S,有価証券報告書－第36期(2024/12/01－2025/11/30),2026-02-25 13:27,テクノアルファ株式会社
59420,S100XMRB,有価証券報告書－第126期(2024/12/01－2025/11/30),2026-02-25 14:00,日本フイルコン株式会社
89230,S100XMC1,有価証券報告書－第76期(2024/12/01－2025/11/30),2026-02-25 14:30,トーセイ株式会社
95580,S100XN61,有価証券報告書－第26期(2024/12/01－2025/11/30),2026-02-25 15:03,ジャパニアス株式会社
80950,S100XN2T,有価証券報告書－第86期(2024/12/01－2025/11/30),2026-02-25 15:05,アステナホールディングス株式会社
42500,S100XMWH,有価証券報告書－第22期(2024/12/01－2025/11/30),2026-02-25 15:30,株式会社フロンティア
52430,S100XMWX,有価証券報告書－第14期(2024/12/01－2025/11/30),2026-02-25 15:31,ｎｏｔｅ株式会社
78790,S100XMYW,有価証券報告書－第88期(2024/12/01－2025/11/30),2026-02-25 15:46,株式会社ノダ
32660,S100XMVL,有価証券報告書－第17期(2024/12/01－2025/11/30),2026-02-25 16:02,株式会社ファンドクリエーショングループ
70830,S100XMZ1,有価証券報告書－第16期(2024/12/01－2025/11/30),2026-02-25 16:03,ＡＨＣグループ株式会社
52460,S100XMUN,有価証券報告書－第12期(2024/12/01－2025/11/30),2026-02-25 16:09,株式会社ＥＬＥＭＥＮＴＳ
34540,S100XMR5,有価証券報告書－第22期(2024/12/01－2025/11/30),2026-02-25 16:12,ファーストブラザーズ株式会社
30770,S100XN95,有価証券報告書－第44期(2025/04/01－2025/11/30),2026-02-25 16:31,ホリイフードサービス株式会社
46730,S100XN3U,有価証券報告書－第75期(2024/12/01－2025/11/30),2026-02-25 16:35,川崎地質株式会社
35470,S100XN24,有価証券報告書－第24期(2024/12/01－2025/11/30),2026-02-25 16:37,株式会社串カツ田中ホールディングス
52500,S100XN9A,有価証券報告書－第23期(2024/12/01－2025/11/30),2026-02-25 16:39,プライム・ストラテジー株式会社
92150,S100XMVS,有価証券報告書－第12期(2024/12/01－2025/11/30),2026-02-25 16:44,株式会社ＣａＳｙ
66340,S100XN0W,有価証券報告書－第42期(2024/12/01－2025/11/30),2026-02-25 16:59,株式会社ネクスグループ
41870,S100XLS3,有価証券報告書－第79期(2024/12/01－2025/11/30),2026-02-24 09:06,大阪有機化学工業株式会社
93690,S100XMO8,有価証券報告書－第60期(2024/12/01－2025/11/30),2026-02-24 12:49,株式会社キユーソー流通システム
34910,S100XMV3,訂正有価証券報告書－第13期(2024/11/01－2025/10/31),2026-02-24 13:06,株式会社ＧＡ　ｔｅｃｈｎｏｌｏｇｉｅｓ
62170,S100XMJD,有価証券報告書－第115期(2024/12/01－2025/11/30),2026-02-24 13:20,津田駒工業株式会社
28090,S100XMJE,有価証券報告書－第113期(2024/12/01－2025/11/30),2026-02-24 13:25,キユーピー株式会社
40160,S100XMVG,有価証券報告書－第16期(2024/12/01－2025/11/30),2026-02-24 13:30,ＭＩＴホールディングス株式会社
31390,S100XMUD,有価証券報告書－第28期(2024/12/01－2025/11/30),2026-02-24 14:17,株式会社ラクト・ジャパン
98370,S100XMFU,有価証券報告書－第88期(2024/12/01－2025/11/30),2026-02-24 14:42,モリト株式会社
64740,S100XMRN,有価証券報告書－第143期(2024/12/01－2025/11/30),2026-02-24 15:03,株式会社不二越
73600,S100XMTU,有価証券報告書－第18期(2024/12/01－2025/11/30),2026-02-24 15:04,株式会社オンデック
99720,S100XMNZ,有価証券報告書－第50期(2024/12/01－2025/11/30),2026-02-24 15:21,アルテック株式会社
138A0,S100XMX3,有価証券報告書－第16期(2024/12/01－2025/11/30),2026-02-24 15:25,光フードサービス株式会社
60760,S100XMEJ,有価証券報告書－第100期(2024/12/01－2025/11/30),2026-02-20 15:30,株式会社アメイズ
32010,S100XLV8,有価証券報告書－第195期(2024/12/01－2025/11/30),2026-02-20 15:58,日本毛織株式会社
46160,S100XMOI,有価証券報告書－第111期(2024/12/01－2025/11/30),2026-02-20 16:18,川上塗料株式会社
43610,S100XLSD,有価証券報告書－第124期(2024/12/01－2025/11/30),2026-02-20 16:42,川口化学工業株式会社
61360,S100XM3S,有価証券報告書－第113期(2024/12/01－2025/11/30),2026-02-19 10:01,オーエスジー株式会社
29750,S100XM43,有価証券報告書－第28期(2024/12/01－2025/11/30),2026-02-19 11:21,スター・マイカ・ホールディングス株式会社
39940,S100XM4Q,有価証券報告書－第14期(2024/12/01－2025/11/30),2026-02-19 15:30,株式会社マネーフォワード
31860,S100XM1X,有価証券報告書－第27期(2024/12/01－2025/11/30),2026-02-19 15:30,株式会社ネクステージ
79650,S100XL0K,有価証券報告書－第81期(2024/11/21－2025/11/20),2026-02-18 09:19,象印マホービン株式会社
98720,S100XM1D,有価証券報告書－第67期(2024/11/21－2025/11/20),2026-02-18 13:43,北恵株式会社
33770,S100XLTO,有価証券報告書－第28期(2024/12/01－2025/11/30),2026-02-18 15:19,株式会社バイク王＆カンパニー
27340,S100XL6L,有価証券報告書－第24期(2024/12/01－2025/11/30),2026-02-16 10:09,株式会社サーラコーポレーション
94700,S100XKOH,訂正有価証券報告書－第80期(2024/10/01－2025/09/30),2026-02-13 15:46,株式会社学研ホールディングス
97950,S100XJZ6,訂正有価証券報告書－第46期(2023/10/01－2024/09/30),2026-02-10 14:09,株式会社ステップ
64890,S100XIGE,訂正有価証券報告書－第79期(2024/06/01－2025/05/31),2026-02-02 15:30,前澤工業株式会社
60490,S100XHX1,有価証券報告書－第20期(2024/11/01－2025/10/31),2026-01-30 13:11,株式会社イトクロ
34980,S100XIGX,訂正有価証券報告書－第14期(2024/09/01－2025/08/31),2026-01-30 13:45,霞ヶ関キャピタル株式会社
442A0,S100XI7V,有価証券報告書－第17期(2024/11/01－2025/10/31),2026-01-30 15:30,クラシコ株式会社
92370,S100XIJD,有価証券報告書－第16期(2024/11/01－2025/10/31),2026-01-30 16:29,株式会社笑美面
88940,S100XI3C,有価証券報告書－第40期(2024/11/01－2025/10/31),2026-01-29 11:33,株式会社ＲＥＶＯＬＵＴＩＯＮ
462A0,S100XI5B,有価証券報告書－第10期(2024/11/01－2025/10/31),2026-01-29 13:52,株式会社ＦＵＮＤＩＮＮＯ
31950,S100XHU3,有価証券報告書－第24期(2024/11/01－2025/10/31),2026-01-29 15:23,株式会社ジェネレーションパス
76400,S100XI4H,有価証券報告書－第41期(2024/11/01－2025/10/31),2026-01-29 15:31,株式会社トップカルチャー
52180,S100XHTP,有価証券報告書－第117期(2024/11/01－2025/10/31),2026-01-29 15:42,株式会社オハラ
212A0,S100XHWN,有価証券報告書－第8期(2024/11/01－2025/10/31),2026-01-29 16:05,フィットイージー株式会社
34190,S100XHYM,有価証券報告書－第34期(2024/11/01－2025/10/31),2026-01-29 16:12,アートグリーン株式会社
23150,S100XHQT,有価証券報告書－第37期(2024/11/01－2025/10/31),2026-01-29 16:51,株式会社ＣＡＩＣＡ　ＤＩＧＩＴＡＬ
38040,S100XHGC,有価証券報告書－第44期(2024/11/01－2025/10/31),2026-01-28 09:20,株式会社システム　ディ
78270,S100XHFP,有価証券報告書－第66期(2024/11/01－2025/10/31),2026-01-28 09:37,株式会社オービス
78560,S100XHSU,有価証券報告書－第63期(2024/11/01－2025/10/31),2026-01-28 10:23,萩原工業株式会社
63090,S100XHQ6,有価証券報告書－第96期(2024/11/01－2025/10/31),2026-01-28 10:58,巴工業株式会社
30380,S100XHUJ,有価証券報告書－第40期(2024/11/01－2025/10/31),2026-01-28 12:24,株式会社神戸物産
80790,S100XHU7,有価証券報告書－第78期(2024/11/01－2025/10/31),2026-01-28 13:04,正栄食品工業株式会社
78040,S100XHVC,有価証券報告書－第40期(2024/11/01－2025/10/31),2026-01-28 13:15,株式会社ビーアンドピー
95650,S100XHR6,有価証券報告書－第10期(2024/11/01－2025/10/31),2026-01-28 13:17,ＧＬＯＥ株式会社
98240,S100XHVV,有価証券報告書－第76期(2024/11/01－2025/10/31),2026-01-28 13:19,泉州電業株式会社
91630,S100XGYG,有価証券報告書－第7期(2024/11/01－2025/10/31),2026-01-28 13:30,株式会社ナレルグループ
92360,S100XHDT,有価証券報告書－第6期(2024/11/01－2025/10/31),2026-01-28 13:53,ジャパンＭ＆Ａソリューション株式会社
23750,S100XHRP,有価証券報告書－第49期(2024/11/01－2025/10/31),2026-01-28 15:24,ギグワークス株式会社
34750,S100XHS4,有価証券報告書－第20期(2024/11/01－2025/10/31),2026-01-28 15:25,株式会社グッドコムアセット
48800,S100XHWF,有価証券報告書－第10期(2024/11/01－2025/10/31),2026-01-28 15:37,セルソース株式会社
43780,S100XHNB,有価証券報告書－第12期(2024/11/01－2025/10/31),2026-01-28 15:59,株式会社ＣＩＮＣ
46660,S100XHMO,有価証券報告書－第41期(2024/11/01－2025/10/31),2026-01-28 16:00,パーク二四株式会社（定款上の商号　パーク２４株式会社）
13830,S100XHX5,有価証券報告書－第25期(2024/11/01－2025/10/31),2026-01-28 16:08,ベルグアース株式会社
68380,S100XHR9,有価証券報告書－第58期(2024/11/01－2025/10/31),2026-01-28 16:15,株式会社多摩川ホールディングス
36530,S100XHZH,有価証券報告書－第22期(2024/11/01－2025/10/31),2026-01-28 16:28,株式会社モルフォ
23730,S100XHNL,有価証券報告書－第32期(2024/11/01－2025/10/31),2026-01-28 17:14,株式会社ケア２１
49960,S100XH23,有価証券報告書－第77期(2024/11/01－2025/10/31),2026-01-27 09:15,クミアイ化学工業株式会社
92790,S100XHK4,有価証券報告書－第16期(2024/11/01－2025/10/31),2026-01-27 13:30,株式会社ギフトホールディングス
79830,S100XHE6,有価証券報告書－第94期(2024/11/01－2025/10/31),2026-01-27 13:42,株式会社ミロク
73780,S100XHO2,有価証券報告書－第10期(2024/11/01－2025/10/31),2026-01-27 15:27,株式会社アシロ
92510,S100XHI8,有価証券報告書－第8期(2024/11/01－2025/10/31),2026-01-27 15:30,株式会社ＡＢ＆Ｃｏｍｐａｎｙ
96030,S100XHDP,有価証券報告書－第45期(2024/11/01－2025/10/31),2026-01-27 15:31,株式会社エイチ・アイ・エス
460A0,S100XHL0,有価証券報告書－第17期(2024/11/01－2025/10/31),2026-01-27 15:31,ＢＲＡＮＵ株式会社
70340,S100XHNU,有価証券報告書－第18期(2024/11/01－2025/10/31),2026-01-27 15:42,株式会社プロレド・パートナーズ
80770,S100XHJG,有価証券報告書－第85期(2024/11/01－2025/10/31),2026-01-27 16:08,トルク株式会社
26950,S100XHP5,有価証券報告書－第30期(2024/11/01－2025/10/31),2026-01-27 17:09,くら寿司株式会社
37330,S100XHCP,有価証券報告書－第57期(2024/11/01－2025/10/31),2026-01-26 12:18,株式会社ソフトウェア・サービス
72650,S100XH0G,有価証券報告書－第57期(2024/11/01－2025/10/31),2026-01-26 13:07,エイケン工業株式会社
71310,S100XHE7,有価証券報告書－第61期(2024/11/01－2025/10/31),2026-01-26 14:00,のむら産業株式会社
46270,S100XH69,有価証券報告書－第79期(2024/11/01－2025/10/31),2026-01-26 14:38,ナトコ株式会社
18400,S100XHBD,有価証券報告書－第50期(2024/11/01－2025/10/31),2026-01-26 14:45,株式会社土屋ホールディングス
21980,S100XH65,有価証券報告書－第30期(2024/11/01－2025/10/31),2026-01-26 15:00,アイ・ケイ・ケイホールディングス株式会社
39740,S100XH0H,有価証券報告書－第58期(2024/11/01－2025/10/31),2026-01-26 15:02,ＳＣＡＴ株式会社
51340,S100XH5R,有価証券報告書－第11期(2024/11/01－2025/10/31),2026-01-26 15:30,株式会社ＰＯＰＥＲ
51320,S100XHEY,有価証券報告書－第8期(2024/11/01－2025/10/31),2026-01-26 15:30,株式会社ｐｌｕｓｚｅｒｏ
51360,S100XH92,有価証券報告書－第11期(2024/11/01－2025/10/31),2026-01-26 15:39,ｔｒｉｐｌａ株式会社
34800,S100XHE2,有価証券報告書－第37期(2024/11/01－2025/10/31),2026-01-26 15:55,株式会社ジェイ・エス・ビー
44410,S100XH6J,有価証券報告書－第19期(2024/11/01－2025/10/31),2026-01-26 16:00,トビラシステムズ株式会社
72790,S100XGCL,有価証券報告書－第82期(2024/11/01－2025/10/31),2026-01-23 15:33,株式会社ハイレックスコーポレーション
32480,S100XH8O,有価証券報告書－第39期(2024/11/01－2025/10/31),2026-01-23 16:21,株式会社アールエイジ
23010,S100XGG2,有価証券報告書－第48期(2024/11/01－2025/10/31),2026-01-22 09:20,株式会社学情
89170,S100XH4J,有価証券報告書－第27期(2024/11/01－2025/10/31),2026-01-22 17:12,ファースト住建株式会社
37260,S100XGUB,訂正有価証券報告書－第23期(2024/10/01－2025/09/30),2026-01-21 13:02,株式会社フォーシーズＨＤ
96780,S100XGOW,有価証券報告書－第61期(2024/11/01－2025/10/31),2026-01-21 13:13,株式会社カナモト
47070,S100XFRF,有価証券報告書－第53期(2024/10/21－2025/10/20),2026-01-19 09:38,株式会社キタック
32880,S100XF7K,訂正有価証券報告書－第29期(2024/10/01－2025/09/30),2026-01-15 15:40,株式会社オープンハウスグループ
95520,S100XDNQ,有価証券報告書－第7期(2024/10/01－2025/09/30),2026-01-05 16:00,株式会社Ｍ＆Ａ総研ホールディングス
242A0,S100XDDC,有価証券報告書－第28期(2024/10/01－2025/09/30),2025-12-26 10:07,株式会社リプライオリティ
69650,S100XDC2,訂正有価証券報告書－第78期(2024/10/01－2025/09/30),2025-12-26 10:44,浜松ホトニクス株式会社
67310,S100XCO8,有価証券報告書－第44期(2024/10/01－2025/09/30),2025-12-26 10:54,株式会社ピクセラ
41240,S100XDGQ,有価証券報告書－第64期(2024/10/01－2025/09/30),2025-12-26 11:27,大阪油化工業株式会社
35560,S100XCQX,有価証券報告書－第26期(2024/10/01－2025/09/30),2025-12-26 11:30,リネットジャパングループ株式会社
253A0,S100XCCN,有価証券報告書－第1期(2024/10/01－2025/09/30),2025-12-26 12:12,株式会社ＥＴＳグループ
95530,S100XDI6,訂正有価証券報告書－第19期(2024/10/01－2025/09/30),2025-12-26 13:06,株式会社マイクロアド
23880,S100XDIK,有価証券報告書－第24期(2024/10/01－2025/09/30),2025-12-26 13:39,株式会社ウェッジホールディングス
36740,S100XDE3,有価証券報告書－第19期(2024/10/01－2025/09/30),2025-12-26 15:00,株式会社オークファン
37100,S100XDG9,有価証券報告書－第46期(2024/10/01－2025/09/30),2025-12-26 15:00,ジョルダン株式会社
70300,S100XCTM,有価証券報告書－第29期(2024/10/01－2025/09/30),2025-12-26 15:11,株式会社スプリックス
44450,S100XDJI,有価証券報告書－第22期(2024/10/01－2025/09/30),2025-12-26 15:18,リビン・テクノロジーズ株式会社
259A0,S100XDKZ,有価証券報告書－第35期(2024/10/01－2025/09/30),2025-12-26 15:43,株式会社ケイ・ウノ
60250,S100XDM9,訂正有価証券報告書－第24期(2024/09/01－2025/08/31),2025-12-26 15:54,日本ＰＣサービス株式会社
92590,S100XCXG,有価証券報告書－第56期(2024/10/01－2025/09/30),2025-12-26 16:34,株式会社タカヨシホールディングス
30670,S100XCZ1,有価証券報告書－第27期(2024/10/01－2025/09/30),2025-12-25 11:57,株式会社東京一番フーズ
17730,S100XC1A,有価証券報告書,2025-12-25 13:06,ワイ・ティー・エル・コーポレーション・バーハッド
21200,S100XD4M,訂正有価証券報告書－第31期(2024/10/01－2025/09/30),2025-12-25 13:35,株式会社ＬＩＦＵＬＬ
423A0,S100XCRL,有価証券報告書－第125期(2024/10/01－2025/09/30),2025-12-25 13:41,株式会社ライオン事務器
33230,S100XD4C,有価証券報告書－第32期(2024/10/01－2025/09/30),2025-12-25 13:54,レカム株式会社
40710,S100XD0A,有価証券報告書－第19期(2024/10/01－2025/09/30),2025-12-25 15:30,株式会社プラスアルファ・コンサルティング
95620,S100XCST,有価証券報告書－第21期(2024/10/01－2025/09/30),2025-12-25 15:30,ビジネスコーチ株式会社
36720,S100XCNH,有価証券報告書－第16期(2024/10/01－2025/09/30),2025-12-25 15:31,株式会社オルトプラス
40550,S100XD2T,有価証券報告書－第10期(2024/10/01－2025/09/30),2025-12-25 15:33,ティアンドエスグループ株式会社
70660,S100XD95,有価証券報告書－第24期(2024/10/01－2025/09/30),2025-12-25 15:39,株式会社ピアズ
26520,S100XD0Z,有価証券報告書－第39期(2024/10/01－2025/09/30),2025-12-25 15:44,株式会社まんだらけ
70710,S100XD1A,有価証券報告書－第9期(2024/10/01－2025/09/30),2025-12-25 16:00,株式会社アンビスホールディングス
61980,S100XD0G,有価証券報告書－第17期(2024/10/01－2025/09/30),2025-12-25 16:02,株式会社キャリア
43930,S100XD6Y,有価証券報告書－第20期(2024/10/01－2025/09/30),2025-12-25 16:17,株式会社バンク・オブ・イノベーション
99410,S100XD30,有価証券報告書－第85期(2024/10/01－2025/09/30),2025-12-25 16:28,太洋物産株式会社
95640,S100XDAL,有価証券報告書－第9期(2024/10/01－2025/09/30),2025-12-25 16:34,株式会社ＦＣＥ
241A0,S100XCWL,有価証券報告書－第12期(2024/10/01－2025/09/30),2025-12-25 16:57,株式会社ＲＯＸＸ
29610,S100XCJ8,有価証券報告書－第87期(2024/10/01－2025/09/30),2025-12-24 09:28,日本調理機株式会社
55330,S100XCQ3,有価証券報告書－第14期(2024/10/01－2025/09/30),2025-12-24 10:37,株式会社エリッツホールディングス
41720,S100XCQ7,有価証券報告書－第48期(2024/10/01－2025/09/30),2025-12-24 11:00,東和ハイシステム株式会社
78000,S100XCGX,有価証券報告書－第55期(2024/10/01－2025/09/30),2025-12-24 11:29,株式会社アミファ
92440,S100XCIW,有価証券報告書－第13期(2024/10/01－2025/09/30),2025-12-24 13:21,株式会社デジタリフト
34950,S100XCMA,有価証券報告書－第44期(2024/10/01－2025/09/30),2025-12-24 13:24,香陵住販株式会社
17950,S100XCIB,有価証券報告書－第70期(2024/10/01－2025/09/30),2025-12-24 13:34,株式会社マサル
93760,S100XCUO,有価証券報告書－第40期(2024/10/01－2025/09/30),2025-12-24 13:59,株式会社ユーラシア旅行社
93300,S100XCV7,有価証券報告書－第25期(2024/10/01－2025/09/30),2025-12-24 14:18,株式会社揚羽
60800,S100XCS6,有価証券報告書－第20期(2024/10/01－2025/09/30),2025-12-24 15:30,Ｍ＆Ａキャピタルパートナーズ株式会社
264A0,S100XCX0,有価証券報告書－第14期(2024/10/01－2025/09/30),2025-12-24 15:30,株式会社Ｓｃｈｏｏ
206A0,S100XCIN,有価証券報告書－第14期(2024/10/01－2025/09/30),2025-12-24 15:30,株式会社ＰＲＩＳＭ　ＢｉｏＬａｂ
44240,S100XCQC,有価証券報告書－第16期(2024/10/01－2025/09/30),2025-12-24 15:32,株式会社Ａｍａｚｉａ
70410,S100XCNC,有価証券報告書－第12期(2024/10/01－2025/09/30),2025-12-24 15:33,ＣＲＧホールディングス株式会社
44750,S100XCC9,有価証券報告書－第29期(2024/10/01－2025/09/30),2025-12-24 15:34,ＨＥＮＮＧＥ株式会社
44470,S100XCY2,有価証券報告書－第29期(2024/10/01－2025/09/30),2025-12-24 15:59,株式会社ピー・ビーシステムズ
60940,S100XCVT,有価証券報告書－第15期(2024/10/01－2025/09/30),2025-12-24 15:59,株式会社フリークアウト・ホールディングス
14380,S100XCY4,有価証券報告書－第60期(2024/10/01－2025/09/30),2025-12-24 16:00,株式会社岐阜造園
41960,S100XCJL,有価証券報告書－第26期(2024/10/01－2025/09/30),2025-12-24 16:00,株式会社ネオマーケティング
31870,S100XCKW,有価証券報告書－第47期(2024/10/01－2025/09/30),2025-12-24 16:01,株式会社ミラタップ
44270,S100XCYG,有価証券報告書－第11期(2024/10/01－2025/09/30),2025-12-24 16:27,株式会社ＥｄｕＬａｂ
36910,S100XCZ7,有価証券報告書－第21期(2024/10/01－2025/09/30),2025-12-24 16:48,株式会社デジタルプラス
58430,S100XCA4,有価証券報告書－第25期(2024/10/01－2025/09/30),2025-12-23 09:00,ニッポンインシュア株式会社
61730,S100XCE9,訂正有価証券報告書－第30期(2024/03/01－2025/02/28),2025-12-23 10:09,株式会社アクアライン
73760,S100XC7N,有価証券報告書－第12期(2024/10/01－2025/09/30),2025-12-23 10:26,ＢＣＣ株式会社
231A0,S100XCGP,有価証券報告書－第3期(2024/10/01－2025/09/30),2025-12-23 11:28,Ｃｒｏｓｓ　Ｅホールディングス株式会社
74940,S100XC1F,有価証券報告書－第52期(2024/10/01－2025/09/30),2025-12-23 11:31,株式会社コナカ
52590,S100XCEC,有価証券報告書－第3期(2024/10/01－2025/09/30),2025-12-23 12:11,ＢＢＤイニシアティブ株式会社
49370,S100XCAJ,有価証券報告書－第20期(2024/10/01－2025/09/30),2025-12-23 12:31,株式会社Ｗａｑｏｏ
64660,S100XBK6,有価証券報告書－第26期(2024/10/01－2025/09/30),2025-12-23 14:47,株式会社ＴＶＥ
44210,S100XCIO,有価証券報告書－第29期(2024/10/01－2025/09/30),2025-12-23 15:30,株式会社ディ・アイ・システム
92490,S100XCE0,有価証券報告書－第28期(2024/10/01－2025/09/30),2025-12-23 15:37,日本エコシステム株式会社
24980,S100XBHA,有価証券報告書－第20期(2024/10/01－2025/09/30),2025-12-23 15:48,株式会社オリエンタルコンサルタンツホールディングス
36240,S100XBJN,有価証券報告書－第33期(2024/10/01－2025/09/30),2025-12-23 15:51,アクセルマーク株式会社
26670,S100XAH7,有価証券報告書－第42期(2024/10/01－2025/09/30),2025-12-23 15:52,株式会社イメージワン
92120,S100XC32,有価証券報告書－第15期(2024/10/01－2025/09/30),2025-12-23 16:01,Ｇｒｅｅｎ　Ｅａｒｔｈ　Ｉｎｓｔｉｔｕｔｅ株式会社
40590,S100XBZX,有価証券報告書－第27期(2024/10/01－2025/09/30),2025-12-23 16:07,株式会社まぐまぐ
57240,S100XCLW,有価証券報告書－第58期(2024/10/01－2025/09/30),2025-12-23 16:22,株式会社アサカ理研
92480,S100XBUH,有価証券報告書－第4期(2024/10/01－2025/09/30),2025-12-23 16:58,人・夢・技術グループ株式会社
61910,S100XCN2,有価証券報告書－第19期(2024/10/01－2025/09/30),2025-12-23 17:02,株式会社エアトリ
47690,S100XBNE,有価証券報告書－第48期(2024/10/01－2025/09/30),2025-12-22 09:04,株式会社ＩＣ
68770,S100XB5N,有価証券報告書－第67期(2024/10/01－2025/09/30),2025-12-22 09:06,ＯＢＡＲＡ　ＧＲＯＵＰ株式会社
64920,S100XBYD,有価証券報告書－第126期(2024/12/01－2025/09/30),2025-12-22 09:25,岡野バルブ製造株式会社
42430,S100XC1P,有価証券報告書－第95期(2024/10/01－2025/09/30),2025-12-22 09:25,株式会社ニックス
98690,S100XA3X,有価証券報告書－第79期(2024/10/01－2025/09/30),2025-12-22 09:36,加藤産業株式会社
29170,S100XBNR,有価証券報告書－第72期(2024/10/01－2025/09/30),2025-12-22 09:41,株式会社大森屋
70720,S100XBTQ,有価証券報告書－第13期(2024/10/01－2025/09/30),2025-12-22 10:00,株式会社インティメート・マージャー
76430,S100XC2D,有価証券報告書－第71期(2024/10/01－2025/09/30),2025-12-22 10:15,株式会社ダイイチ
65540,S100XBSY,有価証券報告書－第27期(2024/10/01－2025/09/30),2025-12-22 10:52,株式会社エスユーエス
77920,S100XBZW,有価証券報告書－第28期(2024/10/01－2025/09/30),2025-12-22 10:54,株式会社コラントッテ
95540,S100XC3I,有価証券報告書－第13期(2024/10/01－2025/09/30),2025-12-22 10:55,株式会社ＡＶｉＣ
39930,S100XC4P,有価証券報告書－第13期(2024/10/01－2025/09/30),2025-12-22 12:18,株式会社ＰＫＳＨＡ　Ｔｅｃｈｎｏｌｏｇｙ
78390,S100XC55,有価証券報告書－第69期(2024/10/01－2025/09/30),2025-12-22 12:27,株式会社ＳＨＯＥＩ
29740,S100XC53,有価証券報告書－第57期(2024/10/01－2025/09/30),2025-12-22 12:32,大英産業株式会社
59210,S100XBJH,有価証券報告書－第79期(2024/10/01－2025/09/30),2025-12-22 13:21,川岸工業株式会社
21220,S100XC5E,有価証券報告書－第26期(2024/10/01－2025/09/30),2025-12-22 13:48,株式会社インタースペース
33590,S100XBJQ,有価証券報告書－第27期(2024/10/01－2025/09/30),2025-12-22 15:11,株式会社ｃｏｔｔａ
23040,S100XC7V,有価証券報告書－第41期(2024/10/01－2025/09/30),2025-12-22 15:24,株式会社ＣＳＳホールディングス
35630,S100XBTY,有価証券報告書－第11期(2024/10/01－2025/09/30),2025-12-22 15:30,株式会社ＦＯＯＤ　＆　ＬＩＦＥ　ＣＯＭＰＡＮＩＥＳ
17830,S100XC79,有価証券報告書－第80期(2024/10/01－2025/09/30),2025-12-22 15:30,株式会社ｆａｎｔａｓｉｓｔａ
14460,S100XBZH,有価証券報告書－第12期(2024/10/01－2025/09/30),2025-12-22 15:40,株式会社キャンディル
220A0,S100XBUA,有価証券報告書－第20期(2024/10/01－2025/09/30),2025-12-22 15:42,株式会社Ｆａｂｅｒ　Ｃｏｍｐａｎｙ
55700,S100XC8W,有価証券報告書－第25期(2024/10/01－2025/09/30),2025-12-22 15:48,株式会社ジェノバ
65630,S100XBZI,有価証券報告書－第14期(2024/10/01－2025/09/30),2025-12-22 15:55,株式会社みらいワークス
44990,S100XC4C,有価証券報告書－第18期(2024/10/01－2025/09/30),2025-12-22 16:41,株式会社Ｓｐｅｅｅ
43760,S100XC6R,有価証券報告書－第4期(2024/10/01－2025/09/30),2025-12-22 16:00,株式会社くふうカンパニーホールディングス
39890,S100XC4O,有価証券報告書－第19期(2024/10/01－2025/09/30),2025-12-22 16:00,シェアリングテクノロジー株式会社
39850,S100XBTL,有価証券報告書－第17期(2024/10/01－2025/09/30),2025-12-22 16:00,テモナ株式会社
92250,S100XC8K,有価証券報告書－第14期(2024/10/01－2025/09/30),2025-12-22 16:00,ブリッジコンサルティンググループ株式会社
39000,S100XBLZ,有価証券報告書－第14期(2024/10/01－2025/09/30),2025-12-22 16:07,株式会社クラウドワークス
51370,S100XC5Q,有価証券報告書－第12期(2024/10/01－2025/09/30),2025-12-22 16:09,株式会社スマートドライブ
335A0,S100XCAD,有価証券報告書－第16期(2024/10/01－2025/09/30),2025-12-22 16:38,株式会社ミライロ
65510,S100XCA9,有価証券報告書－第19期(2024/10/01－2025/09/30),2025-12-22 16:43,株式会社ツナググループ・ホールディングス
60620,S100XC38,訂正有価証券報告書－第41期(2024/07/01－2025/06/30),2025-12-22 16:56,株式会社チャーム・ケア・コーポレーション
39200,S100XBM8,有価証券報告書－第23期(2024/10/01－2025/09/30),2025-12-19 09:19,アイビーシー株式会社
37230,S100XBL7,有価証券報告書－第24期(2024/10/01－2025/09/30),2025-12-19 09:50,日本ファルコム株式会社
73560,S100XBJI,有価証券報告書－第15期(2024/10/01－2025/09/30),2025-12-19 10:59,Ｒｅｔｔｙ株式会社
48090,S100XB3E,有価証券報告書－第29期(2024/10/01－2025/09/30),2025-12-19 11:22,パラカ株式会社
28740,S100XBSF,有価証券報告書－第78期(2024/10/01－2025/09/30),2025-12-19 14:47,横浜冷凍株式会社
62770,S100XB4O,有価証券報告書－第81期(2024/10/01－2025/09/30),2025-12-19 13:33,ホソカワミクロン株式会社
94380,S100XBLK,有価証券報告書－第30期(2024/10/01－2025/09/30),2025-12-19 14:00,株式会社エムティーアイ
166A0,S100XBKO,有価証券報告書－第2期(2024/10/01－2025/09/30),2025-12-19 14:20,株式会社タスキホールディングス
75270,S100XBIV,有価証券報告書－第44期(2024/10/01－2025/09/30),2025-12-19 14:23,株式会社システムソフト
41650,S100XBSL,訂正有価証券報告書－第14期(2024/10/01－2025/09/30),2025-12-19 14:25,株式会社プレイド
48840,S100XBJD,有価証券報告書－第24期(2024/10/01－2025/09/30),2025-12-19 14:31,クリングルファーマ株式会社
89440,S100X9MO,有価証券報告書－第41期(2024/10/01－2025/09/30),2025-12-19 14:37,株式会社ランドビジネス
24850,S100XBVP,有価証券報告書－第29期(2024/10/01－2025/09/30),2025-12-19 15:10,株式会社ティア
70690,S100XBQ8,有価証券報告書－第20期(2024/10/01－2025/09/30),2025-12-19 15:29,株式会社サイバー・バズ
92580,S100XBLU,有価証券報告書－第14期(2024/10/01－2025/09/30),2025-12-19 15:30,株式会社ＣＳ－Ｃ
60460,S100XBUR,有価証券報告書－第14期(2024/10/01－2025/09/30),2025-12-19 15:31,株式会社リンクバル
42600,S100XBWA,有価証券報告書－第10期(2024/10/01－2025/09/30),2025-12-19 15:33,株式会社ハイブリッドテクノロジーズ
55870,S100XBLH,有価証券報告書－第10期(2024/10/01－2025/09/30),2025-12-19 15:37,株式会社インバウンドプラットフォーム
269A0,S100XBWT,有価証券報告書－第10期(2024/10/01－2025/09/30),2025-12-19 16:01,株式会社Ｓａｐｅｅｔ
78060,S100XBX1,有価証券報告書－第30期(2024/10/01－2025/09/30),2025-12-19 16:03,株式会社ＭＴＧ
55860,S100XBVM,有価証券報告書－第10期(2024/10/01－2025/09/30),2025-12-19 16:13,株式会社Ｌａｂｏｒｏ．ＡＩ
73720,S100XBN5,有価証券報告書－第9期(2024/10/01－2025/09/30),2025-12-19 16:41,株式会社デコルテ・ホールディングス
71480,S100XBXT,有価証券報告書－第24期(2024/10/01－2025/09/30),2025-12-19 17:01,株式会社ＦＰＧ
81510,S100X93C,有価証券報告書－第73期(2024/10/01－2025/09/30),2025-12-18 09:00,株式会社東陽テクニカ
66770,S100XB6O,有価証券報告書－第24期(2024/10/01－2025/09/30),2025-12-18 09:11,株式会社エスケーエレクトロニクス
96990,S100XB09,有価証券報告書－第67期(2024/10/01－2025/09/30),2025-12-18 09:16,ニシオホールディングス株式会社
34940,S100XAPZ,有価証券報告書－第39期(2024/10/01－2025/09/30),2025-12-18 09:30,株式会社マリオン
45540,S100XAU2,有価証券報告書－第61期(2024/10/01－2025/09/30),2025-12-18 11:00,富士製薬工業株式会社
60300,S100XAYG,訂正有価証券報告書－第19期(2024/07/01－2025/06/30),2025-12-18 12:22,株式会社アドベンチャー
60870,S100XARO,有価証券報告書－第20期(2024/10/01－2025/09/30),2025-12-18 13:24,株式会社アビスト
47540,S100XBF5,有価証券報告書－第49期(2024/10/01－2025/09/30),2025-12-18 13:31,株式会社トスネット
39650,S100XB9Q,有価証券報告書－第37期(2024/10/01－2025/09/30),2025-12-18 13:32,株式会社キャピタル・アセット・プランニング
98230,S100XBFS,有価証券報告書－第60期(2024/10/01－2025/09/30),2025-12-18 13:58,株式会社マミーマートホールディングス
62840,S100XB87,有価証券報告書－第47期(2024/10/01－2025/09/30),2025-12-18 15:14,日精エー・エス・ビー機械株式会社
78190,S100XAKV,有価証券報告書－第77期(2024/10/01－2025/09/30),2025-12-18 15:30,粧美堂株式会社
43200,S100XB2A,有価証券報告書－第30期(2024/10/01－2025/09/30),2025-12-18 15:30,株式会社ＣＥホールディングス
50360,S100XB8X,有価証券報告書－第35期(2024/10/01－2025/09/30),2025-12-18 15:30,日本ビジネスシステムズ株式会社
63380,S100XBFK,有価証券報告書－第69期(2024/10/01－2025/09/30),2025-12-18 15:34,株式会社タカトリ
91700,S100XB94,有価証券報告書－第51期(2024/10/01－2025/09/30),2025-12-18 15:39,成友興業株式会社
94460,S100XB7R,有価証券報告書－第35期(2024/10/01－2025/09/30),2025-12-18 15:51,株式会社サカイホールディングス
93420,S100XBCH,有価証券報告書－第14期(2024/10/01－2025/09/30),2025-12-18 16:00,株式会社スマサポ
24100,S100XBEJ,有価証券報告書－第34期(2024/10/01－2025/09/30),2025-12-18 16:00,株式会社キャリアデザインセンター
43460,S100XBEF,有価証券報告書－第36期(2024/10/01－2025/09/30),2025-12-18 16:13,株式会社ＮＥＸＹＺ．Ｇｒｏｕｐ
77600,S100XAL6,有価証券報告書－第79期(2024/10/01－2025/09/30),2025-12-18 16:14,ＩＭＶ株式会社
73610,S100XB82,有価証券報告書－第9期(2024/10/01－2025/09/30),2025-12-18 16:15,株式会社ヒューマンクリエイションホールディングス
17710,S100XB9B,有価証券報告書－第88期(2024/10/01－2025/09/30),2025-12-18 16:16,日本乾溜工業株式会社
94760,S100XB7E,有価証券報告書－第88期(2024/10/01－2025/09/30),2025-12-18 16:43,株式会社中央経済社ホールディングス
75050,S100XAQS,有価証券報告書－第80期(2024/10/01－2025/09/30),2025-12-17 09:00,扶桑電通株式会社
39390,S100XAZ4,有価証券報告書－第25期(2024/10/01－2025/09/30),2025-12-17 09:48,株式会社カナミックネットワーク
61940,S100XAZ6,有価証券報告書－第22期(2024/10/01－2025/09/30),2025-12-17 09:50,株式会社アトラエ
76810,S100XACD,有価証券報告書－第25期(2024/10/01－2025/09/30),2025-12-17 10:05,株式会社レオクラン
63160,S100XAQD,有価証券報告書－第90期(2024/10/01－2025/09/30),2025-12-17 10:05,株式会社丸山製作所
75390,S100XAO8,有価証券報告書－第71期(2024/10/01－2025/09/30),2025-12-17 11:09,株式会社アイナボホールディングス
61960,S100XANE,訂正有価証券報告書－第25期(2020/09/01－2021/09/30),2025-12-17 12:44,株式会社ストライク
76460,S100XAET,有価証券報告書－第44期(2024/09/21－2025/09/20),2025-12-17 12:21,株式会社ＰＬＡＮＴ
74460,S100XAMG,有価証券報告書－第74期(2024/10/01－2025/09/30),2025-12-17 13:05,東北化学薬品株式会社
92330,S100XAIS,有価証券報告書－第78期(2024/10/01－2025/09/30),2025-12-17 15:27,アジア航測株式会社
23700,S100XB0H,有価証券報告書－第30期(2024/10/01－2025/09/30),2025-12-17 15:32,株式会社メディネット
37470,S100XB0Y,有価証券報告書－第27期(2024/10/01－2025/09/30),2025-12-17 15:32,株式会社インタートレード
61890,S100XAXC,有価証券報告書－第10期(2024/10/01－2025/09/30),2025-12-17 15:37,株式会社グローバルキッズＣＯＭＰＡＮＹ
37120,S100XAQC,有価証券報告書－第39期(2024/10/01－2025/09/30),2025-12-17 15:55,株式会社情報企画
31760,S100XABQ,有価証券報告書－第79期(2024/10/01－2025/09/30),2025-12-17 16:10,三洋貿易株式会社
36680,S100XB7G,有価証券報告書－第17期(2024/10/01－2025/09/30),2025-12-17 17:08,株式会社コロプラ
49580,S100XAHE,有価証券報告書－第64期(2024/10/01－2025/09/30),2025-12-16 10:03,長谷川香料株式会社
62000,S100XAOQ,有価証券報告書－第23期(2024/10/01－2025/09/30),2025-12-16 14:01,株式会社インソース
36870,S100XAQJ,有価証券報告書－第24期(2024/10/01－2025/09/30),2025-12-16 14:29,株式会社フィックスターズ
34610,S100XAEN,有価証券報告書－第58期(2024/10/01－2025/09/30),2025-12-16 14:43,株式会社パルマ
49310,S100XA5Q,有価証券報告書－第37期(2024/10/01－2025/09/30),2025-12-16 15:30,新日本製薬株式会社
87890,S100XAOR,有価証券報告書－第31期(2024/10/01－2025/09/30),2025-12-16 15:30,フィンテック　グローバル株式会社
34960,S100XADZ,有価証券報告書－第16期(2024/10/01－2025/09/30),2025-12-16 15:31,株式会社アズーム
36900,S100XAFO,有価証券報告書－第25期(2024/10/01－2025/09/30),2025-12-16 15:33,株式会社イルグルム
96790,S100XAG9,有価証券報告書－第142期(2024/10/01－2025/09/30),2025-12-16 15:55,ホウライ株式会社
32450,S100XAUW,有価証券報告書－第21期(2024/10/01－2025/09/30),2025-12-16 16:04,株式会社ディア・ライフ
70760,S100XALI,有価証券報告書－第11期(2024/10/01－2025/09/30),2025-12-16 17:12,名南Ｍ＆Ａ株式会社
29260,S100XAAS,有価証券報告書－第39期(2024/10/01－2025/09/30),2025-12-15 11:58,株式会社　篠崎屋
77110,S100XAGE,有価証券報告書－第88期(2024/10/01－2025/09/30),2025-12-15 14:49,助川電気工業株式会社
61760,S100XAF9,有価証券報告書－第25期(2024/10/01－2025/09/30),2025-12-15 15:30,株式会社ブランジスタ
39920,S100XAHG,有価証券報告書－第39期(2024/10/01－2025/09/30),2025-12-15 15:38,株式会社ニーズウェル
36980,S100XAH0,有価証券報告書－第25期(2024/10/01－2025/09/30),2025-12-15 17:04,株式会社ＣＲＩ・ミドルウェア
21850,S100X9E8,有価証券報告書－第64期(2024/10/01－2025/09/30),2025-12-12 15:00,株式会社シイエム・シイ
40510,S100X9ZE,有価証券報告書－第27期(2024/10/01－2025/09/30),2025-12-12 15:40,ＧＭＯフィナンシャルゲート株式会社
37690,S100X9RU,有価証券報告書－第32期(2024/10/01－2025/09/30),2025-12-12 15:52,ＧＭＯペイメントゲートウェイ株式会社
97460,S100X9LY,有価証券報告書－第59期(2024/10/01－2025/09/30),2025-12-11 14:30,株式会社　ＴＫＣ
55320,S100X9V9,有価証券報告書－第17期(2024/10/01－2025/09/30),2025-12-11 16:02,株式会社リアルゲイト
36360,S100X9BV,有価証券報告書－第56期(2024/10/01－2025/09/30),2025-12-10 11:38,株式会社三菱総合研究所
60500,S100X9H5,有価証券報告書－第28期(2024/10/01－2025/09/30),2025-12-10 13:23,イー・ガーディアン株式会社
44790,S100X9BR,有価証券報告書－第13期(2024/10/01－2025/09/30),2025-12-10 15:30,株式会社マクアケ
25510,S100X978,有価証券報告書－第74期(2024/09/21－2025/09/20),2025-12-10 16:00,マルサンアイ株式会社
49280,S100X8TQ,有価証券報告書－第15期(2024/10/01－2025/09/30),2025-12-08 17:00,株式会社ノエビアホールディングス
31890,S100X7OR,有価証券報告書－第34期(2024/09/01－2025/08/31),2025-12-01 10:15,株式会社ＡＮＡＰホールディングス
29010,S100X7C2,有価証券報告書－第69期(2025/04/01－2025/08/31),2025-11-28 09:20,株式会社ウェルディッシュ
369A0,S100X7EY,有価証券報告書－第21期(2024/09/01－2025/08/31),2025-11-28 10:12,株式会社エータイ
62550,S100X6PR,有価証券報告書－第33期(2024/09/01－2025/08/31),2025-11-28 10:23,株式会社エヌ・ピー・シー
92520,S100X7D0,有価証券報告書－第14期(2024/09/01－2025/08/31),2025-11-28 10:39,株式会社ラストワンマイル
21570,S100X7DQ,有価証券報告書－第56期(2024/09/01－2025/08/31),2025-11-28 13:21,株式会社コシダカホールディングス
92410,S100X7HS,有価証券報告書－第26期(2024/09/01－2025/08/31),2025-11-28 12:49,株式会社フューチャーリンクネットワーク
99830,S100X6X6,有価証券報告書－第64期(2024/09/01－2025/08/31),2025-11-28 13:04,株式会社ファーストリテイリング
73730,S100X7DA,有価証券報告書－第17期(2024/09/01－2025/08/31),2025-11-28 14:19,株式会社アイドマ・ホールディングス
24040,S100X7IQ,有価証券報告書－第27期(2024/09/01－2025/08/31),2025-11-28 14:23,株式会社鉄人化ホールディングス
428A0,S100X7KP,有価証券報告書－第7期(2024/09/01－2025/08/31),2025-11-28 15:30,サイプレス・ホールディングス株式会社
35600,S100X6M7,有価証券報告書－第47期(2024/09/01－2025/08/31),2025-11-28 15:30,株式会社ほぼ日
35410,S100X7ID,有価証券報告書－第19期(2024/09/01－2025/08/31),2025-11-28 15:31,株式会社農業総合研究所
50260,S100X79V,有価証券報告書－第17期(2024/09/01－2025/08/31),2025-11-28 15:32,株式会社トリプルアイズ
39870,S100X72V,有価証券報告書－第19期(2024/09/01－2025/08/31),2025-11-27 12:04,エコモット株式会社
74450,S100X6V7,有価証券報告書－第46期(2024/09/01－2025/08/31),2025-11-27 14:00,株式会社ライトオン
245A0,S100X72L,有価証券報告書－第17期(2024/09/01－2025/08/31),2025-11-27 15:00,株式会社ＩＮＧＳ
55800,S100X6Y2,有価証券報告書－第18期(2024/09/01－2025/08/31),2025-11-27 15:30,株式会社プロディライト
44120,S100X6RV,有価証券報告書－第22期(2024/09/01－2025/08/31),2025-11-27 15:30,株式会社サイエンスアーツ
95600,S100X76V,有価証券報告書－第9期(2024/09/01－2025/08/31),2025-11-27 15:30,株式会社プログリット
73510,S100X6Y8,有価証券報告書－第14期(2024/09/01－2025/08/31),2025-11-27 15:32,株式会社グッドパッチ
51290,S100X770,有価証券報告書－第16期(2024/09/01－2025/08/31),2025-11-27 15:40,株式会社ＦＩＸＥＲ
73520,S100X747,有価証券報告書－第12期(2024/09/01－2025/08/31),2025-11-27 15:44,株式会社ＴＷＯＳＴＯＮＥ＆Ｓｏｎｓ
30460,S100X74E,有価証券報告書－第38期(2024/09/01－2025/08/31),2025-11-27 16:00,株式会社ジンズホールディングス
44330,S100X6V1,有価証券報告書－第7期(2024/09/01－2025/08/31),2025-11-27 16:26,株式会社ヒト・コミュニケーションズ・ホールディングス
87830,S100X79I,有価証券報告書－第25期(2025/04/01－2025/08/31),2025-11-27 16:34,ａｂｃ株式会社
72190,S100X6JZ,有価証券報告書－第52期(2024/09/01－2025/08/31),2025-11-26 09:11,株式会社エッチ・ケー・エス
47600,S100X5LJ,有価証券報告書－第43期(2024/09/01－2025/08/31),2025-11-26 09:29,株式会社アルファ
78050,S100X68N,有価証券報告書－第40期(2024/09/01－2025/08/31),2025-11-26 09:46,プリントネット株式会社
62890,S100X6JF,有価証券報告書－第44期(2024/09/01－2025/08/31),2025-11-26 10:00,株式会社技研製作所
34400,S100X6MC,有価証券報告書－第42期(2024/09/01－2025/08/31),2025-11-26 10:05,日創グループ株式会社
94180,S100X6EF,有価証券報告書－第18期(2024/09/01－2025/08/31),2025-11-26 10:23,株式会社Ｕ－ＮＥＸＴ　ＨＯＬＤＩＮＧＳ
44400,S100X6ND,有価証券報告書－第29期(2024/09/01－2025/08/31),2025-11-26 11:06,株式会社ヴィッツ
79280,S100X6CC,有価証券報告書－第59期(2024/09/01－2025/08/31),2025-11-26 11:21,旭化学工業株式会社
35360,S100X6JA,有価証券報告書－第10期(2024/09/01－2025/08/31),2025-11-26 11:35,アクサスホールディングス株式会社
43700,S100X6MF,有価証券報告書－第14期(2024/09/01－2025/08/31),2025-11-26 12:17,モビルス株式会社
43970,S100X6JN,有価証券報告書－第29期(2024/09/01－2025/08/31),2025-11-26 13:06,株式会社チームスピリット
27360,S100X6QO,有価証券報告書－第62期(2024/09/01－2025/08/31),2025-11-26 13:22,フェスタリアホールディングス株式会社
78180,S100X6MS,有価証券報告書－第39期(2024/09/01－2025/08/31),2025-11-26 13:32,株式会社トランザクション
99780,S100X6SE,有価証券報告書－第75期(2024/09/01－2025/08/31),2025-11-26 14:49,株式会社文教堂グループホールディングス
70650,S100X6QU,有価証券報告書－第47期(2024/09/01－2025/08/31),2025-11-26 15:00,ユーピーアール株式会社
156A0,S100X6SQ,有価証券報告書－第12期(2024/09/01－2025/08/31),2025-11-26 15:30,マテリアルグループ株式会社
24490,S100X6O3,有価証券報告書－第55期(2024/09/01－2025/08/31),2025-11-26 15:30,株式会社プラップジャパン
373A0,S100X6NP,有価証券報告書－第18期(2024/09/01－2025/08/31),2025-11-26 15:30,株式会社リップス
325A0,S100X6TZ,有価証券報告書－第8期(2025/02/01－2025/08/31),2025-11-26 15:30,株式会社ＴＥＮＴＩＡＬ
31740,S100X6RU,有価証券報告書－第35期(2024/09/01－2025/08/31),2025-11-26 15:32,株式会社ハピネス・アンド・ディ
276A0,S100X6P1,有価証券報告書－第7期(2024/09/01－2025/08/31),2025-11-26 15:32,ククレブ・アドバイザーズ株式会社
41990,S100X6FE,有価証券報告書－第13期(2024/09/01－2025/08/31),2025-11-26 15:47,ワンダープラネット株式会社
367A0,S100X66L,有価証券報告書－第5期(2024/09/01－2025/08/31),2025-11-26 15:48,プリモグローバルホールディングス株式会社
14340,S100X6GM,有価証券報告書－第56期(2024/09/01－2025/08/31),2025-11-26 15:57,ＪＥＳＣＯホールディングス株式会社
93310,S100X1KO,有価証券報告書－第11期(2024/09/01－2025/08/31),2025-11-26 16:00,株式会社キャスター
89040,S100X6R9,有価証券報告書－第36期(2024/09/01－2025/08/31),2025-11-26 16:01,株式会社ＡＶＡＮＴＩＡ
36470,S100X6VP,有価証券報告書－第15期(2024/09/01－2025/08/31),2025-11-26 16:30,株式会社ジー・スリーホールディングス
24840,S100X153,有価証券報告書－第26期(2024/09/01－2025/08/31),2025-11-26 16:31,株式会社出前館
29270,S100X6W8,有価証券報告書－第45期(2024/09/01－2025/08/31),2025-11-26 16:38,株式会社ＡＦＣ－ＨＤアムスライフサイエンス
66680,S100X6VA,有価証券報告書－第41期(2024/09/01－2025/08/31),2025-11-26 16:54,株式会社アドテックプラズマテクノロジー
21640,S100X6X1,有価証券報告書－第41期(2024/09/01－2025/08/31),2025-11-26 17:13,株式会社地域新聞社
62640,S100X6CU,有価証券報告書－第38期(2024/09/01－2025/08/31),2025-11-25 09:00,株式会社マルマエ
75140,S100X67D,有価証券報告書－第50期(2024/09/01－2025/08/31),2025-11-25 10:30,株式会社　ヒマラヤ
14070,S100X68L,有価証券報告書－第20期(2024/09/01－2025/08/31),2025-11-25 12:01,株式会社ウエストホールディングス
99790,S100X5DP,有価証券報告書－第54期(2024/09/01－2025/08/31),2025-11-25 12:36,株式会社大庄
27350,S100X626,有価証券報告書－第31期(2024/09/01－2025/08/31),2025-11-25 12:55,株式会社ワッツ
29990,S100X6G1,有価証券報告書－第36期(2024/09/01－2025/08/31),2025-11-25 13:27,ホームポジション株式会社
44390,S100X6GX,有価証券報告書－第28期(2024/09/01－2025/08/31),2025-11-25 14:21,株式会社東名
414A0,S100X6HK,有価証券報告書－第4期(2024/09/01－2025/08/31),2025-11-25 15:01,株式会社オーバーラップホールディングス
40150,S100X5MX,有価証券報告書－第20期(2024/09/01－2025/08/31),2025-11-25 15:03,ペイクラウドホールディングス株式会社
92640,S100X5TH,有価証券報告書－第37期(2024/09/01－2025/08/31),2025-11-25 15:30,ポエック株式会社
55740,S100X6IA,有価証券報告書－第13期(2024/09/01－2025/08/31),2025-11-25 15:30,株式会社ＡＢＥＪＡ
75810,S100X5Z0,有価証券報告書－第53期(2024/09/01－2025/08/31),2025-11-25 15:30,株式会社サイゼリヤ
39910,S100X6HU,有価証券報告書－第15期(2024/09/01－2025/08/31),2025-11-25 15:31,ウォンテッドリー株式会社
55780,S100X6EQ,有価証券報告書－第16期(2024/09/01－2025/08/31),2025-11-25 16:00,ＡＲアドバンストテクノロジ株式会社
92700,S100X6BK,有価証券報告書－第14期(2024/09/01－2025/08/31),2025-11-25 16:35,バリュエンスホールディングス株式会社
30450,S100X6HQ,有価証券報告書－第54期(2024/09/01－2025/08/31),2025-11-25 16:46,株式会社カワサキ
70350,S100X6AI,有価証券報告書－第11期(2024/09/01－2025/08/31),2025-11-25 17:04,ａｎｄ　ｆａｃｔｏｒｙ株式会社
74530,S100X5NI,有価証券報告書－第47期(2024/09/01－2025/08/31),2025-11-21 10:13,株式会社　良品計画
36070,S100X5IQ,有価証券報告書－第49期(2024/09/01－2025/08/31),2025-11-21 11:26,株式会社クラウディアホールディングス
190A0,S100X63V,有価証券報告書－第8期(2024/09/01－2025/08/31),2025-11-21 13:00,Ｃｈｏｒｄｉａ　Ｔｈｅｒａｐｅｕｔｉｃｓ株式会社
70850,S100X61U,有価証券報告書－第17期(2024/09/01－2025/08/31),2025-11-21 13:00,株式会社カーブスホールディングス
38150,S100X62P,有価証券報告書－第28期(2024/09/01－2025/08/31),2025-11-21 16:04,株式会社メディア工房
36970,S100X63F,有価証券報告書－第20期(2024/09/01－2025/08/31),2025-11-21 16:52,株式会社ＳＨＩＦＴ
47280,S100X5JM,有価証券報告書－第46期(2024/09/01－2025/08/31),2025-11-20 09:39,株式会社トーセ
61590,S100X5M8,有価証券報告書－第66期(2024/09/01－2025/08/31),2025-11-20 13:31,ミクロン精密株式会社
46680,S100X5JB,有価証券報告書－第41期(2024/09/01－2025/08/31),2025-11-20 15:10,株式会社明光ネットワークジャパン
41760,S100X5W6,有価証券報告書－第14期(2024/09/01－2025/08/31),2025-11-20 15:29,株式会社ココナラ
81270,S100X5IF,有価証券報告書－第79期(2024/09/01－2025/08/31),2025-11-20 15:31,ヤマトインターナショナル株式会社
61990,S100X5OA,有価証券報告書－第38期(2024/09/01－2025/08/31),2025-11-20 15:41,株式会社セラク
82540,S100X51A,有価証券報告書－第94期(2024/09/01－2025/08/31),2025-11-19 10:17,株式会社さいか屋
19970,S100X59V,有価証券報告書－第72期(2024/09/01－2025/08/31),2025-11-19 10:34,暁飯島工業株式会社
30480,S100X5J8,有価証券報告書－第45期(2024/09/01－2025/08/31),2025-11-19 13:09,株式会社ビックカメラ
76070,S100X5L9,有価証券報告書－第75期(2024/09/01－2025/08/31),2025-11-19 13:32,株式会社進和
74470,S100X5AK,有価証券報告書－第76期(2024/09/01－2025/08/31),2025-11-19 15:34,ナガイレーベン株式会社
77300,S100X59Q,有価証券報告書－第66期(2024/09/01－2025/08/31),2025-11-18 14:51,マニー株式会社
94140,S100X54M,有価証券報告書－第27期(2024/09/01－2025/08/31),2025-11-18 15:30,日本ＢＳ放送株式会社
75130,S100X50A,有価証券報告書－第63期(2024/09/01－2025/08/31),2025-11-17 15:31,株式会社コジマ
91620,S100X4OL,訂正有価証券報告書－第16期(2024/07/01－2025/06/30),2025-11-14 15:30,株式会社ブリーチ
78700,S100X17L,有価証券報告書－第73期(2024/08/21－2025/08/20),2025-11-14 15:33,福島印刷株式会社
30350,S100WXKZ,有価証券報告書－第54期(2024/08/21－2025/08/20),2025-11-11 14:02,ケイティケイ株式会社
71160,S100WYP6,訂正有価証券報告書－第10期(2024/04/01－2025/03/31),2025-11-05 13:39,ダイワ通信株式会社
89270,S100WXQ6,有価証券報告書－第57期(2024/08/01－2025/07/31),2025-10-31 09:23,株式会社明豊エンタープライズ
49570,S100WY1O,訂正有価証券報告書－第67期(2024/04/01－2025/03/31),2025-10-31 13:58,ヤスハラケミカル株式会社
218A0,S100WY33,有価証券報告書－第9期(2024/08/01－2025/07/31),2025-10-31 15:35,株式会社Ｌｉｂｅｒａｗａｒｅ
39880,S100WXMD,有価証券報告書－第12期(2024/08/01－2025/07/31),2025-10-30 15:00,株式会社ＳＹＳホールディングス
76820,S100WXPT,有価証券報告書－第58期(2024/08/01－2025/07/31),2025-10-30 15:30,株式会社浜木綿
44220,S100WX4G,有価証券報告書－第19期(2024/08/01－2025/07/31),2025-10-30 15:30,ＶＡＬＵＥＮＥＸ株式会社
350A0,S100WXET,有価証券報告書－第9期(2024/08/01－2025/07/31),2025-10-30 15:41,デジタルグリッド株式会社
35390,S100WWAM,有価証券報告書－第47期(2024/08/01－2025/07/31),2025-10-30 16:00,株式会社ＪＭホールディングス
92400,S100WXTF,有価証券報告書－第23期(2024/08/01－2025/07/31),2025-10-30 16:16,株式会社デリバリーコンサルティング
38160,S100WXEV,有価証券報告書－第49期(2024/08/01－2025/07/31),2025-10-29 14:55,株式会社大和コンピューター
44460,S100WXDJ,有価証券報告書－第12期(2024/08/01－2025/07/31),2025-10-29 15:51,Ｌｉｎｋ－Ｕグループ株式会社
78500,S100WXH6,有価証券報告書－第54期(2024/08/01－2025/07/31),2025-10-29 16:33,総合商研株式会社
29780,S100WXFC,有価証券報告書－第14期(2024/08/01－2025/07/31),2025-10-29 17:01,株式会社ツクルバ
18440,S100WWZA,有価証券報告書－第59期(2024/08/01－2025/07/31),2025-10-28 10:39,株式会社大盛工業
24240,S100WX02,有価証券報告書－第22期(2024/08/01－2025/07/31),2025-10-28 14:23,株式会社ブラス
39300,S100WX9N,有価証券報告書－第25期(2024/08/01－2025/07/31),2025-10-28 14:45,株式会社はてな
31930,S100WWX8,有価証券報告書－第39期(2024/08/01－2025/07/31),2025-10-28 14:48,株式会社エターナルホスピタリティグループ
14440,S100WX6F,有価証券報告書－第37期(2024/08/01－2025/07/31),2025-10-28 15:30,株式会社ニッソウ
40750,S100WX5A,有価証券報告書－第17期(2024/08/01－2025/07/31),2025-10-28 15:30,ブレインズテクノロジー株式会社
71100,S100WWW2,有価証券報告書－第19期(2024/08/01－2025/07/31),2025-10-28 15:44,株式会社クラシコム
36620,S100WXAF,有価証券報告書－第26期(2024/08/01－2025/07/31),2025-10-28 16:00,株式会社エイチームホールディングス
34210,S100WWG0,有価証券報告書－第78期(2024/08/01－2025/07/31),2025-10-27 09:34,株式会社稲葉製作所
60910,S100WWUT,有価証券報告書－第12期(2024/08/01－2025/07/31),2025-10-27 10:00,株式会社ウエスコホールディングス
34410,S100WWVN,有価証券報告書－第67期(2024/08/01－2025/07/31),2025-10-27 11:51,株式会社山王
34180,S100WX0H,有価証券報告書－第34期(2024/08/01－2025/07/31),2025-10-27 12:45,株式会社バルニバービ
65770,S100WW3R,有価証券報告書－第20期(2024/08/01－2025/07/31),2025-10-27 13:13,株式会社ベストワンドットコム
76920,S100WWYA,有価証券報告書－第24期(2024/08/01－2025/07/31),2025-10-27 15:01,株式会社アースインフィニティ
95560,S100WX3D,有価証券報告書－第21期(2024/08/01－2025/07/31),2025-10-27 15:51,ＩＮＴＬＯＯＰ株式会社
92350,S100WX4A,有価証券報告書－第16期(2024/08/01－2025/07/31),2025-10-27 17:00,売れるネット広告社グループ株式会社
62250,S100WWVI,有価証券報告書－第40期(2024/08/01－2025/07/31),2025-10-24 13:58,株式会社エコム
55720,S100WWVV,有価証券報告書－第10期(2024/08/01－2025/07/31),2025-10-24 14:04,株式会社Ｒｉｄｇｅ－ｉ
29910,S100WWX1,有価証券報告書－第26期(2024/08/01－2025/07/31),2025-10-24 15:49,株式会社ランドネット
71260,S100WVWR,有価証券報告書－第78期(2024/08/01－2025/07/31),2025-10-24 15:51,グローバルスタイル株式会社
92620,S100WWED,有価証券報告書－第18期(2024/08/01－2025/07/31),2025-10-24 16:00,株式会社シルバーライフ
65350,S100WW4T,有価証券報告書－第18期(2024/08/01－2025/07/31),2025-10-23 12:00,株式会社アイモバイル
31720,S100WWIC,有価証券報告書－第42期(2024/08/01－2025/07/31),2025-10-23 13:01,ティーライフ株式会社
67780,S100WW7U,有価証券報告書－第35期(2024/08/01－2025/07/31),2025-10-23 13:09,株式会社アルチザネットワークス
62670,S100WWCW,有価証券報告書－第64期(2024/08/01－2025/07/31),2025-10-23 13:30,ゼネラルパッカー株式会社
78100,S100WWNJ,有価証券報告書－第38期(2024/08/01－2025/07/31),2025-10-23 13:32,株式会社クロスフォー
51310,S100WWJN,有価証券報告書－第14期(2024/08/01－2025/07/31),2025-10-23 16:00,リンカーズ株式会社
32420,S100WS9W,訂正有価証券報告書－第28期(2024/07/01－2025/06/30),2025-10-23 16:06,株式会社アーバネットコーポレーション
70970,S100WWP5,有価証券報告書－第8期(2024/08/01－2025/07/31),2025-10-23 16:08,株式会社さくらさくプラス
92420,S100WW8R,有価証券報告書－第34期(2024/08/01－2025/07/31),2025-10-22 09:03,メディア総研株式会社
23910,S100WW9E,有価証券報告書－第40期(2024/08/01－2025/07/31),2025-10-22 11:17,株式会社プラネット
41940,S100WW0V,有価証券報告書－第6期(2024/08/01－2025/07/31),2025-10-22 15:30,ビジョナル株式会社
23530,S100WW40,有価証券報告書－第34期(2024/08/01－2025/07/31),2025-10-22 15:30,日本駐車場開発株式会社
43840,S100WW0E,有価証券報告書－第16期(2024/08/01－2025/07/31),2025-10-22 16:09,ラクスル株式会社
60400,S100WWGS,有価証券報告書－第20期(2024/08/01－2025/07/31),2025-10-22 16:18,日本スキー場開発株式会社
211A0,S100WW30,有価証券報告書－第27期(2024/08/01－2025/07/31),2025-10-21 10:17,株式会社カドス・コーポレーション
45990,S100WW19,有価証券報告書－第20期(2024/08/01－2025/07/31),2025-10-21 15:10,株式会社ステムリム
40140,S100WW86,有価証券報告書－第17期(2024/08/01－2025/07/31),2025-10-21 15:29,株式会社カラダノート
29290,S100WW38,有価証券報告書－第28期(2024/08/01－2025/07/31),2025-10-21 15:32,株式会社ファーマフーズ
63870,S100WVTP,有価証券報告書－第46期(2024/08/01－2025/07/31),2025-10-20 11:22,サムコ　株式会社
38540,S100WVK4,有価証券報告書－第35期(2024/08/01－2025/07/31),2025-10-17 09:20,株式会社アイル
196A0,S100WVCQ,訂正有価証券報告書－第16期(2024/07/01－2025/06/30),2025-10-15 15:35,株式会社ＭＦＳ
80570,S100WU40,有価証券報告書－第87期(2024/07/21－2025/07/20),2025-10-10 15:29,株式会社内田洋行
78260,S100WUAI,訂正有価証券報告書－第57期(2024/07/01－2025/06/30),2025-10-09 14:39,株式会社フルヤ金属
21720,S100WST9,訂正有価証券報告書－第51期(2024/07/01－2025/06/30),2025-10-03 10:04,株式会社インサイト
95140,S100WSTO,訂正有価証券報告書－第29期(2024/07/01－2025/06/30),2025-10-02 10:45,株式会社エフオン
40520,S100WQ82,有価証券報告書－第20期(2024/07/01－2025/06/30),2025-09-30 15:30,フィーチャ株式会社
73750,S100WS5X,有価証券報告書－第4期(2024/07/01－2025/06/30),2025-09-30 15:32,株式会社リファインバースグループ
73200,S100WPVB,訂正有価証券報告書－第16期(2023/07/01－2024/06/30),2025-09-30 16:55,Ｓｏｌｖｖｙ株式会社
61560,S100WQRX,有価証券報告書－第35期(2024/07/01－2025/06/30),2025-09-29 09:01,株式会社エーワン精密
17880,S100WROP,有価証券報告書－第71期(2024/07/01－2025/06/30),2025-09-29 09:15,株式会社三東工業社
59870,S100WRVO,有価証券報告書－第74期(2024/07/01－2025/06/30),2025-09-29 09:24,株式会社オーネックス
90280,S100WRNH,有価証券報告書－第79期(2024/07/01－2025/06/30),2025-09-29 09:45,株式会社ゼロ
19990,S100WN39,有価証券報告書－第70期(2024/07/01－2025/06/30),2025-09-29 10:47,サイタホールディングス株式会社
76360,S100WRQD,有価証券報告書－第61期(2024/07/01－2025/06/30),2025-09-29 11:55,株式会社ハンズマン
36390,S100WRYE,有価証券報告書－第26期(2024/07/01－2025/06/30),2025-09-29 12:19,株式会社ボルテージ
92730,S100WRWI,有価証券報告書－第11期(2024/07/01－2025/06/30),2025-09-29 13:00,コーア商事ホールディングス株式会社
73250,S100WS0W,有価証券報告書－第30期(2024/07/01－2025/06/30),2025-09-29 13:27,株式会社アイリックコーポレーション
31400,S100WS12,有価証券報告書－第30期(2024/07/01－2025/06/30),2025-09-29 13:45,ＢＲＵＮＯ株式会社
17160,S100WRZ3,有価証券報告書－第58期(2024/07/01－2025/06/30),2025-09-29 13:51,第一カッター興業株式会社
17640,S100WRZI,有価証券報告書－第54期(2024/07/01－2025/06/30),2025-09-29 14:20,工藤建設株式会社
35970,S100WRSF,有価証券報告書－第65期(2024/07/01－2025/06/30),2025-09-29 14:51,株式会社自重堂
77070,S100WS3N,有価証券報告書－第40期(2024/07/01－2025/06/30),2025-09-29 15:06,プレシジョン・システム・サイエンス株式会社
74090,S100WRXZ,訂正有価証券報告書－第10期(2024/07/01－2025/06/30),2025-09-29 15:08,ＡｅｒｏＥｄｇｅ株式会社
38080,S100WS3E,有価証券報告書－第26期(2024/07/01－2025/06/30),2025-09-29 15:10,株式会社オウケイウェイヴ
65970,S100WS3O,有価証券報告書－第20期(2024/07/01－2025/06/30),2025-09-29 15:11,ＨＰＣシステムズ株式会社
45750,S100WQRS,有価証券報告書－第26期(2024/07/01－2025/06/30),2025-09-29 15:46,株式会社キャンバス
32710,S100WS5Q,有価証券報告書－第15期(2024/07/01－2025/06/30),2025-09-29 16:02,株式会社　ＴＨＥグローバル社
70630,S100WS69,有価証券報告書－第13期(2024/07/01－2025/06/30),2025-09-29 16:06,株式会社Ｂｉｒｄｍａｎ
51250,S100WS33,有価証券報告書－第7期(2024/07/01－2025/06/30),2025-09-29 17:05,株式会社ファインズ
63270,S100WQMF,有価証券報告書－第69期(2024/07/01－2025/06/30),2025-09-26 09:09,北川精機株式会社
34260,S100WQ9V,有価証券報告書－第71期(2024/07/01－2025/06/30),2025-09-26 10:10,アトムリビンテック株式会社
93610,S100WQSP,有価証券報告書－第108期(2024/07/01－2025/06/30),2025-09-26 10:28,伏木海陸運送株式会社
65420,S100WRCV,有価証券報告書－第9期(2024/07/01－2025/06/30),2025-09-26 11:21,株式会社ＦＣホールディングス
34460,S100WRL1,有価証券報告書－第32期(2024/07/01－2025/06/30),2025-09-26 13:14,株式会社ジェイテックコーポレーション
176A0,S100WRGF,有価証券報告書－第31期(2024/07/01－2025/06/30),2025-09-26 13:18,レジル株式会社
30760,S100WRM2,有価証券報告書－第19期(2024/07/01－2025/06/30),2025-09-26 13:43,あいホールディングス株式会社
60280,S100WRK2,有価証券報告書－第20期(2024/07/01－2025/06/30),2025-09-26 14:17,テクノプロ・ホールディングス株式会社
387A0,S100WQUS,有価証券報告書－第15期(2024/07/01－2025/06/30),2025-09-26 15:30,フラー株式会社
42630,S100WR1U,有価証券報告書－第10期(2024/07/01－2025/06/30),2025-09-26 15:31,サスメド株式会社
58840,S100WRPW,有価証券報告書－第11期(2024/07/01－2025/06/30),2025-09-26 15:32,株式会社クラダシ
43350,S100WRPN,有価証券報告書－第29期(2024/07/01－2025/06/30),2025-09-26 15:37,ＩＰＳホールディングス株式会社
31350,S100WRDT,有価証券報告書－第19期(2024/07/01－2025/06/30),2025-09-26 15:43,株式会社マーケットエンタープライズ
36600,S100WRCU,有価証券報告書－第26期(2024/07/01－2025/06/30),2025-09-26 15:46,株式会社アイスタイル
67280,S100WQX1,有価証券報告書－第121期(2024/07/01－2025/06/30),2025-09-26 15:47,株式会社　アルバック
30410,S100WRES,有価証券報告書－第29期(2024/07/01－2025/06/30),2025-09-26 15:50,株式会社ビューティカダンホールディングス
36320,S100WQWX,有価証券報告書－第21期(2024/07/01－2025/06/30),2025-09-26 15:58,グリーホールディングス株式会社
246A0,S100WRLD,有価証券報告書－第31期(2024/07/01－2025/06/30),2025-09-26 16:00,株式会社アスア
34690,S100WRQP,有価証券報告書－第19期(2024/07/01－2025/06/30),2025-09-26 16:00,株式会社デュアルタップ
141A0,S100WRQT,有価証券報告書－第11期(2024/07/01－2025/06/30),2025-09-26 16:00,株式会社トライアルホールディングス
78130,S100WLVW,有価証券報告書－第33期(2024/07/01－2025/06/30),2025-09-26 16:00,株式会社プラッツ
30820,S100WR4M,有価証券報告書－第27期(2024/07/01－2025/06/30),2025-09-26 16:00,株式会社きちりホールディングス
50340,S100WRCL,有価証券報告書－第10期(2024/07/01－2025/06/30),2025-09-26 16:01,株式会社ｕｎｅｒｒｙ
386A0,S100WR75,有価証券報告書－第71期(2024/07/01－2025/06/30),2025-09-26 16:01,株式会社みのや
39860,S100WR2U,有価証券報告書－第23期(2024/07/01－2025/06/30),2025-09-26 16:06,株式会社ビーブレイクシステムズ
29620,S100WRPQ,有価証券報告書－第57期(2024/07/01－2025/06/30),2025-09-26 16:20,株式会社テクニスコ
60610,S100WRP5,有価証券報告書－第52期(2024/07/01－2025/06/30),2025-09-26 16:26,株式会社ユニバーサル園芸社
194A0,S100WRRL,有価証券報告書－第7期(2024/07/01－2025/06/30),2025-09-26 16:28,株式会社ＷＯＬＶＥＳ　ＨＡＮＤ
65940,S100WRH7,有価証券報告書－第52期(2024/04/01－2025/03/31),2025-09-26 16:44,ニデック株式会社
52540,S100WRNQ,有価証券報告書－第13期(2024/07/01－2025/06/30),2025-09-26 16:45,株式会社Ａｒｅｎｔ
14140,S100WQS8,有価証券報告書－第18期(2024/07/01－2025/06/30),2025-09-25 09:10,ショーボンドホールディングス株式会社
91650,S100WM9C,有価証券報告書－第33期(2024/07/01－2025/06/30),2025-09-25 09:44,株式会社クオルテック
378A0,S100WQTA,有価証券報告書－第35期(2024/07/01－2025/06/30),2025-09-25 10:00,株式会社ヒット
89280,S100WQZC,有価証券報告書－第62期(2024/07/01－2025/06/30),2025-09-25 10:22,穴吹興産株式会社
55300,S100WR0H,有価証券報告書－第29期(2024/07/01－2025/06/30),2025-09-25 10:30,日本システムバンク株式会社
49760,S100WR11,有価証券報告書－第63期(2024/07/01－2025/06/30),2025-09-25 11:27,東洋ドライルーブ株式会社
89450,S100WQZF,有価証券報告書－第27期(2024/07/01－2025/06/30),2025-09-25 12:00,サンネクスタグループ株式会社
67850,S100WQD6,有価証券報告書－第56期(2024/07/01－2025/06/30),2025-09-25 12:23,株式会社鈴木
93400,S100WR24,有価証券報告書－第38期(2024/07/01－2025/06/30),2025-09-25 13:00,株式会社アソインターナショナル
21800,S100WQST,有価証券報告書－第40期(2024/07/01－2025/06/30),2025-09-25 13:12,株式会社サニーサイドアップグループ
75320,S100WR05,有価証券報告書－第45期(2024/07/01－2025/06/30),2025-09-25 13:20,株式会社パン・パシフィック・インターナショナルホールディングス
34390,S100WQN3,有価証券報告書－第63期(2024/07/01－2025/06/30),2025-09-25 13:52,株式会社三ツ知
30970,S100WR57,有価証券報告書－第56期(2024/07/01－2025/06/30),2025-09-25 14:16,株式会社物語コーポレーション
77810,S100WR5J,有価証券報告書－第59期(2024/07/01－2025/06/30),2025-09-25 14:19,株式会社平山ホールディングス
71350,S100WQJ2,有価証券報告書－第4期(2024/07/01－2025/06/30),2025-09-25 15:04,ジャパンクラフトホールディングス株式会社
36550,S100WQYI,有価証券報告書－第22期(2024/07/01－2025/06/30),2025-09-25 15:04,株式会社ブレインパッド
78120,S100WQQN,有価証券報告書－第41期(2024/07/01－2025/06/30),2025-09-25 15:09,株式会社クレステック
40680,S100WR7P,有価証券報告書－第25期(2024/07/01－2025/06/30),2025-09-25 15:16,ベイシス株式会社
28200,S100WQUM,有価証券報告書－第51期(2024/07/01－2025/06/30),2025-09-25 15:24,株式会社やまみ
24280,S100WQVK,有価証券報告書－第43期(2024/07/01－2025/06/30),2025-09-25 15:30,ウェルネット株式会社
48450,S100WPSD,有価証券報告書－第39期(2024/07/01－2025/06/30),2025-09-25 15:31,株式会社スカラ
94170,S100WQZW,有価証券報告書－第78期(2024/07/01－2025/06/30),2025-09-25 15:31,株式会社スマートバリュー
24770,S100WQOA,有価証券報告書－第22期(2024/07/01－2025/06/30),2025-09-25 15:31,手間いらず株式会社
34570,S100WQWR,有価証券報告書－第17期(2024/07/01－2025/06/30),2025-09-25 15:33,株式会社Ａｎｄ　Ｄｏホールディングス
44780,S100WQR3,有価証券報告書－第13期(2024/07/01－2025/06/30),2025-09-25 15:34,フリー株式会社
78090,S100WQU3,有価証券報告書－第72期(2024/07/01－2025/06/30),2025-09-25 15:37,株式会社壽屋
62270,S100WQVH,有価証券報告書－第9期(2024/07/01－2025/06/30),2025-09-25 15:38,ＡＩメカテック株式会社
40180,S100WQXY,有価証券報告書－第26期(2024/07/01－2025/06/30),2025-09-25 15:42,株式会社Ｇｅｏｌｏｃａｔｉｏｎ　Ｔｅｃｈｎｏｌｏｇｙ
69200,S100WQ7F,有価証券報告書－第63期(2024/07/01－2025/06/30),2025-09-25 15:48,レーザーテック株式会社
75850,S100WR5V,有価証券報告書－第48期(2024/07/01－2025/06/30),2025-09-25 16:00,株式会社かんなん丸
39580,S100WQWB,有価証券報告書－第76期(2024/07/01－2025/06/30),2025-09-25 16:00,笹徳印刷株式会社
73770,S100WQ3S,有価証券報告書－第4期(2024/07/01－2025/06/30),2025-09-25 16:02,ＤＮホールディングス株式会社
56980,S100WR6T,有価証券報告書－第16期(2024/07/01－2025/06/30),2025-09-25 16:26,株式会社エンビプロ・ホールディングス
60360,S100WR7B,有価証券報告書－第33期(2024/07/01－2025/06/30),2025-09-25 16:33,ＫｅｅＰｅｒ技研株式会社
55820,S100WQ2M,有価証券報告書－第16期(2024/07/01－2025/06/30),2025-09-25 16:38,株式会社グリッド
94390,S100WQ59,有価証券報告書－第36期(2024/07/01－2025/06/30),2025-09-25 16:45,株式会社エム・エイチ・グループ
197A0,S100WRAR,有価証券報告書－第10期(2024/07/01－2025/06/30),2025-09-25 16:47,株式会社タウンズ
29380,S100WQVV,有価証券報告書－第55期(2024/07/01－2025/06/30),2025-09-25 16:50,株式会社オカムラ食品工業
40730,S100WQNZ,有価証券報告書－第30期(2024/07/01－2025/06/30),2025-09-25 17:00,株式会社ジィ・シィ企画
157A0,S100WRC8,訂正有価証券報告書－第12期(2024/07/01－2025/06/30),2025-09-25 17:12,グリーンモンスター株式会社
52830,S100WQGP,有価証券報告書－第75期(2024/07/01－2025/06/30),2025-09-24 09:08,株式会社高見澤
75000,S100WQDH,有価証券報告書－第90期(2024/07/01－2025/06/30),2025-09-24 09:26,西川計測株式会社
65710,S100WQ4P,有価証券報告書－第11期(2024/07/01－2025/06/30),2025-09-24 09:49,キュービーネットホールディングス株式会社
26890,S100WQ48,有価証券報告書－第76期(2024/07/01－2025/06/30),2025-09-24 10:00,オルバヘルスケアホールディングス株式会社
63400,S100WQN6,有価証券報告書－第77期(2024/07/01－2025/06/30),2025-09-24 10:19,澁谷工業株式会社
47670,S100WQIM,有価証券報告書－第49期(2024/07/01－2025/06/30),2025-09-24 10:30,株式会社テー・オー・ダブリュー
89120,S100WQF8,有価証券報告書－第26期(2024/07/01－2025/06/30),2025-09-24 10:58,株式会社エリアクエスト
23850,S100WQAL,有価証券報告書－第31期(2024/07/01－2025/06/30),2025-09-24 11:07,株式会社総医研ホールディングス
68740,S100WQ31,有価証券報告書－第67期(2024/07/01－2025/06/30),2025-09-24 11:27,協立電機株式会社
65470,S100WQPA,有価証券報告書－第62期(2024/07/01－2025/06/30),2025-09-24 11:49,株式会社グリーンズ
62390,S100WQEO,有価証券報告書－第21期(2024/07/01－2025/06/30),2025-09-24 11:53,株式会社ナガオカ
39160,S100WQQ5,有価証券報告書－第24期(2024/07/01－2025/06/30),2025-09-24 13:15,デジタル・インフォメーション・テクノロジー株式会社
60380,S100WQQU,有価証券報告書－第26期(2024/07/01－2025/06/30),2025-09-24 13:49,株式会社イード
53800,S100WPZQ,有価証券報告書－第62期(2024/07/01－2025/06/30),2025-09-24 14:06,新東株式会社
76990,S100WPGG,有価証券報告書－第23期(2024/04/01－2025/03/31),2025-09-24 14:39,オムニ・プラス・システム・リミテッド
13820,S100WPAF,有価証券報告書－第39期(2024/07/01－2025/06/30),2025-09-24 14:50,株式会社ホーブ
73690,S100WQRU,有価証券報告書－第9期(2024/07/01－2025/06/30),2025-09-24 14:57,株式会社メイホーホールディングス
33000,S100WQFJ,有価証券報告書－第18期(2024/07/01－2025/06/30),2025-09-24 15:00,株式会社アンビションＤＸホールディングス
77470,S100WQNM,有価証券報告書－第49期(2024/07/01－2025/06/30),2025-09-24 15:00,朝日インテック株式会社
68880,S100WQFV,有価証券報告書－第34期(2024/07/01－2025/06/30),2025-09-24 15:08,アクモス株式会社
151A0,S100WQCJ,有価証券報告書－第25期(2024/07/01－2025/06/30),2025-09-24 15:30,株式会社ダイブ
91590,S100WQSX,有価証券報告書－第10期(2024/07/01－2025/06/30),2025-09-24 15:30,株式会社Ｗ　ＴＯＫＹＯ
43850,S100WQDW,有価証券報告書－第13期(2024/07/01－2025/06/30),2025-09-24 15:30,株式会社メルカリ
43260,S100WQAK,有価証券報告書－第53期(2024/07/01－2025/06/30),2025-09-24 15:30,株式会社インテージホールディングス
30280,S100WQEC,有価証券報告書－第53期(2024/07/01－2025/06/30),2025-09-24 15:30,株式会社アルペン
78030,S100WQQH,有価証券報告書－第19期(2024/07/01－2025/06/30),2025-09-24 15:31,株式会社ブシロード
36750,S100WQAV,有価証券報告書－第13期(2024/07/01－2025/06/30),2025-09-24 15:32,株式会社クロス・マーケティンググループ
36250,S100WQLE,有価証券報告書－第34期(2024/07/01－2025/06/30),2025-09-24 15:36,テックファームホールディングス株式会社
14310,S100WQNU,有価証券報告書－第28期(2024/07/01－2025/06/30),2025-09-24 15:40,株式会社Ｌｉｂ　Ｗｏｒｋ
94500,S100WQ94,有価証券報告書－第26期(2024/07/01－2025/06/30),2025-09-24 15:48,株式会社ファイバーゲート
92190,S100WQMM,有価証券報告書－第13期(2024/07/01－2025/06/30),2025-09-24 16:00,株式会社ギックス
44180,S100WQTJ,有価証券報告書－第7期(2024/07/01－2025/06/30),2025-09-24 16:00,株式会社ＪＤＳＣ
73710,S100WQCF,有価証券報告書－第49期(2024/07/01－2025/06/30),2025-09-24 16:00,Ｚｅｎｋｅｎ株式会社
52560,S100WQGU,有価証券報告書－第22期(2024/07/01－2025/06/30),2025-09-24 16:00,株式会社Ｆｕｓｉｃ
94210,S100WOVL,有価証券報告書－第34期(2024/07/01－2025/06/30),2025-09-24 16:05,株式会社エヌジェイホールディングス
32860,S100WQTF,有価証券報告書－第12期(2024/07/01－2025/06/30),2025-09-24 16:11,トラストホールディングス株式会社
35380,S100WQBH,有価証券報告書－第18期(2024/07/01－2025/06/30),2025-09-24 16:29,株式会社ウイルプラスホールディングス
40540,S100WQPM,有価証券報告書－第31期(2024/07/01－2025/06/30),2025-09-24 16:30,日本情報クリエイト株式会社
46570,S100WQ16,有価証券報告書－第56期(2024/07/01－2025/06/30),2025-09-22 09:24,株式会社環境管理センター
60900,S100WPSX,有価証券報告書－第22期(2024/07/01－2025/06/30),2025-09-22 09:28,ヒューマン・メタボローム・テクノロジーズ株式会社
29040,S100WQ1K,有価証券報告書－第61期(2024/07/01－2025/06/30),2025-09-22 10:02,一正蒲鉾株式会社
93440,S100WQ81,有価証券報告書－第24期(2024/07/01－2025/06/30),2025-09-22 10:18,アクシスコンサルティング株式会社
24810,S100WPVC,有価証券報告書－第45期(2024/07/01－2025/06/30),2025-09-22 10:40,株式会社タウンニュース社
95570,S100WQ8N,有価証券報告書－第11期(2024/07/01－2025/06/30),2025-09-22 10:46,株式会社エアークローゼット
21540,S100WQCA,有価証券報告書－第21期(2024/07/01－2025/06/30),2025-09-22 15:30,株式会社オープンアップグループ
43910,S100WPWK,有価証券報告書－第25期(2024/07/01－2025/06/30),2025-09-22 15:30,ロジザード株式会社
44950,S100WPS5,有価証券報告書－第24期(2024/07/01－2025/06/30),2025-09-22 16:00,株式会社アイキューブドシステムズ
78210,S100WQAH,有価証券報告書－第53期(2024/07/01－2025/06/30),2025-09-22 16:16,前田工繊株式会社
38360,S100WPOP,有価証券報告書－第29期(2024/07/01－2025/06/30),2025-09-19 12:59,株式会社アバントグループ
43960,S100WPID,有価証券報告書－第46期(2024/07/01－2025/06/30),2025-09-19 14:12,株式会社システムサポート
93460,S100WOJI,有価証券報告書－第14期(2024/07/01－2025/06/30),2025-09-19 15:22,株式会社ココルポート
43980,S100WPQK,有価証券報告書－第26期(2024/07/01－2025/06/30),2025-09-19 15:30,株式会社ブロードバンドセキュリティ
59030,S100WP45,有価証券報告書－第55期(2024/07/01－2025/06/30),2025-09-18 09:16,シンポ株式会社
13810,S100WPSG,有価証券報告書－第63期(2024/07/01－2025/06/30),2025-09-18 17:09,株式会社アクシーズ
79620,S100WOZY,有価証券報告書－第77期(2024/06/21－2025/06/20),2025-09-17 10:01,株式会社キングジム
48470,S100WP1M,有価証券報告書－第42期(2024/07/01－2025/06/30),2025-09-17 11:55,株式会社インテリジェント　ウェイブ
39840,S100WPIP,有価証券報告書－第20期(2024/07/01－2025/06/30),2025-09-17 15:31,株式会社ユーザーローカル
48260,S100WOO0,有価証券報告書－第50期(2024/07/01－2025/06/30),2025-09-17 15:53,株式会社ＣＩＪ
31910,S100WO68,有価証券報告書－第50期(2024/06/21－2025/06/20),2025-09-16 11:06,株式会社ジョイフル本田
99420,S100WOVG,有価証券報告書－第51期(2024/07/01－2025/06/30),2025-09-16 17:00,株式会社ジョイフル
92670,S100WNXO,有価証券報告書－第8期(2024/06/21－2025/06/20),2025-09-10 10:53,Ｇｅｎｋｙ　ＤｒｕｇＳｔｏｒｅｓ株式会社
55770,S100WM8S,有価証券報告書－第11期(2024/06/01－2025/05/31),2025-08-29 15:30,株式会社アイデミー
74340,S100WLHT,有価証券報告書－第73期(2024/06/01－2025/05/31),2025-08-28 10:41,株式会社オータケ
55950,S100WLIK,有価証券報告書－第20期(2024/06/01－2025/05/31),2025-08-27 14:23,株式会社ＱＰＳ研究所
48340,S100WLAZ,有価証券報告書－第38期(2024/06/01－2025/05/31),2025-08-26 12:26,キャリアバンク株式会社
89400,S100WL3S,有価証券報告書－第30期(2024/06/01－2025/05/31),2025-08-26 16:06,株式会社インテリックス
74200,S100WKMY,有価証券報告書－第83期(2024/06/01－2025/05/31),2025-08-21 14:17,佐鳥電機株式会社
35260,S100WK9X,訂正有価証券報告書－第123期(2022/04/01－2023/03/31),2025-08-20 15:02,芦森工業株式会社
50170,S100WJYZ,訂正有価証券報告書－第23期(2024/04/01－2025/03/31),2025-08-20 15:31,富士石油株式会社
17570,S100WHL5,有価証券報告書－第61期(2024/04/01－2025/03/31),2025-08-07 16:50,株式会社創建エース
37700,S100WFCH,有価証券報告書－第26期(2024/05/01－2025/04/30),2025-07-30 12:11,株式会社ザッパラス
76230,S100WEH1,有価証券報告書－第74期(2024/05/01－2025/04/30),2025-07-25 14:10,株式会社サンオータス
38430,S100WE4B,有価証券報告書－第25期(2024/05/01－2025/04/30),2025-07-23 10:17,フリービット株式会社
47450,S100WC4G,訂正有価証券報告書－第42期(2024/03/01－2025/02/28),2025-07-09 16:52,株式会社東京個別指導学院
89050,S100WBGH,訂正有価証券報告書－第114期(2024/03/01－2025/02/28),2025-07-07 10:14,イオンモール株式会社
55960,S100WB8B,訂正有価証券報告書－第19期(2024/04/01－2025/03/31),2025-07-04 11:10,アウトルックコンサルティング株式会社
62930,S100WB4J,訂正有価証券報告書－第69期(2024/04/01－2025/03/31),2025-07-04 15:13,日精樹脂工業株式会社
79220,S100W8T1,有価証券報告書－第65期(2024/04/01－2025/03/31),2025-06-30 13:51,三光産業株式会社
58560,S100W9LX,有価証券報告書－第21期(2024/04/01－2025/03/31),2025-06-30 14:08,株式会社エルアイイーエイチ
74080,S100W8KM,有価証券報告書－第85期(2024/04/01－2025/03/31),2025-06-30 15:04,株式会社ジャムコ
65500,S100W9WE,有価証券報告書－第13期(2024/04/01－2025/03/31),2025-06-30 16:16,Ｕｎｉｐｏｓ株式会社
70580,S100W9QB,有価証券報告書－第41期(2024/04/01－2025/03/31),2025-06-30 16:20,共栄セキュリティーサービス株式会社
18410,S100W7B1,有価証券報告書－第76期(2024/04/01－2025/03/31),2025-06-27 09:27,サンユー建設株式会社
96960,S100W7F7,有価証券報告書－第49期(2024/04/01－2025/03/31),2025-06-27 10:58,株式会社ウィザス
74550,S100W7NP,有価証券報告書－第77期(2024/04/01－2025/03/31),2025-06-27 11:41,株式会社パリミキホールディングス
82090,S100W22M,有価証券報告書－第71期(2024/04/01－2025/03/31),2025-06-27 12:00,株式会社フレンドリー
17760,S100W24X,有価証券報告書－第78期(2024/04/01－2025/03/31),2025-06-27 12:35,三井住建道路株式会社
64160,S100W2J1,有価証券報告書－第80期(2024/04/01－2025/03/31),2025-06-27 13:09,桂川電機株式会社
31110,S100W6WQ,有価証券報告書－第160期(2024/04/01－2025/03/31),2025-06-27 13:11,オーミケンシ株式会社
72290,S100W85O,有価証券報告書－第39期(2024/04/01－2025/03/31),2025-06-27 13:15,株式会社ユタカ技研
82080,S100W7ZH,有価証券報告書－第64期(2024/04/01－2025/03/31),2025-06-27 14:01,株式会社エンチョー
76350,S100W8M0,有価証券報告書－第79期(2024/04/01－2025/03/31),2025-06-27 14:11,杉田エース株式会社
74670,S100W84C,有価証券報告書－第68期(2024/04/01－2025/03/31),2025-06-27 15:00,萩原電気ホールディングス株式会社
64060,S100W7Q2,有価証券報告書－第78期(2024/04/01－2025/03/31),2025-06-27 15:03,フジテック株式会社
43040,S100W8B3,訂正有価証券報告書－第26期(2023/04/01－2024/03/31),2025-06-27 15:32,株式会社Ｅストアー
79230,S100W7OR,有価証券報告書－第77期(2024/04/01－2025/03/31),2025-06-27 15:45,トーイン株式会社
99270,S100W8VO,有価証券報告書－第49期(2024/04/01－2025/03/31),2025-06-27 16:15,株式会社ワットマン
90700,S100W6N2,有価証券報告書－第105期(2024/04/01－2025/03/31),2025-06-27 16:32,トナミホールディングス株式会社
96280,S100W6NE,有価証券報告書－第96期(2024/04/01－2025/03/31),2025-06-26 09:10,燦ホールディングス株式会社
33410,S100W6B8,有価証券報告書－第45期(2024/04/01－2025/03/31),2025-06-26 10:24,日本調剤株式会社
69300,S100W531,有価証券報告書－第72期(2024/04/01－2025/03/31),2025-06-26 11:17,日本アンテナ株式会社
94790,S100W5H3,有価証券報告書－第33期(2024/04/01－2025/03/31),2025-06-26 11:47,株式会社インプレスホールディングス
97760,S100W42N,有価証券報告書－第61期(2024/04/01－2025/03/31),2025-06-26 12:22,札幌臨床検査センター株式会社
92270,S100W73W,有価証券報告書－第18期(2024/04/01－2025/03/31),2025-06-26 13:17,マイクロ波化学株式会社
18210,S100W4TI,有価証券報告書－第22期(2024/04/01－2025/03/31),2025-06-26 13:30,三井住友建設株式会社
79990,S100W6AN,有価証券報告書－第76期(2024/04/01－2025/03/31),2025-06-26 15:07,ＭＵＴＯＨホールディングス株式会社
50090,S100W6T6,有価証券報告書－第95期(2024/04/01－2025/03/31),2025-06-26 15:11,富士興産株式会社
18840,S100W5XH,有価証券報告書－第120期(2024/04/01－2025/03/31),2025-06-26 15:43,日本道路株式会社
68790,S100W66Q,有価証券報告書－第52期(2024/04/01－2025/03/31),2025-06-26 16:07,株式会社ＩＭＡＧＩＣＡ　ＧＲＯＵＰ
64030,S100W7FM,有価証券報告書－第121期(2024/04/01－2025/03/31),2025-06-26 16:07,水道機工株式会社
44350,S100W7KU,有価証券報告書－第17期(2024/04/01－2025/03/31),2025-06-26 16:11,株式会社カオナビ
77320,S100VZAD,有価証券報告書－第132期(2024/04/01－2025/03/31),2025-06-26 16:11,株式会社　トプコン
38470,S100W6FO,訂正有価証券報告書－第25期(2024/04/01－2025/03/31),2025-06-26 16:26,パシフィックシステム株式会社
78170,S100W7QA,有価証券報告書－第43期(2024/04/01－2025/03/31),2025-06-26 16:34,パラマウントベッドホールディングス株式会社
23740,S100W4JA,有価証券報告書－第43期(2024/04/01－2025/03/31),2025-06-25 10:04,セントケア・ホールディング株式会社
31360,S100W1ZC,有価証券報告書－第50期(2024/04/01－2025/03/31),2025-06-25 11:30,株式会社エコノス
19490,S100W3M3,有価証券報告書－第100期(2024/04/01－2025/03/31),2025-06-25 12:34,住友電設株式会社
63730,S100W0XG,有価証券報告書－第132期(2024/04/01－2025/03/31),2025-06-25 12:56,大同工業株式会社
96000,S100W2Q7,有価証券報告書－第54期(2024/04/01－2025/03/31),2025-06-25 13:01,株式会社アイネット
69730,S100W475,有価証券報告書－第91期(2024/04/01－2025/03/31),2025-06-25 13:25,協栄産業株式会社
93770,S100W5K2,有価証券報告書－第60期(2024/04/01－2025/03/31),2025-06-25 13:59,株式会社　エージーピー
32940,S100W5U4,有価証券報告書－第36期(2024/04/01－2025/03/31),2025-06-25 14:52,株式会社イーグランド
71050,S100W3EB,有価証券報告書－第124期(2024/04/01－2025/03/31),2025-06-25 14:53,三菱ロジスネクスト株式会社
79580,S100W3YJ,有価証券報告書－第77期(2024/04/01－2025/03/31),2025-06-25 15:08,天馬株式会社
39240,S100W5WQ,有価証券報告書－第55期(2024/04/01－2025/03/31),2025-06-25 15:28,株式会社ランドコンピュータ
23440,S100W5OM,有価証券報告書－第56期(2024/04/01－2025/03/31),2025-06-25 15:45,平安レイサービス株式会社
40690,S100W5FQ,有価証券報告書－第19期(2024/04/01－2025/03/31),2025-06-25 16:00,株式会社ＢｌｕｅＭｅｍｅ
18900,S100W66J,有価証券報告書－第105期(2024/04/01－2025/03/31),2025-06-25 16:57,東洋建設株式会社
90670,S100W1FE,有価証券報告書－第123期(2024/04/01－2025/03/31),2025-06-24 09:06,株式会社丸運
46900,S100VZ6N,有価証券報告書－第53期(2024/04/01－2025/03/31),2025-06-24 09:07,日本パレットプール株式会社
43190,S100W158,有価証券報告書－第42期(2024/04/01－2025/03/31),2025-06-24 09:30,ＴＡＣ株式会社
90660,S100W2WJ,有価証券報告書－第116期(2024/04/01－2025/03/31),2025-06-24 09:39,株式会社日新
74510,S100W2XL,有価証券報告書,2025-06-24 10:00,三菱食品株式会社
62970,S100W2NV,有価証券報告書－第98期(2024/04/01－2025/03/31),2025-06-24 10:34,鉱研工業株式会社
82790,S100W205,有価証券報告書－第68期(2024/04/01－2025/03/31),2025-06-24 11:00,株式会社ヤオコー
43330,S100W36W,有価証券報告書－第54期(2024/04/01－2025/03/31),2025-06-24 13:00,株式会社東邦システムサイエンス
66700,S100W339,有価証券報告書－第27期(2024/04/01－2025/03/31),2025-06-24 13:26,株式会社ＭＣＪ
54760,S100W37L,訂正有価証券報告書－第99期(2023/04/01－2024/03/31),2025-06-24 14:42,日本高周波鋼業株式会社
97190,S100W3BI,有価証券報告書－第57期(2024/04/01－2025/03/31),2025-06-24 15:31,ＳＣＳＫ株式会社
202A0,S100W38M,有価証券報告書－第5期(2024/04/01－2025/03/31),2025-06-24 15:33,株式会社豆蔵デジタルホールディングス
72050,S100W2O5,有価証券報告書－第113期(2024/04/01－2025/03/31),2025-06-24 15:53,日野自動車株式会社
40800,S100W16T,有価証券報告書－第69期(2024/04/01－2025/03/31),2025-06-23 09:39,株式会社田中化学研究所
165A0,S100W23A,有価証券報告書－第1期(2024/04/01－2025/03/31),2025-06-23 11:04,ＳＢＩレオスひふみ株式会社
17260,S100W14E,有価証券報告書－第23期(2024/04/01－2025/03/31),2025-06-23 11:19,株式会社ビーアールホールディングス
69080,S100W0W0,有価証券報告書－第59期(2024/04/01－2025/03/31),2025-06-23 13:18,イリソ電子工業株式会社
49170,S100W0I5,有価証券報告書－第108期(2024/04/01－2025/03/31),2025-06-23 14:30,株式会社マンダム
46590,S100W1QJ,有価証券報告書－第48期(2024/04/01－2025/03/31),2025-06-23 15:00,株式会社エイジス
79250,S100W0WK,有価証券報告書－第71期(2024/04/01－2025/03/31),2025-06-23 15:10,前澤化成工業株式会社
62100,S100W2OI,有価証券報告書－第151期(2024/04/01－2025/03/31),2025-06-23 15:21,ＴＯＹＯイノベックス株式会社
67550,S100W1YW,有価証券報告書－第106期(2024/04/01－2025/03/31),2025-06-23 15:25,株式会社富士通ゼネラル
70920,S100W2PE,有価証券報告書－第15期(2024/04/01－2025/03/31),2025-06-23 15:30,株式会社Ｆａｓｔ　Ｆｉｔｎｅｓｓ　Ｊａｐａｎ
33470,S100W27M,有価証券報告書－第37期(2024/04/01－2025/03/31),2025-06-23 16:00,株式会社トラスト
60600,S100W0KR,有価証券報告書－第59期(2024/04/01－2025/03/31),2025-06-23 16:00,こころネット株式会社
21960,S100W0WV,有価証券報告書－第22期(2024/04/01－2025/03/31),2025-06-23 16:30,株式会社エスクリ
69370,S100W29V,有価証券報告書－第90期(2024/04/01－2025/03/31),2025-06-23 16:32,古河電池株式会社
53520,S100W08P,有価証券報告書－第134期(2024/04/01－2025/03/31),2025-06-20 09:39,黒崎播磨株式会社
45560,S100W0MS,有価証券報告書－第50期(2024/04/01－2025/03/31),2025-06-20 09:59,株式会社カイノス
26920,S100W0WW,有価証券報告書－第107期(2024/04/01－2025/03/31),2025-06-20 10:55,伊藤忠食品株式会社
70880,S100W14Y,有価証券報告書－第45期(2024/04/01－2025/03/31),2025-06-20 12:34,株式会社フォーラムエンジニアリング
51910,S100VZJC,有価証券報告書－第137期(2024/04/01－2025/03/31),2025-06-20 13:53,住友理工株式会社
49740,S100VZNP,有価証券報告書－第23期(2024/04/01－2025/03/31),2025-06-20 14:24,タカラバイオ株式会社
38140,S100W1EG,訂正有価証券報告書－第31期(2023/10/01－2024/09/30),2025-06-20 15:44,株式会社アルファクス・フード・システム
96130,S100VWR9,有価証券報告書－第37期(2024/04/01－2025/03/31),2025-06-20 16:08,株式会社ＮＴＴデータグループ
85150,S100VZ1M,有価証券報告書－第48期(2024/04/01－2025/03/31),2025-06-19 11:49,アイフル株式会社
69010,S100VZEP,有価証券報告書－第129期(2024/04/01－2025/03/31),2025-06-19 15:36,澤藤電機株式会社
35930,S100VZOE,有価証券報告書－第64期(2024/04/01－2025/03/31),2025-06-19 16:23,株式会社ホギメディカル
57270,S100VZ8A,有価証券報告書－第94期(2024/04/01－2025/03/31),2025-06-18 13:00,東邦チタニウム株式会社
69570,S100VYDI,有価証券報告書－第67期(2024/04/01－2025/03/31),2025-06-17 09:00,株式会社芝浦電子
71630,S100VXGQ,有価証券報告書－第18期(2024/04/01－2025/03/31),2025-06-17 15:03,住信ＳＢＩネット銀行株式会社
72500,S100VY54,有価証券報告書－第101期(2024/04/01－2025/03/31),2025-06-16 12:39,太平洋工業株式会社
