銘柄コード,銘柄名,現在株価,時価総額(億円),PER,PBR,自己資本比率(%),流動資産,負債合計,投資有価証券,発行済株式数,Netキャッシュ,1株ネットキャッシュ,ネットキャッシュ比率,乖離率(%),欠損項目,データ元,エラー,業種
1332.T,ニッスイ,1101.0,3339.02282752,12.246941,1.092586,41.35267221607746,332568000000.0,348938000000.0,30453000000.0,303271829.0,-29946700000.00006,-98.74540638589963,-0.08968701760753826,-108.96870176075382,,EDINET,,水産・農林業
1333.T,Ｕｍｉｏｓ,1210.5,1830.07379456,8.266184,0.73822093,38.776802509505096,414576000000.0,405815000000.0,44671000000.0,151183299.0,-550800000.0000648,-3.6432595640082233,-0.0030097146336292633,-100.30097146336294,,EDINET,,水産・農林業
1301.T,極洋,4520.0,536.9704448,7.8648357,0.6786357,36.83278924336467,134260000000.0,113769000000.0,14053000000.0,11879877.0,18951199999.999985,1595.2353715446704,0.35292817954528105,-64.7071820454719,,EDINET,,水産・農林業
1375.T,ユキグニファクトリー,1137.0,453.46770944,15.342059,3.3068476,39.19227299262326,9229000000.0,23803000000.0,88000000.0,39882822.0,-16892700000.000004,-423.5582928409631,-0.37252268499644947,-137.25226849964497,,EDINET,,水産・農林業
1377.T,サカタのタネ,4240.0,1786.7661312,15.1656065,1.0040234,82.56419009309063,113848000000.0,29217000000.0,18464000000.0,42140712.0,94634100000.0,2245.6692236239387,0.5296389678358346,-47.03610321641654,,EDINET,,水産・農林業
1376.T,カネコ種苗,1535.0,168.32884736,12.988662,0.6294079,49.358331556301046,38277060000.0,24306505000.0,2264370000.0,10966049.0,13124963499.999996,1196.8725928545455,0.7797215588628961,-22.027844113710394,,EDINET,,水産・農林業
1379.T,ホクト,2020.0,633.63710976,10.567064,0.9823221,57.08720960906037,38621000000.0,50811000000.0,8374000000.0,31368174.0,-11409300000.000008,-363.7221599191591,-0.18006047520750448,-118.00604752075043,,EDINET,,水産・農林業
1380.T,秋川牧園,1003.0,41.8162944,191.41222,1.9449444,31.288113761974667,2933981000.0,4939243000.0,118784000.0,4169122.0,-2416037500.0,-579.5075078157943,-0.5777741852600142,-157.7774185260014,,EDINET,,水産・農林業
1381.T,アクシーズ,3570.0,200.47941632,6.7475615,0.83245206,86.13758723828514,13081000000.0,3473000000.0,631000000.0,5615670.0,9702400000.0,1727.7368506340295,0.4839599021383836,-51.60400978616164,,EDINET,,水産・農林業
1382.T,ホーブ,741.0,5.64144768,,0.817916,70.69412633566733,936566000.0,313482000.0,0.0,761329.0,591735800.0,777.24058849722,1.0489076767843724,4.890767678437242,投資有価証券,EDINET,,水産・農林業
1383.T,ベルグアース,3030.0,48.49078784,46.465267,2.2585375,35.88827561779484,2821698000.0,3557187000.0,24741000.0,1600356.0,-1073889000.0000005,-671.0313205311821,-0.22146248202349245,-122.14624820234926,,EDINET,,水産・農林業
1384.T,ホクリヨウ,2077.0,175.69005568,4.6109443,1.7744918,74.85684984189386,6795000000.0,5062000000.0,530000000.0,8458838.0,1597800000.0,188.8911928565129,0.09094424307005917,-90.90557569299409,,EDINET,,水産・農林業
1401.T,エムビーエス,1485.0,102.93874688,21.369982,2.6521218,75.9130836710307,3290133000.0,1181760000.0,377818000.0,6931902.0,2254669600.0,325.25987816907974,0.2190302209892793,-78.09697790107208,,EDINET,,建設業
1407.T,ウエストホールディングス,2199.0,872.1047552,16.888103,2.487599,24.59507492628546,76518000000.0,92497000000.0,1742000000.0,39659150.0,-24009300000.000015,-605.3911896750186,-0.2753029511937329,-127.53029511937328,,EDINET,,建設業
1414.T,ショーボンドホールディングス,1229.5,2465.5478784,16.54778,2.3059537,82.3754403623553,100241000000.0,22763000000.0,10286000000.0,200532560.0,82401900000.0,410.9153147000168,0.33421335071168506,-66.5786649288315,,EDINET,,建設業
1418.T,インターライフホールディングス,601.0,91.67623168,11.41067,1.9102471,50.44755495681854,6957357000.0,5223471000.0,536023000.0,15253949.0,1586755000.0,104.02257146657564,0.17308248164155682,-82.69175183584431,,EDINET,,建設業
1417.T,ミライト・ワン,3459.0,3012.27114496,13.215405,1.1030797,50.30511359573626,321194000000.0,267862000000.0,19397000000.0,87085030.0,40123700000.0,460.7416452632559,0.13320082256815724,-86.67991774318428,,EDINET,,建設業
1419.T,タマホーム,2859.0,828.77145088,69.02463,2.7933917,34.34681038071888,67570000000.0,58027000000.0,315000000.0,28988158.0,3960799999.9999924,136.63510458305052,0.047791222309566464,-95.22087776904335,,EDINET,,建設業
1429.T,日本アクア,789.0,253.73868032,13.441226,2.249677,45.07451516701631,18819894000.0,13525927000.0,3380000.0,32159529.0,3943740299.999998,122.63053665991184,0.1554252682635131,-84.4574731736487,,EDINET,,建設業
1420.T,サンヨーホームズ,630.0,78.13064192,5.1903114,0.4834217,35.592429918553,45291402000.0,35232144000.0,30140000.0,12401689.0,6557141600.0,528.7297238303589,0.8392535298894586,-16.07464701105414,,EDINET,,建設業
1430.T,ファーストコーポレーション,1080.0,129.49914624,6.804007,1.1620525,34.52190567309811,24208066000.0,15128861000.0,32033000.0,11990662.0,7588741999.999998,632.8876587464478,0.5860070914318961,-41.399290856810396,,EDINET,,建設業
1431.T,Ｌｉｂ　Ｗｏｒｋ,633.0,147.27506944,144.19135,3.147547,40.91264885898283,9304283000.0,6808924000.0,10030000.0,23266204.0,1821487599.999999,78.28898947159576,0.12367928826476422,-87.63207117352357,,EDINET,,建設業
1432.T,動力,,,,,,0.0,0.0,0.0,,,,,,"流動資産, 負債合計, 投資有価証券",yfinance,株価または発行済株式数を取得できませんでした,建設業
1433.T,ベステラ,1217.0,107.96562432,17.82889,2.055705,64.76598059756635,7130366000.0,6192955000.0,3403448000.0,8871456.0,2700529099.999999,304.4065258284547,0.2501286161285577,-74.98713838714423,,EDINET,,建設業
1434.T,ＪＥＳＣＯホールディングス,1642.0,114.25890304,7.437268,1.3608735,42.84614259600707,12998934000.0,10987917000.0,239694000.0,6958520.0,1080011099.999998,155.20701241068477,0.09452315006740851,-90.54768499325915,,EDINET,,建設業
1435.T,ｒｏｂｏｔ　ｈｏｍｅ,169.0,,7.4025407,1.3504336,70.12153777892648,9823637000.0,3922974000.0,1038034000.0,,,,,,,EDINET,株価または発行済株式数を取得できませんでした,不動産業
1436.T,グリーンエナジー＆カンパニー,1871.0,231.38834432,50.581234,3.9689274,34.42442134771275,11249763000.0,8254679000.0,234450000.0,12367095.0,2333731100.0,188.7048736991185,0.10085776253293346,-89.91422374670665,,EDINET,,建設業
1438.T,岐阜造園,2240.0,72.80477184,14.281159,1.601865,71.74932608629038,3437601000.0,1473505000.0,163466000.0,3250213.0,1931171699.9999998,594.1677360837581,0.2652534536088206,-73.47465463911794,,EDINET,,建設業
1443.T,技研ホールディングス,272.0,44.15630848,7.199577,0.3390118,70.70729216931431,4082888000.0,5248909000.0,5911023000.0,16233937.0,2446804199.9999995,150.72155324983703,0.5541233575361656,-44.58766424638345,,EDINET,,建設業
1444.T,ニッソウ,2851.0,31.0153728,,1.970489,54.24336375922353,2124963000.0,1266259000.0,33090000.0,1087877.0,755241100.0,694.2339069582315,0.24350540405409735,-75.64945959459027,,EDINET,,建設業
1445.T,ひかりホールディングス,,,,,,0.0,0.0,0.0,,,,,,"流動資産, 負債合計, 投資有価証券",yfinance,株価または発行済株式数を取得できませんでした,建設業
1446.T,キャンディル,539.0,50.19491328,19.451462,1.620234,47.14734524375009,3675954000.0,3334643000.0,106500000.0,9312600.0,82396699.99999952,8.847872774520491,0.01641534837573375,-98.35846516242663,,EDINET,,建設業
1447.T,ＳＡＡＦホールディングス,320.0,77.92722944,16.815554,4.657933,15.122854374670691,10803735000.0,14154677000.0,289202000.0,24352260.0,-4563968300.000002,-187.41456850411427,-0.5856705265753571,-158.56705265753573,,EDINET,,建設業
1450.T,ＴＡＮＡＫＥＮ,1506.0,131.00317696,8.756832,1.420089,76.5717803347861,9949416000.0,3160178000.0,241968000.0,8698750.0,6642597800.0,763.6267049863486,0.5070562450108557,-49.294375498914434,,EDINET,,建設業
1452.T,横浜ライト工業,,,,,,0.0,0.0,0.0,,,,,,"流動資産, 負債合計, 投資有価証券",yfinance,株価または発行済株式数を取得できませんでした,建設業
1491.T,中外鉱業,701.0,100.73143296,6.7017207,1.2106413,53.310407518565405,13126548000.0,8343687000.0,110071000.0,14369676.0,4025542000.0,280.141459000189,0.3996311825965606,-60.03688174034394,,EDINET,,非鉄金属
1514.T,住石ホールディングス,621.0,371.50175232,13.945655,1.3250883,90.55326022801404,21227000000.0,1023000000.0,2806000000.0,59823147.0,22065900000.0,368.85221033256573,0.5939649119687049,-40.603508803129515,,EDINET,,鉱業
1515.T,日鉄鉱業,3165.0,2422.03246592,17.857141,1.550905,53.999523214308724,101970000000.0,88207000000.0,39161000000.0,76525509.0,32354999999.999985,422.80019333161164,0.133586159030525,-86.64138409694749,,EDINET,,鉱業
1518.T,三井松島ホールディングス,2236.0,827.94520576,14.916612,1.4291431,43.619108668631426,71175000000.0,52146000000.0,10945000000.0,37027960.0,21475899999.999992,579.9914443031696,0.25938794467941395,-74.06120553205861,,EDINET,,その他製品
1605.T,ＩＮＰＥＸ,3699.0,42772.3849728,10.08809,0.84252673,64.93567456191813,369604000000.0,792391000000.0,26545000000.0,1156323005.0,-483444600000.0001,-418.0878508077422,-0.11302726434380703,-111.3027264343807,,EDINET,,鉱業
1662.T,石油資源開発,1719.0,4387.59424,8.398066,0.74407566,76.39616450427262,230838000000.0,124340000000.0,180280000000.0,255241091.0,220259999999.99997,862.9488266840231,0.502006298245505,-49.7993701754495,,EDINET,,鉱業
1663.T,Ｋ＆Ｏエナジーグループ,1890.0,1009.6734208,13.803681,0.91493213,85.21831685880429,49178000000.0,20040000000.0,15837000000.0,53421872.0,38219900000.0,715.4354306415919,0.37853726488973116,-62.146273511026884,,EDINET,,鉱業
1711.T,ＳＤＳホールディングス,236.0,24.62108416,,4.584928,13.150946843058348,2596916000.0,3966881000.0,21930000.0,10432663.0,-1751302100.0,-167.8672166444943,-0.7113017654427725,-171.13017654427725,,EDINET,,建設業
1716.T,第一カッター興業,1330.0,149.60647168,9.421932,0.7396129,87.01217513627066,14403164000.0,2889482000.0,1314110000.0,11248607.0,12144610800.0,1079.654645237406,0.8117704099529368,-18.822959004706323,,EDINET,,建設業
1717.T,明豊ファシリティワークス,925.0,108.76756992,11.74454,1.8643744,71.33578569422836,6324955000.0,2430458000.0,470000000.0,11758656.0,3980451200.0,338.5124286312994,0.3659593823041074,-63.40406176958926,,EDINET,,サービス業
1718.T,美樹工業,2288.0,73.74468608,4.7624993,0.42120564,50.233762221674304,15506712000.0,14683710000.0,770584000.0,3223107.0,-105960200.0000019,-32.87517293096441,-0.01436851963765927,-101.43685196376593,,EDINET,,建設業
1719.T,安藤・間,1754.0,2751.72917248,9.365656,1.2754397,50.87189455141833,287813000000.0,199790000000.0,28048000000.0,156883072.0,87677599999.99997,558.8722790945856,0.3186272970892734,-68.13727029107267,,EDINET,,建設業
1720.T,東急建設,1175.0,1248.71008256,9.364788,1.1273222,36.24718110722569,216723000000.0,171648000000.0,27902000000.0,106273199.0,47441600000.0,446.4117053632685,0.3799248556283136,-62.00751443716863,,EDINET,,建設業
1721.T,コムシスホールディングス,5540.0,6340.70433792,17.810068,1.607178,72.0248396260268,327747000000.0,158747000000.0,31261000000.0,114453151.0,175008000000.0,1529.0797891619427,0.27600718215919545,-72.39928178408046,,EDINET,,建設業
1723.T,日本電技,2191.0,1396.38587392,15.881414,2.9655397,76.68865284210871,32681000000.0,13391000000.0,15262000000.0,63732812.0,28634300000.0,449.2866249177896,0.20506007527055664,-79.49399247294434,,EDINET,,建設業
1724.T,シンクレイヤ,726.0,32.51843328,10.15953,0.52071154,63.217922606924645,7544000000.0,5206000000.0,529000000.0,4479123.0,2187700000.0,488.42150572779536,0.6727568949418669,-32.72431050581331,,EDINET,,建設業
1736.T,オーテック,2498.0,387.04889856,10.672478,1.4549614,68.89328835560575,21555712000.0,11768791000.0,6297294000.0,15494352.0,13018147699.999998,840.1866499483165,0.3363437349673004,-66.36562650326997,,EDINET,,建設業
1758.T,太洋基礎工業,2362.0,47.25716992,9.340399,0.47974703,76.31996074815078,7604047000.0,2688511000.0,1566492000.0,2000727.0,5743229300.0,2870.571197369756,1.2153138007492617,21.531380074926172,,EDINET,,建設業
1762.T,高松コンストラクショングループ,3930.0,1368.36579328,12.217111,0.92919225,46.68227773294274,203327000000.0,131968000000.0,7518000000.0,34818467.0,63424800000.0,1821.5850801242916,0.4635076539756467,-53.649234602435335,,EDINET,,建設業
1764.T,工藤建設,2676.0,33.35002368,6.3211603,0.56354445,31.27939481953747,7851414000.0,11591291000.0,289115000.0,1246264.0,-4696625600.000002,-3768.563963975532,-1.408282497748704,-240.8282497748704,,EDINET,,建設業
1766.T,東建コーポレーション,12810.0,1422.02650624,10.714107,1.2308083,53.95120005935379,150464000000.0,94911000000.0,761000000.0,11100910.0,46594599999.999985,4197.367603196493,0.32766335700206817,-67.23366429979319,,EDINET,,建設業
1768.T,ソネック,1027.0,75.02612992,5.4990363,0.7302524,66.16625541972896,10295010000.0,3837926000.0,762206000.0,7305368.0,6606835600.0,904.3809428902144,0.8806046181988456,-11.939538180115438,,EDINET,,建設業
1770.T,藤田エンジニアリング,2127.0,195.34395392,10.640321,0.8775955,64.92125221989606,20575867000.0,11309581000.0,5750729000.0,9184013.0,12160838199.999998,1324.1312049536514,0.622534652070358,-37.746534792964205,,EDINET,,建設業
1773.T,ワイ・ティー・エル・コーポレーション・バーハッド,85.0,9974.84658688,19.630486,1.3608819,28.676671470748825,28248476000.0,73424854000.0,470877000.0,11735113811.0,-52189249500.0,-4.44727254805829,-0.05232085350656812,-105.23208535065682,,yfinance,,建設業
1780.T,ヤマウラ,1435.0,265.12889856,8.569722,1.0214825,72.709625141717,24481777000.0,7566639000.0,2209153000.0,18475882.0,17704881200.0,958.2698785367865,0.6677838874820812,-33.221611251791884,,EDINET,,建設業
1783.T,ｆａｎｔａｓｉｓｔａ,73.0,141.11525888,,1.8248632,69.03493230335734,12415243000.0,7598845000.0,0.0,193308568.0,4056513499.999999,20.984654441183377,0.28746101974223803,-71.2538980257762,投資有価証券,EDINET,,不動産業
1786.T,オリエンタル白石,332.0,427.05932288,12.8782,0.81277525,64.260861160779,55740000000.0,25508000000.0,3955000000.0,128632331.0,30449699999.999996,236.71886969070005,0.7130086436466869,-28.699135635331313,,EDINET,,建設業
1787.T,ナカボーテック,5750.0,124.50527232,11.971933,1.7143811,76.96739908531421,10365854000.0,3415589000.0,394880000.0,2165309.0,6885122100.0,3179.741136253532,0.5529984584788752,-44.70015415211248,,EDINET,,建設業
1788.T,三東工業社,4060.0,25.48267008,8.761707,0.67062426,71.0642715341531,3743385000.0,1656966000.0,298730000.0,627652.0,2129833399.9999998,3393.3348416001218,0.8357967590148083,-16.420324098519167,,EDINET,,建設業
1793.T,大本組,2012.0,511.73380096,28.466328,1.4320681,66.32745669762681,67344000000.0,25276000000.0,9825000000.0,25434086.0,46417900000.0,1825.027248865951,0.9070711972494786,-9.292880275052141,,EDINET,,建設業
1795.T,マサル,5400.0,47.39536896,11.2249775,0.8934093,59.92531822362519,6110529000.0,3453985000.0,121047000.0,877692.0,2395878399.9999995,2729.748476686582,0.5055089771641819,-49.44910228358182,,EDINET,,建設業
1798.T,守谷商会,1079.0,117.66171648,4.3967237,0.6258603,48.94237307687439,26528817000.0,18205544000.0,1154986000.0,10904700.0,7311208800.0,670.4640017607087,0.621375349175819,-37.8624650824181,,EDINET,,建設業
1799.T,第一建設工業,3305.0,585.22058752,11.393801,2.0428169,86.52246206904243,48897021000.0,12284388000.0,7455064000.0,17707127.0,40602739000.0,2293.01676099121,0.6938023482575522,-30.61976517424478,,EDINET,,建設業
1801.T,大成建設,12035.0,19618.14786048,11.924342,2.1022248,36.467554474959016,1599698000000.0,1528137000000.0,428326000000.0,163009119.0,218575499999.99976,1340.8789725438596,0.11141495409587533,-88.85850459041247,,EDINET,,建設業
1802.T,大林組,2940.0,20210.19222016,11.968247,1.6240456,41.879604218169284,1809460000000.0,1832577000000.0,311557000000.0,687421514.0,11715199999.999756,17.042236475595317,0.005796679073331741,-99.42033209266683,,EDINET,,建設業
1803.T,清水建設,2097.5,14236.80208896,11.146243,1.4035509,37.71778138941569,1517057000000.0,1600296000000.0,299507000000.0,678750992.0,-33613700000.000244,-49.52287421481992,-0.023610428707899842,-102.36104287079,,EDINET,,建設業
1807.T,佐藤渡辺,1900.0,115.78170368,13.640607,0.5371567,70.15186333432356,21049823000.0,14005557000.0,3895195000.0,6093774.0,8370346799.999998,1373.5899624764552,0.7229420855139238,-27.70579144860762,,EDINET,,建設業
1808.T,長谷工コーポレーション,2583.5,6842.56854016,12.841095,1.2007036,39.7433491991389,1053200000000.0,833170000000.0,102774000000.0,264856526.0,208654799999.99988,787.8031293063169,0.3049363767394298,-69.50636232605703,,EDINET,,建設業
1810.T,松井建設,1408.0,401.57372416,9.276585,0.69651145,65.0718303912731,44767000000.0,30271000000.0,14657000000.0,28520861.0,21728799999.999996,761.8563829472047,0.5410911810704578,-45.89088189295421,,EDINET,,建設業
1811.T,錢高組,7380.0,528.52076544,12.508474,0.44748938,52.99481741385732,112486000000.0,109893000000.0,68058000000.0,7161528.0,39244299999.999985,5479.878037200998,0.7425308993497287,-25.74691006502713,,EDINET,,建設業
1812.T,鹿島建設,4826.0,22301.68846336,12.82726,1.6261867,39.62703840505074,2137129000000.0,2176603000000.0,397478000000.0,462115368.0,21100300000.0,45.66024300667707,0.009461301907724217,-99.05386980922758,,EDINET,,建設業
1813.T,不動テトラ,2839.0,430.12820992,9.925185,1.1576278,54.15495728417267,43666000000.0,29473000000.0,3133000000.0,15150694.0,13438799999.999996,887.0088723328447,0.3124370807794451,-68.7562919220555,,EDINET,,建設業
1814.T,大末建設,3460.0,356.21445632,9.539302,1.3929315,42.26391054334523,48264000000.0,32601000000.0,898000000.0,10295215.0,13031500000.0,1265.7822104735064,0.3658330088073718,-63.41669911926282,,EDINET,,建設業
1815.T,鉄建建設,2217.0,617.69621504,12.558061,0.8139254,30.770553365089658,145960000000.0,154986000000.0,23020000000.0,27861804.0,-8410600000.000002,-301.8684647986183,-0.136160787008849,-113.6160787008849,,EDINET,,建設業
1820.T,西松建設,5214.0,2058.71824896,8.658253,1.0708584,29.798021025871268,299147000000.0,410855000000.0,86058000000.0,39484430.0,-92552900000.00006,-2344.035357734683,-0.4495656612456239,-144.9565661245624,,EDINET,,建設業
1822.T,大豊建設,804.0,679.2290304,15.59046,0.9842134,49.53239855806853,120066000000.0,76777000000.0,11491000000.0,84481225.0,43655000000.0,516.7420335109961,0.642713972028602,-35.72860279713979,,EDINET,,建設業
1826.T,佐田建設,1061.0,127.79937792,16.38104,1.1753824,44.76964342063742,22255000000.0,11966000000.0,415000000.0,12045182.0,9382899999.999998,778.9753612689287,0.7341897844193485,-26.581021558065153,,EDINET,,建設業
1827.T,ナカノフドー建設,1399.0,480.75091968,11.04968,0.9639115,50.99272694799718,54430000000.0,36210000000.0,4402000000.0,34363895.0,17680400000.0,514.5051223093308,0.36776634904169464,-63.223365095830545,,EDINET,,建設業
1833.T,奥村組,5330.0,1913.74852096,10.473776,0.99698526,43.99338609037649,241135000000.0,221010000000.0,60397000000.0,35905223.0,40301899999.99997,1122.45229614644,0.2105914251681876,-78.94085748318123,,EDINET,,建設業
1828.T,田辺工業,2334.0,245.03148544,7.0373273,0.88175726,59.311313635207995,35010887000.0,20988125000.0,330657000.0,10498350.0,12155409400.0,1157.8399843784975,0.4960754003335465,-50.392459966645355,,EDINET,,建設業
1835.T,東鉄工業,3780.0,1301.89565952,10.16129,0.99438095,65.72381992543312,137954924000.0,60338069000.0,15046446000.0,34441684.0,82115560300.0,2384.191211440184,0.6307384157249164,-36.92615842750836,,EDINET,,建設業
1840.T,土屋ホールディングス,257.0,66.24172032,,0.55031765,48.31885515538142,16098216000.0,14263794000.0,790826000.0,25774988.0,961620799.9999981,37.30829283024295,0.145168454592385,-85.48315454076149,,EDINET,,建設業
1844.T,大盛工業,429.0,80.29180928,12.260645,1.2526023,47.08465971346082,10870169000.0,6313477000.0,58260000.0,18716041.0,3966126299.999999,211.91053706283284,0.4939639558574192,-50.60360441425807,,EDINET,,建設業
1847.T,イチケン,3375.0,489.94414592,7.6504593,1.1950731,53.762964157128266,62005000000.0,33514000000.0,2504000000.0,14516864.0,26892400000.0,1852.4937617380724,0.5488870405149844,-45.11129594850156,,EDINET,,建設業
1848.T,富士ピー・エス,880.0,155.45061376,15.56145,1.1722798,36.902254794597475,27865000000.0,25447000000.0,159000000.0,17664842.0,-15400000.000003815,-0.8717881541201339,-0.0009906683569546977,-100.09906683569547,,EDINET,,建設業
1850.T,南海辰村建設,434.0,121.63953664,6.0470953,0.6260395,56.16465691724394,39496000000.0,25577000000.0,866000000.0,28027542.0,11967499999.999996,426.9907079257966,0.9838495574327111,-1.6150442567288974,,EDINET,,建設業
1852.T,淺沼組,855.0,679.19183872,13.51565,1.4230647,42.482399133495804,97664000000.0,69102000000.0,6277000000.0,79437639.0,26045700000.0,327.8760588541661,0.38348077058966795,-61.6519229410332,,EDINET,,建設業
1853.T,森組,324.0,106.10902016,11.352488,3.615547,61.491374513077346,21906000000.0,10399000000.0,623000000.0,32749698.0,10903200000.0,332.92520743244717,1.0275469365198986,2.754693651989866,,EDINET,,建設業
1860.T,戸田建設,1377.5,4077.94843648,11.344918,0.84717566,40.380348938650776,458380000000.0,570374000000.0,185721000000.0,296039793.0,-39026700000.000015,-131.82923688910975,-0.095701805364145,-109.5701805364145,,EDINET,,建設業
1861.T,熊谷組,1227.0,2085.15301376,10.568476,1.1336046,41.84839993049956,357413000000.0,280703000000.0,50372000000.0,169939127.0,83900100000.0,493.70678478300056,0.40236901775305667,-59.76309822469433,,EDINET,,建設業
1866.T,北野建設,1080.0,262.66329088,7.679181,0.4945927,64.91846134694386,41519000000.0,28360000000.0,10954000000.0,24320676.0,17990799999.999996,739.7327278238481,0.6849377109480075,-31.50622890519925,,EDINET,,建設業
1867.T,植木組,2749.0,180.75140096,7.472545,0.573268,56.46888271481873,32700693000.0,21835512000.0,2512488000.0,6575169.0,10440371399.999996,1587.8483731748943,0.5776094482265894,-42.239055177341065,,EDINET,,建設業
1870.T,矢作建設工業,2052.0,886.08841728,10.604103,1.1669189,51.47566740258157,108192000000.0,75384000000.0,5662000000.0,43181694.0,29233000000.0,676.9766836845262,0.32991066456360923,-67.00893354363909,,EDINET,,建設業
1871.T,ピーエス・コンストラクション,2060.0,964.48036864,10.541937,1.5004593,45.96459456424079,104616000000.0,72955000000.0,3749000000.0,46819436.0,26989800000.0,576.4657224832866,0.27983772936081874,-72.01622706391811,,EDINET,,建設業
1873.T,日本ハウスホールディングス,312.0,124.79435776,9.252668,0.5561993,51.78112458853767,12399000000.0,20365000000.0,253000000.0,39998190.0,-9825400000.0,-245.64611548672576,-0.7873272932266852,-178.7327293226685,,EDINET,,建設業
1878.T,大東建託,3128.0,10188.90616832,10.500168,2.062035,36.31409679839591,753861000000.0,754626000000.0,44160000000.0,325732280.0,-45315600000.00012,-139.11915638204516,-0.04447543362597352,-104.44754336259736,,EDINET,,不動産業
1879.T,新日本建設,2201.0,1287.35404032,8.505951,0.9505178,72.61192902167343,158693000000.0,50641000000.0,1345000000.0,58489508.0,103929400000.0,1776.889626084733,0.8073101436096015,-19.268985639039844,,EDINET,,建設業
1882.T,東亜道路工業,1551.0,716.67965952,21.099169,1.3960836,62.21059649043513,60001000000.0,33790000000.0,4087000000.0,46207588.0,25692900000.0,556.0320525711059,0.35849906677698634,-64.15009332230136,,EDINET,,建設業
1885.T,東亜建設工業,2075.0,1604.6104576,8.485319,1.3830346,38.608214513726324,242624000000.0,191065000000.0,13822000000.0,77330628.0,42127899999.99997,544.776385366998,0.2625428363214449,-73.74571636785552,,EDINET,,建設業
1887.T,日本国土開発,518.0,413.34980608,7.653664,0.580588,45.19259376483621,112609000000.0,74219000000.0,9567000000.0,79797254.0,37665000000.0,472.0087235082049,0.9112137519463416,-8.878624805365845,,EDINET,,建設業
1888.T,若築建設,3585.0,456.94246912,10.554983,0.8607102,44.727706395040144,70253000000.0,42032000000.0,6705000000.0,12745954.0,28711300000.0,2252.581485858179,0.6283351424987946,-37.16648575012053,,EDINET,,建設業
1893.T,五洋建設,1421.5,3842.73580032,11.57008,2.0046792,25.18063341569534,484031000000.0,488005000000.0,22475000000.0,270329637.0,-37042000000.00006,-137.0253014470628,-0.09639486559765233,-109.63948655976523,,EDINET,,建設業
1897.T,金下建設,3655.0,76.9339136,18.85965,0.37585735,83.80126849894292,12078000000.0,3025000000.0,7542000000.0,2104895.0,14029900000.0,6665.36810624758,1.8236301248283393,82.36301248283392,,EDINET,,建設業
1898.T,世紀東急工業,1448.0,530.43339264,11.429473,1.2315879,52.30687329942032,51233000000.0,40863000000.0,415000000.0,36632141.0,6574200000.0,179.46534984127737,0.12394015873016394,-87.6059841269836,,EDINET,,建設業
1899.T,福田組,4740.0,764.95716352,10.516507,0.83931255,61.1380834847704,105433000000.0,57406000000.0,6609000000.0,16138337.0,46912699999.99999,2906.9104208196914,0.6132722406792598,-38.672775932074025,,EDINET,,建設業
1905.T,テノックス,1436.0,96.14978048,10.420144,0.7175892,65.40997606580748,16957282000.0,7781730000.0,572862000.0,6695667.0,8798382400.0,1314.0412150126342,0.9150704839920851,-8.492951600791491,,EDINET,,建設業
1904.T,大成温調,1236.0,307.53460224,8.751061,1.000851,59.22176549886655,30613983000.0,18782053000.0,3878822000.0,24881440.0,12668900100.0,509.1706951044634,0.4119504005699542,-58.804959943004576,,EDINET,,建設業
1911.T,住友林業,1171.5,7183.42520832,8.539252,0.65622973,44.19797265352842,1546090000000.0,1243525000000.0,268895000000.0,613181820.0,366439000000.0,597.602518613484,0.5101173867806095,-48.98826132193905,,EDINET,,建設業
1914.T,日本基礎技術,796.0,145.60140288,8.9579115,0.5861768,64.12336263790598,12560958000.0,8826398000.0,5452850000.0,18291634.0,6668915200.0,364.58827024420015,0.4580254651309047,-54.19745348690953,,EDINET,,建設業
1921.T,巴コーポレーション,2061.0,691.75803904,11.747606,0.91660005,61.226845578802966,30737134000.0,43526744000.0,35767825000.0,33564195.0,7895193099.999992,235.22664851637265,0.11413228943055441,-88.58677105694456,,EDINET,,建設業
1926.T,ライト工業,947.0,1555.0799872,13.308038,1.8415668,72.17025331533392,78411000000.0,33534000000.0,8313000000.0,164211196.0,47342700000.0,288.3037280844115,0.30443899480930464,-69.55610051906955,,EDINET,,建設業
1925.T,大和ハウス工業,2152.0,26665.01505024,7.562819,0.4580844,35.92632511528491,3882464000000.0,4332577000000.0,220868000000.0,1239080524.0,-728763100000.0,-588.1482969705688,-0.2733031119751714,-127.33031119751715,,EDINET,,建設業
1928.T,積水ハウス,3317.0,21507.54025472,8.408538,0.95608604,43.70664380101853,3712106000000.0,2790249000000.0,205632000000.0,648403407.0,786774499999.9995,1213.4027852200961,0.3658133208381357,-63.418667916186436,,EDINET,,建設業
1930.T,北陸電気工事,1531.0,421.06384384,11.108692,0.91297406,74.33862433862434,39658000000.0,16814000000.0,1366000000.0,27502538.0,22118800000.0,804.2457754262534,0.525307495379656,-47.469250462034395,,EDINET,,建設業
1929.T,日特建設,1170.0,488.69871616,11.953413,1.3199861,60.836605497235354,40342000000.0,22378000000.0,4288000000.0,41769118.0,18727799999.999996,448.36474641384564,0.38321773197764586,-61.678226802235415,,EDINET,,建設業
1934.T,ユアテック,2506.0,1721.29140736,16.789495,1.1131959,67.85558292712756,154335000000.0,85840000000.0,11102000000.0,68686811.0,67682400000.0,985.3769452187844,0.3932070810928908,-60.67929189071092,,EDINET,,建設業
1938.T,日本リーテック,2530.0,626.94785024,11.369254,0.9260568,68.3566680012755,55695375000.0,30896481000.0,16185080000.0,24780549.0,33038801899.999996,1333.2554456319751,0.5269784370086859,-47.30215629913141,,EDINET,,建設業
1939.T,四電工,2200.0,1041.36146944,13.9302225,1.4751626,68.54367436531852,55270000000.0,34739000000.0,12133000000.0,47334611.0,25550200000.0,539.7783875312717,0.24535381251421443,-75.46461874857856,,EDINET,,建設業
1941.T,中電工,5110.0,2705.36196096,14.858971,1.0694547,77.9755143650946,129723000000.0,64298000000.0,102681000000.0,52942503.0,130871900000.0,2471.962838628918,0.48375006626788997,-51.624993373211005,,EDINET,,建設業
1942.T,関電工,5529.0,11003.4812928,17.773563,2.854523,63.8252849982222,385262000000.0,222271000000.0,67429000000.0,199013954.0,187964199999.99997,944.4774912617432,0.1708224798809447,-82.91775201190553,,EDINET,,建設業
1944.T,きんでん,6861.0,11285.09079552,19.514763,2.6069312,72.43606930900025,503656000000.0,221955000000.0,128500000000.0,164481718.0,349455500000.0,2124.58566367844,0.3096612248474625,-69.03387751525375,,EDINET,,建設業
1946.T,トーエネック,2133.0,1993.61642496,11.023826,1.2763803,49.08396971027357,146274000000.0,173879000000.0,25958000000.0,93465373.0,-26822300000.00003,-286.9757979781457,-0.13454092732214987,-113.45409273221499,,EDINET,,建設業
1945.T,東京エネシス,2118.0,701.79643392,16.243578,0.97587985,60.715333238357815,58018000000.0,39654000000.0,15427000000.0,33134863.0,25197500000.0,760.4528197385334,0.3590428799520932,-64.09571200479068,,EDINET,,建設業
1950.T,日本電設工業,3915.0,2286.90296832,12.709801,1.0944769,69.12218051307248,177804000000.0,86739000000.0,41318000000.0,58413869.0,111313699999.99998,1905.6039585393664,0.4867443061403235,-51.325569385967654,,EDINET,,建設業
1951.T,エクシオグループ,2539.0,5161.90208,16.724854,1.5043912,50.16754587255517,387728000000.0,315721000000.0,32531000000.0,203304521.0,63206600000.0,310.8961851369749,0.12244828087316853,-87.75517191268315,,EDINET,,建設業
1952.T,新日本空調,3110.0,1416.6228992,11.586319,1.7453878,61.05871143576752,89836000000.0,48872000000.0,22443000000.0,45550574.0,51786899999.99999,1136.9099322436637,0.3655658946121105,-63.443410538788946,,EDINET,,建設業
1959.T,クラフティア,7965.0,5634.02899456,14.106833,1.6206608,67.20131940038374,299268000000.0,176319000000.0,80153000000.0,70734825.0,161424199999.99997,2282.1036172776276,0.28651646167955147,-71.34835383204485,,EDINET,,建設業
1960.T,サンテック,1686.0,258.8756992,9.4221525,0.7690672,55.6464000792825,39842000000.0,28450000000.0,2866000000.0,15354430.0,10553199999.999996,687.3065297767482,0.407655118491547,-59.2344881508453,,EDINET,,建設業
1963.T,日揮ホールディングス,2227.0,5391.03166464,12.826124,1.2665542,51.40588917647143,561267000000.0,391914000000.0,80386000000.0,242075962.0,186431799999.99994,770.13759837914,0.34581840968977995,-65.418159031022,,EDINET,,建設業
1964.T,中外炉工業,3825.0,267.03777792,5.9570165,0.91584635,61.384111384111385,35982000000.0,20127000000.0,6533000000.0,6981380.0,18415400000.0,2637.787944503809,0.6896177632689696,-31.038223673103037,,EDINET,,建設業
1961.T,三機工業,2623.0,4011.30815488,50.87277,3.379027,55.32729186315113,138834000000.0,94458000000.0,31383000000.0,152928254.0,56898299999.999985,372.05878254517955,0.14184475125626364,-85.81552487437364,,EDINET,,建設業
1965.T,テクノ菱和,2367.0,1455.95564032,12.247749,2.1547036,65.77804655589483,56216000000.0,27215000000.0,10231000000.0,61510590.0,33441199999.999996,543.6657330063001,0.2296855652751585,-77.03144347248416,,EDINET,,建設業
1966.T,高田工業所,1716.0,125.43417344,10.097681,0.584584,46.15976663744717,31101353000.0,24592851000.0,410662000.0,7309684.0,4336680299.999996,593.2787655389749,0.345733546351384,-65.42664536486161,,EDINET,,建設業
1967.T,ヤマト,2146.0,480.40972288,11.309618,1.1172824,69.38267004571966,34739278000.0,17611369000.0,12255933000.0,22386289.0,23945925200.0,1069.669260501372,0.4984479312681137,-50.15520687318863,,EDINET,,建設業
1968.T,太平電業,2441.0,1540.37796864,12.89011,1.2312382,72.95583497277107,108609000000.0,40018000000.0,17635000000.0,63104380.0,76933700000.0,1219.1499227153488,0.499446916311081,-50.05530836889189,,EDINET,,建設業
1969.T,高砂熱学工業,4664.0,6103.44239104,16.383883,2.9495075,56.32321782606077,245138000000.0,150665000000.0,43220000000.0,130862824.0,109660500000.0,837.9805406002854,0.17966992722990682,-82.03300727700932,,EDINET,,建設業
1972.T,三晃金属工業,1270.0,244.82469888,9.365781,1.6359276,68.1473990577905,32486000000.0,14326000000.0,10000000.0,19277535.0,16734399999.999998,868.0777910661295,0.6835258197371099,-31.647418026289014,,EDINET,,建設業
1975.T,朝日工業社,3850.0,996.21380096,10.653016,1.9502707,50.50498028739684,60288000000.0,38834000000.0,9836000000.0,25875683.0,24455800000.0,945.1267431279012,0.24548746574750682,-75.45125342524932,,EDINET,,建設業
1976.T,明星工業,1708.0,784.00782336,14.762317,1.1506332,81.21896795448438,61236000000.0,19377000000.0,6297000000.0,45902096.0,44329200000.0,965.7336780438087,0.5654178442879442,-43.45821557120558,,EDINET,,建設業
1979.T,大氣社,3820.0,2400.90873856,15.586747,1.3789718,59.35116100690328,210935000000.0,111962000000.0,26324000000.0,62851018.0,106203599999.99998,1689.7673797423613,0.44234748160794796,-55.7652518392052,,EDINET,,建設業
1980.T,ダイダン,3020.0,3907.21765376,14.325016,2.9999483,57.256306178201775,165326000000.0,106102000000.0,17116000000.0,129378062.0,60594999999.999985,468.3560648790672,0.15508478969505538,-84.49152103049447,,EDINET,,建設業
1981.T,協和日成,1379.0,134.05636608,11.771234,1.3073593,66.61737705010789,17002068000.0,9487797000.0,4103417000.0,9721274.0,9437883200.0,970.8483888017147,0.7040234871658555,-29.597651283414457,,EDINET,,建設業
1982.T,日比谷総合設備,3185.0,1314.29154816,15.890041,1.8208772,72.71645558209762,72886000000.0,28230000000.0,20379000000.0,41265040.0,56098300000.0,1359.4631193862892,0.4268330045168883,-57.31669954831117,,EDINET,,建設業
1992.T,神田通信機,2961.0,67.79662336,18.161188,1.1043596,64.87937269389275,5313860000.0,3370133000.0,2018540000.0,2289653.0,3019691699.9999995,1318.8425058294858,0.4454044261497757,-55.45955738502243,,EDINET,,建設業
1994.T,高橋カーテンウォール工業,613.0,48.5725696,7.0298166,0.43574563,85.49437175070604,8691787000.0,3104154000.0,222031000.0,7923747.0,5432639300.0,685.6149369736313,1.118458298488795,11.845829848879495,,EDINET,,建設業
1997.T,暁飯島工業,4355.0,88.05731328,8.785556,4.7739263,68.85230466912877,6974846000.0,3499449000.0,529218000.0,2021982.0,3495904699.9999995,1728.9494664146364,0.3970033217944056,-60.29966782055944,,EDINET,,建設業
2002.T,日清製粉グループ本社,1948.5,5448.28522496,17.246414,1.0562538,63.36775704509212,338728000000.0,287143000000.0,158338000000.0,279614342.0,133707300000.0,478.18469912390975,0.2454117008590761,-75.45882991409239,,EDINET,,食料品
2001.T,ニップン,2787.0,2303.86057216,10.769349,0.8191154,60.79240645434603,159014000000.0,152742000000.0,85530000000.0,82664534.0,50868800000.0,615.3642625022237,0.22079808485906843,-77.92019151409315,,EDINET,,食料品
2003.T,日東富士製粉,1860.0,677.39615232,20.245998,1.3744993,78.60908035518183,32444000000.0,13519000000.0,8394000000.0,36419148.0,23448900000.0,643.8618498159265,0.3461622848472723,-65.38377151527277,,EDINET,,食料品
2009.T,鳥越製粉,1126.0,262.29516288,23.12115,0.7058534,79.17139691254306,23541258000.0,9459888000.0,11210321000.0,23294420.0,20982605900.0,900.756743460451,0.7999615838902763,-20.003841610972376,,EDINET,,食料品
2004.T,昭和産業,3695.0,1200.75821056,11.298312,0.7896735,55.49999454491895,112749000000.0,116884000000.0,47221000000.0,32496840.0,17231299999.99998,530.2454023221944,0.14350349183279956,-85.64965081672004,,EDINET,,食料品
2053.T,中部飼料,1959.0,562.15998464,10.175037,0.7501651,66.84903841740487,66157000000.0,34064000000.0,6943000000.0,28696273.0,33546700000.0,1169.0263749581698,0.5967464905350535,-40.32535094649465,,EDINET,,食料品
2055.T,日和産業,347.0,62.84791808,16.484562,0.32541764,61.77959501557633,23625000000.0,11469000000.0,950000000.0,18111793.0,11674099999.999998,644.5579407847692,1.8575156794950123,85.75156794950122,,EDINET,,食料品
2060.T,フィード・ワン,1416.0,541.89109248,8.40955,0.86646575,46.89821079536912,80085000000.0,68825000000.0,10450000000.0,38269144.0,11692500000.0,305.5333560635691,0.21577214411269005,-78.422785588731,,EDINET,,食料品
2108.T,日本甜菜製糖,1792.0,622.9981184,13.203654,0.82989323,79.34306419914839,51318000000.0,27385000000.0,25456000000.0,34765521.0,39013700000.0,1122.1951772274606,0.6262249872921097,-37.37750127078903,,EDINET,,食料品
2109.T,ＤＭ三井製糖,3760.0,1169.98447104,30.000797,1.0347984,62.97930807067682,98689000000.0,82855000000.0,16728000000.0,31116607.0,19258100000.0,618.9010260662417,0.16460133671974514,-83.5398663280255,,EDINET,,食料品
2112.T,塩水港精糖,442.0,121.63687424,4.3945117,0.55286974,64.76283280419955,9756000000.0,12786000000.0,8375000000.0,27519654.0,1553899999.999998,56.465099452195076,0.12774909378324678,-87.22509062167532,,EDINET,,食料品
2114.T,フジ日本,633.0,324.73008128,10.165409,1.1680518,72.14189817205411,17696000000.0,9887000000.0,11338000000.0,51300172.0,14756900000.0,287.6579049286618,0.4544358687656585,-54.556413123434154,,EDINET,,食料品
2117.T,ウェルネオシュガー,2708.0,886.56011264,13.928608,1.1440517,72.94641254122294,34918000000.0,30278000000.0,3887000000.0,32738556.0,4333099999.999996,132.35464630755237,0.04887542330411831,-95.11245766958818,,EDINET,,食料品
2120.T,ＬＩＦＵＬＬ,231.0,296.4667392,9.030493,1.059152,64.0914090186973,15169000000.0,6977000000.0,227000000.0,128340581.0,7653199999.999999,59.63195694119539,0.2581469997454346,-74.18530002545654,,EDINET,,サービス業
2121.T,ＭＩＸＩ,3715.0,2426.24217088,14.419905,1.2818469,67.5679820259981,169931000000.0,44210000000.0,6023000000.0,65309346.0,125516100000.0,1921.8704165250713,0.5173271646097096,-48.26728353902904,,EDINET,,情報・通信業
2124.T,ジェイエイシーリクルートメント,1051.0,1670.602752,18.767857,7.6557746,72.32238226250203,22349000000.0,7917000000.0,0.0,158953625.0,13640300000.0,85.81307912921143,0.0816489810934457,-91.83510189065542,,EDINET,,サービス業
2122.T,インタースペース,1315.0,82.54032896,21.621178,1.4122473,50.4070960103008,9628330000.0,5590711000.0,482902000.0,6276831.0,3816579299.999999,608.0423863570644,0.46238964741982086,-53.76103525801792,,EDINET,,サービス業
2127.T,日本Ｍ＆Ａセンターホールディングス,615.5,1951.48775424,15.733641,4.107879,76.47041058242604,42566000000.0,14196000000.0,13945000000.0,317057300.0,36711900000.0,115.789480324219,0.1881226325332559,-81.1877367466744,,EDINET,,サービス業
2134.T,北浜キャピタルパートナーズ,18.0,102.04837888,,2.0035617,80.62252804171459,890712000.0,646314000.0,59938000.0,566935392.0,221723200.0,0.39109077176822293,0.021727265098234607,-97.82727349017654,,EDINET,,サービス業
2130.T,メンバーズ,701.0,89.85448448,7.4070163,1.5071152,51.99280628996282,8074369000.0,4866369000.0,1065060000.0,12818043.0,3466905100.0,270.4707028990307,0.3858355248203006,-61.41644751796994,,EDINET,,サービス業
2136.T,ヒップ,1404.0,53.42488064,12.747413,2.9546013,71.51010608526076,4260553000.0,1924772000.0,100000000.0,3805191.0,2213303800.0,581.6537987186451,0.41428333242068743,-58.57166675793126,,EDINET,,サービス業
2138.T,クルーズ,410.0,39.22765312,,0.45853502,28.760963827914793,12775565000.0,20202911000.0,3656678000.0,9567720.0,-6887962500.0,-719.9168140372001,-1.755894668383415,-275.5894668383415,,EDINET,,情報・通信業
2139.T,中広,506.0,34.40812032,18.528011,1.6131346,41.28492617692751,3613741000.0,2955146000.0,171201000.0,6800024.0,482921099.9999995,71.01755817332402,0.1403509054808775,-85.96490945191225,,EDINET,,サービス業
2148.T,アイティメディア,1119.0,218.0410368,18.477543,3.0831628,82.16152404142926,8784588000.0,1326333000.0,498740000.0,19485347.0,7674739700.0,393.87236470564267,0.3519860274402526,-64.80139725597473,,EDINET,,サービス業
2146.T,ＵＴグループ,240.0,1372.11912192,20.671835,4.4695234,50.63412789690105,54270000000.0,30023000000.0,6000000.0,571716260.0,21248899999.999996,37.16686315690933,0.15486192982045555,-84.51380701795445,,EDINET,,サービス業
2152.T,幼児活動研究会,1481.0,159.9857664,14.198064,3.6364975,75.95386816535212,9642344000.0,3213279000.0,2505930000.0,10802550.0,7861888100.0,727.7807647268469,0.491411725001247,-50.85882749987529,,EDINET,,サービス業
2153.T,Ｅ・Ｊホールディングス,1871.0,336.33343488,9.913108,0.8352376,70.96666196786016,33829000000.0,17957000000.0,3298000000.0,17976132.0,16384900000.0,911.4808458237845,0.48716239755413393,-51.28376024458661,,EDINET,,サービス業
2156.T,セーラー広告,279.0,14.36033024,,0.64512247,53.42060640550397,2216955000.0,2200767000.0,263868000.0,5147072.0,-19181100.0,-3.7266041741790286,-0.013357004208526984,-101.33570042085272,,EDINET,,サービス業
2154.T,オープンアップグループ,1972.0,1675.4147328,14.417313,2.0881867,62.04975232030664,21536000000.0,27265000000.0,549000000.0,84960173.0,-8071200000.000004,-94.99980655642031,-0.04817434409554783,-104.8174344095548,,EDINET,,サービス業
2157.T,コシダカホールディングス,976.0,808.7916544,14.54112,2.0734634,51.1826623500219,11903342000.0,31360274000.0,793586000.0,82868004.0,-22037449200.0,-265.9343550738835,-0.27247372446094625,-127.24737244609463,,EDINET,,サービス業
2158.T,ＦＲＯＮＴＥＯ,695.0,272.31145984,50.87848,7.2732983,41.77806644746944,4003036000.0,3239040000.0,966614000.0,39181503.0,1116721799.9999995,28.501249684066472,0.04100899235117478,-95.89910076488253,,EDINET,,サービス業
2160.T,ジーエヌアイグループ,3600.0,2369.32497408,,4.969863,61.671301213734175,2200000000.0,15856000000.0,24000000.0,65814585.0,-15224800000.0,-231.32866369969514,-0.0642579621388042,-106.42579621388042,,EDINET,,医薬品
2163.T,アルトナー,930.0,197.15373056,15.258409,3.5627544,57.661672000037086,6654604000.0,3835030000.0,61621000.0,21199326.0,2479205699.9999995,116.94738313850165,0.1257498743424749,-87.42501256575251,,EDINET,,サービス業
2164.T,地域新聞社,104.0,21.7997312,,7.760615,28.40769682708319,1060761000.0,944327000.0,62696000.0,20961279.0,65888499.99999988,3.1433434954040678,0.030224456686577576,-96.97755433134225,,EDINET,,サービス業
2168.T,パソナグループ,1494.0,558.04526592,,0.4397936,56.4501745356333,188948000000.0,123904000000.0,7655000000.0,37352427.0,58012099999.999985,1553.1012215083101,1.0395590505410375,3.955905054103756,,EDINET,,サービス業
2169.T,ＣＤＳ,1740.0,118.6606592,39.68978,1.3377751,83.88542321776299,8302755000.0,2488105000.0,133255000.0,6819578.0,5659118000.0,829.8340454497331,0.4769161180745593,-52.30838819254407,,EDINET,,サービス業
2170.T,リンクアンドモチベーション,622.0,629.79588096,42.45734,5.39954,41.01563452767141,4477000000.0,15482000000.0,498000000.0,101253362.0,-12204600000.000002,-120.53525689349458,-0.19378658664548967,-119.37865866454895,,EDINET,,サービス業
2173.T,博展,788.0,123.73922816,6.9238205,2.3008442,49.13145716256791,6494522000.0,4541222000.0,1792000.0,15702948.0,1500432200.0,95.55098826029355,0.12125759931509333,-87.87424006849066,,EDINET,,サービス業
2175.T,エス・エム・エス,2605.0,2138.19572224,,7.5688024,50.636677151627694,38664000000.0,29221000000.0,2875000000.0,82080449.0,8533399999.999996,103.96385624060117,0.039909349804453424,-96.00906501955465,,EDINET,,サービス業
2179.T,成学社,825.0,45.77015808,7.8221292,1.1655242,43.6854936160643,3848057000.0,5613454000.0,10620000.0,5547898.0,-2319308400.000001,-418.05173779330494,-0.5067293791433999,-150.67293791434,,EDINET,,サービス業
2181.T,パーソルホールディングス,278.8,6219.05575936,14.689146,2.8087282,38.480988179554735,86145000000.0,182467000000.0,925000000.0,2230651492.0,-113921200000.00003,-51.07081962761399,-0.18318084514926108,-118.31808451492611,,EDINET,,サービス業
2185.T,シイエム・シイ,1923.0,248.4811776,9.874198,1.0703015,80.77047809857336,17610210000.0,5480192000.0,1366951000.0,12921538.0,12538864500.0,970.3848334462972,0.5046202982040027,-49.537970179599725,,EDINET,,サービス業
2183.T,リニカル,202.0,45.62459136,,1.4205843,33.13594674103783,11627196000.0,9521845000.0,272500000.0,22586431.0,1343916500.0,59.50105618723029,0.29455968409519945,-70.54403159048005,,EDINET,,サービス業
2186.T,ソーバル,897.0,70.56909824,15.370116,1.5654205,77.04431429821643,5151616000.0,1344385000.0,23842000.0,7867235.0,3689481900.0,468.9680554858219,0.5228183450232128,-47.71816549767872,,EDINET,,サービス業
2193.T,クックパッド,123.0,88.41805824,7.6397514,0.665797,91.45123131996095,8210116000.0,753089000.0,11365000.0,71884597.0,7389673600.0,102.79912399035916,0.835765235693977,-16.423476430602307,,EDINET,,サービス業
2195.T,アミタホールディングス,375.0,65.82176256,23.40824,2.1896787,39.094514618861425,3853197000.0,3861065000.0,449552000.0,17552470.0,-79288100.00000048,-4.517204701104772,-0.012045879202946058,-101.20458792029461,,EDINET,,サービス業
2198.T,アイ・ケイ・ケイホールディングス,757.0,221.17787648,9.731328,1.7913682,58.66259443139309,7797077000.0,10081120000.0,17991000.0,29217686.0,-3279561300.0,-112.24575758668911,-0.14827709060328811,-114.82770906032881,,EDINET,,サービス業
2201.T,森永製菓,2360.5,1982.09339392,11.1187,1.3724794,63.60320643056644,104667000000.0,77592000000.0,10251000000.0,83969212.0,26491500000.0,315.49063482934673,0.1336541558268785,-86.63458441731215,,EDINET,,食料品
2204.T,中村屋,3030.0,173.15371008,19.295675,0.6940334,57.3967284224263,11202339000.0,16471006000.0,6529882000.0,5714644.0,-2344850200.0,-410.3230577442794,-0.13542015107071928,-113.54201510707193,,EDINET,,食料品
2207.T,ｍｅｉｔｏ,3330.0,537.7200128,18.271605,0.8317643,61.96533059540067,17395000000.0,28412000000.0,43064000000.0,16147748.0,16286599999.999992,1008.5988461053512,0.30288253636797335,-69.71174636320266,,EDINET,,食料品
2208.T,ブルボン,3020.0,729.97830656,12.346184,1.0725019,66.27157085100089,46294000000.0,34347000000.0,4331000000.0,24171469.0,11544000000.0,477.58785367989015,0.15814167340393714,-84.18583265960629,,EDINET,,食料品
2206.T,江崎グリコ,5040.0,2996.13126656,50.204205,1.143434,70.67026278198256,165424000000.0,105173000000.0,46694000000.0,59447053.0,82419499999.99998,1386.435421786173,0.27508639321154227,-72.49136067884578,,EDINET,,食料品
2209.T,井村屋グループ,2278.0,291.51678464,12.222342,1.1587899,57.77519273297745,12973043000.0,14554351000.0,2435806000.0,12797049.0,-1331678900.000002,-104.06140509425273,-0.04568103823277117,-104.56810382327713,,EDINET,,食料品
2211.T,不二家,2475.0,637.9462656,56.870403,1.0674738,62.14767876953162,35406000000.0,27399000000.0,6858000000.0,25775606.0,10067699999.999996,390.59023481348976,0.1578142362882787,-84.21857637117213,,EDINET,,食料品
2212.T,山崎製パン,3546.0,6982.24410624,16.62837,1.4806885,54.81693955646555,341404000000.0,404618000000.0,76726000000.0,196904799.0,-49967600000.00006,-253.76527262801787,-0.07156381066779974,-107.15638106677999,,EDINET,,食料品
2215.T,第一屋製パン,613.0,42.44038656,9.154719,0.48431355,52.340451569479285,8131000000.0,7727000000.0,16000000.0,6923391.0,-357500000.00000095,-51.63654631090472,-0.08423580148597834,-108.42358014859784,,EDINET,,食料品
2216.T,カンロ,1040.0,427.2560128,14.346807,2.2236094,56.49091185602344,17001403000.0,14622107000.0,160400000.0,41082309.0,1029365299.9999981,25.056169554637208,0.0240924707256127,-97.59075292743873,,EDINET,,食料品
2217.T,モロゾフ,1456.0,292.5693952,68.38891,1.4663657,70.56498909180672,15293576000.0,6107765000.0,1274819000.0,20094053.0,9467407800.0,471.15471428287765,0.3235952707986797,-67.64047292013203,,EDINET,,食料品
2220.T,亀田製菓,1227.0,776.067072,3.1747265,0.743901,56.5632255356678,33275000000.0,44954000000.0,18096000000.0,63249150.0,-3507200000.0000076,-55.450547556765706,-0.04519197029891255,-104.51919702989126,,EDINET,,食料品
2221.T,岩塚製菓,3025.0,303.99698944,15.369372,0.51923376,75.06484259695269,12112581000.0,23152550000.0,63601080000.0,10049487.0,31165531999.999996,3101.2062605782758,1.0251921522572813,2.519215225728124,,EDINET,,食料品
2222.T,寿スピリッツ,2435.0,3760.44453888,29.713242,8.304486,79.70303614778358,37649000000.0,11894000000.0,211000000.0,154433036.0,24713300000.0,160.02599340208528,0.06571909379962435,-93.42809062003758,,EDINET,,食料品
2224.T,コモ,3780.0,131.33677568,170.80887,6.134362,45.183002215005104,1527673000.0,2686767000.0,216457000.0,3474518.0,-1276250800.0000005,-367.3173660346559,-0.09717390635837457,-109.71739063583745,,EDINET,,食料品
2226.T,湖池屋,4720.0,503.51910912,19.369665,2.3552048,45.6537803770876,18558000000.0,19645000000.0,296000000.0,10667778.0,-2844300000.0,-266.6253459717666,-0.05648842075673021,-105.64884207567302,,EDINET,,食料品
2229.T,カルビー,3025.0,3678.0326912,21.70793,1.7723287,67.69441620956688,133837000000.0,104101000000.0,3263000000.0,121587854.0,21609999999.999985,177.73156848380583,0.058754237515307714,-94.12457624846922,,EDINET,,食料品
2264.T,森永乳業,1049.0,3386.12191232,15.19409,0.30577624,51.13120435154519,198069000000.0,249319000000.0,19703000000.0,322795236.0,-62389800000.00003,-193.27980416662663,-0.1842514815697108,-118.42514815697109,,EDINET,,食料品
2266.T,六甲バター,1078.0,198.1732864,11.037167,0.6094076,54.68401225360763,32065807000.0,27616638000.0,3828685000.0,18383422.0,4367584699.999996,237.58279062516198,0.22039219909569757,-77.96078009043023,,EDINET,,食料品
2268.T,Ｂ－Ｒ　サーティワン　アイスクリーム,4055.0,390.7332096,23.512697,2.5454924,47.105630789189625,14548287000.0,12679862000.0,105045000.0,9635837.0,673970299.9999981,69.94413666399691,0.017248862309247083,-98.27511376907529,,EDINET,,食料品
2269.T,明治ホールディングス,4113.0,11153.08949504,31.507586,1.4437157,64.79446550410974,540765000000.0,392688000000.0,78354000000.0,271166783.0,163655999999.99994,603.525248149586,0.1467360194868918,-85.32639805131083,,EDINET,,食料品
2267.T,ヤクルト本社,2726.0,7762.7129856,18.066141,1.3042725,71.70017247840732,377892000000.0,234802000000.0,68019000000.0,284765711.0,167223099999.99997,587.2304618866137,0.21541836459523614,-78.45816354047639,,EDINET,,食料品
2270.T,雪印メグミルク,3460.0,2061.30003968,6.7462173,0.8524416,56.40340190244131,173706000000.0,183035000000.0,56370000000.0,59575144.0,11826499999.99997,198.51399771689967,0.05737398777945077,-94.26260122205493,,EDINET,,食料品
2281.T,プリマハム,2281.0,1146.48416256,25.04942,0.94362104,54.1006299734748,99561000000.0,109382000000.0,9275000000.0,50262348.0,-14266700000.000015,-283.8446783266077,-0.12443870158992008,-112.443870158992,,EDINET,,食料品
2282.T,日本ハム,1990.0,5465.50841344,16.894474,1.0503553,55.30874396101364,347400000000.0,378470000000.0,18950000000.0,274648677.0,-55652000000.00006,-202.62977636699142,-0.1018240082246188,-110.18240082246187,,EDINET,,食料品
2286.T,林兼産業,893.0,72.9244416,5.8576584,0.55342233,48.05213203003259,15325000000.0,15841000000.0,4286000000.0,8166231.0,900100000.0,110.22220654791666,0.12342912267403881,-87.65708773259611,,EDINET,,食料品
2288.T,丸大食品,2130.0,510.58630656,5.312913,0.6882608,61.75255333317288,55746000000.0,53912000000.0,16222000000.0,23971189.0,7798199999.999992,325.3155277362334,0.15273029471184665,-84.72697052881533,,EDINET,,食料品
2291.T,福留ハム,505.0,16.8494912,5.3258805,0.6869056,19.607379375591297,5543000000.0,10673000000.0,2059000000.0,3336533.0,-4756000000.0,-1425.431728084212,-2.822637085315271,-382.26370853152713,,EDINET,,食料品
2292.T,Ｓ　Ｆｏｏｄｓ,2656.0,841.24246016,9.09589,0.643132,55.945577257306944,128476000000.0,100731000000.0,14433000000.0,31673283.0,27774999999.999985,876.9220418357006,0.3301664314140439,-66.98335685859561,,EDINET,,食料品
2293.T,滝沢ハム,2650.0,54.41857024,,1.681662,27.668880997135815,5940378000.0,8986037000.0,1728450000.0,2053531.0,-2734347700.0,-1331.534659082332,-0.5024659090876724,-150.24659090876725,,EDINET,,食料品
2294.T,柿安本店,2462.0,235.93101312,29.167158,1.6006179,79.58418891170432,11530000000.0,4152000000.0,219000000.0,9582901.0,7116100000.0,742.5830653995068,0.3016178169778663,-69.83821830221338,,EDINET,,食料品
2296.T,伊藤ハム米久ホールディングス,4805.0,2726.86497792,13.513514,0.92788136,56.316820588268925,277227000000.0,180691000000.0,33322000000.0,56750572.0,101792299999.99997,1793.6788372811461,0.3732942429305195,-62.67057570694805,,EDINET,,食料品
2300.T,きょくとう,503.0,26.4628096,49.703556,0.81960404,52.24138318232745,708342000.0,2255869000.0,624703000.0,5260996.0,-1335821800.0,-253.91043825161623,-0.5047921237606684,-150.47921237606684,,EDINET,,サービス業
2301.T,学情,1708.0,224.6013952,13.307362,1.5682832,86.98231780575144,8534419000.0,2261809000.0,4789717000.0,13149965.0,9399231000.0,714.7723206867851,0.4184849652732934,-58.15150347267066,,EDINET,,サービス業
2303.T,ドーン,1340.0,79.6681984,17.21701,2.6671655,89.36911351996176,2089143000.0,323976000.0,645138000.0,5945388.0,2184366000.0,367.40512141512045,0.27418292642919434,-72.58170735708056,,EDINET,,情報・通信業
2304.T,ＣＳＳホールディングス,894.0,44.35037696,6.664182,1.3334447,48.909993042963464,3674946000.0,3256169000.0,538668000.0,4960892.0,470227699.9999995,94.78692541583239,0.10602564364187067,-89.39743563581294,,EDINET,,サービス業
2305.T,スタジオアリス,1803.0,306.21827072,26.514706,1.0367277,78.73713616258424,23315665000.0,10150456000.0,1779666000.0,16983820.0,13395929600.0,788.7465599611866,0.4374634275991051,-56.25365724008948,,EDINET,,サービス業
2311.T,エプコ,782.0,69.75132672,17.870201,1.4929506,80.01549341795035,3105475000.0,1176988000.0,291390000.0,8919607.0,2014761200.0,225.8800415758228,0.28884915802534883,-71.11508419746512,,EDINET,,サービス業
2307.T,クロスキャット,1067.0,149.33838848,9.800679,2.3115602,61.36873159714642,8161046000.0,4672826000.0,1255126000.0,13996100.0,3899525600.0,278.6151570794721,0.2611201097277152,-73.88798902722849,,EDINET,,情報・通信業
2315.T,ＣＡＩＣＡ　ＤＩＧＩＴＡＬ,67.0,115.42883328,,2.1009722,84.22904659313625,1646557000.0,765792000.0,621483000.0,172281833.0,1239223900.0,7.19300391933954,0.10735826745282895,-89.26417325471711,,EDINET,,情報・通信業
2317.T,システナ,424.0,1515.61273344,13.464592,3.8192005,65.84914618772409,44184000000.0,18812000000.0,3293000000.0,357455827.0,25795900000.0,72.16528043897296,0.17020113311078527,-82.97988668892147,,EDINET,,情報・通信業
2321.T,ソフトフロントホールディングス,140.0,72.78222336,,4.0502224,84.53444635288527,1625994000.0,417835000.0,41568000.0,51987302.0,1195473100.0,22.995482627661655,0.1642534473404404,-83.57465526595595,,EDINET,,情報・通信業
2323.T,ｆｏｎｆｕｎ,354.0,74.34668544,18.219248,5.030267,43.024540036002804,1344991000.0,1872130000.0,44126000.0,21001888.0,-683463800.0000002,-32.54296947017336,-0.09192929228862531,-109.19292922886254,,EDINET,,情報・通信業
2325.T,ＮＪＳ,4560.0,434.25390592,14.237097,1.4063995,81.42540958144212,25463531000.0,4931033000.0,2111273000.0,9523112.0,21517285800.0,2259.480493351333,0.49550010819108176,-50.44998918089182,,EDINET,,サービス業
2326.T,デジタルアーツ,5320.0,714.18494976,20.90209,3.907742,66.21927148752917,20112000000.0,5262000000.0,0.0,13424529.0,14323800000.0,1066.9871546331347,0.20056149523179223,-79.94385047682078,,EDINET,,情報・通信業
2327.T,日鉄ソリューションズ,3758.0,6876.44147712,22.976278,2.4884253,69.16165370320701,307324000000.0,153703000000.0,21656000000.0,182981405.0,153409900000.0,838.3906550504407,0.22309490554828118,-77.69050944517188,,EDINET,,情報・通信業
2329.T,東北新社,478.0,566.720512,9.60611,0.77435994,86.00162334448558,78986000000.0,17689000000.0,8854000000.0,118560778.0,65725900000.0,554.364614577681,1.1597586079030984,15.975860790309829,,EDINET,,情報・通信業
2330.T,フォーサイド,85.0,37.05241856,10.939511,1.2346754,65.32086953975104,3256967000.0,1065368000.0,176469000.0,43591080.0,2208590500.0,50.66611104840715,0.596071894687143,-40.3928105312857,,EDINET,,情報・通信業
2331.T,ＡＬＳＯＫ,1166.0,5667.48512256,17.00204,1.4691819,63.24812154827087,256722000000.0,196401000000.0,62312000000.0,486062206.0,84299299999.99997,173.433151064619,0.14874198204512779,-85.12580179548722,,EDINET,,サービス業
2332.T,クエスト,1743.0,89.36408064,11.651849,1.2224725,72.01572732303262,7122068000.0,2565260000.0,808502000.0,5127027.0,4866233400.0,949.1335621989118,0.5445401963275455,-45.54598036724545,,EDINET,,情報・通信業
2334.T,イオレ,593.0,252.92322816,,5.7393947,31.80147606896466,9534650000.0,7502595000.0,1355811000.0,42651470.0,2230863199.999999,52.304485636720116,0.08820317982583493,-91.17968201741652,,EDINET,,サービス業
2335.T,キューブシステム,1016.0,154.198784,9.937403,1.3829112,76.53177639084625,9806000000.0,3491000000.0,2170000000.0,15177046.0,7484900000.0,493.17238677407977,0.485405892494173,-51.4594107505827,,EDINET,,情報・通信業
2337.T,いちご,389.0,1524.82627584,9.722569,1.4018979,26.788811894818963,195998000000.0,284009000000.0,24300000000.0,391986166.0,-99401900000.0,-253.5852247397935,-0.6518900378915,-165.18900378915,,EDINET,,不動産業
2338.T,クオンタムソリューションズ,108.0,57.43309824,,-12.514484,-12.69076652829054,286345000.0,86988000.0,0.0,53178796.0,190658200.0,3.5852297220117584,0.03319657150010887,-96.6803428499891,,EDINET,,情報・通信業
2340.T,極楽湯ホールディングス,507.0,160.8301568,17.934206,3.3570158,37.53340963701587,4134303000.0,9204306000.0,248499000.0,31721925.0,-5816484300.0,-183.3584910121312,-0.3616538284262943,-136.16538284262944,,EDINET,,サービス業
2341.T,アルバイトタイムス,178.0,32.5552768,17.332035,1.14673,79.02299955916428,2509532000.0,548207000.0,14477000.0,18289482.0,1916638200.0,104.794558971107,0.5887334773657696,-41.12665226342303,,EDINET,,サービス業
2342.T,トランスジェニックグループ,241.0,40.13425664,,0.8229301,49.71350311786139,6698896000.0,4730217000.0,107693000.0,16653219.0,1571042400.0,94.33866209289627,0.3914467306759181,-60.85532693240818,,EDINET,,サービス業
2345.T,ＨＯＤＬ１,95.0,17.65091968,,8.959728,80.21200287220022,85470772000.0,85106288000.0,895027000.0,18579916.0,-7519625900.0,-404.7179707378655,-4.2601891656617425,-526.0189165661743,,EDINET,,情報・通信業
2349.T,エヌアイデイ,2446.0,267.23856384,10.841238,1.0907251,79.02030754480826,20769041000.0,6703576000.0,5114030000.0,10925534.0,16974928400.0,1553.6932473964202,0.6351975663926493,-36.48024336073507,,EDINET,,情報・通信業
2351.T,ＡＳＪ,329.0,25.66819072,29.533213,0.8799521,60.48035373121191,1027696000.0,1378575000.0,34212000.0,7801882.0,-464788100.00000024,-59.573843849471224,-0.1810755132202773,-118.10755132202773,,EDINET,,情報・通信業
2353.T,日本駐車場開発,257.0,793.3259776,14.089912,3.8878133,44.06550036679497,20970160000.0,23568906000.0,3415695000.0,308687123.0,-2564650100.000004,-8.308251005339162,-0.032327824923498685,-103.23278249234988,,EDINET,,不動産業
2354.T,ＹＥ　ＤＩＧＩＴＡＬ,1199.0,213.73353984,19.049889,2.5660505,56.88310641894125,9746938000.0,5980897000.0,32185000.0,17825985.0,3190480799.999999,178.9792148933144,0.14927374052820216,-85.07262594717979,,EDINET,,情報・通信業
2359.T,コア,2020.0,290.19523072,10.2449665,1.3973128,73.51763510319937,16386561000.0,6625599000.0,1921175000.0,14366101.0,10443224600.0,726.9352067063986,0.3598689142110884,-64.01310857889115,,EDINET,,情報・通信業
2370.T,メディネット,24.0,67.60014336,,0.85674506,88.79903245597745,5013076000.0,509264000.0,101522000.0,281667255.0,4523951000.0,16.061330948817606,0.6692221228674002,-33.07778771325998,,EDINET,,サービス業
2371.T,カカクコム,3811.0,7539.54062336,40.107346,11.634545,70.47310083806434,58888000000.0,23468000000.0,4669000000.0,197836267.0,36341500000.0,183.69483285893176,0.04820121565440351,-95.17987843455965,,EDINET,,サービス業
2373.T,ケア２１,439.0,59.37352704,56.64516,1.2768606,14.475640146064602,12193725000.0,26940940000.0,1509769000.0,13524721.0,-16384470700.000004,-1211.4461141194708,-2.759558346513601,-375.95583465136014,,EDINET,,サービス業
2375.T,ギグワークス,209.0,41.57361152,24.940334,1.5318537,35.806812674617255,5715588000.0,5715830000.0,45530000.0,19891680.0,-539954000.000001,-27.144715780668147,-0.12987902287401026,-112.98790228740103,,EDINET,,サービス業
2376.T,サイネックス,776.0,43.51794688,85.18112,0.5570654,55.78915104848994,7060792000.0,6766446000.0,698472000.0,5607983.0,106631799.99999899,19.014287311498446,0.024502947566363977,-97.54970524336359,,EDINET,,サービス業
2379.T,ディップ,1774.0,928.77643776,15.79416,2.6364365,74.45519416375505,26264138000.0,14270633000.0,5110230000.0,52354930.0,14143602699.999998,270.14844065305783,0.15228209732415887,-84.77179026758411,,EDINET,,サービス業
2378.T,ルネサンス,975.0,184.42375168,,1.927304,16.986022044993682,12591159000.0,43317093000.0,42198000.0,18915255.0,-35028104700.00001,-1851.8441702213377,-1.8993273540731668,-289.93273540731667,,EDINET,,サービス業
2384.T,ＳＢＳホールディングス,5180.0,2057.35968768,10.22725,1.9675223,36.48530208849884,157861000000.0,204338000000.0,15689000000.0,39717367.0,-55928500000.00003,-1408.1623285853775,-0.2718460093794165,-127.18460093794167,,EDINET,,陸運業
2385.T,総医研ホールディングス,221.0,57.80961792,26.626505,0.9463006,88.62218565107159,6597302000.0,775157000.0,26351000.0,26158198.0,5763075000.0,220.31620832597108,0.9969059200270184,-0.3094079972981559,,EDINET,,サービス業
2388.T,ウェッジホールディングス,13.0,5.51916032,,0.65084606,80.61436825839982,1477324000.0,741878000.0,0.0,42455078.0,661258199.9999999,15.575479569251996,1.1981138130193842,19.811381301938432,投資有価証券,EDINET,,その他金融業
2391.T,プラネット,1169.0,76.5948672,18.709988,1.4055752,82.75998551632266,3219530000.0,1130314000.0,1099584000.0,6552170.0,2745893400.0,419.08152566249044,0.3584957447925496,-64.15042552074505,,EDINET,,サービス業
2393.T,日本ケアサプライ,4380.0,680.71264256,30.277893,3.7869978,67.10471387262541,5790199000.0,9194016000.0,459756000.0,15541385.0,-4001389400.0,-257.46671869978127,-0.05878235586752997,-105.878235586753,,EDINET,,サービス業
2404.T,鉄人化ホールディングス,531.0,70.94245888,16.857143,6.6550527,14.566686826757325,1577500000.0,4102723000.0,0.0,13360162.0,-2935495300.0,-219.72003782588862,-0.4137853819696584,-141.37853819696585,投資有価証券,EDINET,,サービス業
2395.T,新日本科学,1362.0,567.02533632,12.213057,1.3587364,41.39644493101047,32939848000.0,52330917000.0,19762231000.0,41631814.0,-10790599000.000008,-259.191180091264,-0.1903018943401351,-119.03018943401351,,EDINET,,サービス業
2408.T,ＫＧ情報,827.0,59.29613824,12.280963,0.991243,87.4081696932047,5521602000.0,821148000.0,57420000.0,7170029.0,4658533200.0,649.723062486916,0.7856385277955453,-21.436147220445466,,EDINET,,サービス業
2410.T,キャリアデザインセンター,2542.0,134.38606336,11.726715,2.6454008,59.84877520197789,4267997000.0,2566960000.0,0.0,5286627.0,1444341000.0,273.2065265811263,0.10747699708148163,-89.25230029185185,投資有価証券,EDINET,,サービス業
2411.T,ゲンダイエージェンシー,463.0,50.98926592,11.0448475,1.3232012,71.93566278424848,4721000000.0,1545000000.0,163000000.0,11012800.0,3135600000.0,284.7232311492082,0.6149529830436462,-38.50470169563538,,EDINET,,情報・通信業
2413.T,エムスリー,1799.0,11987.02985216,24.66749,2.9565134,70.07401991854357,98909000000.0,31927000000.0,9506000000.0,666316261.0,70443500000.0,105.72081776044183,0.05876643566450352,-94.12335643354965,,EDINET,,サービス業
2418.T,ツカダ・グローバルホールディング,580.0,272.85385216,10.311111,0.69359654,28.39486791591146,26315000000.0,77680000000.0,4673000000.0,47043766.0,-55861900000.0,-1187.4453248492052,-2.047319525602078,-304.73195256020784,,EDINET,,サービス業
2415.T,ヒューマンホールディングス,1615.0,167.60409088,7.566175,0.86612636,37.45663171148589,41590435000.0,32647692000.0,409201000.0,10377962.0,5964414500.0,574.7192464185165,0.3558633104758616,-64.41366895241384,,EDINET,,サービス業
2424.T,ブラス,623.0,33.1352576,12.324431,0.75737774,35.02989624042005,2122278000.0,7026455000.0,50000.0,5318661.0,-5606787500.000001,-1054.1727513748292,-1.6920910936995652,-269.20910936995654,,EDINET,,サービス業
2425.T,ケアサービス,678.0,25.7178496,22.675585,0.90269774,76.40822319053957,3346947000.0,1195933000.0,0.0,3793193.0,2031420700.0,535.5437226632022,0.7898874965533955,-21.011250344660446,投資有価証券,EDINET,,サービス業
2428.T,ウェルネット,618.0,117.24411904,10.920657,1.2659757,31.44310230826613,23250192000.0,20441740000.0,83842000.0,18971540.0,822967400.0,43.37905093629721,0.07019263905549711,-92.9807360944503,,EDINET,,サービス業
2429.T,ワールドホールディングス,2814.0,496.68562944,8.727746,1.0100311,28.72498545979364,148625000000.0,126914000000.0,1437000000.0,17650521.0,10025500000.0,568.0002307014054,0.2018479853238825,-79.81520146761174,,EDINET,,サービス業
2432.T,ディー・エヌ・エー,2488.5,2302.15221248,14.79049,1.0675927,72.25546446447649,127867000000.0,106106000000.0,93552000000.0,92511641.0,76636799999.99997,828.4016927123795,0.3328919801938435,-66.71080198061566,,EDINET,,情報・通信業
2433.T,博報堂ＤＹホールディングス,1293.5,4644.0792064,28.353792,1.2098147,37.23079142972366,713273000000.0,636509000000.0,126834000000.0,359032040.0,101896900000.0,283.81004659082794,0.21941248286882717,-78.05875171311727,,EDINET,,サービス業
2435.T,シダー,204.0,22.89280512,4.3984475,1.1960741,9.938644084985548,4598000000.0,18507000000.0,0.0,11221963.0,-15759700000.0,-1404.3621423453276,-6.884128148751606,-788.4128148751606,投資有価証券,EDINET,,サービス業
2436.T,共同ピーアール,587.0,100.77852672,10.79441,2.206435,70.59298697357609,4745510000.0,1921034000.0,116194000.0,17168404.0,2713708400.0,158.0641042696805,0.2692744536110401,-73.072554638896,,EDINET,,サービス業
2437.T,Ｓｈｉｎｗａ　Ｗｉｓｅ　Ｈｏｌｄｉｎｇｓ,608.0,66.98833408,,3.1763113,59.751944823025205,2643516000.0,965191000.0,7564000.0,11017818.0,1587100700.0,144.04854935886578,0.23692195618234504,-76.3078043817655,,EDINET,,サービス業
2438.T,アスカネット,338.0,50.6907136,18.230852,0.97505814,85.76974069962301,3073565000.0,962872000.0,331602000.0,14997253.0,2246527200.0,149.7959126247987,0.44318317344615,-55.681682655385,,EDINET,,サービス業
2440.T,ぐるなび,113.0,63.70277376,27.764126,1.2276871,48.05609068063633,8644503000.0,6150897000.0,367422000.0,56374138.0,2135711699.999999,37.88460055921386,0.3352619518514501,-66.473804814855,,EDINET,,サービス業
2445.T,タカミヤ,384.0,176.04632576,10.672596,0.7537526,31.769862866794462,28888000000.0,52747000000.0,532000000.0,45845395.0,-28761300000.000008,-627.3541759210495,-1.6337348331277333,-263.3734833127733,,EDINET,,サービス業
2449.T,プラップジャパン,1207.0,53.77344512,11.7515335,0.9659323,79.90847128584089,6058517000.0,1559400000.0,82596000.0,4455132.0,4400994200.0,987.8482163940373,0.8184326564987882,-18.156734350121184,,EDINET,,サービス業
2454.T,オールアバウト,327.0,46.07329792,,1.3193942,56.5216954106622,5999469000.0,3963655000.0,558510000.0,14089693.0,2030405500.0,144.10573033777243,0.44069030684334076,-55.930969315665926,,EDINET,,サービス業
2452.T,コンピュータマインド,,,,,,0.0,0.0,0.0,,,,,,"流動資産, 負債合計, 投資有価証券",yfinance,株価または発行済株式数を取得できませんでした,情報・通信業
2459.T,アウンコンサルティング,172.0,12.90481664,,4.2172365,45.94563480138208,629324000.0,425474000.0,91718000.0,7502800.0,225505199.99999994,30.056139041424526,0.1747449944268868,-82.52550055731132,,EDINET,,サービス業
2461.T,ファンコミュニケーションズ,381.0,250.3102464,31.306492,1.5389525,76.67845470802648,20785954000.0,5297200000.0,1140546000.0,65698229.0,15757416200.0,239.84537239200162,0.6295154131023665,-37.04845868976335,,EDINET,,サービス業
2462.T,ライク,1496.0,287.08335616,12.445924,1.5105679,46.08524489743021,17232215000.0,22648434000.0,441087000.0,19190064.0,-7372301500.000004,-384.17284590608995,-0.256800030685889,-125.6800030685889,,EDINET,,サービス業
2464.T,Ａｏｂａ‐ＢＢＴ,372.0,46.849024,17.16659,1.0229645,63.57518844279916,3179192000.0,2839231000.0,13487000.0,12593824.0,65478799.99999952,5.199278630541408,0.013976555458444645,-98.60234445415553,,EDINET,,サービス業
2469.T,ヒビノ,1380.0,273.658368,8.933195,1.967634,33.71936136721385,26614000000.0,32104000000.0,223000000.0,19830316.0,-8544300000.0,-430.87059227901364,-0.3122250668688505,-131.22250668688505,,EDINET,,サービス業
2471.T,エスプール,277.0,216.34709504,16.10465,2.2271714,24.489404084767322,14229000000.0,13582000000.0,11000000.0,78103645.0,-703500000.0000019,-9.007262081046306,-0.03251719162832602,-103.2517191628326,,EDINET,,サービス業
2475.T,ＷＤＢホールディングス,1734.0,332.63263744,12.324969,1.0157964,80.86337741387439,27406101000.0,8512177000.0,127731000.0,19182966.0,18132118000.0,945.2197329651734,0.5451094192417378,-45.489058075826215,,EDINET,,サービス業
2477.T,手間いらず,3325.0,194.34203136,19.720064,12.090909,93.7702192178492,7144462000.0,449668000.0,0.0,5844873.0,6649827200.0,1137.7197075111812,0.34217134060486654,-65.78286593951334,投資有価証券,EDINET,,情報・通信業
2479.T,ジェイテック,253.0,20.3085632,13.779956,1.4620981,69.02215608419228,2071342000.0,798926000.0,5031000.0,8027100.0,1196045100.0,149.00089696154276,0.5889363516266513,-41.10636483733487,,EDINET,,サービス業
2480.T,システム・ロケーション,1755.0,61.91791104,20.49276,1.5164803,82.54125459688248,2416683000.0,681338000.0,821634000.0,3528086.0,2242355000.0,635.572658943121,0.3621496632154536,-63.78503367845464,,EDINET,,情報・通信業
2481.T,タウンニュース社,700.0,38.64436224,8.430688,0.6811983,87.79400021630377,2618148000.0,683917000.0,1195643000.0,5520623.0,2702789400.0,489.5805056784352,0.6994007223977646,-30.05992776022354,,EDINET,,サービス業
2483.T,翻訳センター,2228.0,74.7893504,16.031084,1.1352357,80.05333938150252,7667084000.0,2075536000.0,346316000.0,3356793.0,5626415600.0,1676.1282569404786,0.7523017311222974,-24.769826887770257,,EDINET,,サービス業
2484.T,出前館,152.0,169.28697344,,0.7587064,73.68719110378913,47544000000.0,11395000000.0,3000000.0,111373008.0,35011600000.0,314.363422778345,2.0681804130154275,106.81804130154278,,EDINET,,情報・通信業
2485.T,ティア,434.0,97.66016,24.842588,1.1208562,30.86694416535094,5740000000.0,19140000000.0,1000000.0,22502342.0,-15313300000.0,-680.5202765116627,-1.5680190703033703,-256.8019070303371,,EDINET,,サービス業
2488.T,ＪＴＰ,1406.0,75.62407424,11.536883,2.685456,61.65881138161575,5221856000.0,2255941000.0,0.0,5378668.0,2740320900.0,509.4794659198151,0.36236092881921417,-63.76390711807859,,EDINET,,サービス業
2489.T,アドウェイズ,429.0,155.30838016,11.966528,1.169275,62.60387405349926,18379481000.0,8999448000.0,2779210000.0,36202420.0,10425535200.0,287.9789583127316,0.6712796231066005,-32.87203768933995,,EDINET,,サービス業
2491.T,バリューコマース,452.0,98.25614848,,0.80440927,75.46152893073969,17642000000.0,6731000000.0,727000000.0,21738086.0,10746800000.0,494.376551827056,1.093753433245699,9.375343324569913,,EDINET,,サービス業
2492.T,インフォマート,751.0,2002.0617216,80.839615,6.659986,67.0309849376704,7753297000.0,3762580000.0,437854000.0,266586105.0,3920956799.9999995,14.708031388207571,0.019584595723312344,-98.04154042766876,,EDINET,,サービス業
2497.T,ユナイテッド,497.0,186.08275456,,1.1196165,88.60498901329328,21741732000.0,3072191000.0,1364021000.0,37441202.0,19317136600.0,515.9325974630835,1.038093757470993,3.8093757470993035,,EDINET,,サービス業
2498.T,オリエンタルコンサルタンツホールディングス,3005.0,357.57514752,8.188904,1.1419708,36.69738311853663,51786418000.0,40709424000.0,2392349000.0,11899340.0,8680695900.0,729.5107039550093,0.2427656252762094,-75.72343747237905,,EDINET,,サービス業
2493.T,イーサポートリンク,936.0,41.412928,23.871462,1.1293409,60.72421144757456,3925456000.0,1915179000.0,454043000.0,4424458.0,2136589199.9999998,482.90416588879356,0.515923254154694,-48.407674584530604,,EDINET,,サービス業
2499.T,日本和装ホールディングス,310.0,28.03051008,16.820402,0.77313286,42.552905753662095,9041452000.0,5709167000.0,450000.0,9042100.0,2761683299.999999,305.42498977007546,0.9852419024841144,-1.4758097515885626,,EDINET,,サービス業
2502.T,アサヒグループホールディングス,1584.5,23175.88365312,14.304415,0.72677916,49.90604493984653,82984000000.0,1641106000000.0,2709000000.0,1462662258.0,-1720336300000.0002,-1176.167834092018,-0.7422958877197968,-174.22958877197968,,EDINET,,食料品
2501.T,サッポロビール,1862.5,7263.2467456,75.435394,1.4159976,33.67314782236228,36924000000.0,215143000000.0,4391000000.0,389972990.0,-196659600000.00003,-504.29030995197905,-0.27075989796079414,-127.07598979607941,,EDINET,,食料品
2503.T,キリンホールディングス,2819.5,22342.0219392,11.536416,1.6496881,45.653330540007666,324868000000.0,1285288000000.0,2223000000.0,792410847.0,-1087392700000.0,-1372.2587267915073,-0.48670286461837464,-148.6702864618375,,EDINET,,食料品
2531.T,宝ホールディングス,2509.0,4803.33889536,40.8233,1.8659825,60.516620247917,245433000000.0,176683000000.0,34467000000.0,191444354.0,75208599999.99997,392.84835738744204,0.1565756705410291,-84.34243294589709,,EDINET,,食料品
2533.T,オエノンホールディングス,473.0,257.17204992,8.392477,0.9599091,45.5389550097071,26175000000.0,31260000000.0,3654000000.0,54370413.0,-5653200000.0,-103.97566779564467,-0.21982170781320226,-121.98217078132024,,EDINET,,食料品
2573.T,北海道コカ・コーラボトリング,4125.0,561.28999424,39.214752,1.2869198,79.94101382488479,23653000000.0,9797000000.0,693000000.0,13607030.0,13361400000.0,981.9483017234473,0.23804807314507814,-76.19519268549219,,EDINET,,食料品
2579.T,コカ・コーラ　ボトラーズジャパンホールディングス,3773.0,6119.46528768,34.328087,1.6778659,54.4318712186071,49064000000.0,123274000000.0,9682000000.0,162190968.0,-79760000000.00002,-491.76597799206684,-0.13033818658681867,-113.03381865868187,,EDINET,,食料品
2585.T,ライフドリンク　カンパニー,1315.0,682.34272768,20.107033,4.039442,34.9467734738542,12443000000.0,18976000000.0,123000000.0,51889181.0,-8344500000.0,-160.8138698508269,-0.12229191623637027,-112.22919162363702,,EDINET,,食料品
2586.T,フルッタフルッタ,57.0,64.5607936,73.07693,0.85598445,91.92357809972059,3404526000.0,592017000.0,0.0,113264553.0,2753307300.0,24.308640497614466,0.426467377151131,-57.35326228488691,,EDINET,,食料品
2587.T,サントリービバレッジ＆フード,4516.0,13954.42450432,15.439316,1.030408,64.25551675710038,313295000000.0,236550000000.0,15013000000.0,308999659.0,63599099999.99997,205.8225572346019,0.04557629699614745,-95.44237030038526,,EDINET,,食料品
2588.T,プレミアムウォーターホールディングス,3615.0,783.42479872,12.848309,3.4878337,23.713451373230328,19707000000.0,41609000000.0,8862000000.0,21671502.0,-19859500000.0,-916.3877981323122,-0.25349593309330903,-125.34959330933091,,EDINET,,食料品
2590.T,ダイドーグループホールディングス,2853.0,904.60741632,,1.3092608,39.85824140726727,92044000000.0,91739000000.0,9815000000.0,31707237.0,-1998400000.0000153,-63.026620704920305,-0.022091349703792607,-102.20913497037927,,EDINET,,食料品
2594.T,キーコーヒー,1944.0,416.47190016,42.12351,1.2936318,41.07661351943355,39467000000.0,27277000000.0,3782000000.0,21423453.0,12109699999.999996,565.2543499873711,0.29076869855317444,-70.92313014468256,,EDINET,,食料品
2593.T,伊藤園,3085.0,3554.85548544,114.897575,1.9716303,51.9305915072067,231995000000.0,168626000000.0,4939000000.0,84322517.0,49963700000.0,592.5309369026544,0.19206837500896415,-80.79316249910357,,EDINET,,食料品
2597.T,ユニカフェ,1320.0,176.73459712,21.699818,2.3706853,45.78019047727136,8616192000.0,7648591000.0,86637000.0,13388985.0,263387799.99999905,19.67197662854944,0.01490301259738594,-98.50969874026141,,EDINET,,食料品
2602.T,日清オイリオグループ,1982.0,1813.5851008,7.8964143,0.85527915,49.20442833870807,228661000000.0,190156000000.0,33725000000.0,91502775.0,43096899999.99997,470.99008745909583,0.23763374745665783,-76.23662525433423,,EDINET,,食料品
2607.T,不二製油,4297.0,3694.6673664,32.609848,1.4925897,38.38347204494036,99955000000.0,219822000000.0,3050000000.0,85982487.0,-139714200000.00003,-1624.9146177872249,-0.3781509466574878,-137.81509466574877,,EDINET,,食料品
2612.T,かどや製油,2843.0,785.020928,29.173937,2.119984,79.07320576183838,30369000000.0,8271000000.0,2213000000.0,27612414.0,22820000000.0,826.4398759195773,0.2906928863593307,-70.93071136406692,,EDINET,,食料品
2652.T,まんだらけ,423.0,137.03309312,9.383318,4.539893,62.529628130109636,11820708000.0,7227662000.0,1253000.0,32395530.0,3871156899.999999,119.49663734472006,0.2824979606258157,-71.75020393741842,,EDINET,,小売業
2613.T,Ｊ－オイルミルズ,2172.0,719.25833728,15.169717,0.65165555,66.80114961879795,101415000000.0,63876000000.0,19753000000.0,33115026.0,44978500000.0,1358.2504812165932,0.6253455254220043,-37.46544745779957,,EDINET,,食料品
2653.T,イオン九州,2743.0,937.5854592,15.767086,1.5659047,29.33944349713223,53212000000.0,125006000000.0,399000000.0,34181024.0,-84015300000.0,-2457.951523043897,-0.8960814885322264,-189.60814885322264,,EDINET,,小売業
2654.T,アスモ,391.0,52.6461184,11.362976,0.76309806,70.28425812148465,8158413000.0,2685096000.0,1000.0,13464481.0,5204808100.0,386.5583901822878,0.9886403840979228,-1.1359615902077287,,EDINET,,小売業
2656.T,ベクターホールディングス,160.0,50.97871872,,3.3160622,90.75732235408574,282035000.0,116232000.0,0.0,31861700.0,154179800.0,4.839032443341065,0.030243952770881655,-96.97560472291184,,EDINET,,小売業
2659.T,サンエー,3205.0,1905.05517056,18.447104,1.3121258,74.08019367250567,85818000000.0,36678000000.0,439000000.0,59440099.0,45779500000.0,770.1787306915488,0.24030537619081085,-75.96946238091891,,EDINET,,小売業
2664.T,カワチ薬品,3775.0,826.35505664,26.233496,0.734225,58.07458394701774,90472000000.0,85190000000.0,154000000.0,21890200.0,-3129200000.0,-142.94981315839965,-0.037867500174410505,-103.78675001744104,,EDINET,,小売業
2666.T,オートウェーブ,189.0,27.31199232,6.1563516,0.79119223,52.875533871589816,1825971000.0,3380847000.0,0.0,14450789.0,-1892960700.0000005,-130.99358796256735,-0.6930877669977108,-169.3087766997711,投資有価証券,EDINET,,小売業
2667.T,イメージ　ワン,104.0,15.72205696,,0.92907745,51.53895593288499,1288419000.0,833696000.0,213491000.0,15117362.0,520797099.9999999,34.45026321391258,0.33125253090300555,-66.87474690969944,,EDINET,,卸売業
2669.T,カネ美食品,3895.0,366.79430144,20.88136,1.5480331,77.91596457247711,25405516000.0,8324769000.0,594647000.0,9417055.0,16664523000.0,1769.610881533558,0.45432885276856433,-54.56711472314356,,EDINET,,小売業
2668.T,タビオ,1275.0,86.643968,15.153316,1.5975462,60.26123948349219,3994799000.0,3690912000.0,387450000.0,6795605.0,206010799.99999952,30.315299373639217,0.023776705391089583,-97.62232946089104,,EDINET,,卸売業
2670.T,エービーシー・マート,2771.5,6862.69464576,14.569971,1.7098991,88.09231945378096,317500000000.0,48977000000.0,18252000000.0,247616620.0,276401700000.0,1116.2485781447142,0.4027597251108476,-59.72402748891523,,EDINET,,小売業
2673.T,夢みつけ隊,103.0,10.42020096,6.7276287,0.35661238,79.27820027448668,773254000.0,873601000.0,2200000.0,10116700.0,-186167100.00000012,-18.40195913687271,-0.17865979744536611,-117.8659797445366,,EDINET,,小売業
2674.T,ハードオフコーポレーション,2544.0,353.94699264,13.974183,1.7805213,64.3344656975907,13918216000.0,7244624000.0,3639795000.0,13913010.0,8496986099.999999,610.7223454881438,0.240063815050371,-75.99361849496292,,EDINET,,小売業
2676.T,高千穂交易,2060.0,384.79839232,Infinity,2.2922406,68.46615014369732,19206711000.0,6625089000.0,3193046000.0,18679534.0,14154245300.0,757.7408140909725,0.3678353466461032,-63.216465335389685,,EDINET,,卸売業
2678.T,アスクル,1192.0,1067.24016128,,2.3013628,22.37991883674703,149752000000.0,146527000000.0,100000000.0,89533572.0,-11357700000.0,-126.85409222810858,-0.10642121831217163,-110.64212183121715,,EDINET,,小売業
2681.T,ゲオホールディングス,2237.0,889.95627008,10.1617155,0.88365567,33.2609557231946,165072000000.0,162338000000.0,194000000.0,39783471.0,-13364000000.0,-335.9184018910768,-0.1501646856911385,-115.01646856911385,,EDINET,,小売業
2683.T,ＵＯＧｒｏｕｐ,993.0,25.01033472,81.930695,2.7758443,29.691618136767516,1351200000.0,1430468000.0,175258000.0,2518664.0,-99634200.00000025,-39.55835315865882,-0.039837213654238486,-103.98372136542385,,EDINET,,小売業
2685.T,アンドエスティＨＤ,3020.0,1393.07139072,14.583032,1.6278138,58.57482389324781,67173000000.0,55908000000.0,691000000.0,46128190.0,6157899999.999992,133.4953745204395,0.04420376639749652,-95.57962336025035,,EDINET,,小売業
2687.T,シー・ヴイ・エス・ベイエリア,492.0,24.28683776,,0.7663886,30.141678194822852,2559255000.0,6886516000.0,228220000.0,4936349.0,-4856158600.000001,-983.7551194212567,-1.9995022752464569,-299.9502275246457,,EDINET,,サービス業
2689.T,オルバディーブイエックスヘルスケア,1937.0,200.11546624,10.326811,0.87921804,26.305342571490648,36923634000.0,33615575000.0,368182000.0,10331206.0,204228899.99999997,19.76815678634227,0.010205553322840615,-98.97944466771594,,EDINET,,卸売業
2693.T,ＹＫＴ,278.0,32.27183616,10.1238165,0.40244186,46.66098137432675,7593671000.0,3595480000.0,353010000.0,11608574.0,3885749999.9999995,334.7310358705556,1.2040684743545167,20.40684743545166,,EDINET,,卸売業
2694.T,焼肉坂井ホールディングス,71.0,167.380736,,2.7189522,35.55232458336028,6432902000.0,9858747000.0,80554000.0,235747517.0,-4355331900.0,-18.474561070350532,-0.26020508549789484,-126.02050854978948,,EDINET,,小売業
2695.T,くら寿司,1656.0,1316.29268992,37.929455,1.9260383,55.28699163541967,34307000000.0,66499000000.0,4340000000.0,79486274.0,-35803900000.0,-450.4412925431629,-0.272005611439108,-127.2005611439108,,EDINET,,小売業
2698.T,キャンドゥ,3230.0,516.83987456,116.02011,4.8028955,31.92495377807414,15197000000.0,18957000000.0,0.0,16001234.0,-5655700000.0,-353.45398986103197,-0.10942847983313683,-110.94284798331368,投資有価証券,EDINET,,小売業
2700.T,木徳神糧,1782.0,145.87597824,5.744496,0.71023893,37.155172765546865,30229571000.0,24609791000.0,4179155000.0,8186082.0,6084209399.999996,743.2382670977394,0.41708095796730604,-58.29190420326938,,EDINET,,卸売業
2702.T,日本マクドナルドホールディングス,7410.0,9852.2365952,26.758629,3.366387,76.9513791145023,111677000000.0,84050000000.0,12056000000.0,132958653.0,27661200000.0,208.04362390765195,0.028076062605621045,-97.1923937394379,,EDINET,,小売業
2705.T,大戸屋ホールディングス,8730.0,633.64898816,50.847458,14.784081,37.11262282690854,6307000000.0,7155000000.0,20000000.0,7258293.0,-1549500000.000001,-213.47994631795672,-0.02445360209827683,-102.44536020982768,,EDINET,,小売業
2708.T,久世,1859.0,86.00247296,4.8946815,0.8920491,39.08664347544697,15871000000.0,15049000000.0,1731000000.0,4626276.0,528799999.9999981,114.30359969876378,0.06148660553994824,-93.85133944600518,,EDINET,,卸売業
2721.T,ジェイホールディングス,101.0,16.69376512,,3.3199656,22.446580716649446,185120000.0,281689000.0,0.0,16528480.0,-124737900.0,-7.546846412979294,-0.07472125161365638,-107.47212516136564,投資有価証券,EDINET,,卸売業
2722.T,ＩＫホールディングス,359.0,27.14759424,12.725985,1.0637763,43.69682771619494,5217025000.0,3688997000.0,24428000.0,7562004.0,1176227899.9999995,155.54446942900316,0.43327150258775254,-56.67284974122475,,EDINET,,小売業
2726.T,パルグループホールディングス,1405.0,2431.44392704,13.656688,2.9806986,52.38060499951367,114287000000.0,74576000000.0,267000000.0,173056506.0,32440300000.0,187.45495763100638,0.13341989866975543,-86.65801013302445,,EDINET,,小売業
2730.T,エディオン,2434.0,2573.70456064,16.37073,1.0730536,54.19328797139892,191173000000.0,211884000000.0,5401000000.0,105739714.0,-38118700000.00003,-360.49558446885936,-0.14810829271522571,-114.81082927152258,,EDINET,,小売業
2733.T,あらた,2520.0,843.61314304,8.434299,0.68246484,35.6907554329079,233705000000.0,195171000000.0,12659000000.0,33476712.0,27878199999.99997,832.7639823170199,0.3304618977448492,-66.95381022551508,,EDINET,,卸売業
2735.T,ワッツ,720.0,95.5753472,11.492418,0.70136744,47.363064488222065,24050136000.0,17762720000.0,350264000.0,13274354.0,4756328800.0,358.3096247094209,0.49765225654086237,-50.234774345913756,,EDINET,,小売業
2734.T,サーラコーポレーション,1157.0,728.62908416,10.065246,0.76773673,42.851908676635595,89235000000.0,116662000000.0,10374000000.0,62975722.0,-31831400000.000015,-505.4551022058948,-0.43686698548478375,-143.68669854847838,,EDINET,,小売業
2736.T,フェスタリアホールディングス,602.0,21.56936448,16.066185,1.2602104,23.148635109442033,5851694000.0,5812332000.0,90535000.0,3582951.0,-478496700.00000095,-133.54821207434904,-0.22184088384443362,-122.18408838444337,,EDINET,,小売業
2737.T,トーメンデバイス,37400.0,2543.5152384,25.706942,3.607198,17.172285241348924,112703000000.0,64349000000.0,231000000.0,6800843.0,42080800000.0,6187.585862517338,0.16544347225982187,-83.4556527740178,,EDINET,,卸売業
2742.T,ハローズ,3670.0,783.8232576,8.751848,0.9655991,57.15388574369532,23040000000.0,42441000000.0,2000000.0,21357582.0,-23643700000.0,-1107.0401134360623,-0.3016458074757663,-130.16458074757662,,EDINET,,小売業
2747.T,北雄ラッキー,3185.0,40.2556928,37.563393,1.0162865,34.03077720935056,5111033000.0,12459940000.0,280686000.0,1263915.0,-8398420800.000002,-6644.7670927238005,-2.0862691028960128,-308.62691028960126,,EDINET,,小売業
2749.T,ＪＰホールディングス,639.0,547.2299008,12.64095,2.3770378,60.02735896052281,26862421000.0,18114004000.0,546995000.0,85638477.0,7319913100.0,85.47458287937559,0.1337630404998053,-86.62369595001948,,EDINET,,サービス業
2750.T,石光商事,1315.0,102.38437376,8.107775,0.7330447,38.34143147081818,29996945000.0,25330197000.0,1241387000.0,7785884.0,3002699199.999996,385.65938048910004,0.2932770954289734,-70.67229045710266,,EDINET,,卸売業
2751.T,テンポスホールディングス,3655.0,445.47510272,23.637068,2.4169874,65.4012608621571,17941000000.0,8996000000.0,1161000000.0,12188101.0,8858100000.0,726.782621837479,0.19884613456565775,-80.11538654343423,,EDINET,,卸売業
2752.T,フジオフードグループ本社,1158.0,594.045952,,6.966629,35.54791436407548,15328000000.0,17732000000.0,343000000.0,51299302.0,-3937100000.0,-76.74763294050278,-0.06627602153756718,-106.62760215375673,,EDINET,,小売業
2753.T,あみやき亭,1316.0,270.38232576,21.936989,1.2030361,75.9307972480777,12319000000.0,5869000000.0,0.0,20545770.0,5863099999.999999,285.3677423625398,0.21684478902928556,-78.31552109707145,,EDINET,,小売業
2760.T,東京エレクトロン　デバイス,4690.0,1381.18053888,17.377449,2.5881617,33.13831984267404,144186000000.0,107837000000.0,0.0,29449481.0,25565299999.999985,868.1069795423555,0.18509743700263442,-81.49025629973656,投資有価証券,EDINET,,卸売業
2762.T,ＳＡＮＫＯ　ＭＡＲＫＥＴＩＮＧ　ＦＯＯＤＳ,68.0,28.93305344,,46.03927,13.127572016460906,1365000000.0,2109000000.0,0.0,42548609.0,-954900000.0,-22.442566806355526,-0.3300377471522871,-133.00377471522873,投資有価証券,EDINET,,小売業
2767.T,円谷フィールズホールディングス,2419.0,1505.88669952,11.996033,2.4569225,64.03347523219814,69841000000.0,42706000000.0,7831000000.0,62252445.0,28346100000.0,455.3411516607902,0.1882352838614263,-81.17647161385737,,EDINET,,卸売業
2764.T,ひらまつ,160.0,113.03585792,52.287582,1.8388691,51.335357498819704,9423644000.0,6246872000.0,56371000.0,70647411.0,2591544499.999999,36.682795070862525,0.2292674691928908,-77.07325308071093,,EDINET,,小売業
2776.T,新都ホールディングス,90.0,50.19236864,14.5631075,1.3988405,30.023481106446948,1243330000.0,566902000.0,5827000.0,55769300.0,623816700.0,11.185664872967743,0.12428516525519714,-87.57148347448029,,EDINET,,卸売業
2768.T,双日,5451.0,11341.36393728,11.089862,0.9907825,31.62806265201727,706380000000.0,1340104000000.0,83711000000.0,208060241.0,-709136700000.0,-3408.3239382578627,-0.6252658114580559,-162.5265811458056,,EDINET,,卸売業
2769.T,ヴィレッジヴァンガードコーポレーション,930.0,72.92873216,12.654783,2.8168674,13.670926180166859,15261000000.0,15526000000.0,0.0,7841799.0,-1817600000.000002,-231.78354864744708,-0.249229622201556,-124.9229622201556,投資有価証券,EDINET,,小売業
2780.T,コメ兵ホールディングス,4495.0,493.95142656,8.901167,1.2665097,34.64639162714484,68457419000.0,55426514000.0,152446000.0,10988908.0,7594965799.999992,691.1483652424783,0.15375936935316536,-84.62406306468345,,EDINET,,小売業
2778.T,パレモ・ホールディングス,126.0,14.93355264,,0.9572723,25.336001984968703,4435669000.0,5408482000.0,4800000.0,11852026.0,-1510301200.000001,-127.42979132850375,-1.0113475502262204,-201.13475502262204,,EDINET,,小売業
2782.T,セリア,4215.0,2641.60526336,20.519936,2.7930741,72.14507192203978,97898000000.0,33493000000.0,406000000.0,62671538.0,61339900000.0,978.7521091312615,0.2322069060809636,-76.77930939190364,,EDINET,,小売業
2784.T,アルフレッサ　ホールディングス,2241.5,3931.81626368,9.7409935,0.8096413,33.702362814993336,1094496000000.0,957637000000.0,115315000000.0,175410054.0,121815799999.99988,694.4630437204008,0.3098206753158157,-69.01793246841844,,EDINET,,卸売業
2789.T,カルラ,471.0,27.15011584,11.649765,1.2482806,40.29913122534653,1445488000.0,3044335000.0,283000.0,5764356.0,-1903082400.0000005,-330.14657665140743,-0.7009481457567037,-170.09481457567037,,EDINET,,小売業
2788.T,アップルインターナショナル,409.0,52.8555776,4.1858563,0.49439305,53.02923331247715,17454791000.0,9580877000.0,1267002000.0,12923124.0,7802727700.0,603.7803011098555,1.4762354550363215,47.623545503632144,,EDINET,,卸売業
2790.T,ナフコ,2016.0,495.58675456,219.13043,0.32377538,70.77334839806072,90228000000.0,71239000000.0,405000000.0,24582677.0,12148600000.0,494.1935331127688,0.2451356811075242,-75.48643188924757,,EDINET,,小売業
2791.T,大黒天物産,4345.0,582.7274752,16.740513,0.9538868,43.94199361068237,25200000000.0,55339000000.0,442000000.0,13411449.0,-35363500000.00001,-2636.814262202392,-0.6068617404378348,-160.68617404378347,,EDINET,,小売業
2792.T,ハニーズホールディングス,1395.0,388.89496576,13.706033,0.80204356,85.20990505146904,30789275000.0,8290611000.0,966468000.0,27877777.0,22346130500.0,801.575050263154,0.5746057707979598,-42.53942292020401,,EDINET,,小売業
2795.T,日本プリメックス,1016.0,52.5555456,11.283874,0.6084929,77.1454467161608,7576357000.0,2481825000.0,1283670000.0,5172790.0,5744918500.0,1110.6034654412802,1.0931136470878742,9.311364708787416,,EDINET,,卸売業
2798.T,ワイズテーブルコーポレーション,2995.0,98.7771392,48.081554,7.759389,17.385071549293556,2619594000.0,4146309000.0,208355000.0,3298068.0,-1795497400.0,-544.4088478466787,-0.18177257023261392,-118.1772570232614,,EDINET,,小売業
2796.T,ファーマライズホールディングス,511.0,58.77790208,53.118504,0.8592004,20.982252141982862,13239000000.0,25005000000.0,339000000.0,11502525.0,-14029200000.000004,-1219.6626392900694,-2.3868153410764568,-338.6815341076457,,EDINET,,小売業
2801.T,キッコーマン,1689.0,15669.5199744,24.79812,2.7252574,75.67796610169492,151492000000.0,215470000000.0,60098000000.0,927739452.0,-43456400000.00003,-46.84116850514193,-0.027733077859764317,-102.77330778597644,,EDINET,,食料品
2802.T,味の素,5330.0,50781.94323456,37.734512,6.568715,46.58464774386348,269788000000.0,752255000000.0,23960000000.0,952756931.0,-540920500000.0001,-567.7423930490411,-0.10651827261708088,-110.6518272617081,,EDINET,,食料品
2804.T,ブルドックソース,1824.0,222.71801344,9.714529,0.9054028,67.70836259302438,8153454000.0,11029149000.0,9475969000.0,12210417.0,2654568399.999998,217.40194458551235,0.11918966260170634,-88.08103373982937,,EDINET,,食料品
2809.T,キユーピー,4267.0,5771.98292992,23.406473,1.7884402,72.3362280477222,203727000000.0,130734000000.0,51178000000.0,135270293.0,95744200000.0,707.7991617863946,0.165877469366392,-83.41225306336081,,EDINET,,食料品
2805.T,ヱスビー食品,6970.0,1685.05409536,19.979362,1.706099,60.20633044811397,81619000000.0,56825000000.0,15585000000.0,24175811.0,30020999999.999992,1241.7784040419572,0.17816045969038122,-82.18395403096187,,EDINET,,食料品
2806.T,ユタカフーズ,1975.0,137.2135424,67.70655,0.5968661,86.28355075723498,10828000000.0,3251000000.0,2136000000.0,6947521.0,8747100000.0,1259.024621875918,0.6374808212029964,-36.25191787970035,,EDINET,,食料品
2810.T,ハウス食品グループ本社,4050.0,3613.08061696,50.574425,1.2609975,73.80138356869247,189802000000.0,112196000000.0,48344000000.0,89211866.0,100227199999.99998,1123.473866133458,0.2774009546008538,-72.25990453991461,,EDINET,,食料品
2813.T,和弘食品,3935.0,98.18064896,8.360422,0.94833034,62.49679676340734,7859594000.0,6010588000.0,807248000.0,2495061.0,1813020799.999999,726.6438776446745,0.1846617224001714,-81.53382775998286,,EDINET,,食料品
2811.T,カゴメ,2640.0,2387.62868736,17.922607,1.2374277,57.178968655207285,102856000000.0,69086000000.0,11501000000.0,90440477.0,34912100000.0,386.02295297491634,0.14622081552080166,-85.37791844791984,,EDINET,,食料品
2815.T,アリアケジャパン,5060.0,1585.76443392,16.937805,1.2225815,89.2078311191362,84106492000.0,17351314000.0,32989117000.0,31339218.0,88112428500.0,2811.5707450007208,0.5556463922926326,-44.43536077073674,,EDINET,,食料品
2814.T,佐藤食品工業,1737.0,124.68293632,19.815195,0.600137,88.2064352572298,12592354000.0,1869308000.0,3466946000.0,7178062.0,12962977400.0,1805.9160536646243,1.0396753331402557,3.9675333140255793,,EDINET,,食料品
2816.T,ダイショー,1402.0,135.33072384,29.741198,2.0862474,49.354207436399214,7788000000.0,8905000000.0,259000000.0,9652691.0,-1826200000.0,-189.19076555957298,-0.13494348470725606,-113.49434847072561,,EDINET,,食料品
2818.T,ピエトロ,1752.0,121.37764864,,2.0026016,43.36408438328105,3275339000.0,3913551000.0,15522000.0,6927948.0,-1018701700.0,-147.04234211919604,-0.08392827746529453,-108.39282774652945,,EDINET,,食料品
2819.T,エバラ食品工業,2481.0,241.62551808,13.468324,0.6609711,70.98222195971886,28196000000.0,13155000000.0,2224000000.0,9739037.0,15282299999.999998,1569.1797864614334,0.6324787531081957,-36.752124689180434,,EDINET,,食料品
2820.T,やまみ,6330.0,441.01906432,22.724827,3.7210517,65.28175265959094,3679416000.0,5548167000.0,13042000.0,6967126.0,-2414438300.000001,-346.54724200480956,-0.05474679968480404,-105.47467996848042,,EDINET,,食料品
2871.T,ニチレイ,2085.0,5226.43472384,19.034143,1.8141509,54.632637166617016,204925000000.0,223255000000.0,45036000000.0,250668336.0,-9130300000.000034,-36.423826581750774,-0.01746946119028814,-101.74694611902882,,EDINET,,食料品
2831.T,はごろもフーズ,3670.0,345.36759296,12.955837,0.6943597,61.776884397257845,37570133000.0,27347964000.0,14759622000.0,9410561.0,17819107999.999996,1893.5223946797641,0.5159461565884916,-48.40538434115084,,EDINET,,食料品
2872.T,セイヒョー,1904.0,26.72064,232.47864,1.8633347,37.61651846121683,1587510000.0,1893990000.0,115667000.0,1403395.0,-414912100.00000024,-295.64883728387247,-0.15527775067430277,-115.52777506743028,,EDINET,,食料品
2874.T,横浜冷凍,1890.0,1118.74072576,35.182426,1.3151275,39.427078848417004,36270000000.0,123155000000.0,43239000000.0,59192634.0,-68933200000.00002,-1164.5570629615843,-0.6161677581807324,-161.61677581807322,,EDINET,,卸売業
2875.T,東洋水産,9846.0,9354.59291136,13.318543,1.7811917,84.60809766098336,366721000000.0,101333000000.0,35123000000.0,95009076.0,279840800000.0,2945.411236290731,0.2991480028733222,-70.08519971266777,,EDINET,,食料品
2876.T,デルソーレ,476.0,42.38779136,20.359282,1.123691,60.80903245087842,5998312000.0,4124536000.0,194829000.0,8904998.0,1597702700.0,179.41640189026432,0.37692521405517715,-62.30747859448229,,EDINET,,食料品
2877.T,日東ベスト,750.0,90.73383424,17.776726,0.54771113,41.93494896748725,21063002000.0,23302605000.0,3524705000.0,12097845.0,-2102570000.0000038,-173.79706881680198,-0.2317294250890693,-123.17294250890694,,EDINET,,食料品
2882.T,イートアンドホールディングス,2003.0,227.49261824,60.881454,1.9934514,35.33052125989101,12240000000.0,18200000000.0,21000000.0,11357595.0,-7765300000.0,-683.7098875246036,-0.3413429293682494,-134.13429293682495,,EDINET,,食料品
2883.T,大冷,1962.0,114.94913024,24.050013,1.3513886,77.99097350777032,10454721000.0,2716338000.0,26685000.0,5858773.0,7485428700.0,1277.644431692438,0.6511949193131692,-34.88050806868308,,EDINET,,食料品
2892.T,日本食品化工,4895.0,231.67193088,20.538748,0.7742721,59.58425457991156,28035000000.0,21696000000.0,4934000000.0,4732828.0,7623199999.999996,1610.7071712726506,0.329051516092472,-67.09484839075279,,EDINET,,食料品
2884.T,ヨシムラ・フード・ホールディングス,587.0,140.14323712,15.274525,1.0746212,31.548015457252138,32448891000.0,39534719000.0,424134000.0,23874486.0,-10742406100.0,-449.9533979495936,-0.7665304905444524,-176.65304905444526,,EDINET,,食料品
2894.T,石井食品,360.0,59.92818688,,1.5244999,46.585258596152244,3862495000.0,3805336000.0,777918000.0,16646719.0,221167999.99999952,13.285981459769912,0.036905504054916424,-96.30944959450835,,EDINET,,食料品
2897.T,日清食品ホールディングス,2839.5,8137.38426368,17.894505,1.5497271,57.05461197825101,72441000000.0,233278000000.0,46522000000.0,286578095.0,-151599400000.00003,-528.9985614566948,-0.18629989838235422,-118.62998983823543,,EDINET,,食料品
2901.T,ウェルディッシュ,133.0,38.04145152,6.336351,0.635488,58.49588597383358,2017625000.0,1898441000.0,116000.0,28602597.0,-70578900.00000024,-2.4675696406169076,-0.018553155192608327,-101.85531551926084,,EDINET,,食料品
2903.T,シノブフーズ,1501.0,159.35995904,10.096187,1.0701356,53.424416352688475,13198000000.0,14547000000.0,0.0,10616919.0,-2803700000.000002,-264.0784958423439,-0.17593504053453957,-117.59350405345397,,EDINET,,食料品
2904.T,一正蒲鉾,753.0,137.99788544,42.398647,0.92152137,49.019354468749384,8952309000.0,15504758000.0,1833066000.0,18326411.0,-6819778600.000002,-372.12843256652934,-0.4941944655597999,-149.41944655598,,EDINET,,食料品
2907.T,あじかん,1485.0,111.1588864,10.227977,0.60735923,67.38714191030267,13763000000.0,9508000000.0,961000000.0,7485447.0,3976900000.0,531.2842372673268,0.357767163142981,-64.22328368570189,,EDINET,,食料品
2908.T,フジッコ,1552.0,441.90584832,31.16466,0.6398124,87.00945198466707,34542000000.0,10833000000.0,3944000000.0,28473316.0,25386500000.0,891.5891636927712,0.5744775539257546,-42.55224460742454,,EDINET,,食料品
2911.T,旭松食品,2241.0,39.67744256,17.939482,0.48783663,81.38586415307414,5026849000.0,1968615000.0,847388000.0,1770524.0,3454544100.0,1951.1422042288045,0.8706569407535941,-12.934305924640583,,EDINET,,食料品
2910.T,ロック・フィールド,1348.0,352.37552128,363.34232,1.2388396,82.06275454597602,18786000000.0,6399000000.0,530000000.0,26140617.0,12118100000.0,463.57360271947675,0.3438973313942706,-65.61026686057293,,EDINET,,食料品
2914.T,日本たばこ産業,6915.0,122765.97784576,20.304195,2.794102,48.88076595987286,480137000000.0,1088895000000.0,21707000000.0,1775357592.0,-702452600000.0,-395.66823222845125,-0.05721883329406381,-105.72188332940638,,EDINET,,食料品
2916.T,仙波糖化工業,720.0,81.96186112,14.793508,0.64298916,59.53257823921796,11173971000.0,8802558000.0,2789526000.0,11383592.0,3443825400.0,302.5253716050259,0.4201741272292026,-57.98258727707973,,EDINET,,食料品
2915.T,ケンコーマヨネーズ,1956.0,281.61970176,10.050355,0.6789126,65.01986796408123,34312000000.0,24116000000.0,5631000000.0,14397735.0,11726099999.999996,814.4406047201172,0.4163806772597736,-58.361932274022635,,EDINET,,食料品
2917.T,大森屋,900.0,44.6852864,48.886475,0.3838282,48.938608610587956,12412726000.0,4047982000.0,566665000.0,4965032.0,8356611300.0,1683.0931401851992,1.8701034890946657,87.01034890946659,,EDINET,,食料品
2918.T,わらべや日洋ホールディングス,2650.0,458.87086592,8.6333275,0.7708952,47.16210574258929,32818000000.0,61799000000.0,1136000000.0,17315882.0,-34365700000.00001,-1984.634683927738,-0.7489187486519766,-174.89187486519765,,EDINET,,食料品
2922.T,なとり,1967.0,247.49684736,18.511198,0.88149756,64.9940835738924,20975084000.0,15359813000.0,2094121000.0,12582453.0,5545174399.999998,440.70694323277013,0.224050301592664,-77.5949698407336,,EDINET,,食料品
2923.T,サトウ食品,7170.0,361.62691072,12.821201,1.4595267,42.898305401785045,23888584000.0,26363967000.0,2375302000.0,5043611.0,-3449068300.000004,-683.8489923191943,-0.09537642849640088,-109.5376428496401,,EDINET,,食料品
2924.T,イフジ産業,1855.0,151.17548544,7.495252,1.1890477,66.67371202113607,9967000000.0,5588000000.0,175000000.0,8149622.0,3942699999.999999,483.78930949190027,0.2608028622597845,-73.91971377402156,,EDINET,,食料品
2926.T,篠崎屋,109.0,15.4319808,24.222221,1.1572722,76.84200885137314,683364000.0,274410000.0,243000.0,14157780.0,381683100.0,26.959247848179587,0.24733254906586777,-75.26674509341322,,EDINET,,食料品
2927.T,ＡＦＣ－ＨＤアムスライフサイエンス,842.0,123.46755072,8.77266,0.7592241,31.195072833774635,22094548000.0,33072586000.0,588827000.0,14663605.0,-13873117700.0,-946.0918853174237,-1.1236245668853013,-212.36245668853013,,EDINET,,食料品
2929.T,ファーマフーズ,692.0,200.98015232,9.9411,1.5266232,31.67637328083559,27275000000.0,24987000000.0,3037000000.0,29043377.0,1915199999.999996,65.94274488121667,0.09529298393239403,-90.4707016067606,,EDINET,,食料品
2930.T,北の達人コーポレーション,133.0,185.4594048,26.23274,2.4011989,84.79996113939545,7960161000.0,1291115000.0,0.0,139443167.0,6539934500.0,46.9003583373863,0.3526342732134308,-64.73657267865691,投資有価証券,EDINET,,化学
2931.T,ユーグレナ,337.0,470.11786752,,1.4169129,39.43897583365592,30865000000.0,41142000000.0,748000000.0,139500844.0,-13867600000.0,-99.40871755585937,-0.2949813577325204,-129.49813577325205,,EDINET,,食料品
2933.T,紀文食品,1051.0,239.9398912,22.423725,0.96106625,32.92350398205476,31225698000.0,51138326000.0,2367432000.0,22829675.0,-23369258200.000008,-1023.6351678243342,-0.9739630521639716,-197.39630521639714,,EDINET,,食料品
2932.T,ＳＴＩフードホールディングス,1105.0,196.45026304,11.909895,1.8793668,45.977116704805496,11064000000.0,10899000000.0,118000000.0,17778303.0,-842300000.0000019,-47.37797527694302,-0.04287599572574029,-104.28759957257402,,EDINET,,食料品
2934.T,ジェイフロンティア,2020.0,107.79164672,,8.770673,16.004411314723896,5654626000.0,7158505000.0,281503000.0,5336220.0,-2022677400.000001,-379.0468533906025,-0.18764695712406065,-118.76469571240607,,EDINET,,食料品
2935.T,ピックルスホールディングス,1163.0,145.70331136,10.834731,0.7068933,66.388557806913,10888000000.0,11358000000.0,726000000.0,12528230.0,-1097600000.000002,-87.61014125698537,-0.07533116187187049,-107.53311618718703,,EDINET,,食料品
2936.T,ベースフード,276.0,147.36761856,55.75758,12.948627,33.773920323102665,3274701000.0,2814451000.0,35836000.0,53394065.0,203890099.99999952,3.818591073745734,0.013835474904875848,-98.61645250951241,,EDINET,,食料品
2937.T,サンクゼール,1707.0,158.83556864,25.781605,3.2252033,50.835114854241695,6123073000.0,4284156000.0,55394000.0,9304954.0,1449277200.0,155.75329012910757,0.09124387236620245,-90.87561276337975,,EDINET,,食料品
2961.T,日本調理機,1503.0,67.0374656,11.659297,0.22857389,56.325820846538555,11273704000.0,7542610000.0,70155000.0,4460244.0,3025941499.999999,678.4251040974438,0.4513806414487317,-54.86193585512683,,EDINET,,金属製品
2938.T,オカムラ食品工業,1215.0,612.43097088,22.701794,3.1003757,38.86990865256475,30327000000.0,25228000000.0,89000000.0,50405840.0,2638499999.999996,52.34512508868013,0.043082407480395164,-95.69175925196049,,EDINET,,食料品
2962.T,テクニスコ,2971.0,273.13514496,4642.1875,15.517197,49.30095811784857,4142566000.0,4944704000.0,3921000.0,9193374.0,-1293863700.0,-140.73872117026895,-0.04737082503206629,-104.73708250320664,,EDINET,,金属製品
2975.T,スター・マイカ・ホールディングス,1255.0,476.12260352,7.144891,1.1552947,25.722500962067247,99532958000.0,77261205000.0,1365173000.0,37938057.0,15501253600.0,408.5937664124444,0.32557272224099154,-67.44272777590085,,EDINET,,不動産業
2970.T,ＧＬＣ　ＧＲＯＵＰ,1163.0,192.90974208,16.019283,2.9959555,30.541975503338065,16096000000.0,14712000000.0,0.0,16587252.0,-87200000.0000019,-5.257049208633347,-0.0045202486746632395,-100.45202486746632,投資有価証券,EDINET,,不動産業
2978.T,ツクルバ,314.0,37.45860096,3.2582753,1.7078954,31.45348319378153,3967419000.0,2421346000.0,32421000.0,11929491.0,1326633100.0,111.20617803391612,0.35415980265578384,-64.58401973442163,,EDINET,,不動産業
2980.T,ＳＲＥホールディングス,2345.0,377.848832,20.93563,2.297488,33.084099114351,24492416000.0,16124057000.0,45000000.0,16112956.0,6787453300.0,421.24196826454437,0.1796341016053494,-82.03658983946505,,EDINET,,不動産業
2981.T,ランディックス,2240.0,127.65379584,6.8512,1.2054573,39.0876552827252,18737997000.0,13448281000.0,0.0,5698830.0,3944887899.999998,692.2276853319012,0.3090302166660273,-69.09697833339726,投資有価証券,EDINET,,不動産業
2982.T,ＡＤワークスグループ,402.0,199.03199232,4.9715557,0.88869435,28.553995168298258,48701806000.0,41048749000.0,480502000.0,49510444.0,3884533500.0,78.45887021332307,0.19517131893861459,-80.48286810613854,,EDINET,,不動産業
2983.T,アールプランナー,1600.0,170.99474944,5.6911144,1.8501922,22.266769959988792,26829493000.0,23191804000.0,0.0,10687172.0,1318508599.9999962,123.37301205594859,0.07710813253496787,-92.28918674650322,投資有価証券,EDINET,,不動産業
2984.T,ヤマイチエステート,791.0,68.59561472,12.369039,0.49391997,22.61045234834463,26862187000.0,37053051000.0,320695000.0,8672012.0,-13671682600.0,-1576.529483584663,-1.9930840500438218,-299.30840500438217,,EDINET,,不動産業
2985.T,ファーストステージ,,,,,,0.0,0.0,0.0,,,,,,"流動資産, 負債合計, 投資有価証券",yfinance,株価または発行済株式数を取得できませんでした,不動産業
2986.T,ＬＡホールディングス,2776.0,636.68580352,14.062817,2.1545317,29.376404433600907,63141140000.0,53116249000.0,655808000.0,22935369.0,5172331699.999992,225.5177015028619,0.08123836509469089,-91.8761634905309,,EDINET,,不動産業
2991.T,ランドネット,519.0,124.41315328,5.3676696,0.94051385,32.691251119825196,21692915000.0,18278377000.0,0.0,23971706.0,1586700300.0,66.19054563742772,0.1275347700143116,-87.24652299856885,投資有価証券,EDINET,,不動産業
2990.T,アイダ設計,262.0,90.49218048,159.7561,0.8014438,24.90542648913206,36576000000.0,35136000000.0,1239000000.0,34538998.0,-1206300000.0,-34.92573814677542,-0.13330434407166192,-113.3304344071662,,yfinance,,不動産業
2992.T,アーバンライク,,,,,,0.0,0.0,0.0,,,,,,"流動資産, 負債合計, 投資有価証券",yfinance,株価または発行済株式数を取得できませんでした,不動産業
2994.T,アンサーホールディングス,,,,,,0.0,0.0,0.0,,,,,,"流動資産, 負債合計, 投資有価証券",yfinance,株価または発行済株式数を取得できませんでした,不動産業
2993.T,長栄,2220.0,96.32731136,9.890844,0.8333208,16.849624605192755,12374666000.0,54753078000.0,160000.0,4339068.0,-47853607800.00001,-11028.545254418692,-4.967813177666077,-596.7813177666077,,EDINET,,不動産業
2995.T,ジェイレックス・コーポレーション,,,,,,0.0,0.0,0.0,,,,,,"流動資産, 負債合計, 投資有価証券",yfinance,株価または発行済株式数を取得できませんでした,不動産業
2997.T,ストレージ王,1323.0,25.02454528,13230.0,2.2885234,26.32440764495746,2770293000.0,2512277000.0,52694000.0,1891500.0,43674100.0,23.08966428760243,0.01745250513046291,-98.25474948695371,,EDINET,,不動産業
2998.T,クリアル,462.0,164.75871232,7.788267,1.5298469,25.9229370106771,50755665000.0,47663084000.0,1036000.0,35662060.0,-1673002200.0000076,-46.912662925249066,-0.10154256044426205,-110.15425604442619,,EDINET,,不動産業
2999.T,ホームポジション,515.0,48.38630912,7.544682,0.8045794,39.86084687172503,11152104000.0,8190678000.0,500000.0,9395400.0,2142708200.0,228.05928433062988,0.4428335618070483,-55.716643819295165,,EDINET,,不動産業
3001.T,片倉工業,2950.0,934.326272,12.371567,0.9347189,65.1817391815693,58437000000.0,51054000000.0,32887000000.0,31672077.0,25298499999.999992,798.7635291490353,0.27076729801662214,-72.9232701983378,,EDINET,,繊維製品
3002.T,グンゼ,4030.0,1263.20173056,255.0633,1.1704718,74.04629846626565,77974000000.0,38694000000.0,3924000000.0,31344956.0,38157400000.0,1217.3378070781148,0.3020689347588374,-69.79310652411627,,EDINET,,繊維製品
3003.T,ヒューリック,1681.0,12764.1649152,10.724083,1.3473632,26.787244286191825,583864000000.0,2192591000000.0,420487000000.0,759319729.0,-1533645200000.0,-2019.7620862818383,-1.2015241441295885,-220.15241441295888,,EDINET,,不動産業
3004.T,神栄,2043.0,80.03401216,5.803153,0.7095834,36.889311680369644,17502000000.0,18777000000.0,5889000000.0,3917475.0,969599999.9999995,247.5063657075028,0.12114849031204249,-87.88515096879576,,EDINET,,卸売業
3010.T,ポラリス・ホールディングス,190.0,444.43455488,9.615384,1.421262,46.4642033952078,13101826000.0,38845394000.0,2415000.0,233912926.0,-29626416900.0,-126.6557492423484,-0.6666092065386758,-166.66092065386758,,EDINET,,サービス業
3020.T,アプライド,4775.0,129.06085376,5.961224,0.92107373,63.27812158718602,14565000000.0,8225000000.0,33000000.0,2702845.0,5540600000.0,2049.914072024108,0.4293013763401273,-57.06986236598727,,EDINET,,小売業
3011.T,バナーズ,143.0,21.89610752,10.530191,0.8070752,29.534175927529034,2046985000.0,6210015000.0,1502000.0,15311964.0,-4782980100.000001,-312.3688182652468,-2.184397330526201,-318.4397330526201,,EDINET,,小売業
3024.T,クリエイト,1143.0,44.54408192,13.001933,0.77226233,30.417558065017307,12993963000.0,12040111000.0,150115000.0,3897120.0,-145078600.0000019,-37.227131830685714,-0.0325696691432071,-103.25696691432071,,EDINET,,卸売業
3023.T,ラサ商事,2115.0,222.07852544,9.561483,0.9533116,71.1094925952901,20219000000.0,11397000000.0,4218000000.0,10500167.0,10634899999.999998,1012.8315102035995,0.47888014666836853,-52.11198533316315,,EDINET,,卸売業
3021.T,パシフィックネット,1613.0,84.83176448,9.913342,2.1234498,25.49822620036214,2360327000.0,8986618000.0,0.0,5259254.0,-7524952800.0,-1430.8023153093575,-0.8870442128390313,-188.70442128390312,投資有価証券,EDINET,,サービス業
3028.T,アルペン,2343.0,903.41793792,14.38659,0.71496135,58.82964257964258,113597000000.0,84777000000.0,4964000000.0,38558172.0,23817100000.0,617.6926644758989,0.263633232810883,-73.6366767189117,,EDINET,,小売業
3030.T,ハブ,888.0,111.69190912,18.542494,3.263938,51.21478595139835,3292130000.0,3289500000.0,314228000.0,12577918.0,-106360400.00000048,-8.456121275397127,-0.009522659093915684,-100.95226590939157,,EDINET,,小売業
3034.T,クオールホールディングス,2387.0,896.97656832,12.184789,1.509045,37.844367426446404,60348000000.0,97531000000.0,143000000.0,37577566.0,-46836000000.000015,-1246.3819503370712,-0.522154147606649,-152.2154147606649,,EDINET,,小売業
3031.T,ラクーンホールディングス,701.0,135.91360512,17.965145,3.2247825,22.584056507702464,13312957000.0,11633564000.0,681766000.0,19388533.0,993272799.9999981,51.229909967917536,0.07308118397705783,-92.69188160229422,,EDINET,,情報・通信業
3035.T,ケイティケイ,728.0,39.84491008,10.511117,0.79214644,47.966713271970875,5752993000.0,4656007000.0,619015000.0,5473202.0,1064695800.0,194.52886993756124,0.26720998617796876,-73.27900138220312,,EDINET,,卸売業
3036.T,アルコニックス,3360.0,1010.05156352,18.079096,0.8942639,35.940330984997324,144374000000.0,126321000000.0,8577000000.0,30061058.0,11424800000.0,380.0531571443693,0.11311105867391943,-88.68889413260806,,EDINET,,卸売業
3038.T,神戸物産,2953.5,6551.61688064,19.569971,3.6454186,62.030877079706215,161089000000.0,100618000000.0,424000000.0,221825541.0,50705999999.999985,228.58503926741233,0.07739462985184098,-92.2605370148159,,EDINET,,卸売業
3040.T,ソリトンシステムズ,2774.0,514.33816064,15.676745,3.6268456,50.54140613085253,20897000000.0,11002000000.0,56000000.0,18541390.0,8833999999.999998,476.44755867817884,0.17175470752638025,-82.82452924736198,,EDINET,,情報・通信業
3041.T,ビューティカダンホールディングス,400.0,16.40299264,,3.933562,20.01955931206853,1965958000.0,2287264000.0,190862000.0,4100748.0,-416429000.0,-101.54952218473312,-0.2538738054618328,-125.38738054618328,,EDINET,,卸売業
3042.T,セキュアヴェイル,370.0,28.2548736,27.346638,2.3888693,81.1644590353297,1428274000.0,366186000.0,59397000.0,7636452.0,1067047300.0,139.73076763921256,0.3776507233492231,-62.23492766507769,,EDINET,,情報・通信業
3045.T,カワサキ,1457.0,31.0740224,8.895537,0.72506106,71.42100184548917,1002432000.0,2567509000.0,6531000.0,2132740.0,-1817256200.0,-852.0758273394788,-0.5848152555521474,-158.48152555521472,,EDINET,,卸売業
3046.T,ジンズホールディングス,5600.0,1307.34309376,16.319395,3.6628697,54.85543438812367,32254000000.0,28451000000.0,952000000.0,23345412.0,1624299999.9999962,69.57684019455284,0.012424435749027294,-98.75755642509728,,EDINET,,小売業
3050.T,ＤＣＭホールディングス,1517.0,2072.69462016,12.558987,0.7119178,44.44722696741765,292374000000.0,383637000000.0,35869000000.0,136631153.0,-104518400000.00006,-764.9675619732204,-0.5042633895670536,-150.4263389567054,,EDINET,,小売業
3053.T,ペッパーフードサービス,199.0,122.23332352,72.62774,3.5064228,57.16914840220847,3493000000.0,2489000000.0,20000000.0,61423780.0,769100000.0,12.521209212458107,0.0629206493088347,-93.70793506911653,,EDINET,,小売業
3054.T,ハイパー,385.0,37.22253824,17.644363,1.161027,44.709607484917456,6768434000.0,4542898000.0,44291000.0,9668192.0,1802249900.0,186.41023057878868,0.48418241708776283,-51.58175829122372,,EDINET,,卸売業
3058.T,三洋堂ホールディングス,715.0,52.07626752,15.235457,1.6314628,24.21124997067607,8474200000.0,9589151000.0,340043000.0,7283394.0,-1835836000.0,-252.0577631801877,-0.3525283401121506,-135.25283401121507,,EDINET,,小売業
3059.T,ヒラキ,708.0,34.46124032,,0.5731123,41.610626848343266,10317122000.0,8506159000.0,126497000.0,4867407.0,1048895000.0,215.49358826989402,0.3043694749574774,-69.56305250425225,,EDINET,,小売業
3063.T,ジェイグループホールディングス,1106.0,137.45420288,52.071564,8.04007,16.04028984498891,2379582000.0,7865198000.0,7330000.0,12428047.0,-6267004800.0,-504.26304309920937,-0.4559340353519072,-145.59340353519073,,EDINET,,小売業
3064.T,ＭｏｎｏｔａＲＯ,2107.0,10359.7211648,28.902605,8.578082,63.61575839745812,94116000000.0,40761000000.0,1500000000.0,491681130.0,50328900000.0,102.36085326276402,0.04858132570610538,-95.14186742938946,,EDINET,,小売業
3065.T,ライフフーズ,1589.0,49.1776768,137.10095,2.8286502,43.59105271368256,2632099000.0,2387893000.0,200000000.0,3094882.0,145416700.0,46.986185579934876,0.029569657381960275,-97.04303426180397,,EDINET,,小売業
3067.T,東京一番フーズ,456.0,40.7090944,52.293575,2.166528,29.805120169146438,1962792000.0,2688527000.0,0.0,8927433.0,-994587700.0000005,-111.40802736912173,-0.244315849493688,-124.43158494936881,投資有価証券,EDINET,,小売業
3068.T,ＷＤＩ,3070.0,192.35053568,81.497215,2.891619,33.08981346945431,8457062000.0,14439991000.0,318096000.0,6265490.0,-7204260900.000002,-1149.8320003702827,-0.37453811086979893,-137.4538110869799,,EDINET,,小売業
3069.T,ＪＦＬＡホールディングス,156.0,75.23116032,11.255411,0.90476215,25.05199087164926,20848396000.0,30383395000.0,1249611000.0,48225105.0,-11698610800.000004,-242.58341791065055,-1.5550219096836575,-255.50219096836574,,EDINET,,食料品
3070.T,ジェリービーンズグループ,45.0,37.38897408,,0.80805904,74.20085449636808,614664000.0,423202000.0,73000.0,83086611.0,149192899.99999994,1.7956310674411782,0.039902912609803956,-96.0097087390196,,EDINET,,卸売業
3071.T,ストリーム,102.0,28.18923008,10.967742,0.9462669,44.3279454943706,5351599000.0,3392061000.0,10318000.0,27636500.0,1627554499.9999995,58.89148408807192,0.5773674910595287,-42.26325089404714,,EDINET,,小売業
3075.T,銚子丸,1703.0,213.22899456,21.231768,2.3407326,72.1552042646331,5742755000.0,2928500000.0,20000000.0,12520787.0,2535404999.9999995,202.49565782087018,0.11890526002399893,-88.10947399760009,,EDINET,,小売業
3076.T,あい　ホールディングス,3010.0,1605.3919744,13.378967,1.3629426,79.5317445673002,83265000000.0,28840000000.0,5138000000.0,53335285.0,55137600000.0,1033.7921696677913,0.3434525480623891,-65.65474519376109,,EDINET,,卸売業
3077.T,ホリイフードサービス,1400.0,97.01385216,28.524857,7.218281,30.921978810477558,2163287000.0,2501306000.0,147923000.0,6929561.0,-484603500.0,-69.93278506387345,-0.04995198933133818,-104.99519893313382,,EDINET,,小売業
3080.T,ジェーソン,835.0,106.97786368,,1.8283697,54.54386875900976,7086489000.0,4559255000.0,0.0,12811720.0,2071308500.0,161.67294477244272,0.19362029314064996,-80.637970685935,投資有価証券,EDINET,,小売業
3082.T,きちりホールディングス,987.0,111.52781312,51.060528,5.228696,24.39592765161048,3369852000.0,4985246000.0,103579000.0,11299677.0,-2041413300.0,-180.6612082805553,-0.18304073787290304,-118.30407378729029,,EDINET,,小売業
3083.T,スターシーズ,1071.0,92.4373504,111.56249,3.4097097,43.85276435407383,1409022000.0,1415822000.0,2127000.0,8630938.0,-146893300.00000024,-17.019390012997455,-0.015891120460315083,-101.58911204603152,,EDINET,,小売業
3086.T,Ｊ．フロント　リテイリング,2639.5,6442.30086656,22.946188,1.5739707,37.49425132296221,166859000000.0,266095000000.0,2060000000.0,244072771.0,-124403500000.0,-509.698396467175,-0.19310414717453114,-119.31041471745311,,EDINET,,小売業
3088.T,マツキヨココカラ＆カンパニー,2432.0,9565.53101312,17.381361,1.781544,72.03316614428358,364316000000.0,191280000000.0,27786000000.0,393319508.0,173358199999.99997,440.75667866441034,0.18123218695082663,-81.87678130491733,,EDINET,,小売業
3087.T,ドトール・日レスホールディングス,3160.0,1327.90673408,184.79532,1.2442787,77.31744299328298,58792000000.0,29882000000.0,1087000000.0,42022363.0,26682699999.999996,634.9642927029115,0.20093806731104794,-79.9061932688952,,EDINET,,小売業
3089.T,テクノアルファ,1023.0,18.06259968,4.528753,0.7689486,69.48028112915445,2549700000.0,1058776000.0,100000000.0,1765650.0,1455046400.0,824.0854076402458,0.8055575832260466,-19.444241677395333,,EDINET,,卸売業
3091.T,ブロンコビリー,2829.0,843.04871424,35.468906,3.6878772,81.2914093206064,9893000000.0,4446000000.0,168000000.0,29800236.0,5120000000.0,171.8107198882586,0.06073196178446751,-93.92680382155325,,EDINET,,小売業
3092.T,ＺＯＺＯ,1097.0,9550.16216576,20.266026,9.809971,53.86260466054675,147394000000.0,89090000000.0,931000000.0,870570826.0,50046699999.999985,57.487223905663,0.052404032730777574,-94.75959672692224,,EDINET,,小売業
3093.T,トレジャー・ファクトリー,1981.0,464.37031936,14.375907,3.4494886,50.62208092939283,13274000000.0,10327000000.0,0.0,23441209.0,1914300000.0,81.6638766370796,0.04122356215905078,-95.87764378409493,,EDINET,,小売業
3048.T,ビックカメラ,1664.0,2849.64552704,14.611873,1.5634719,42.99506020940814,263467000000.0,285068000000.0,25468000000.0,171252728.0,-32280200000.0,-188.4945155443013,-0.11327795405306568,-111.32779540530657,,EDINET,,小売業
3096.T,オーシャンシステム,1522.0,141.91051776,12.562939,1.153275,48.29866208485121,11172079000.0,12877617000.0,579274000.0,9323950.0,-2587807900.000002,-277.54416314973827,-0.18235490351493974,-118.23549035149397,,EDINET,,小売業
3097.T,物語コーポレーション,5270.0,2023.70121728,23.039257,4.2918663,54.522735255180606,21139000000.0,33662000000.0,57000000.0,38400403.0,-15849300000.0,-412.7378559021894,-0.07831837872906819,-107.83183787290682,,EDINET,,小売業
3099.T,三越伊勢丹ホールディングス,1711.0,11873.75874048,15.505211,1.9961896,50.9168086372873,254916000000.0,602847000000.0,148975000000.0,693966036.0,-303933200000.0,-437.9655260246771,-0.25597050030664936,-125.59705003066495,,EDINET,,小売業
3101.T,東洋紡,1675.0,1478.09992704,13.004658,0.69368577,40.147880962357426,267495000000.0,385755000000.0,12274000000.0,88244768.0,-148243700000.00006,-1679.9148930846536,-1.0029342645281514,-200.29342645281517,,EDINET,,化学
3103.T,ユニチカ,1534.0,,4.949664,1.5412655,35.860362034186224,75277000000.0,133197000000.0,2974000000.0,,,,,,,EDINET,株価または発行済株式数を取得できませんでした,繊維製品
3104.T,富士紡ホールディングス,3635.0,1225.63796992,21.508875,2.3346224,71.97560432215663,25052000000.0,19148000000.0,2923000000.0,33717687.0,6035300000.0,178.9950775686363,0.049242112123421264,-95.07578878765787,,EDINET,,繊維製品
3105.T,日清紡ホールディングス,2761.0,4313.49956608,17.373522,1.3559859,47.406699739599325,371117000000.0,382327000000.0,69917000000.0,156229610.0,-500800000.00006104,-3.205538309927683,-0.0011610062694413917,-100.11610062694413,,EDINET,,電気機器
3107.T,ダイワボウホールディングス,3633.0,3108.16407552,10.089145,1.8474438,36.75357952873145,407778000000.0,287811000000.0,10409000000.0,85553646.0,98472200000.0,1150.9994559437012,0.31681790694844514,-68.31820930515549,,EDINET,,卸売業
3109.T,シキボウ,1017.0,129.10804992,13.691438,0.35660285,38.54774168830616,25794000000.0,50372000000.0,1112000000.0,12694990.0,-28836800000.000008,-2271.5102571959496,-2.2335400759055553,-323.3540075905555,,EDINET,,繊維製品
3110.T,日東紡績,3530.0,6425.50398976,15.428996,3.6252906,63.73031183092023,115256000000.0,87276000000.0,21020000000.0,182025600.0,33966399999.999985,186.60232406870233,0.05286184817810264,-94.71381518218975,,EDINET,,ガラス・土石製品
3111.T,オーミケンシ,172.0,11.34684288,,0.79073185,12.13730324293571,1971000000.0,13900000000.0,73000000.0,6597002.0,-13267900000.000002,-2011.2014518109895,-11.69303169657552,-1269.303169657552,,EDINET,,繊維製品
3113.T,ＵＮＩＶＡ・Ｏａｋホールディングス,80.0,74.58762752,,3.3918426,23.75378913120188,3127878000.0,3222923000.0,181092000.0,93234535.0,-290572900.0000005,-3.116580138464792,-0.0389572517308099,-103.89572517308099,,EDINET,,証券、商品先物取引業
3121.T,マーチャント・バンカーズ,254.0,78.09957376,,1.6956282,30.13413302007002,2379133000.0,12198155000.0,69161000.0,30747865.0,-10990424800.000002,-357.4370057888573,-1.4072323062553436,-240.72323062553437,,EDINET,,サービス業
3116.T,トヨタ紡織,2162.5,3863.5159552,16.39624,0.78521496,44.7457469436774,345546000000.0,428012000000.0,8471000000.0,178659697.0,-119337500000.00006,-667.9598253208728,-0.30888315621774465,-130.88831562177447,,EDINET,,輸送用機器
3106.T,倉敷紡績,2481.0,1948.95675392,15.192896,1.4481537,66.2265534427919,84835000000.0,69346000000.0,55994000000.0,78555290.0,47750200000.0,607.8546715313507,0.24500389823915789,-75.4996101760842,,EDINET,,繊維製品
3131.T,シンデン・ハイテックス,8200.0,154.57975296,42.788563,1.9667051,33.73484711788598,16329813000.0,9231310000.0,25000000.0,1885119.0,6192872000.0,3285.1358455354807,0.4006263226262781,-59.93736773737219,,EDINET,,卸売業
3123.T,サイボー,633.0,80.35731968,7.7336593,0.4014854,51.106575323866835,6557981000.0,21816194000.0,6601304000.0,12694679.0,-12818919600.000004,-1009.7868248578798,-1.5952398496964926,-259.52398496964923,,EDINET,,繊維製品
3132.T,マクニカホールディングス,4319.0,7712.13819904,26.981945,2.6894693,41.24973069838647,524936000000.0,294961000000.0,7958000000.0,178563057.0,206049500000.0,1153.9312972223588,0.2671755724061956,-73.28244275938044,,EDINET,,卸売業
3135.T,マーケットエンタープライズ,1133.0,60.69599744,,4.666565,24.43544420503259,5031858000.0,4324774000.0,1147000.0,5357105.0,275409500.0,51.4101366316322,0.045375230919357634,-95.46247690806423,,EDINET,,小売業
3134.T,Ｈａｍｅｅ,299.0,47.8429952,8.867141,0.68552667,53.92335867918025,13421855000.0,6402467000.0,10934000.0,16001001.0,6386795099.999999,399.1497219455207,1.3349489028278285,33.49489028278284,,EDINET,,小売業
3133.T,海帆,41.0,28.53837056,,2.6941779,9.843894574820217,770847000.0,3093917000.0,0.0,69605783.0,-2632461700.0000005,-37.81958318032282,-0.9224288580566542,-192.24288580566542,投資有価証券,EDINET,,小売業
3137.T,ファンデリー,215.0,27.2512512,37.7193,3.0088866,7.408009385272207,1155551000.0,3957992000.0,0.0,12675000.0,-3198240200.0,-252.3266429980276,-1.173612293014082,-217.36122930140823,投資有価証券,EDINET,,小売業
3138.T,富士山マガジンサービス,1208.0,39.8930048,86.90648,1.7344784,44.67061766008028,5112032000.0,3368798000.0,38294000.0,3302401.0,1433159999.9999995,433.9751592856226,0.35925095967352866,-64.07490403264714,,EDINET,,小売業
3139.T,ラクト・ジャパン,3415.0,341.86225664,10.466792,1.0239997,35.96980345641788,75826000000.0,53853000000.0,1327000000.0,10010608.0,17516599999.999992,1749.8038081203451,0.5123876451304086,-48.76123548695915,,EDINET,,卸売業
3140.T,ＢＲＵＮＯ,1023.0,146.72480256,17.919075,2.4417548,49.20665634674923,8625000000.0,5299000000.0,0.0,14342600.0,2796100000.0,194.95070628756292,0.19056765032997353,-80.94323496700264,投資有価証券,EDINET,,卸売業
3143.T,オーウイル,1093.0,98.58874368,12.528657,1.590142,29.919177139548665,14905249000.0,10965386000.0,429126000.0,9020013.0,3143712599.999998,348.52639347637285,0.3188713572519422,-68.11286427480577,,EDINET,,卸売業
3148.T,クリエイトＳＤホールディングス,3170.0,2047.89170176,12.034928,1.3270422,60.43469747405522,112041000000.0,93840000000.0,175000000.0,64602264.0,8939499999.999985,138.37750330236082,0.04365220924364695,-95.63477907563531,,EDINET,,小売業
3150.T,グリムス,2382.0,550.82323968,11.163707,2.8416376,68.2271194534856,21518496000.0,9725640000.0,2082529000.0,23124402.0,12278062300.0,530.9569648547019,0.22290384754605455,-77.70961524539455,,EDINET,,電気・ガス業
3151.T,バイタルケーエスケー・ホールディングス,1531.0,729.33138432,10.06707,0.6428303,37.0295849866487,187896000000.0,192120000000.0,45131000000.0,47637583.0,8155699999.999966,171.2030604071572,0.1118243373005599,-88.81756626994401,,EDINET,,卸売業
3153.T,八洲電機,3155.0,665.96548608,12.912335,1.8893708,49.87169107052188,51370000000.0,33311000000.0,3353000000.0,21108257.0,17075000000.0,808.9251518967199,0.25639465987217747,-74.36053401278225,,EDINET,,卸売業
3156.T,レスター,6260.0,1760.16982016,22.363531,1.7973388,31.32647310406779,240568000000.0,209961000000.0,3477000000.0,28117729.0,12044799999.99997,428.3702997493137,0.06842976034334085,-93.15702396566591,,EDINET,,卸売業
3154.T,メディアスホールディングス,792.0,176.118784,18.49603,0.8493398,18.118231916519694,89052879000.0,92546850000.0,4289108000.0,22237219.0,-9746280400.000015,-438.2868379359854,-0.5533924721413956,-155.33924721413956,,EDINET,,卸売業
3157.T,ジオリーブグループ,1420.0,188.45810688,8.979385,0.7480574,26.049439326357916,64580000000.0,66170000000.0,1833000000.0,13271698.0,-6923900000.0,-521.7041557154179,-0.3673972927573365,-136.73972927573365,,EDINET,,卸売業
3160.T,大光,577.0,82.3759104,148.32904,1.3449131,21.594856536757863,15178585000.0,21082830000.0,1338458000.0,14276588.0,-7075607400.0,-495.6091329384864,-0.8589413049193872,-185.8941304919387,,EDINET,,卸売業
3159.T,丸善ＣＨＩホールディングス,372.0,344.26560512,10.347705,0.6060379,39.90576719383469,98060000000.0,80991000000.0,4476000000.0,92544521.0,12103100000.0,130.78137818661355,0.35156284458767084,-64.84371554123291,,EDINET,,小売業
3161.T,アゼアス,682.0,38.94120448,27.488916,0.57682127,80.69834030243169,6325829000.0,1683893000.0,173880000.0,5709854.0,4595262700.0,804.7951313641295,1.1800515122641195,18.005151226411947,,EDINET,,卸売業
3167.T,ＴＯＫＡＩホールディングス,1339.0,1600.89358336,16.297468,1.6709574,47.5717941945297,54955000000.0,115259000000.0,16274000000.0,119558887.0,-60438100000.000015,-505.50905513197034,-0.3775273003226067,-137.75273003226067,,EDINET,,卸売業
3166.T,ＯＣＨＩホールディングス,1425.0,185.84684544,14.215882,0.7457176,35.59792428556974,46142000000.0,46511000000.0,1954000000.0,13041884.0,-3652300000.0000076,-280.04389549853437,-0.19652203192879605,-119.6522031928796,,EDINET,,卸売業
3168.T,ＭＥＲＦ,1234.0,174.65892864,10.5308075,1.454861,35.86069211311112,23421328000.0,17129059000.0,481238000.0,14153884.0,4916229700.0,347.34138700020435,0.2814760024312839,-71.8523997568716,,EDINET,,卸売業
3169.T,ミサワ,697.0,49.51323648,28.44898,2.1856108,58.74030507905016,3625761000.0,1910394000.0,0.0,7103764.0,1524327599.9999998,214.5802704031271,0.3078626548107993,-69.21373451892008,投資有価証券,EDINET,,小売業
3172.T,ティーライフ,1131.0,48.33188352,21.588089,0.74254256,69.93878686700056,5147000000.0,2699000000.0,172000000.0,4273376.0,2298499999.9999995,537.865144560179,0.47556599872694877,-52.443400127305125,,EDINET,,小売業
3173.T,Ｃｏｍｉｎｉｘ,1497.0,102.80621056,14.722659,1.1090204,33.84621407877222,19261000000.0,17982000000.0,1270000000.0,6867482.0,369800000.0,53.847975138485985,0.03597059127487374,-96.40294087251263,,EDINET,,卸売業
3174.T,ハピネス・アンド・ディ,336.0,10.56527808,,2.9757159,3.5203988181984696,5718808000.0,6036436000.0,29013000.0,3144428.0,-900962500.000001,-286.52667512183484,-0.8527579616721275,-185.27579616721275,,EDINET,,小売業
3175.T,エー・ピーホールディングス,935.0,121.0544128,11.910828,12.059692,14.037898076692201,2872565000.0,7739449000.0,176324000.0,12946996.0,-5517402100.000001,-426.15307056555827,-0.45577868509685376,-145.57786850968537,,EDINET,,小売業
3176.T,三洋貿易,1204.0,687.13414656,15.513465,1.2439122,62.973709042535965,63107232000.0,27581188000.0,4877344000.0,57070946.0,36182066000.0,633.9839889810132,0.5265647749011738,-47.343522509882625,,EDINET,,卸売業
3177.T,ありがとうサービス,4695.0,43.34104576,9.066682,1.2225964,57.51634949067047,3244011000.0,2952093000.0,175574000.0,923132.0,119610499.99999951,129.5703106381314,0.027597510253063128,-97.24024897469369,,EDINET,,小売業
3178.T,チムニー,1122.0,216.46639104,43.52211,3.388643,40.34144969123017,8228063000.0,10656119000.0,541849000.0,19292905.0,-3114373600.0,-161.42585059118883,-0.1438733071222717,-114.38733071222717,,EDINET,,小売業
3179.T,シュッピン,1299.0,275.63491328,16.947163,2.9769406,56.66795734345451,15733356000.0,7920785000.0,0.0,21219008.0,7020492500.0,330.8586574829511,0.25470258466739887,-74.52974153326012,投資有価証券,EDINET,,小売業
3180.T,ビューティガレージ,1660.0,208.2504704,22.5268,2.4353924,46.94254179533826,13093186000.0,8392107000.0,337172000.0,12545209.0,4097888700.0,326.64969551324333,0.19677692500797792,-80.32230749920221,,EDINET,,卸売業
3182.T,オイシックス,1609.0,558.85074432,12.344638,1.9777421,26.87979137575483,53246000000.0,95076000000.0,3841000000.0,34732800.0,-48648900000.000015,-1400.6616224433394,-0.8705168567081041,-187.0516856708104,,EDINET,,小売業
3181.T,買取王国,1071.0,39.20884992,10.943088,1.1163111,57.084852172818266,3517576000.0,2164679000.0,150000000.0,3660957.0,1241429100.0,339.09961247837657,0.3166196194942825,-68.33803805057175,,EDINET,,小売業
3183.T,ウイン・パートナーズ,1245.0,342.36051456,16.538258,1.5420191,45.99901339267013,39725454000.0,22551110000.0,1078023000.0,27498836.0,15673849099.999996,569.9822748861078,0.45781708826193396,-54.2182911738066,,EDINET,,卸売業
3184.T,ＩＣＤＡホールディングス,4095.0,85.98356992,6.8569994,0.71670896,54.33799091351747,7474645000.0,8577295000.0,460831000.0,2099721.0,-1637797800.0,-780.0073438328235,-0.19047798384195935,-119.04779838419594,,EDINET,,小売業
3185.T,夢展望,106.0,19.46798592,,-41.422432,1.0380486264603725,1826326000.0,2746215000.0,0.0,18366024.0,-1194510500.0000005,-65.0391451083806,-0.6135768406451,-161.35768406450998,投資有価証券,EDINET,,小売業
3186.T,ネクステージ,2668.0,2091.49968384,12.052765,2.4665952,34.92153084307492,132457000000.0,149538000000.0,67000000.0,78392038.0,-31987900000.0,-408.0503685846259,-0.15294241701072936,-115.29424170107293,,EDINET,,小売業
3187.T,ミラタップ,404.0,70.20379136,,2.519583,33.03248060506663,6211420000.0,5782679000.0,328347000.0,17377175.0,80315999.99999905,4.621925025212616,0.011440408478249049,-98.8559591521751,,EDINET,,小売業
3189.T,ＡＮＡＰホールディングス,93.0,42.95812608,,0.54725194,69.02241818004565,17952466000.0,5675106000.0,21024000.0,46191536.0,11724566200.0,253.82499079485038,2.7293009762887137,172.93009762887138,,EDINET,,小売業
3190.T,ホットマン,572.0,40.35746048,11.326733,0.7511155,46.56851159162812,7782414000.0,8981511000.0,345563000.0,7055500.0,-1855354000.0,-262.9656296506272,-0.45973012176683076,-145.97301217668308,,EDINET,,小売業
3191.T,ジョイフル本田,2242.0,1351.30882048,15.11189,1.0687678,75.40793931008159,57948000000.0,41234000000.0,3092000000.0,60272473.0,14755000000.0,244.80495432798983,0.10919043457983489,-89.08095654201651,,EDINET,,小売業
3192.T,白鳩,235.0,15.6415104,3.147181,0.6384291,37.0070913107993,1996793000.0,3754093000.0,0.0,6655962.0,-2132709300.0000005,-320.4208948308299,-1.3634931694928933,-236.34931694928932,,EDINET,,小売業
3193.T,エターナルホスピタリティグループ,1289.0,297.40539904,22.456446,2.7985845,42.085905384287756,10747268000.0,11961902000.0,161375000.0,23072568.0,-2297861700.000002,-99.59280215362251,-0.07726361687635572,-107.72636168763556,,EDINET,,小売業
3195.T,ジェネレーションパス,440.0,35.9279744,22.43753,1.7348105,40.7677423522044,4299610000.0,2753436000.0,0.0,8165449.0,1270830399.9999995,155.63509122400978,0.35371611641820405,-64.62838835817959,投資有価証券,EDINET,,小売業
3196.T,ホットランドホールディングス,1626.0,421.63683328,55.28732,2.2708926,36.427214887018586,11926138000.0,15975974000.0,376061000.0,25930924.0,-5384190700.0,-207.63589835826906,-0.12769735446388011,-112.76973544638803,,EDINET,,小売業
3197.T,すかいらーくホールディングス,3211.0,7302.51526144,37.955082,3.7491097,36.171509346272,33797000000.0,151208000000.0,162000000.0,227421838.0,-132418400000.0,-582.2589473575532,-0.18133259027018164,-118.13325902701817,,EDINET,,小売業
3199.T,綿半ホールディングス,1264.0,236.2165248,11.583577,0.969889,29.62985276044051,43312000000.0,56193000000.0,2057000000.0,18688015.0,-17060400000.000008,-912.9059453344835,-0.7222357162456357,-172.22357162456356,,EDINET,,小売業
3201.T,日本毛織,1929.0,1256.41654272,12.842021,0.92794997,69.64153966145999,97295000000.0,56205000000.0,26701000000.0,65133052.0,54160199999.99999,831.5317390623733,0.43106881237033345,-56.89311876296665,,EDINET,,繊維製品
3202.T,ダイトウボウ,129.0,38.518464,42.574257,0.7790796,24.923180624745616,2403413000.0,15112730000.0,443136000.0,29859274.0,-13910394800.000002,-465.86513791326615,-3.6113576582423734,-461.13576582423735,,EDINET,,繊維製品
3204.T,トーア紡コーポレーション,502.0,43.80489728,5.244463,0.30139595,40.729837651928065,11200000000.0,21415000000.0,2367000000.0,8726075.0,-10699600000.0,-1226.1641115851055,-2.4425579912053896,-344.25579912053894,,EDINET,,繊維製品
3205.T,ダイドーリミテッド,736.0,201.81317632,10.849057,2.2599425,31.95181375203032,19736000000.0,25200000000.0,4282000000.0,27420267.0,-4986600000.000004,-181.8581854071663,-0.2470899258249542,-124.70899258249541,,EDINET,,繊維製品
3221.T,ヨシックスホールディングス,2863.0,293.25594624,14.724337,2.15956,77.14389474325408,10720550000.0,3466630000.0,100454000.0,10242960.0,6977574800.0,681.206877699415,0.2379346411803755,-76.20653588196245,,EDINET,,小売業
3222.T,ユナイテッド・スーパーマーケット・ホールディングス,804.0,1665.09346816,,0.80927485,52.91750503018109,119635000000.0,179276000000.0,6034000000.0,207101189.0,-73344800000.00003,-354.14958433676605,-0.4404845576327936,-144.04845576327935,,EDINET,,小売業
3223.T,エスエルディー,1000.0,15.60734976,28.248587,2.874282,54.814981752332095,670587000.0,576764000.0,1500000.0,1560735.0,37196600.0,23.832745469282102,0.0238327454692821,-97.61672545307178,,EDINET,,小売業
3224.T,ゼネラル・オイスター,664.0,35.45325824,,2.4150724,51.437863068851456,2173050000.0,1929048000.0,0.0,5339346.0,51097199.99999976,9.569936093296775,0.01441255435737466,-98.55874456426254,投資有価証券,EDINET,,小売業
3231.T,野村不動産ホールディングス,847.2,7236.86129664,8.86749,0.905046,28.546626604869363,1484563000000.0,1935129000000.0,189916000000.0,854209307.0,-511137700000.00024,-598.3752410695757,-0.7062974989017655,-170.62974989017656,,EDINET,,不動産業
3232.T,三重交通グループホールディングス,557.0,561.25964288,8.868014,0.7652876,36.831106607359295,45398280000.0,118429191000.0,14114242000.0,100764744.0,-74993860700.00002,-744.2470225498714,-1.336170597037471,-233.61705970374712,,EDINET,,不動産業
3236.T,プロパスト,275.0,91.0117888,4.931851,0.661231,36.56348138178556,44996000000.0,29692000000.0,271000000.0,33095195.0,12524499999.999996,378.4386222833857,1.376140444666857,37.61404446668571,,EDINET,,不動産業
3237.T,イントランス,91.0,42.3080704,,26.592636,11.114666279168874,714628000.0,323616000.0,131957000.0,46492384.0,451020300.0,9.700950159922968,0.1066038479112414,-89.33961520887586,,EDINET,,不動産業
3238.T,セントラル総合開発,382.0,36.72402176,24.805195,0.3500191,22.34830709370403,32624609000.0,35159397000.0,232198000.0,9613618.0,-5888189100.0,-612.4841968965274,-1.603361771980438,-260.33617719804386,,EDINET,,不動産業
3241.T,ウィル,592.0,68.36343808,7.2825685,1.1831671,32.787680368618894,9662000000.0,10371000000.0,0.0,11547878.0,-1746100000.0,-151.2052690546263,-0.25541430583551744,-125.54143058355174,投資有価証券,EDINET,,不動産業
3242.T,アーバネットコーポレーション,537.0,198.23382528,9.313215,1.0167933,27.835556733084978,53747530000.0,44974739000.0,109856000.0,36915051.0,4352216299.999992,117.89815216563001,0.21954963159335197,-78.0450368406648,,EDINET,,不動産業
3245.T,ディア・ライフ,943.0,474.60790272,9.926316,1.3924656,60.13593380614657,44914000000.0,21987000000.0,1062000000.0,50329574.0,21471699999.999996,426.62193008031414,0.4524092577733978,-54.75907422266022,,EDINET,,不動産業
3246.T,コーセーアールイー,695.0,70.58915328,10.623663,0.6792641,53.91039417007079,15514722000.0,6755927000.0,66000.0,10156713.0,8083248499.999999,795.8528019842639,1.1451119453010992,14.511194530109917,,EDINET,,不動産業
3252.T,地主,2691.0,556.95929344,8.3037615,1.094115,35.464695191111964,95431000000.0,70617000000.0,3199000000.0,20697112.0,19991600000.0,965.9125389088101,0.35894185763984027,-64.10581423601597,,EDINET,,不動産業
3248.T,アールエイジ,882.0,28.05450496,10.10425,0.5842255,31.131418357831226,3370700000.0,9836929000.0,8497000.0,3180783.0,-7443974000.0,-2340.2960843289216,-2.6533969210078476,-365.33969210078476,,EDINET,,不動産業
3261.T,グランディーズ,451.0,18.49116672,19.540728,0.69909906,48.41553011358772,4404549000.0,1754306000.0,65000.0,4100037.0,2474857900.0,603.6184307605029,1.338400068205106,33.84000682051061,,EDINET,,不動産業
3266.T,ファンドクリエーショングループ,79.0,29.72949504,9.89975,0.92557883,45.235816814764185,4909000000.0,2752000000.0,222000000.0,37632270.0,2037199999.9999995,54.13439051112249,0.6852454495078796,-31.475455049212037,,EDINET,,不動産業
3267.T,フィル・カンパニー,627.0,33.68354304,13.50711,1.0093807,33.646538366585396,6616406000.0,4515296000.0,15560000.0,5372176.0,1660472400.0,309.08749080447103,0.49296250527028873,-50.703749472971126,,EDINET,,建設業
3276.T,ＪＰＭＣ,2245.0,375.78502144,20.239813,3.829849,53.08515599642117,11833025000.0,9400285000.0,1099000.0,16738754.0,1493480800.0,89.22293738231652,0.03974295651773564,-96.02570434822644,,EDINET,,不動産業
3277.T,サンセイランディック,812.0,132.0705536,9.032258,0.88388836,33.31336949686068,30633436000.0,20348707000.0,100030000.0,16264846.0,8319879300.0,511.52524284582836,0.6299571956229413,-37.004280437705866,,EDINET,,不動産業
3280.T,エストラスト,931.0,56.41862656,3.988006,0.52995133,28.728460292594853,36400000000.0,34381000000.0,62000000.0,6060003.0,-1375700000.0,-227.01308893741472,-0.2438379043366431,-124.38379043366432,,EDINET,,不動産業
3284.T,フージャースホールディングス,1206.0,493.27407104,6.584048,0.9651034,29.239608440103176,153907000000.0,131964000000.0,2175000000.0,40901663.0,10269100000.0,251.06803114582408,0.20818244705292213,-79.18175529470778,,EDINET,,不動産業
3288.T,オープンハウスグループ,7406.0,8133.86366976,7.5353823,1.3900825,38.16073784650294,1198602000000.0,746171000000.0,33371000000.0,109828023.0,401173599999.9999,3652.743526121743,0.49321408670290884,-50.67859132970911,,EDINET,,不動産業
3286.T,トラストホールディングス,870.0,31.22408192,,7.432912,6.60037447068378,5671507000.0,7513098000.0,54472000.0,3588975.0,-2554770400.000001,-711.8384496966406,-0.8182051145938398,-181.82051145938397,,EDINET,,不動産業
3289.T,東急不動産ホールディングス,1188.0,8473.18810624,8.873618,0.9303841,26.808542250892938,1374745000000.0,2412667000000.0,354713000000.0,713231306.0,-1030889600000.0,-1445.3790675307234,-1.216649046743033,-221.66490467430333,,EDINET,,不動産業
3291.T,飯田グループホールディングス,2121.0,5860.96181248,9.2875595,0.5728596,50.85573586215033,230507000000.0,364328000000.0,40909000000.0,276330100.0,-141617500000.00006,-512.4939338855958,-0.24162844596209135,-124.16284459620913,,EDINET,,不動産業
3293.T,アズマハウス,747.0,60.13473792,11.998073,0.34772018,53.94568191772241,8557315000.0,14669259000.0,13846000.0,8050166.0,-7569177700.000002,-940.2511327095617,-1.258702988901689,-225.8702988901689,,EDINET,,不動産業
3297.T,東武住販,1176.0,31.86825984,8.138409,0.6752904,75.6274420371386,5228045000.0,1712453000.0,33435000.0,2709886.0,3367751200.0,1242.7648985972103,1.0567728729568115,5.677287295681146,,EDINET,,不動産業
3299.T,ムゲンエステート,1621.0,382.20566528,8.357393,1.070934,33.553581135541435,83725000000.0,55426000000.0,0.0,23578389.0,22756399999.999992,965.1380338156264,0.5953966895839768,-40.46033104160232,,EDINET,,不動産業
3300.T,アンビション　ＤＸ　ホールディングス,1827.0,135.57266432,6.740951,1.3541608,21.275189456994802,30255460000.0,30945352000.0,18040000.0,7420507.0,-3771799200.000004,-508.29400201360954,-0.2782123711076133,-127.82123711076132,,EDINET,,不動産業
3306.T,日本製麻,677.0,29.82765824,5.6862087,1.2234483,59.71893789823207,1451644000.0,1448007000.0,151205000.0,4405858.0,-35320200.00000024,-8.016645112030446,-0.011841425571684558,-101.18414255716846,,EDINET,,卸売業
3302.T,帝国繊維,3000.0,768.7671808,16.219723,1.0368707,79.24843094044782,40257532000.0,16313913000.0,29767694000.0,25625573.0,43149613500.0,1683.8497035754087,0.5612832345251363,-43.87167654748637,,EDINET,,繊維製品
3315.T,日本コークス工業,94.0,273.5613952,,0.8038585,27.497945378682516,45955000000.0,89030000000.0,1292000000.0,291022762.0,-51073600000.000015,-175.49692556350632,-1.8669885698245354,-286.69885698245355,,EDINET,,石油・石炭製品
3317.T,フライングガーデン,1485.0,42.92033024,9.389226,1.159695,67.89655602983818,1927091000.0,1554050000.0,315745000.0,2890258.0,438657499.99999976,151.77105296482173,0.10220272926924022,-89.77972707307597,,EDINET,,小売業
3320.T,クロスプラス,1306.0,97.07496448,10.074828,0.5039469,65.61089022171306,18012000000.0,10715000000.0,5095000000.0,7432999.0,9792000000.0,1317.3686690930538,1.008704953363747,0.8704953363747143,,EDINET,,卸売業
3321.T,ミタチ産業,1780.0,141.88618752,6.954211,0.7935468,43.795277929499186,37918528000.0,24321519000.0,69644000.0,7971134.0,11213607899.999996,1406.7769905762464,0.7903241520091272,-20.967584799087284,,EDINET,,卸売業
3326.T,ランシステム,652.0,27.71267328,27.348993,8.500874,7.699913004800775,1434413000.0,3578530000.0,0.0,4250410.0,-2501970000.0000005,-588.6420368858535,-0.902825209947628,-190.2825209947628,投資有価証券,EDINET,,サービス業
3323.T,レカム,93.0,75.88460544,,1.2851872,42.57897763299119,1457103000.0,3959961000.0,26199000.0,81596355.0,-2880514800.0,-35.30200337993039,-0.3795914341927999,-137.95914341928,,EDINET,,卸売業
3329.T,東和フードサービス,2136.0,172.40936448,22.977625,2.197418,79.16324576469499,5271607000.0,1997619000.0,62272000.0,8071599.0,3117816500.0,386.26999433445593,0.18083801232886512,-81.91619876711349,,EDINET,,小売業
3349.T,コスモス薬品,6295.0,4989.24224512,15.249146,1.7586339,47.561967191128026,165622000000.0,267292000000.0,4000000.0,79257222.0,-128396400000.0,-1619.9962193981514,-0.25734650030153317,-125.73465003015332,,EDINET,,小売業
3333.T,あさひ,1249.0,325.28146432,17.98675,0.7810912,71.6129938026179,30561340000.0,15336021000.0,10000.0,26043351.0,13691723899.999998,525.7281945015446,0.42091929103406295,-57.9080708965937,,EDINET,,小売業
3350.T,メタプラネット,295.0,4024.47466496,,1.1087976,90.7588969415341,2685000000.0,13359000000.0,73000000.0,1364228768.0,-11958800000.000002,-8.765978463811432,-0.029715181233259093,-102.97151812332592,,EDINET,,卸売業
3353.T,メディカル一光グループ,2827.0,106.46139904,8.33702,0.67210484,43.48112126646828,17965034000.0,19519641000.0,2405444000.0,3765879.0,-1822760300.0,-484.0198795553442,-0.1712132577132452,-117.12132577132452,,EDINET,,小売業
3352.T,バッファロー,1780.0,41.71269888,9.433963,0.63849217,66.10300621957867,5671121000.0,2911165000.0,0.0,2343410.0,2468839499.9999995,1053.5243512658901,0.5918676130707248,-40.81323869292752,投資有価証券,EDINET,,小売業
3355.T,クリヤマホールディングス,1787.0,352.37793792,8.679813,0.67050636,54.85452169005567,43760628000.0,25658345000.0,7893602000.0,19718967.0,21061969899.999996,1068.1071630172105,0.5977096603341973,-40.229033966580275,,EDINET,,卸売業
3359.T,ｃｏｔｔａ,493.0,52.31148544,11.499884,1.0832784,43.595620717235576,4662256000.0,2234515000.0,0.0,10610849.0,2204289500.0,207.73922049027368,0.4213777291891961,-57.862227081080384,投資有価証券,EDINET,,卸売業
3358.T,Ｔｒａｉｌｈｅａｄ　Ｇｌｏｂａｌ　Ｈｏｌｄｉｎｇｓ,93.0,34.68025344,53.142857,1.5935845,67.51347505659712,848899000.0,1038358000.0,47660000.0,37290595.0,-259932800.0,-6.970465341193939,-0.07495124022789182,-107.49512402278918,,EDINET,,小売業
3360.T,シップヘルスケアホールディングス,2463.0,2223.09728256,17.113674,1.5374253,39.58022274213275,259457000000.0,231421000000.0,29381000000.0,90259734.0,25460599999.99997,282.08148718896035,0.11452760340599283,-88.54723965940072,,EDINET,,卸売業
3361.T,トーエル,910.0,166.83872256,10.576476,0.77570057,76.7921208867723,11417447000.0,6396752000.0,1462857000.0,18333926.0,5405019699.999999,294.80972596922226,0.3239667318343102,-67.60332681656898,,EDINET,,小売業
3370.T,フジタコーポレーション,462.0,15.85686144,13.745909,4.107981,12.286136541666933,705329000.0,2560362000.0,61897000.0,3432221.0,-2067741300.0,-602.4499296519659,-1.304004176735857,-230.4004176735857,,EDINET,,小売業
3371.T,ソフトクリエイトホールディングス,2183.0,552.17000448,13.482799,2.120993,69.42688561271261,23831184000.0,10994532000.0,7349334000.0,25294090.0,16881732599.999998,667.4180648523034,0.3057343402896488,-69.42656597103512,,EDINET,,情報・通信業
3372.T,関門海,215.0,29.45231872,23.915462,2.2278638,51.92851564992764,2310021000.0,2027160000.0,18552000.0,13698753.0,93131400.0,6.798531223973452,0.03162107546034164,-96.83789245396585,,EDINET,,小売業
3374.T,内外テック,5340.0,186.82370048,18.422052,1.4190937,50.879796304157395,16721165000.0,12683072000.0,649945000.0,3498571.0,3224747299.999998,921.7327017230743,0.17260912017286037,-82.73908798271395,,EDINET,,卸売業
3375.T,ＺＯＡ,1751.0,22.0351616,6.725045,0.6988633,60.35513022811726,3887839000.0,2489814000.0,144519000.0,1258433.0,1250206900.0,993.463219734384,0.5673690575296311,-43.26309424703689,,EDINET,,小売業
3377.T,バイク王＆カンパニー,418.0,59.85425408,12.297734,0.8172347,53.798499140677315,8742772000.0,5966629000.0,580481000.0,14319199.0,2585816799.999999,180.58389997932142,0.4320188994720608,-56.798110052793916,,EDINET,,卸売業
3382.T,セブン＆アイ・ホールディングス,1976.0,44797.0803712,16.616213,1.2382628,39.901653261630784,2823782000000.0,7162898000000.0,321086000000.0,2267058783.0,-4830645600000.001,-2130.798564299954,-1.0783393544028106,-207.8339354402811,,EDINET,,小売業
3386.T,コスモ・バイオ,1256.0,71.56588544,19.099756,0.7334825,78.62107092086558,7229000000.0,2167000000.0,3288000000.0,5697921.0,7146900000.0,1254.299594536323,0.9986461739938877,-0.13538260061122956,,EDINET,,卸売業
3387.T,クリエイト・レストランツ・ホールディングス,779.0,3513.29779712,69.55357,7.216705,34.28606204669612,13443000000.0,33824000000.0,9900000000.0,451001006.0,-16833400000.0,-37.32452871734836,-0.047913387313669266,-104.79133873136692,,EDINET,,小売業
3388.T,明治電機工業,2119.0,267.01981696,9.437912,0.6979942,67.1224250814491,43673424000.0,19438161000.0,3980360000.0,12601218.0,25077698900.0,1990.1011870439825,0.9391699797281654,-6.083002027183461,,EDINET,,卸売業
3391.T,ツルハホールディングス,2121.5,9612.34599936,14.257392,1.09704,54.35165818052514,302811000000.0,276984000000.0,31942000000.0,453091961.0,20488000000.0,45.21819357549802,0.021314255750882874,-97.86857442491171,,EDINET,,小売業
3392.T,デリカフーズホールディングス,760.0,123.451904,8.160636,1.1832827,35.35088748218439,10594645000.0,17610461000.0,699354000.0,16243672.0,-8287314300.0,-510.18724707073625,-0.6712990093036003,-167.12990093036004,,EDINET,,卸売業
3393.T,スターティアホールディングス,3080.0,287.9679488,12.496449,3.591535,54.607795661284506,11529900000.0,6554295000.0,151092000.0,9349609.0,4425939899.999999,473.3823521390038,0.15369556887629993,-84.63044311237002,,EDINET,,卸売業
3395.T,サンマルクホールディングス,2424.0,519.6474368,19.664152,1.6672364,44.69372748470034,21097696000.0,40605441000.0,258042000.0,21437599.0,-23387659700.0,-1090.96451053124,-0.45006786738087456,-145.00678673808747,,EDINET,,小売業
3396.T,フェリシモ,859.0,61.18301184,17.087727,0.31382343,70.03885502441807,17494000000.0,9618000000.0,2136000000.0,7122586.0,8409400000.0,1180.6666848248656,1.3744664549765606,37.446645497656064,,EDINET,,小売業
3397.T,トリドールホールディングス,4120.0,3622.76388864,191.98509,3.7897778,29.88171041051923,25762000000.0,116041000000.0,161000000.0,87931157.0,-101770400000.00002,-1157.387250118863,-0.28091923546574343,-128.09192354657435,,EDINET,,小売業
3399.T,丸千代山岡家,4030.0,793.8977792,18.85733,52.647396,55.40582737510613,7389748000.0,7784218000.0,62953000.0,19699696.0,-1128824700.000001,-57.301630441403816,-0.014218766858909136,-101.42187668589091,,EDINET,,小売業
3401.T,帝人,1655.5,3196.30475264,,0.7693062,40.063687691212515,278075000000.0,315779000000.0,11605000000.0,193071865.0,-61158400000.0,-316.7649517447817,-0.19134095544837312,-119.13409554483732,,EDINET,,繊維製品
3405.T,クラレ,1798.5,5418.82417152,65.75868,0.7170412,57.93376503919031,565262000000.0,509448000000.0,29890000000.0,301296860.0,25792200000.0,85.60394555721557,0.047597412041821274,-95.24025879581787,,EDINET,,化学
3402.T,東レ,1254.5,18273.82624256,23.348223,1.005637,55.445766666206495,352791000000.0,746391000000.0,98318000000.0,1456662173.0,-399416500000.0001,-274.1998161299134,-0.2185729901394288,-121.85729901394289,,EDINET,,繊維製品
3407.T,旭化成,1654.5,22064.04968448,14.009315,1.0521817,52.33634199407773,1769448000000.0,2101271000000.0,168371000000.0,1333578111.0,-424090400000.0,-318.00941879736655,-0.19220877533839018,-119.22087753383903,,EDINET,,化学
3409.T,北紡,79.0,24.92146688,,1.6130348,58.455105244122706,895347000.0,964411000.0,140784000.0,31546162.0,-66956300.00000012,-2.122486405794788,-0.02686691652904795,-102.6866916529048,,EDINET,,繊維製品
3415.T,ＴＯＫＹＯ　ＢＡＳＥ,338.0,144.05008384,12.290909,2.3774521,42.15746487926335,8341632000.0,6346531000.0,0.0,42618369.0,1360447899.999999,31.921632195732293,0.0944426988039417,-90.55573011960584,投資有価証券,EDINET,,小売業
3416.T,ピクスタ,882.0,15.2940736,89.180984,1.3929027,50.11080669685507,2510960000.0,1449996000.0,8087000.0,1734022.0,921625299.9999998,531.4957365016129,0.6026028758521688,-39.73971241478312,,EDINET,,小売業
3417.T,大木ヘルスケアホールディングス,990.0,133.87992064,9.935769,0.40506336,23.022649316342413,115908000000.0,108284000000.0,11670000000.0,13523224.0,4964599999.999984,367.116598822883,0.3708248472958414,-62.917515270415855,,EDINET,,卸売業
3418.T,バルニバービ,1052.0,113.755648,25.167465,1.8981564,33.70877239723606,4470347000.0,6742968000.0,171008000.0,10813275.0,-2827212200.000001,-261.45753252368047,-0.24853377616319436,-124.85337761631945,,EDINET,,小売業
3420.T,ケー・エフ・シー,1548.0,113.92565248,10.889906,0.51454604,73.95326579044098,18719973000.0,7591435000.0,4208372000.0,7359538.0,13315254900.0,1809.2514638826513,1.1687670955314284,16.876709553142845,,EDINET,,金属製品
3421.T,稲葉製作所,1582.0,249.00073472,16.443197,0.5561035,71.96568080195843,31519407000.0,16972758000.0,2197566000.0,15739616.0,14387669400.0,914.1054902483008,0.5778163655172571,-42.21836344827428,,EDINET,,金属製品
3422.T,Ｊ－ＭＡＸ,669.0,76.80060416,8.486616,0.3763997,33.72941119644496,25380000000.0,36115000000.0,290000000.0,11479911.0,-14143500000.0,-1232.0217465100557,-1.8415870650374524,-284.15870650374524,,EDINET,,金属製品
3423.T,エスイー,265.0,80.05138944,,0.7916474,42.70824868171474,16094068000.0,14248777000.0,297915000.0,30208072.0,628953799.9999981,20.820719706970973,0.07856875361121121,-92.14312463887889,,EDINET,,金属製品
3426.T,アトムリビンテック,1312.0,52.34561024,13.375472,0.4884292,76.96967155546814,6284412000.0,1177863000.0,2490529000.0,3989757.0,6732133000.0,1687.3541421194323,1.286093096127616,28.609309612761603,,EDINET,,金属製品
3431.T,宮地エンジニアリンググループ,1463.0,382.6608128,12.163286,0.9294767,60.94536764974824,66744000000.0,42024000000.0,6887000000.0,26155900.0,25338500000.0,968.7489247167942,0.6621660456027302,-33.78339543972698,,EDINET,,金属製品
3433.T,トーカロ,3105.0,1846.5030144,17.599049,2.7645166,81.36990290174822,39960000000.0,15953000000.0,2344000000.0,59468698.0,24052500000.0,404.4564755730822,0.13025973448408443,-86.97402655159155,,EDINET,,金属製品
3434.T,アルファＣｏ,1225.0,117.73760512,8.54373,0.30587554,51.42116844394099,38829000000.0,31409000000.0,3993000000.0,9611233.0,7074200000.0,736.0345961855259,0.600844568314715,-39.9155431685285,,EDINET,,金属製品
3435.T,サンコーテクノ,1484.0,117.44923648,7.5907927,0.58543134,70.73191726721505,15775038000.0,7809215000.0,1454632000.0,7914369.0,8203143900.0,1036.4874192749921,0.6984416571933909,-30.15583428066091,,EDINET,,金属製品
3436.T,ＳＵＭＣＯ,3638.0,12723.26127616,,2.239396,57.4294792573535,435143000000.0,515447000000.0,2453000000.0,349732314.0,-130131600000.0,-372.08915159037895,-0.1022784913662394,-110.22784913662393,,EDINET,,金属製品
3437.T,特殊電極,2595.0,41.05261568,9.109738,0.5198508,66.29949603669408,7610098000.0,4256265000.0,200812000.0,1581989.0,3068774900.0,1939.8206308640579,0.7475224011036832,-25.24775988963168,,EDINET,,金属製品
3439.T,三ツ知,685.0,32.03328512,15.015345,0.3095901,60.67951565984341,10352704000.0,6211104000.0,306747000.0,4676392.0,3735212499.999999,798.7381083536194,1.166041034092875,16.6041034092875,,EDINET,,金属製品
3440.T,日創グループ,833.0,53.48496384,13.538112,0.42441645,46.9237049131661,14303000000.0,10346000000.0,196000000.0,6420764.0,3059600000.0,476.5165017745552,0.5720486215780974,-42.79513784219025,,EDINET,,金属製品
3441.T,山王,1812.0,76.86234112,6.500682,0.95622015,53.25422763143137,8238908000.0,5634970000.0,358207000.0,4241851.0,2291185899.999999,540.1382321066909,0.2980895320677102,-70.19104679322898,,EDINET,,金属製品
3443.T,川田テクノロジーズ,1371.0,689.67694336,8.094226,0.7154338,61.05371013461279,87241000000.0,73942000000.0,4074000000.0,50304664.0,8756600000.0,174.07133461819762,0.12696669191699317,-87.30333080830069,,EDINET,,金属製品
3445.T,ＲＳ　Ｔｅｃｈｎｏｌｏｇｉｅｓ,6590.0,1752.70346752,17.509365,1.9507431,74.71372464940406,124894000000.0,46598000000.0,8416000000.0,26596410.0,79527400000.0,2990.1554382715562,0.45374134116412085,-54.62586588358792,,EDINET,,金属製品
3444.T,菊池製作所,1164.0,140.60440576,129.62138,2.488131,68.28620124636461,5005696000.0,3159644000.0,1888404000.0,12079416.0,2851970399.9999995,236.10167908779692,0.2028364940616812,-79.71635059383188,,EDINET,,金属製品
3446.T,ジェイテックコーポレーション,1540.0,90.92953088,158.11089,3.188274,75.59244203679754,1939634000.0,912604000.0,27751000.0,5904515.0,955195299.9999999,161.77371045716708,0.10504786393322538,-89.49521360667747,,EDINET,,金属製品
3447.T,信和,961.0,130.30084608,7.648838,0.75519204,52.87231570277705,8960323000.0,10443832000.0,52094000.0,13558881.0,-2491426400.0,-183.74867365529647,-0.19120569579115138,-119.12056957911514,,EDINET,,金属製品
3448.T,清鋼材,,,,,,0.0,0.0,0.0,,,,,,"流動資産, 負債合計, 投資有価証券",yfinance,株価または発行済株式数を取得できませんでした,金属製品
3449.T,テクノフレックス,4700.0,862.562304,19.922009,3.1021833,65.87511437036466,16484447000.0,12532244000.0,431274000.0,18352390.0,3000870399.999998,163.5138747596361,0.03479018611907151,-96.52098138809286,,EDINET,,金属製品
3452.T,ビーロット,1373.0,258.6146816,5.580847,1.1653844,19.753743629176153,48171000000.0,39230000000.0,0.0,18835738.0,5018000000.0,266.40846246640297,0.19403384010663,-80.59661598933701,投資有価証券,EDINET,,不動産業
3454.T,ファーストブラザーズ,1271.0,178.24872448,4.4764557,0.6344047,29.22406349975184,58651289000.0,64234480000.0,98771000.0,14024290.0,-11937499300.0,-851.2016865024896,-0.6697102175471987,-166.97102175471989,,EDINET,,不動産業
3457.T,Ａｎｄ　Ｄｏホールディングス,817.0,163.14350592,11.370912,0.8578815,25.638781209620277,54870000000.0,53520000000.0,6025000000.0,19968606.0,215499999.9999919,10.791940108387731,0.013209229018834432,-98.67907709811655,,EDINET,,不動産業
3461.T,パルマ,565.0,38.22304768,25.099955,1.7209973,63.85243789306869,3322676000.0,1205795000.0,5448000.0,6765141.0,2000115100.0,295.65017196241735,0.5232746406414466,-47.672535935855336,,EDINET,,不動産業
3465.T,ケイアイスター不動産,3130.0,971.76674304,6.3420663,1.274649,23.334392513378006,276435000000.0,225750000000.0,2704000000.0,31046860.0,30002799999.99997,966.371478468353,0.3087448812997933,-69.12551187002067,,EDINET,,不動産業
3467.T,アグレ都市デザイン,2752.0,158.34174464,8.137438,1.9072728,22.30822255240746,32500419000.0,26060150000.0,7200000.0,5753697.0,3839293999.999996,667.2742760002823,0.24246885029080023,-75.75311497092,,EDINET,,不動産業
3469.T,デュアルタップ,892.0,39.04929024,75.721565,1.4824146,29.821529676538695,4017776000.0,3132676000.0,24439000.0,4377723.0,588939699.9999995,134.531056441899,0.15081957000212895,-84.91804299978712,,EDINET,,不動産業
3474.T,Ｇ－ＦＡＣＴＯＲＹ,594.0,38.84165888,,3.6402636,29.729494221436468,2081921000.0,2901560000.0,5438000.0,6539000.0,-1105988400.0000005,-169.1372381098028,-0.2847428251006781,-128.47428251006784,,EDINET,,不動産業
3475.T,グッドコムアセット,1479.0,424.57382912,22.227232,3.035272,31.42475066989656,38285581000.0,25522984000.0,681884000.0,28706818.0,10687617399.999996,372.30240565150746,0.2517257644702552,-74.82742355297448,,EDINET,,不動産業
3477.T,フォーライフ,894.0,35.75309824,6.524119,0.81275535,41.423475448901684,9278918000.0,5644990000.0,0.0,3999228.0,3069428999.999999,767.5053785380576,0.858507134830042,-14.149286516995796,投資有価証券,EDINET,,不動産業
3482.T,ロードスターキャピタル,2464.0,416.68456448,5.2765703,1.1497916,26.550762485088825,105933000000.0,81761000000.0,266000000.0,16910899.0,16182100000.0,956.9035921744905,0.3883537305902965,-61.16462694097036,,EDINET,,不動産業
3479.T,ＴＫＰ,1828.0,663.53893376,5.7609277,1.3602273,33.54267753773756,35274000000.0,75934000000.0,6618000000.0,36298627.0,-43620800000.0,-1201.720384630526,-0.6573962716797188,-165.7396271679719,,EDINET,,不動産業
3483.T,翔栄,,,,,,0.0,0.0,0.0,,,,,,"流動資産, 負債合計, 投資有価証券",yfinance,株価または発行済株式数を取得できませんでした,不動産業
3484.T,イノベーションホールディングス,1260.0,211.81280256,15.617253,4.570251,26.593419770200473,7041781000.0,11635808000.0,0.0,16810540.0,-5757607800.000002,-342.49987210404913,-0.2718252953206739,-127.18252953206739,投資有価証券,EDINET,,不動産業
3486.T,グローバル・リンク・マネジメント,1889.0,300.1166848,8.418004,1.9252661,31.450725109988255,34043112000.0,24796642000.0,424400000.0,15887596.0,7063885799.999996,444.6164038914381,0.23537130963019487,-76.46286903698052,,EDINET,,不動産業
3489.T,フェイスネットワーク,736.0,217.84035328,6.1827955,1.9493693,35.81492639861965,26394354000.0,20271044000.0,0.0,29597874.0,4096205600.0,138.39526447068462,0.18803704411777802,-81.19629558822218,,EDINET,,不動産業
3490.T,アズ企画設計,3180.0,47.94600448,14.579799,1.1348165,27.463947317618697,12588127000.0,10281752000.0,30145000.0,1507736.0,1299301300.0,861.7565011381303,0.2709926104207957,-72.90073895792042,,EDINET,,不動産業
3491.T,ＧＡ　ｔｅｃｈｎｏｌｏｇｉｅｓ,1330.0,545.99770112,14.483284,1.6226755,38.18137671482336,30999000000.0,28013000000.0,348000000.0,41052460.0,428299999.9999962,10.43299232250628,0.00784435512970397,-99.2155644870296,,EDINET,,不動産業
3494.T,マリオン,413.0,32.3687936,7.059829,0.6417289,25.367041962411697,3273708000.0,14492346000.0,66005000.0,7837480.0,-12621669100.000002,-1610.4244093764835,-3.8993327103546815,-489.9332710354682,,EDINET,,不動産業
3495.T,香陵住販,2285.0,63.11661056,7.0657716,0.9142699,34.75191280922319,11228994000.0,11150413000.0,200572000.0,2762215.0,-896059900.0000019,-324.3990420731196,-0.14196894620267814,-114.19689462026783,,EDINET,,不動産業
3496.T,アズーム,4580.0,564.95853568,27.302534,8.949525,76.80440299323848,4368014000.0,1804749000.0,0.0,12335339.0,2382790100.0,193.16778403901182,0.04217637206091961,-95.78236279390804,投資有価証券,EDINET,,不動産業
3498.T,霞ヶ関キャピタル,7200.0,,11.977841,2.3544662,31.38600355006245,67066000000.0,49809000000.0,2196000000.0,,,,,,,EDINET,株価または発行済株式数を取得できませんでした,不動産業
3501.T,ＳＵＭＩＮＯＥ,1164.0,154.42006016,,0.46523303,43.40258098269172,54931000000.0,57813000000.0,4534000000.0,13266328.0,-5489500000.000008,-413.7919701668772,-0.35549138330487734,-135.54913833048775,,EDINET,,繊維製品
3512.T,日本フエルト,1025.0,171.3128448,32.395702,0.7374175,81.64312668386745,11188795000.0,4545030000.0,8232581000.0,16713448.0,11952068700.0,715.1168747466112,0.6976749997527915,-30.23250002472086,,EDINET,,繊維製品
3513.T,イチカワ,3620.0,152.3055616,12.971191,0.6033337,75.0327327140096,14991000000.0,7201000000.0,5682000000.0,4207336.0,11047299999.999998,2625.7232605144914,0.7253379172691965,-27.46620827308035,,EDINET,,繊維製品
3521.T,テルマー湯ホールディングス,157.0,41.5249792,26.430977,0.8516086,82.79302231902614,1607002000.0,1165830000.0,600000.0,26449033.0,325009000.0,12.288124106465443,0.07826830641060792,-92.1731693589392,,EDINET,,サービス業
3524.T,日東製網,1467.0,38.0417152,5.611874,0.4706385,25.837573999352,17292332000.0,22639842000.0,468980000.0,2593164.0,-7283208200.000004,-2808.6184290696633,-1.9145319898225381,-291.4531989822538,,EDINET,,繊維製品
3536.T,アクサスホールディングス,129.0,39.11957504,12.977868,1.5908643,14.015711481572755,6239002000.0,14580602000.0,180874000.0,30325251.0,-9673048400.000002,-318.976697010686,-2.472687573726248,-347.2687573726248,,EDINET,,小売業
3529.T,アツギ,1031.0,165.10440448,,0.5217751,80.22655505989674,16832000000.0,9184000000.0,3702000000.0,16014006.0,9321000000.0,582.0529853679335,0.5645518771754933,-43.54481228245068,,EDINET,,繊維製品
3537.T,昭栄薬品,1716.0,58.76224,10.667662,0.6100097,52.880815557480595,10826424000.0,8162437000.0,5575689000.0,3424373.0,5750725600.0,1679.3514024319197,0.9786430084102097,-2.1356991589790373,,EDINET,,卸売業
3539.T,ＪＭホールディングス,1453.0,740.4167168,15.224224,1.5075476,61.33213750192687,36002000000.0,27590000000.0,1201000000.0,50957792.0,6493699999.999996,127.43291546070121,0.087703314150517,-91.2296685849483,,EDINET,,小売業
3538.T,ウイルプラスホールディングス,1005.0,91.39388416,8.202073,0.77947885,32.78097410111884,26675409000.0,25026410000.0,0.0,9093919.0,-853642000.0000038,-93.86954073375888,-0.09340252809329241,-109.34025280932924,投資有価証券,EDINET,,小売業
3542.T,ベガコーポレーション,1605.0,170.6463744,18.962666,7.0648203,77.07436942376243,6611361000.0,2114702000.0,93663000.0,10632173.0,4350752900.0,409.206368256047,0.2549572387888143,-74.50427612111858,,EDINET,,小売業
3544.T,サツドラホールディングス,1245.0,171.56442112,39.511265,1.7268666,22.625296215090913,21696000000.0,36272000000.0,802000000.0,13780275.0,-17641800000.0,-1280.2211857165405,-1.0282901090092695,-202.82901090092693,,EDINET,,小売業
3543.T,コメダホールディングス,2801.0,1274.74081792,Infinity,2.5322292,45.4355211305884,3536000000.0,3207000000.0,158000000.0,45510203.0,118899999.99999952,2.6126009589541828,0.0009327386501085979,-99.90672613498913,,EDINET,,卸売業
3547.T,ユニシアホールディングス,1927.0,208.94687232,39.666527,2.8370237,42.52297989777719,3525917000.0,4861825000.0,0.0,10843117.0,-1822090500.0,-168.04120992146446,-0.08720353394990371,-108.72035339499038,投資有価証券,EDINET,,小売業
3548.T,バロックジャパンリミテッド,638.0,230.16568832,62.426613,1.7142473,45.12011781670911,24789000000.0,15254000000.0,3941000000.0,36076130.0,10768299999.999998,298.48822476246755,0.4678498820728332,-53.21501179271668,,EDINET,,小売業
3549.T,クスリのアオキホールディングス,4210.0,3997.9450368,24.648712,2.7564623,34.32058928740902,145368000000.0,206705000000.0,3747000000.0,94963067.0,-79384600000.00003,-835.952360300242,-0.1985635060095587,-119.85635060095585,,EDINET,,小売業
3550.T,スタジオアタオ,220.0,30.47484928,20.202019,1.2037975,81.2712290686214,2579330000.0,670140000.0,40236000.0,13852204.0,1870341200.0,135.02119951453213,0.6137327250660551,-38.62672749339448,,EDINET,,小売業
3551.T,ダイニック,1565.0,125.2908032,5.1663804,0.41384608,48.25666173937867,27739256000.0,34491173000.0,6665936000.0,8005802.0,-5534879100.0,-691.3584797625522,-0.4417626068770302,-144.176260687703,,EDINET,,繊維製品
3553.T,共和レザー,878.0,209.23357184,32.020424,0.5811237,65.50649983467622,34111000000.0,22071000000.0,5595000000.0,23830702.0,13749399999.999996,576.9616018865074,0.6571316650188012,-34.28683349811988,,EDINET,,化学
3556.T,リネットジャパングループ,771.0,112.98187264,15.547489,6.910274,15.52679982972425,4051214000.0,8117350000.0,104361000.0,14653939.0,-4804818300.0,-327.8857855215584,-0.4252733923755621,-142.5273392375562,,EDINET,,小売業
3557.T,ユナイテッド＆コレクティブ,494.0,24.47335168,,4.697559,13.542593545671759,1945255000.0,3631975000.0,30000.0,4954120.0,-2049896500.0000005,-413.77610958152013,-0.8376034606913363,-183.76034606913362,,EDINET,,小売業
3558.T,ジェイドグループ,1868.0,193.73283328,12.221131,2.484393,54.92538035465656,8079362000.0,5728892000.0,0.0,10371137.0,1777580799.999999,171.39690662653467,0.09175423266945111,-90.82457673305488,,EDINET,,小売業
3559.T,ピーバンドットコム,450.0,21.16394112,19.321596,1.5041866,78.99128859047183,1481834000.0,355321000.0,110469000.0,4703098.0,1168309200.0,248.412684575146,0.5520281879447688,-44.79718120552311,,EDINET,,卸売業
3560.T,ほぼ日,5250.0,121.8678272,12.745812,2.1789188,70.73554172005309,4700416000.0,1969229000.0,362244000.0,2321292.0,2787834900.0,1200.984150206006,0.22875888575352496,-77.1241114246475,,EDINET,,小売業
3561.T,力の源ホールディングス,1347.0,405.52435712,22.46123,3.3710227,60.34759428491117,9778862000.0,7879743000.0,149527000.0,30105742.0,1215813600.0,40.38477443937439,0.029981272783499918,-97.00187272164999,,EDINET,,小売業
3562.T,Ｎｏ．１,1601.0,105.09205504,15.225867,2.5827415,31.387933302971398,6206381000.0,4230321000.0,218304000.0,6564151.0,1705840700.0,259.87225156764373,0.16231870803725404,-83.7681291962746,,EDINET,,卸売業
3563.T,ＦＯＯＤ　＆　ＬＩＦＥ　ＣＯＭＰＡＮＩＥＳ,5357.0,12174.82719232,40.466835,9.772855,25.314102499774204,62454000000.0,119478000000.0,962000000.0,227269504.0,-68298400000.000015,-300.51722205545013,-0.05609804406485909,-105.6098044064859,,EDINET,,小売業
3565.T,アセンテック,489.0,210.3519232,10.344828,3.1958697,17.598976296139142,8349840000.0,5106661000.0,411390000.0,43016754.0,3020485900.0,70.21649983167023,0.14359202419564465,-85.64079758043552,,EDINET,,卸売業
3566.T,ユニフォームネクスト,690.0,69.77555968,12.504531,1.7089275,71.9780321333351,3285948000.0,1588242000.0,5000000.0,10112400.0,1542381799.9999998,152.52381234919503,0.22104900340463046,-77.89509965953695,,EDINET,,小売業
3569.T,セーレン,3390.0,1978.38503936,12.540692,1.2027717,72.24886792958388,127064000000.0,55340000000.0,10364000000.0,58359441.0,73444800000.0,1258.490464293515,0.37123612516032894,-62.8763874839671,,EDINET,,繊維製品
3571.T,ソトー,703.0,85.6706304,16.943842,0.56533337,75.3342910707207,5939112000.0,5089021000.0,6572750000.0,12186434.0,4942113900.0,405.5422529675211,0.5768737595555066,-42.31262404444934,,EDINET,,繊維製品
3577.T,東海染工,925.0,29.1931008,14.4576435,0.3504153,62.372157470112036,7109113000.0,6303745000.0,2696944000.0,3156011.0,2062854299.9999988,653.6270944556273,0.7066238858979755,-29.337611410202452,,EDINET,,繊維製品
3580.T,小松マテーレ,709.0,265.93835008,19.136303,0.6680726,76.7933464248585,25885000000.0,13324000000.0,16185000000.0,37508934.0,22558100000.0,601.4060543549438,0.8482454927432211,-15.175450725677889,,EDINET,,繊維製品
3583.T,オーベクス,1361.0,37.26924288,6.518512,0.510535,71.33854287790841,6585675000.0,3135047000.0,124970000.0,2738372.0,3224602299.9999995,1177.5618140997642,0.8652180853047496,-13.478191469525038,,EDINET,,繊維製品
3591.T,ワコールホールディングス,3597.0,1778.25169408,13.905211,0.8362639,72.67673571318612,4781000000.0,30775000000.0,233000000.0,49437079.0,-28908400000.000004,-584.7513765932653,-0.16256640995086608,-116.25664099508661,,EDINET,,繊維製品
3597.T,自重堂,8870.0,255.61708544,18.190393,0.6601308,92.09873785360932,30609097000.0,3834480000.0,4238212000.0,2881816.0,29357917400.0,10187.29766230738,1.1485115741045524,14.851157410455231,,EDINET,,繊維製品
3598.T,山喜,156.0,22.11594496,,0.6541237,32.553427184531245,8225363000.0,7048728000.0,104025000.0,14176887.0,544579699.999999,38.41320735645273,0.2462385086952098,-75.37614913047902,,EDINET,,繊維製品
3600.T,フジックス,1800.0,24.77667584,,0.24148807,84.30284925691244,6719497000.0,1677204000.0,1983404000.0,1376482.0,6262955400.0,4549.972611338179,2.5277625618545443,152.7762561854544,,EDINET,,繊維製品
3608.T,ＴＳＩホールディングス,1204.0,685.92316416,21.22708,0.7292214,57.01361622006383,86273000000.0,32928000000.0,23490000000.0,56970363.0,66495200000.0,1167.189333162578,0.9694263564473238,-3.057364355267617,,EDINET,,繊維製品
3607.T,クラウディアホールディングス,351.0,31.81197312,7.535423,0.727336,31.42625727935257,3654888000.0,8983727000.0,29128000.0,9063240.0,-6206822100.0,-684.8347941795649,-1.9510962797138602,-295.1096279713861,,EDINET,,繊維製品
3611.T,マツオカコーポレーション,2386.0,250.4920064,8.603779,0.62666875,57.94157554473621,47715000000.0,31924000000.0,528000000.0,10498408.0,12968200000.0,1235.253954694845,0.517709117642433,-48.2290882357567,,EDINET,,繊維製品
3612.T,ワールド,1553.0,1183.39854336,9.170357,1.191597,34.3791843861472,19771000000.0,99420000000.0,1003000000.0,76200810.0,-88888900000.00002,-1166.5085974807882,-0.7511323873025036,-175.11323873025034,,EDINET,,繊維製品
3622.T,ネットイヤーグループ,495.0,34.64449024,19.728975,1.719329,80.89773299013424,3049760000.0,494100000.0,90000000.0,6998887.0,2569250000.0,367.0940822447912,0.7416042065551337,-25.83957934448663,,EDINET,,情報・通信業
3623.T,ビリングシステム,1262.0,78.67360768,15.582171,2.4662552,10.870146864919104,25559281000.0,22995562000.0,4000000.0,6234042.0,266962799.9999962,42.8233881003683,0.033932954120735576,-96.60670458792644,,EDINET,,情報・通信業
3624.T,アクセルマーク,88.0,57.47558912,,5.2114177,60.70399681359292,1093831000.0,520918000.0,84865000.0,65313167.0,580226700.0,8.883763055005433,0.10095185289778902,-89.9048147102211,,EDINET,,情報・通信業
3625.T,テックファームホールディングス,730.0,51.94743296,10.433043,1.6501613,55.97927861335944,4482127000.0,2244687000.0,150089000.0,7116087.0,2118033600.0,297.6402059165381,0.4077263094747097,-59.227369052529035,,EDINET,,情報・通信業
3626.T,ＴＩＳＩ,4013.0,8420.4126208,19.886026,2.8807316,61.236756741074906,319080000000.0,201986000000.0,57041000000.0,209828373.0,136824099999.99997,652.0762566271244,0.16249096850912645,-83.75090314908736,,EDINET,,情報・通信業
3627.T,テクミラホールディングス,269.0,32.46709504,,0.5405775,56.97673476242001,6029885000.0,4448665000.0,799594000.0,12069552.0,1696069300.0,140.5246275918112,0.5223963850996699,-47.76036149003301,,EDINET,,情報・通信業
3628.T,データホライゾン,724.0,91.88419584,33.87927,46.17347,7.006936291060701,4108984000.0,5873657000.0,59996000.0,12691187.0,-2310041500.000001,-182.01934145324634,-0.2514079301840419,-125.1407930184042,,EDINET,,情報・通信業
3632.T,グリーホールディングス,415.0,713.1385856,17.569855,0.7460393,70.46509703003078,117419000000.0,39250000000.0,9933000000.0,171840622.0,81197100000.0,472.51400195699944,1.1385879565228902,13.858795652289022,,EDINET,,情報・通信業
3634.T,ソケッツ,721.0,17.61269632,19.309052,2.1877723,68.2965633345967,696749000.0,262482000.0,12290000.0,2442815.0,416621800.0,170.54987790725045,0.23654629390742088,-76.34537060925791,,EDINET,,情報・通信業
3633.T,ＧＭＯペパボ,2664.0,137.43178752,8.961551,4.164602,24.723054744529094,9252820000.0,9029731000.0,664520000.0,5158851.0,-214720100.0,-41.621690566368365,-0.015623757720108246,-101.56237577201081,,EDINET,,情報・通信業
3635.T,コーエーテクモホールディングス,1636.5,5469.79577856,12.620499,1.9528756,86.88811523232015,61484000000.0,20407000000.0,99409000000.0,334237448.0,108622600000.0,324.9863252905162,0.19858620549374653,-80.14137945062535,,EDINET,,情報・通信業
3636.T,三菱総合研究所,4815.0,758.81324544,7.6759977,0.98263884,63.494727311045715,74282000000.0,43359000000.0,18130000000.0,15759362.0,39278099999.99999,2492.3661249738407,0.5176253634421268,-48.237463655787316,,EDINET,,情報・通信業
3639.T,ボルテージ,227.0,14.78018304,,0.6563141,76.68820458649803,2042161000.0,598079000.0,406574000.0,6511094.0,1668875900.0,256.3126718797179,1.1291307131265107,12.913071312651066,,EDINET,,情報・通信業
3640.T,電算,2735.0,151.78334208,3.408482,0.962594,63.38829447538712,11723720000.0,8752382000.0,581190000.0,5549665.0,2502932800.0,451.00610577395213,0.16490168401241395,-83.5098315987586,,EDINET,,情報・通信業
3641.T,パピレス,1000.0,77.50162944,,0.97631645,67.2916822920573,11869000000.0,3704000000.0,66000000.0,7750163.0,7840800000.0,1011.6948508050734,1.0116948508050734,1.169485080507343,,EDINET,,情報・通信業
3645.T,メディカルネット,254.0,23.48730368,17.185387,1.1784903,45.21295922575245,2958057000.0,2311671000.0,55732000.0,9246970.0,454231300.0,49.122177318624374,0.19339439889222193,-80.6605601107778,,EDINET,,情報・通信業
3646.T,駅探,341.0,16.12775552,,1.3915244,65.15352125269102,1833862000.0,811435000.0,29506000.0,4729547.0,961937699.9999999,203.38897150192182,0.5964485967798294,-40.355140322017064,,EDINET,,情報・通信業
3647.T,アスリナ,115.0,24.57254144,,3.0160768,56.85016799801279,1402129000.0,534423000.0,70000.0,21367428.0,814312700.0,38.11000088545987,0.3313913120474771,-66.86086879525229,,EDINET,,情報・通信業
3648.T,ＡＧＳ,1046.0,174.49406464,9.075922,1.088411,68.17611243890278,12499846000.0,6915056000.0,2100214000.0,16682032.0,6363434199.999999,381.4543815765369,0.36467914108655536,-63.53208589134447,,EDINET,,情報・通信業
3649.T,ファインデックス,858.0,209.56237824,18.853,3.707753,80.30564092259269,3582463000.0,1076912000.0,2315050000.0,24424521.0,4018394800.0,164.5229726306608,0.1917517163527515,-80.82482836472485,,EDINET,,情報・通信業
3652.T,ディジタルメディアプロフェッショナル,3135.0,98.59960832,,3.080312,85.25913321258372,3277977000.0,484071000.0,536318000.0,3145123.0,3120921500.0,992.3050704217292,0.31652474335621344,-68.34752566437865,,EDINET,,情報・通信業
3653.T,モルフォ,989.0,51.05549312,,1.8708489,87.30407236195643,3689842000.0,621770000.0,316231000.0,5162335.0,3227256700.0,625.1544504570122,0.6321076344358061,-36.78923655641939,,EDINET,,情報・通信業
3656.T,ＫＬａｂ,174.0,144.68271104,11.10402,1.2360764,77.63055324368821,4400462000.0,5412681000.0,2031273000.0,83150983.0,-131596000.00000095,-1.582615084658722,-0.009095488992291505,-100.90954889922916,,EDINET,,情報・通信業
3657.T,ポールトゥウィンホールディングス,334.0,118.10322432,,1.4086764,37.72219187532466,19707539000.0,15995708000.0,627107000.0,35360249.0,2551235100.0,72.14980584554142,0.2160173827710821,-78.39826172289179,,EDINET,,情報・通信業
3660.T,アイスタイル,474.0,462.01868288,19.562527,2.005916,49.15175861969307,21041000000.0,17594000000.0,3511000000.0,97472297.0,4145300000.0,42.52798105291394,0.08972147901458637,-91.02785209854136,,EDINET,,情報・通信業
3659.T,ネクソン,2648.5,20628.570112,15.52826,1.9291506,75.58694301752674,121498000000.0,4016000000.0,814000000.0,778877498.0,117650200000.0,151.05096796621027,0.05703264790115547,-94.29673520988445,,EDINET,,情報・通信業
3661.T,エムアップホールディングス,832.0,581.27241216,20.0,6.855467,34.607964069962364,19743000000.0,15881000000.0,1977000000.0,69864472.0,3657800000.0,52.35565224052649,0.06292746663524819,-93.70725333647518,,EDINET,,情報・通信業
3662.T,エイチームホールディングス,911.0,169.31951616,53.525265,1.9302279,62.67618524620172,11562000000.0,6115000000.0,2356000000.0,18586116.0,6484699999.999999,348.9002220797502,0.38298597374286525,-61.701402625713484,,EDINET,,情報・通信業
3663.T,セルシス,1825.0,541.45503232,23.221785,9.956355,54.78962818003914,6051898000.0,2891738000.0,663486000.0,29668770.0,3335426399.9999995,112.42213276789026,0.06160116863993987,-93.83988313600602,,EDINET,,情報・通信業
3667.T,ｅｎｉｓｈ,27.0,14.69390592,,1.5644919,48.098595305553204,1488477000.0,871333000.0,40659000.0,54421876.0,558471999.9999999,10.26190276865869,0.38007047291328483,-61.992952708671524,,EDINET,,情報・通信業
3665.T,エニグモ,405.0,154.36372992,69.707405,1.6447368,76.99305653070884,10333989000.0,3004452000.0,3551874000.0,38114500.0,9515403600.0,249.65311364441354,0.6164274410973174,-38.35725589026826,,EDINET,,情報・通信業
3664.T,ＷＩＺＥ,24.0,24.3751936,,1.8299657,43.616225291639786,1167366000.0,1868455000.0,17159000.0,101563307.0,-875923200.0000002,-8.624406056411694,-0.35935025235048723,-135.93502523504873,,EDINET,,情報・通信業
3668.T,コロプラ,397.0,510.4136192,153.87598,0.76066464,91.01951361199863,67267000000.0,8417000000.0,7588000000.0,128567663.0,63319900000.0,492.5025354159234,1.2405605426093789,24.056054260937877,,EDINET,,情報・通信業
3671.T,ソフトマックス,320.0,76.95734784,14.618547,1.9557153,42.99839590023472,5640442000.0,4017898000.0,45848000.0,24049172.0,1252847800.0,52.095257167273786,0.1627976786477306,-83.72023213522695,,EDINET,,情報・通信業
3672.T,オルトプラス,28.0,25.15688192,,1.8666667,58.00730385418855,1422242000.0,763768000.0,4863000.0,89846006.0,585501299.9999999,6.516720398233394,0.23274001422262122,-76.72599857773787,,EDINET,,情報・通信業
3673.T,ブロードリーフ,471.0,853.38636288,47.47984,3.3940074,58.64353782390519,7709188000.0,15089820000.0,550642000.0,181186058.0,-8504164600.000002,-46.93608710224272,-0.0996519896013646,-109.96519896013646,,EDINET,,情報・通信業
3675.T,クロス・マーケティンググループ,590.0,110.12210688,14.351739,1.3233387,48.63771980860373,12870147000.0,8434311000.0,370854000.0,18664763.0,3852002700.0,206.3783344047819,0.34979378712674897,-65.02062128732511,,EDINET,,情報・通信業
3674.T,オークファン,329.0,34.61634048,,0.8480234,57.76889669061953,6805834000.0,3284732000.0,297511000.0,10521684.0,3400886499.9999995,323.2264435997127,0.9824511963517103,-1.7548803648289681,,EDINET,,情報・通信業
3676.T,デジタルハーツホールディングス,1051.0,234.3604224,19.848913,2.3756995,46.26433365125,14069461000.0,10688795000.0,1340609000.0,22298804.0,3250212800.0,145.7572702105458,0.1386843674695964,-86.13156325304035,,EDINET,,情報・通信業
3679.T,じげん,426.0,423.0791168,10.279923,1.8967052,55.362954926521354,2072000000.0,7423000000.0,181000000.0,99314345.0,-5966600000.000001,-60.07792731251463,-0.14102799838618457,-114.10279983861847,,EDINET,,情報・通信業
3678.T,メディアドゥ,1177.0,178.65713664,9.701615,0.9577282,33.763131082457924,39960000000.0,35451000000.0,5669000000.0,15179026.0,4932200000.0,324.93520994034793,0.27607069663580963,-72.39293033641904,,EDINET,,情報・通信業
3682.T,エンカレッジ・テクノロジ,631.0,42.04080384,20.050842,1.3689566,71.68714980051479,4064105000.0,1146542000.0,41778000.0,6662568.0,2832153400.0,425.0843518595232,0.67366775255075,-32.633224744925,,EDINET,,情報・通信業
3680.T,ホットリンク,205.0,31.37993472,,0.80606157,67.2661697146542,2739930000.0,1292603000.0,339241000.0,15307285.0,1555535400.0,101.62059437712175,0.4957102164737646,-50.42897835262353,,EDINET,,情報・通信業
3683.T,サイバーリンクス,1051.0,118.18118144,7.553001,1.1914952,57.893736938762586,6665000000.0,5411000000.0,14000000.0,11244641.0,722699999.999999,64.27061566483083,0.0611518702805241,-93.88481297194758,,EDINET,,情報・通信業
3686.T,ディー・エル・イー,57.0,24.76561152,,1.9469874,72.74482366574108,1133310000.0,770196000.0,1329253000.0,43448440.0,1216571500.0,28.000349379632503,0.4912341996426755,-50.87658003573245,,EDINET,,情報・通信業
3687.T,フィックスターズ,2256.0,728.76146688,43.35127,8.0084915,86.33222691993454,7772812000.0,1786561000.0,83592000.0,32303258.0,5866109300.0,181.5949741044696,0.08049422611013723,-91.95057738898628,,EDINET,,情報・通信業
3690.T,イルグルム,538.0,33.58447872,99.62963,1.8179544,52.566338990063,2240174000.0,1589459000.0,56828000.0,6242468.0,531548699.99999976,85.15040846024357,0.1582721346844676,-84.17278653155324,,EDINET,,情報・通信業
3691.T,デジタルプラス,1865.0,81.30103808,,10.1556835,27.65078418854023,1181365000.0,1030630000.0,19692000.0,4359305.0,61456400.0,14.097751820531025,0.007559116257657386,-99.24408837423425,,EDINET,,情報・通信業
3692.T,ＦＦＲＩセキュリティ,8720.0,689.70881024,58.4764,18.358011,64.25391740011791,3234030000.0,1521843000.0,372284000.0,7909505.0,1820601499.9999998,230.1789429300569,0.02639666776720836,-97.36033322327916,,EDINET,,情報・通信業
3694.T,オプティム,476.0,259.41352448,23.788105,2.7523043,75.44082658146418,5476085000.0,2574787000.0,647188000.0,54498640.0,3096850900.0,56.8243702962129,0.11937892919372457,-88.06210708062754,,EDINET,,情報・通信業
3695.T,ＧＭＯプロダクトプラットフォーム,1608.0,70.80223232,15.576867,2.853776,25.960954719364622,2373228000.0,883407000.0,141696000.0,4403124.0,1500667500.0,340.8188140965369,0.21195199881625432,-78.80480011837457,,EDINET,,情報・通信業
3696.T,セレス,2324.0,268.25728,13.012318,2.014694,37.23340324744107,23850185000.0,20254903000.0,1143278000.0,11542912.0,2370086300.0,205.32828284578449,0.08835124046720502,-91.16487595327949,,EDINET,,情報・通信業
3697.T,ＳＨＩＦＴ,890.3,2275.65223936,28.129541,5.91585,53.291515694601365,37022000000.0,28195000000.0,1145000000.0,255605108.0,6808999999.999996,26.638747767122073,0.029921091505247754,-97.00789084947523,,EDINET,,情報・通信業
3698.T,ＣＲＩ・ミドルウェア,1231.0,64.34896384,17.154404,1.5409342,70.17403234407006,4484379000.0,1592136000.0,139075000.0,5227373.0,2830381900.0,541.4539769784938,0.4398488846291582,-56.01511153708418,,EDINET,,情報・通信業
3708.T,特種東海製紙,2073.0,705.55820032,16.747456,0.8562262,63.75981883801571,54397000000.0,53602000000.0,14006000000.0,34035612.0,5238999999.999992,153.92701033258908,0.07425326113487173,-92.57467388651283,,EDINET,,パルプ・紙
3710.T,ジョルダン,641.0,32.6955904,9.197876,0.66535604,83.65137278549129,3776704000.0,873667000.0,402261000.0,5100716.0,3097253000.0,607.2192609821836,0.9472999391297716,-5.270006087022833,,EDINET,,情報・通信業
3712.T,情報企画,973.0,147.1621632,12.444046,1.9703057,82.60047048747936,3682394000.0,1314129000.0,5586000.0,15124580.0,2240762300.0,148.15368757347312,0.15226483820500836,-84.77351617949917,,EDINET,,情報・通信業
3719.T,ＡＩストーム,115.0,34.37832448,17.638037,3.1216917,40.67048694857799,2157525000.0,1155364000.0,23701000.0,29894195.0,903215300.0,30.21373547606818,0.2627281345745059,-73.7271865425494,,EDINET,,情報・通信業
3723.T,日本ファルコム,2590.0,255.55986432,16.939177,2.3345153,94.6236609651664,10548026000.0,523898000.0,0.0,9867176.0,9971738200.0,1010.5969732373275,0.3901918815588137,-60.980811844118634,投資有価証券,EDINET,,情報・通信業
3726.T,フォーシーズＨＤ,336.0,44.13702144,,2.2383287,55.53853200442494,1949157000.0,1120170000.0,0.0,13136018.0,716970000.0,54.58046723139387,0.1624418667601008,-83.75581332398993,投資有価証券,EDINET,,小売業
3727.T,アプリックス,162.0,70.64439808,,1.0645638,66.77900454290163,714345000.0,595003000.0,39535000.0,43607653.0,87516200.0,2.0069000273873945,0.012388271773996262,-98.76117282260037,,EDINET,,情報・通信業
3733.T,ソフトウェア・サービス,11640.0,528.77643776,10.294326,1.4253502,80.27707518969878,25126000000.0,8462000000.0,393000000.0,4542753.0,16092900000.0,3542.5434752891033,0.30434222296298136,-69.56577770370185,,EDINET,,情報・通信業
3741.T,セック,3220.0,328.74950656,21.97652,3.2689593,82.93574900679646,9326219000.0,2445233000.0,1179059000.0,10209612.0,7461804000.0,730.8606830504431,0.22697536740696989,-77.30246325930301,,EDINET,,情報・通信業
3744.T,サイオス,461.0,40.224448,11.562422,2.0022094,21.435362155006978,7175721000.0,6547913000.0,427662000.0,8669062.0,272380099.99999905,31.419789130588644,0.06815572479520313,-93.18442752047969,,EDINET,,情報・通信業
3747.T,インタートレード,447.0,32.11940864,167.41573,2.7219915,72.62254723322239,1423324000.0,413137000.0,44988000.0,7185550.0,1000364900.0,139.21897419125884,0.31145184382831953,-68.85481561716804,,EDINET,,情報・通信業
3750.T,ＡＤＲバイオメディカルホールディングス,793.0,70.79982592,,-99.723335,5.9843828961739725,517163000.0,2907056000.0,250000.0,8928099.0,-2680423600.0000005,-300.2233286167638,-0.378591839365402,-137.8591839365402,,EDINET,,情報・通信業
3758.T,アエリア,248.0,50.02470912,18.646616,0.58951056,43.45983614276297,16020000000.0,11682000000.0,923000000.0,20171254.0,3815899999.999998,189.17514994357802,0.7628030239660404,-23.719697603395957,,EDINET,,情報・通信業
3753.T,フライトソリューションズ,220.0,32.29924608,,4.592039,38.612360486423455,911857000.0,1005866000.0,0.0,14681475.0,-194595600.0,-13.254499292475723,-0.06024772405670783,-106.02477240567079,投資有価証券,EDINET,,情報・通信業
3760.T,ケイブ,735.0,45.35613952,,1.245022,38.74541263703888,8479365000.0,6981732000.0,869216000.0,6170903.0,1407910999.999999,228.15315683944456,0.3104124582849586,-68.95875417150414,,EDINET,,情報・通信業
3763.T,プロシップ,2132.0,551.32811264,24.131296,5.0053997,80.08376047980389,9740621000.0,2485628000.0,584581000.0,25859667.0,7415636900.0,286.76459368173613,0.13450496889387248,-86.54950311061275,,EDINET,,情報・通信業
3762.T,テクマトリックス,2604.0,1041.51252992,20.421926,3.9853868,26.890613648253943,66902993000.0,64336132000.0,1723512000.0,39996638.0,-2660293800.0,-66.5129354122214,-0.025542601924816204,-102.55426019248162,,EDINET,,情報・通信業
3765.T,ガンホー・オンライン・エンターテイメント,2373.0,1242.6661888,52.569782,1.0740044,89.29570317570837,120875000000.0,21929000000.0,0.0,52366884.0,96753100000.0,1847.6008616437823,0.7785928620496343,-22.140713795036564,,EDINET,,情報・通信業
3766.T,システムズ・デザイン,1537.0,52.5421312,13.623471,1.1203016,69.97306039884442,4829071000.0,1778007000.0,171164000.0,3418486.0,2993078100.0,875.556635305805,0.569652983282892,-43.0347016717108,,EDINET,,情報・通信業
3768.T,リスクモンスター,560.0,42.13134336,18.672892,0.71825814,86.21957154884494,2567213000.0,1157086000.0,1387142000.0,7523454.0,2265417800.0,301.11406276957365,0.5377036835170959,-46.22963164829042,,EDINET,,情報・通信業
3769.T,ＧＭＯペイメントゲートウェイ,8675.0,6588.06145024,27.645878,5.2671523,28.55882803350293,186361489000.0,172909545000.0,2704088000.0,75943073.0,-1946148900.0000308,-25.626417566748067,-0.0029540538981842153,-100.2954053898184,,EDINET,,情報・通信業
3771.T,システムリサーチ,1875.0,310.96786944,11.931276,2.4501636,69.30067512912926,13607732000.0,5697309000.0,12879000.0,16584953.0,7349707399.999999,443.1551539518984,0.23634941544101248,-76.36505845589875,,EDINET,,情報・通信業
3773.T,アドバンスト・メディア,1049.0,156.62360576,9.453005,1.2362323,84.172879574285,9341923000.0,3663177000.0,3774005000.0,14930754.0,7954231800.0,532.7414677115436,0.5078564992483733,-49.21435007516267,,EDINET,,情報・通信業
3772.T,ウェルス・マネジメント,1057.0,202.7169792,,1.1741496,19.789739087872764,53697329000.0,42703422000.0,3748981000.0,19178522.0,9347851500.0,487.41250759573654,0.4611282001851812,-53.88717998148188,,EDINET,,不動産業
3774.T,インターネットイニシアティブ,3471.0,6155.12408064,24.87459,3.8228977,45.965935785872205,100249000000.0,110404000000.0,15226000000.0,177330005.0,-10537200000.000015,-59.421416020374075,-0.01711939384049959,-101.71193938404997,,EDINET,,情報・通信業
3777.T,環境フレンドリーホールディングス,48.0,172.63255552,228.57144,3.0953763,58.39855965751328,3167899000.0,309449000.0,0.0,359651160.0,2827505100.0,7.861798916483406,0.16378747742673763,-83.62125225732623,投資有価証券,EDINET,,情報・通信業
3776.T,ブロードバンドタワー,268.0,165.06100736,31.455397,1.8027594,62.92037853976537,10043816000.0,7802589000.0,2389939000.0,61589928.0,3133925399.999999,50.88373215828405,0.18986467223240316,-81.01353277675969,,EDINET,,情報・通信業
3778.T,さくらインターネット,3930.0,1572.96918528,734.57947,5.1137986,36.784422316089604,41744592000.0,51162089000.0,682270000.0,40024661.0,-14056116900.000008,-351.1864073002394,-0.08936040898224921,-108.93604089822493,,EDINET,,情報・通信業
3779.T,ジェイ・エスコムホールディングス,120.0,13.88120704,,2.792971,38.17608883388679,3065586000.0,2460295000.0,0.0,11567673.0,359261500.0,31.057369965420012,0.2588114163785001,-74.11885836215,投資有価証券,EDINET,,情報・通信業
3787.T,テクノマセマティカル,680.0,17.63095808,20.506634,0.99055624,93.14080832543537,1013467000.0,81032000.0,784220000.0,2592788.0,1473285800.0,568.2245521037586,0.8356243413290567,-16.437565867094325,,EDINET,,情報・通信業
3788.T,ＧＭＯグローバルサイン・ホールディングス,2060.0,236.27669504,21.68421,2.2859578,54.5820172951087,11948489000.0,8539830000.0,302255000.0,11469742.0,2766254500.0,241.17844150286902,0.1170769133509073,-88.29230866490927,,EDINET,,情報・通信業
3791.T,ＩＧポート,1124.0,225.9096576,33.978233,2.258248,65.93819320292052,10643190000.0,5262694000.0,285825000.0,20098725.0,5054304100.0,251.47386712341205,0.2237311985083737,-77.62688014916263,,EDINET,,情報・通信業
3793.T,ドリコム,557.0,158.75361792,75.88556,3.049899,42.46614110480486,7842218000.0,8787099000.0,20006000.0,28501547.0,-1809586700.0,-63.490823848965114,-0.11398711642543108,-111.39871164254309,,EDINET,,情報・通信業
3796.T,いい生活,292.0,40.30404096,26.401445,2.0645525,74.51611151170087,594479000.0,476908000.0,0.0,13802754.0,69880199.99999994,5.062772255449886,0.01733826114880098,-98.2661738851199,投資有価証券,EDINET,,情報・通信業
3798.T,ＵＬＳグループ,528.0,298.73385472,15.502054,2.3923552,79.9414721038234,12100000000.0,3091000000.0,461000000.0,56578380.0,9022600000.0,159.47080846075832,0.30202804632719377,-69.79719536728062,,EDINET,,情報・通信業
3799.T,キーウェアソリューションズ,1092.0,91.30568704,11.577608,1.1653569,66.635762075663,8558205000.0,3209507000.0,361600000.0,8361327.0,5280867300.0,631.5824390075882,0.5783721968933958,-42.16278031066042,,EDINET,,情報・通信業
3800.T,ユニリタ,1953.0,138.66979328,19.294605,1.205688,76.70495078066557,11435510000.0,3394455000.0,2852585000.0,7100348.0,9698419000.0,1365.9075583337606,0.699389430790456,-30.0610569209544,,EDINET,,情報・通信業
3802.T,エコミック,483.0,16.56757632,20.702957,1.313846,83.74379752005369,1583879000.0,168596000.0,0.0,3430140.0,1398423400.0,407.68697487566106,0.844072411750851,-15.592758824914894,投資有価証券,EDINET,,情報・通信業
3803.T,イメージ情報開発,588.0,19.50825856,,3.256806,62.99121657301604,437175000.0,306286000.0,16219000.0,3317731.0,111613700.0,33.64157612537002,0.057213564839064666,-94.27864351609354,,EDINET,,情報・通信業
3804.T,システム　ディ,450.0,86.64787968,14.544279,1.629083,68.02684693597381,3077707000.0,2457676000.0,32544000.0,19255083.0,397044200.0,20.620227915922253,0.04582272870204945,-95.41772712979505,,EDINET,,情報・通信業
3807.T,フィスコ,89.0,40.776704,8900.0,3.7341614,42.30938474255449,384580000.0,1544241000.0,1337683000.0,45816520.0,-377707000.00000024,-8.24390416382563,-0.09262813667219807,-109.26281366721982,,EDINET,,情報・通信業
3810.T,サイバーステップホールディングス,186.0,152.35792896,,2.3335466,90.36811513977304,752000000.0,531000000.0,90000000.0,81912863.0,230900000.0,2.818849098217944,0.015155102678591098,-98.48448973214089,,EDINET,,情報・通信業
3815.T,メディア工房,432.0,46.78065664,,8.016479,31.08499815158415,2231105000.0,1606141000.0,86000.0,10828856.0,464410099.99999976,42.88634921361959,0.09927395651300831,-90.07260434869916,,EDINET,,情報・通信業
3816.T,大和コンピューター,1100.0,42.6247808,19.548605,0.7662195,83.33585196645345,4294011000.0,1020018000.0,601860000.0,3874980.0,3593293200.0,927.3062570645526,0.8430056882405024,-15.699431175949762,,EDINET,,情報・通信業
3817.T,ＳＲＡホールディングス,4685.0,631.35059968,10.692441,1.7153468,65.5431432973806,38516000000.0,20344000000.0,9323000000.0,13476000.0,22663700000.0,1681.782428020184,0.358971702885845,-64.1028297114155,,EDINET,,情報・通信業
3823.T,ＴＨＥ　ＷＨＹ　ＨＯＷ　ＤＯ　ＣＯＭＰＡＮＹ,39.0,58.566144,,3.4111784,63.79882489894463,1735057000.0,895308000.0,0.0,150169600.0,750218199.9999999,4.995806075264234,0.1280975916734419,-87.1902408326558,,EDINET,,情報・通信業
3825.T,リミックスポイント,252.0,369.45666048,,1.7196083,86.53367483135528,18657000000.0,2631000000.0,350000000.0,146609800.0,16007900000.0,109.18710754669878,0.43328217280436027,-56.67178271956398,,EDINET,,小売業
3826.T,システムインテグレータ,491.0,53.60600064,11.740794,1.2141805,78.58839465542833,4462962000.0,865331000.0,10000000.0,10917719.0,3518097900.0,322.2374472176835,0.6562880798730825,-34.37119201269175,,EDINET,,情報・通信業
3834.T,朝日ネット,586.0,151.83844352,11.934827,1.1755831,90.28591112642094,8924000000.0,1696000000.0,401000000.0,25910998.0,7339100000.0,283.24266012447686,0.4833492493591755,-51.665075064082444,,EDINET,,情報・通信業
3835.T,ｅＢＡＳＥ,435.0,191.15526144,18.75,2.8160808,90.98128061713298,6422609000.0,754691000.0,1342828000.0,43943738.0,6532428500.0,148.65436572555572,0.3417341740817373,-65.82658259182627,,EDINET,,情報・通信業
3836.T,アバントグループ,1194.0,411.38495488,14.804711,2.8235095,60.339789650594575,20765941000.0,8775065000.0,830184000.0,34454352.0,11694498300.0,339.4200622319062,0.284271408904444,-71.5728591095556,,EDINET,,情報・通信業
3837.T,アドソル日進,1357.0,228.50213888,15.91229,3.358545,67.62530260829075,6679608000.0,2810238000.0,1764280000.0,16838771.0,4823342200.0,286.44265071364174,0.21108522528639775,-78.89147747136022,,EDINET,,情報・通信業
3839.T,ＯＤＫソリューションズ,628.0,51.45949184,37.159763,0.8305274,71.10252515897184,5840706000.0,2949153000.0,1183723000.0,8194187.0,3425243799.9999995,418.0089861263844,0.6656194046598478,-33.438059534015224,,EDINET,,情報・通信業
3841.T,ジーダット,1295.0,49.84879616,28.568275,1.957746,83.4873896462602,3107601000.0,679107000.0,132121000.0,3849328.0,2453068000.0,637.2717523682055,0.4921017392804676,-50.789826071953236,,EDINET,,情報・通信業
3840.T,ヴィクトン,63.0,52.0885504,,2.8970845,75.42103811415448,1540257000.0,777410000.0,0.0,82680236.0,685105999.9999999,8.28621243896788,0.13152718157091872,-86.84728184290813,投資有価証券,EDINET,,情報・通信業
3842.T,ネクストジェン,1330.0,41.13219072,14.100933,1.7109895,65.14620402726895,2753732000.0,1363743000.0,0.0,3092646.0,1253614699.9999998,405.3534416806837,0.30477702382006294,-69.5222976179937,投資有価証券,EDINET,,情報・通信業
3843.T,フリービット,1662.0,362.6868736,10.997883,4.0687327,21.04725680896245,31817576000.0,22986762000.0,989025000.0,21822315.0,7224455299.999996,331.0581530877909,0.19919263122009082,-80.08073687799092,,EDINET,,情報・通信業
3844.T,コムチュア,1260.0,401.8546688,12.383292,2.0818086,74.63773473310661,20843000000.0,7143000000.0,88000000.0,31893228.0,13047300000.0,409.0931153158909,0.32467707564753245,-67.53229243524676,,EDINET,,情報・通信業
3845.T,アイフリークモバイル,331.0,73.6132096,166.33167,8.787066,71.10599250142361,1383737000.0,532402000.0,0.0,22239641.0,798094800.0,35.886136831075646,0.1084173318159385,-89.15826681840615,,EDINET,,情報・通信業
3848.T,データ・アプリケーション,848.0,54.01990656,34.683025,1.1804913,71.40065863156806,4225199000.0,1403368000.0,1313660000.0,6370272.0,3601056200.0,565.2908070487414,0.6666165177461573,-33.33834822538427,,EDINET,,情報・通信業
3851.T,日本一ソフトウェア,1356.0,68.6169088,,0.8625631,70.51716050538718,6868170000.0,3286014000.0,1174718000.0,5060244.0,4075857199.9999995,805.4665348153171,0.5940018693328297,-40.599813066717026,,EDINET,,情報・通信業
3850.T,エヌ・ティ・ティ・データ・イントラマート,3865.0,188.28668928,20.740541,3.204985,53.44917007023703,5120576000.0,4154585000.0,335094000.0,4871583.0,785098300.0,161.15876502566005,0.041696963784129376,-95.83030362158705,,EDINET,,情報・通信業
3853.T,アステリア,1076.0,182.76876288,22.883879,1.9312781,75.03229550717042,2658665000.0,1213921000.0,548117000.0,16985943.0,1707033800.0,100.49685201463352,0.09339856135188988,-90.660143864811,,EDINET,,情報・通信業
3854.T,アイル,2050.0,512.49496064,12.372502,3.6966507,68.39564330528155,11567945000.0,4473259000.0,146256000.0,24999754.0,6749739300.0,269.9922287235306,0.1317035262066003,-86.82964737933997,,EDINET,,情報・通信業
3858.T,ユビキタスＡＩ,353.0,36.91985664,,1.7913598,51.65554230550977,2513353000.0,1054428000.0,265341000.0,10458883.0,1539220900.0,147.16876553643445,0.4169086842391911,-58.309131576080894,,EDINET,,情報・通信業
3861.T,王子ホールディングス,829.1,7041.00171776,13.690554,0.64933187,42.31122792287446,806504000000.0,1502238000000.0,197835000000.0,849234293.0,-707473300000.0002,-833.0719871200494,-1.004790721408816,-200.4790721408816,,EDINET,,パルプ・紙
3863.T,日本製紙,1294.0,1492.09202688,13.089217,0.28958055,31.09074081424049,638305000000.0,1192873000000.0,172984000000.0,115308503.0,-552766500000.0,-4793.805188850643,-3.704640795093233,-470.46407950932326,,EDINET,,パルプ・紙
3864.T,三菱製紙,1217.0,533.14555904,28.427937,0.5154229,46.31737709627608,91512000000.0,122934000000.0,24813000000.0,43808179.0,-26346300000.000015,-601.40139584437,-0.4941671288778718,-149.41671288778718,,EDINET,,パルプ・紙
3865.T,北越コーポレーション,886.0,1407.5133952,20.410044,0.56334335,60.095250776319986,179486000000.0,153012000000.0,30608000000.0,158861545.0,32598400000.0,205.20006902866265,0.2316027867140662,-76.83972132859337,,EDINET,,パルプ・紙
3877.T,中越パルプ工業,2146.0,269.6520704,11.130705,0.4454777,50.342609542683434,54612000000.0,65946000000.0,11651000000.0,12565334.0,-9772900000.0,-777.7668305514203,-0.36242629569031704,-136.2426295690317,,EDINET,,パルプ・紙
3878.T,巴川コーポレーション,963.0,94.43377152,10.24468,0.51086694,44.153039791130915,21639000000.0,26457000000.0,6318000000.0,9806207.0,-3041100000.000004,-310.1199067080681,-0.3220352094580146,-132.20352094580147,,EDINET,,化学
3880.T,大王製紙,955.0,1472.83361792,17.810518,0.6438503,28.42809129553945,360882000000.0,636352000000.0,21382000000.0,154223423.0,-324137800000.0,-2101.7417049548953,-2.2007766544030316,-320.0776654403032,,EDINET,,パルプ・紙
3891.T,ニッポン高度紙工業,7610.0,802.60112384,29.750969,2.9605124,73.59498563425822,17507454000.0,11365992000.0,302683000.0,10546664.0,5216740899.999998,494.63421798589565,0.0649979261479495,-93.50020738520504,,EDINET,,パルプ・紙
3892.T,岡山製紙,1605.0,74.55102976,8.877213,0.51479316,78.19827162732459,10140417000.0,3649181000.0,3656133000.0,4644924.0,8685611000.0,1869.914556190801,1.1650557982497203,16.505579824972028,,EDINET,,パルプ・紙
3896.T,阿波製紙,415.0,41.50806272,5.537025,0.63819253,30.689925947945955,9247124000.0,19605174000.0,199818000.0,10001943.0,-12178694800.0,-1217.6328939287096,-2.934055166093276,-393.4055166093276,,EDINET,,パルプ・紙
3895.T,ハビックス,435.0,34.08513792,6.151018,0.46754035,56.018232316656366,8230845000.0,4961026000.0,149601000.0,7835664.0,2878437100.0,367.35075674505697,0.8444844982644988,-15.551550173550122,,EDINET,,パルプ・紙
3900.T,クラウドワークス,677.0,107.1655424,,1.6139953,42.99376895618386,8827646000.0,6232622000.0,1952023000.0,15829474.0,3338177899.999999,210.88369076571962,0.31149732757122545,-68.85026724287746,,EDINET,,情報・通信業
3901.T,マークラインズ,1533.0,195.40404224,12.742084,2.7819467,74.63611284892089,6661368000.0,2136431000.0,567243000.0,12746513.0,4708364000.0,369.38447401261817,0.24095529942114688,-75.9044700578853,,EDINET,,情報・通信業
3903.T,ｇｕｍｉ,201.0,108.34107392,7.3572474,0.55163556,76.79919914193381,15736683000.0,6004409000.0,1523345000.0,53901034.0,10198174600.0,189.20183609093658,0.9413026671190875,-5.869733288091253,,EDINET,,情報・通信業
3904.T,カヤック,427.0,65.79444224,12.746268,1.1089585,46.45227497104024,8949749000.0,6847750000.0,638757000.0,15408534.0,1864353899.999999,120.99489153218593,0.28336040171472116,-71.6639598285279,,EDINET,,情報・通信業
3905.T,データセクション,1928.0,722.27323904,22.332909,2.366213,67.89930078054195,1391803000.0,2193817000.0,49326000.0,37462306.0,-986867500.0,-26.342945893400156,-0.013663353679149459,-101.36633536791496,,EDINET,,情報・通信業
3907.T,シリコンスタジオ,1863.0,51.13893888,,2.9407077,66.20271234832262,1996000000.0,729000000.0,69000000.0,2744978.0,1242400000.0,452.6083633457172,0.2429459813986673,-75.70540186013326,,EDINET,,情報・通信業
3908.T,コラボス,364.0,16.94312576,16.758749,1.2597117,81.86966497734261,1513377000.0,444043000.0,0.0,4654705.0,1024929700.0,220.19219263089713,0.6049236061288382,-39.50763938711617,投資有価証券,EDINET,,情報・通信業
3909.T,ショーケース,203.0,17.40258048,2.1579676,1.033405,37.14343903149144,2994395000.0,2191295000.0,42091000.0,8572700.0,613434200.0,71.55670908815192,0.3524961038825218,-64.75038961174782,,EDINET,,情報・通信業
3910.T,エムケイシステム,302.0,16.39103232,6.4091682,1.8375641,39.98580331619072,1512994000.0,1766483000.0,70000.0,5427494.0,-430088300.00000024,-79.24251966008626,-0.26239244920558363,-126.23924492055836,,EDINET,,情報・通信業
3911.T,Ａｉｍｉｎｇ,169.0,78.86925824,12.308813,1.0865023,74.91672642260319,6756540000.0,2089957000.0,0.0,46668200.0,4457587300.0,95.5165894549179,0.5651869198515852,-43.481308014841474,投資有価証券,EDINET,,情報・通信業
3912.T,モバイルファクトリー,1053.0,68.38011392,14.820548,2.7373972,77.4922230523329,3751165000.0,811078000.0,104552000.0,6493838.0,2932165600.0,451.5304508674223,0.42880384697760904,-57.11961530223909,,EDINET,,情報・通信業
3913.T,ＧｒｅｅｎＢｅｅ,1071.0,21.78641152,8.589301,1.8005295,82.91893722814388,1229486000.0,113777000.0,13500000.0,2034212.0,1113781300.0,547.5246926082434,0.5112275374493402,-48.87724625506598,,EDINET,,情報・通信業
3914.T,ＪＩＧ－ＳＡＷ,2503.0,164.68896768,31.91788,4.474029,63.6346253983777,3392649000.0,1701859000.0,211773000.0,6579663.0,1668845199.9999998,253.63688079465464,0.10133315253482007,-89.86668474651799,,EDINET,,情報・通信業
3915.T,テラスカイ,2232.0,288.12613632,18.44933,2.3019898,67.38115052170079,12844915000.0,6630545000.0,4269158000.0,12908877.0,8539726099.999999,661.5390401504328,0.2963884588487602,-70.36115411512398,,EDINET,,情報・通信業
3916.T,デジタル・インフォメーション・テクノロジー,968.0,285.20054784,13.593596,3.1496472,72.59459173629742,9474059000.0,3088896000.0,522161000.0,29462866.0,6441786100.0,218.6408511649885,0.2258686478977154,-77.41313521022846,,EDINET,,情報・通信業
3917.T,アイリッジ,491.0,38.4412928,6.1313686,1.3137827,53.595145568485755,4555400000.0,3388308000.0,97988000.0,7829184.0,896852799.9999995,114.55252552500995,0.23330453263749482,-76.66954673625051,,EDINET,,情報・通信業
3918.T,ＰＣＩホールディングス,1166.0,115.6844544,10.372743,1.2233328,63.5887029710416,12123167000.0,6448054000.0,206103000.0,9921480.0,5174579699.999999,521.5532057717195,0.4473012056361231,-55.26987943638769,,EDINET,,情報・通信業
3920.T,アイビーシー,981.0,54.51849728,14.064516,2.2777562,60.788881537530884,2668839000.0,1334807000.0,169866000.0,5557441.0,1319457500.0,237.4217737984083,0.24202015677717462,-75.79798432228253,,EDINET,,情報・通信業
3921.T,ネオジャパン,1615.0,226.38864384,12.183163,2.8210447,69.9680844607355,6570121000.0,2926474000.0,1540928000.0,14017873.0,4429649200.0,316.0000950215486,0.1956656935117948,-80.43343064882052,,EDINET,,情報・通信業
3922.T,ＰＲ　ＴＩＭＥＳ,2142.0,289.6955392,12.340131,3.0356755,80.069397184682,6595773000.0,1337185000.0,70799000.0,13524535.0,5174428800.0,382.59568998120824,0.17861610176526996,-82.138389823473,,EDINET,,情報・通信業
3923.T,ラクス,1048.5,3712.83656704,28.476372,9.681172,71.16809272573194,19296000000.0,9676000000.0,3877000000.0,354109341.0,11366300000.0,32.09827780284395,0.030613521986498762,-96.93864780135011,,EDINET,,情報・通信業
3925.T,ダブルスタンダード,1287.0,173.948928,15.7296505,2.9255254,90.46847088203461,6402871000.0,1143272000.0,0.0,13515846.0,5145271800.0,380.6844055488646,0.2957920789035467,-70.42079210964533,,EDINET,,情報・通信業
3926.T,オープンドア,407.0,126.22493696,,3.7187629,85.55246361295788,2760741000.0,457526000.0,1625579000.0,31013498.0,3395367700.0,109.48032047207316,0.26899341639330016,-73.10065836066998,,EDINET,,情報・通信業
3927.T,フーバーブレイン,949.0,50.90328064,16.669594,2.365392,29.43377589690448,3326249000.0,3874593000.0,135802000.0,5363886.0,-840741900.0000005,-156.74119472337787,-0.16516458874960788,-116.5164588749608,,EDINET,,情報・通信業
3928.T,マイネット,230.0,21.94972928,,1.4602063,32.44187628682171,3927392000.0,3323031000.0,245759000.0,9543361.0,444089199.9999995,46.53383645447338,0.20232102806292773,-79.76789719370723,,EDINET,,情報・通信業
3929.T,ソーシャルワイヤー,245.0,28.68643072,13.087607,1.5972358,52.04671506100088,1941315000.0,945864000.0,58606000.0,11708747.0,941888799.9999999,80.44317637062274,0.3283394953902969,-67.16605046097031,,EDINET,,情報・通信業
3930.T,はてな,748.0,22.40571136,,1.2208676,87.97925049618827,2278977000.0,349703000.0,193940000.0,2995416.0,2030061700.0,677.722793762202,0.9060465157248689,-9.39534842751311,,EDINET,,情報・通信業
3931.T,バリューゴルフ,1473.0,26.6142976,,2.5789034,33.69586582341597,2193840000.0,1522912000.0,67979000.0,1806809.0,566222099.9999998,313.382377440006,0.21275110484725457,-78.72488951527454,,EDINET,,情報・通信業
3932.T,アカツキ,1311.0,473.22914816,9.980967,1.2179047,72.8022462896109,41252000000.0,13177000000.0,11375000000.0,36096807.0,34719800000.0,961.8523876640945,0.7336784040153276,-26.632159598467236,,EDINET,,情報・通信業
3934.T,ベネフィットジャパン,2283.0,134.66062848,13.561839,1.5557313,60.969511602560225,11045268000.0,3920919000.0,5524000.0,5898407.0,6736123900.0,1142.0242618049247,0.5002296372338697,-49.97703627661302,,EDINET,,情報・通信業
3933.T,チエル,527.0,39.36800768,6.0463514,1.0981317,27.690564414335466,6222115000.0,6773624000.0,628932000.0,7470210.0,-788619000.000001,-105.56851815410825,-0.2003197687933743,-120.03197687933742,,EDINET,,情報・通信業
3935.T,エディア,730.0,41.36149248,9.888919,2.6772485,57.98710290611739,2700488000.0,1626335000.0,5000000.0,5665958.0,915019499.9999998,161.4942256896362,0.2212249666981318,-77.87750333018683,,EDINET,,情報・通信業
3936.T,グローバルウェイ,133.0,48.627712,25.237192,4.1506724,68.7545685785168,1601276000.0,596615000.0,119968000.0,36562189.0,1028977100.0,28.143202804405394,0.21160302860455182,-78.83969713954482,,EDINET,,情報・通信業
3937.T,Ｕｂｉｃｏｍホールディングス,1122.0,136.02276352,Infinity,2.3321896,75.54725625811888,6604056000.0,2268614000.0,352449000.0,12123241.0,4355294900.0,359.2516968028599,0.32018867807741525,-67.98113219225847,,EDINET,,情報・通信業
3939.T,カナミックネットワーク,492.0,233.48989952,18.524097,4.351287,71.0659671913445,3859400000.0,2340750000.0,21858000.0,47457294.0,1299875600.0,27.390428118383657,0.05567160186663345,-94.43283981333666,,EDINET,,情報・通信業
3940.T,ノムラシステムコーポレーション,130.0,58.14652416,16.581633,1.6991464,88.64812786683119,3480335000.0,450350000.0,285000000.0,44728096.0,3184450000.0,71.1957423808069,0.5476595567754378,-45.23404432245623,,EDINET,,情報・通信業
3941.T,レンゴー,1504.5,3615.07454976,17.775284,0.7311433,40.25280903154858,469481000000.0,742872000000.0,156961000000.0,240284122.0,-237805500000.00012,-989.6846201098552,-0.6578162978463644,-165.78162978463644,,EDINET,,パルプ・紙
3943.T,大石産業,1301.0,102.04086272,14.198407,0.518316,69.89734084266058,15506000000.0,7968000000.0,1528000000.0,7843264.0,7810800000.0,995.8609068877447,0.765458037577052,-23.454196242294795,,EDINET,,パルプ・紙
3944.T,古林紙工,3100.0,34.89419008,11.901563,0.3284159,53.143639268334674,9352430000.0,10410398000.0,4658476000.0,1125619.0,1161925400.0,1032.2546083532704,0.33298535753331304,-66.70146424666868,,EDINET,,パルプ・紙
3945.T,スーパーバッグ,2218.0,32.94060544,4.106647,0.5918183,40.3822396628152,10173000000.0,9870000000.0,1483000000.0,1485149.0,354099999.9999999,238.42725544709648,0.10749650831699571,-89.25034916830043,,EDINET,,パルプ・紙
3946.T,トーモク,4390.0,711.14162176,9.821689,0.7082994,46.00084883954699,89483000000.0,113453000000.0,11012000000.0,16199125.0,-27606900000.000015,-1704.2216786400509,-0.38820539376766533,-138.82053937676656,,EDINET,,パルプ・紙
3947.T,ダイナパック,2500.0,244.31859712,7.498725,0.49456874,56.36596408817025,27504632000.0,30673581000.0,21481996000.0,9772744.0,8801090099.999994,900.5751199458406,0.36023004797833624,-63.97699520216638,,EDINET,,パルプ・紙
3948.T,光ビジネスフォーム,1184.0,63.69655808,17.60333,1.1066889,81.1027233602851,5260735000.0,1763334000.0,1227487000.0,5379777.0,4180308500.0,777.0412230841539,0.6562848167940489,-34.371518320595115,,EDINET,,パルプ・紙
3950.T,ザ・パック,1428.0,774.166528,14.258612,1.017959,73.88208651594826,60043000000.0,28806000000.0,8058000000.0,54213346.0,33996999999.999996,627.0965086714994,0.4391432133553917,-56.08567866446082,,EDINET,,パルプ・紙
3951.T,朝日印刷,892.0,183.55187712,11.789584,0.51064837,53.101554029634976,29578000000.0,34890000000.0,4615000000.0,20577565.0,-5570500000.0,-270.7074427902427,-0.3034836802581196,-130.34836802581196,,EDINET,,パルプ・紙
3953.T,大村紙業,789.0,28.10151424,7.678832,0.54821515,77.73613664923771,4539299000.0,1997052000.0,237097000.0,3561662.0,2508509700.0,704.3087468715448,0.8926600087091823,-10.733999129081772,,EDINET,,パルプ・紙
3954.T,昭和パックス,3090.0,135.65118464,10.657377,0.483843,74.41965106964415,19260696000.0,9105314000.0,5806011000.0,4390006.0,13309058300.0,3031.6720068264144,0.9811236268046648,-1.8876373195335139,,EDINET,,パルプ・紙
3955.T,イムラ,850.0,85.17991936,24.481565,0.46975082,63.768424791333686,8513000000.0,6593000000.0,960000000.0,10021167.0,1932699999.999999,192.8617694925151,0.22689619940295894,-77.3103800597041,,EDINET,,パルプ・紙
3958.T,笹徳印刷,535.0,28.94196992,15.320734,0.3028034,61.40409685625179,5122741000.0,4860870000.0,3698923000.0,5409714.0,2365030100.0,437.1820950238774,0.8171627944371541,-18.283720556284592,,EDINET,,パルプ・紙
3962.T,チェンジホールディングス,999.0,694.3514624,10.051313,1.5368994,51.872543913640456,13903000000.0,34933000000.0,4574000000.0,69504647.0,-21321500000.0,-306.76366142827834,-0.3070707321604388,-130.70707321604388,,EDINET,,情報・通信業
3963.T,シンクロ・フード,312.0,87.49287424,33.693302,2.006947,41.43215960702615,5683214000.0,804564000.0,14952000.0,28042588.0,4808660000.0,171.47704056415907,0.5496058992440995,-45.03941007559004,,EDINET,,情報・通信業
3964.T,オークネット,1368.0,1241.05834496,17.340601,4.1888537,52.425499222634144,33537302000.0,17874413000.0,2491497000.0,90720638.0,15619495600.0,172.17135972963507,0.12585625711230633,-87.41437428876937,,EDINET,,情報・通信業
3965.T,キャピタル・アセット・プランニング,851.0,48.99638272,9.041649,1.2454594,59.27331704814988,3816001000.0,2364382000.0,653219000.0,5757507.0,1672434100.0,290.47886524497494,0.341338267032873,-65.86617329671269,,EDINET,,情報・通信業
3967.T,エルテス,781.0,48.29123584,,2.6933172,26.33539839793827,4067543000.0,5515062000.0,417970000.0,6183257.0,-1706446200.000001,-275.9785336433535,-0.35336560005551026,-135.33656000555104,,EDINET,,情報・通信業
3968.T,セグエグループ,724.0,263.94343424,11.495713,3.4561114,23.59897095862566,10795910000.0,10440081000.0,235409000.0,36456277.0,-523392800.0,-14.356726552192919,-0.019829732806896296,-101.98297328068962,,EDINET,,情報・通信業
3969.T,エイトレッド,1390.0,104.0718336,14.56565,1.8426313,81.20577835735675,5435933000.0,1130517000.0,0.0,7487182.0,4192364300.0,559.9388795410609,0.40283372628853303,-59.71662737114669,投資有価証券,EDINET,,情報・通信業
3970.T,イノベーション,814.0,21.88303872,,0.80098957,46.5166345994572,4975920000.0,4254474000.0,104358000.0,2688334.0,369049200.0,137.27803167314775,0.16864623055669256,-83.13537694433074,,EDINET,,情報・通信業
3974.T,ＳＣＡＴ,677.0,21.33278464,15.064531,1.0231547,67.15194088827022,1578391000.0,992168000.0,63240000.0,3151076.0,531274200.0,168.60088426937338,0.2490411879902118,-75.09588120097882,,EDINET,,情報・通信業
3976.T,シャノン,533.0,31.5852928,,2.283829,-2.421960633920908,1376156000.0,2222025000.0,188896000.0,5925946.0,-935844300.0,-157.92319066019164,-0.29629116446565035,-129.62911644656504,,EDINET,,情報・通信業
3979.T,うるる,497.0,136.2628096,18.053032,3.6966238,45.9232693745823,4258667000.0,3212705000.0,515150000.0,27417064.0,1085296499.9999995,39.58470899728722,0.07964730180540688,-92.0352698194593,,EDINET,,情報・通信業
3981.T,ビーグリー,1233.0,68.97125888,10.523171,0.8602051,48.703496492852885,8579904000.0,9808044000.0,0.0,5593776.0,-2208944400.0,-394.8932527866686,-0.32027027801027463,-132.02702780102746,投資有価証券,EDINET,,情報・通信業
3983.T,オロ,1916.0,290.3296,14.113141,2.9312098,75.3118960208389,11877144000.0,2817620000.0,118481000.0,15152902.0,8860698700.0,584.7525906258749,0.3051944627483689,-69.48055372516312,,EDINET,,情報・通信業
3984.T,ユーザーローカル,1561.0,243.75166976,15.2248125,2.5995133,84.48757947022888,9232241000.0,1272105000.0,0.0,15615098.0,7832925500.0,501.6251258877786,0.3213485752003707,-67.86514247996293,,EDINET,,情報・通信業
3985.T,テモナ,186.0,19.90368,,2.7568624,43.46325405372352,1177213000.0,840990000.0,2250000.0,10700903.0,253698999.99999988,23.70818612223659,0.12746336624858381,-87.25366337514163,,EDINET,,情報・通信業
3986.T,ビーブレイクシステムズ,486.0,22.18638592,21.657753,1.2401567,73.84690505650528,2127928000.0,577809000.0,0.0,4565100.0,1492338100.0,326.90151365797027,0.6726368593785397,-32.736314062146036,投資有価証券,EDINET,,情報・通信業
3987.T,エコモット,625.0,32.29345536,,4.0166063,30.6451883927598,2012407000.0,1720206000.0,144245000.0,5166953.0,221151899.99999976,42.80122153230342,0.06848195445168548,-93.15180455483146,,EDINET,,情報・通信業
3988.T,ＳＹＳホールディングス,553.0,58.516864,10.68599,1.3791659,47.42038678590998,5095416000.0,3246765000.0,235053000.0,10581711.0,1688511599.9999995,159.568863674315,0.2885512905502984,-71.14487094497017,,EDINET,,情報・通信業
3989.T,シェアリングテクノロジー,1547.0,370.21671424,25.008083,6.5617857,69.91946053536654,5146002000.0,1861498000.0,147227000.0,23931269.0,3201413100.0,133.77531713842671,0.08647402529956479,-91.35259747004352,,EDINET,,情報・通信業
3991.T,ウォンテッドリー,952.0,90.50838016,10.653536,1.7830654,68.59959861765329,4960062000.0,1262505000.0,320000.0,9507183.0,3571530500.0,375.66653550268256,0.3946077053599607,-60.53922946400393,,EDINET,,情報・通信業
3992.T,ニーズウェル,430.0,162.79738368,20.613613,3.3189769,73.2809374453527,4052879000.0,1422997000.0,418893000.0,37859856.0,2780807400.0,73.45002580041509,0.17081401348933742,-82.91859865106626,,EDINET,,情報・通信業
3993.T,ＰＫＳＨＡ　Ｔｅｃｈｎｏｌｏｇｙ,3370.0,1033.7337344,42.077663,2.9109366,63.823262534838854,8739062000.0,772017000.0,2435733000.0,30674591.0,9594856400.0,312.79492528523036,0.09281748524784283,-90.71825147521572,,EDINET,,情報・通信業
3994.T,マネーフォワード,6173.0,3423.85688576,79.26297,7.6828394,43.792853854508536,66330950000.0,61516148000.0,18759720000.0,55465041.0,11794991199.999992,212.65631445219688,0.03444942725614723,-96.55505727438526,,EDINET,,情報・通信業
3996.T,サインポスト,222.0,28.41372672,37.627117,1.5000405,61.74780228607587,2176703000.0,1094521000.0,7193000.0,12798976.0,977765000.0,76.39400214517161,0.3441171267800523,-65.58828732199477,,EDINET,,情報・通信業
3997.T,トレードワークス,443.0,179.54013184,118.449196,7.15266,46.65096095778261,1730324000.0,1625631000.0,233910000.0,40528250.0,105866899.99999976,2.6121754578596352,0.0058965585956199445,-99.41034414043801,,EDINET,,情報・通信業
3998.T,すららネット,276.0,17.41454592,,0.79736984,88.90990753185204,1446639000.0,373674000.0,0.0,6309618.0,1035597600.0,164.12999962913761,0.594673911699774,-40.5326088300226,投資有価証券,EDINET,,情報・通信業
4004.T,レゾナック・ホールディングス,17825.0,33815.27052288,58.596317,4.2876754,34.53766821741634,523861000000.0,1200929000000.0,22237000000.0,189706990.0,-781595000000.0,-4120.011603157058,-0.23113669582928795,-123.1136695829288,,EDINET,,化学
4008.T,住友精化,1510.0,965.93829888,12.677357,0.92293495,67.84367388628448,80122000000.0,47219000000.0,1198000000.0,63969425.0,29019699999.999992,453.64953647777816,0.3004301566078001,-69.95698433921999,,EDINET,,化学
4005.T,住友化学,586.3,9684.92777472,15.555851,0.8779167,36.31888720282663,723191000000.0,1423017000000.0,76403000000.0,1651872408.0,-788645600000.0002,-477.42525159969875,-0.8143019812377602,-181.43019812377602,,EDINET,,化学
4011.T,ヘッドウォータース,2370.0,145.10158848,,2.3605084,35.162182015402074,1459812000.0,527793000.0,95042000.0,6122430.0,945769100.0,154.47609854257215,0.06517978841458741,-93.48202115854124,,EDINET,,情報・通信業
4012.T,アクシス,1737.0,74.63101952,10.314727,1.7511317,75.42883006712283,4225955000.0,1208994000.0,50211000.0,4296547.0,2931209300.0,682.224423473082,0.3927601747110432,-60.72398252889568,,EDINET,,情報・通信業
4013.T,勤次郎,681.0,134.14040576,13.461159,1.2743192,74.62959515034093,5226459000.0,3444016000.0,50987000.0,19697565.0,1473732299.9999995,74.8179940007813,0.10986489574270382,-89.01351042572962,,EDINET,,情報・通信業
4014.T,カラダノート,442.0,29.55291136,11.67459,4.0153346,34.04999406188959,926393000.0,683032000.0,0.0,6686179.0,175057799.99999988,26.182039098863473,0.05923538257661419,-94.07646174233858,投資有価証券,EDINET,,情報・通信業
4016.T,ＭＩＴホールディングス,1084.0,21.7098112,29.862259,3.0116382,34.32894829893034,1841058000.0,1778770000.0,19057000.0,2002750.0,-102249100.00000024,-51.05435026838109,-0.0470981091036726,-104.70981091036727,,EDINET,,情報・通信業
4015.T,ペイクラウドホールディングス,524.0,80.80801792,126.87651,1.7190869,48.14504496376023,4834062000.0,4047342000.0,32682000.0,15421377.0,404863200.0,26.253375428147564,0.050101861504098406,-94.98981384959015,,EDINET,,情報・通信業
4017.T,クリーマ,208.0,14.02347904,51.48515,1.2226232,30.781311698790464,3076699000.0,2261304000.0,0.0,6742057.0,589264600.0,87.40130793910524,0.4201985958610829,-57.98014041389171,投資有価証券,EDINET,,情報・通信業
4020.T,ビートレンド,878.0,19.00453888,,2.978816,85.76284237157628,807959000.0,111770000.0,0.0,2164526.0,685012000.0,316.4720590096862,0.36044653645750135,-63.95534635424986,投資有価証券,EDINET,,情報・通信業
4019.T,スタメン,609.0,53.47850752,18.157423,3.2549264,62.67289543554827,1323302000.0,819964000.0,33151000.0,8781364.0,444547299.9999999,50.62394634819829,0.08312634868341262,-91.68736513165874,,EDINET,,情報・通信業
4021.T,日産化学,8746.0,11667.00969984,22.910282,4.647327,65.04232872777249,210352000000.0,94582000000.0,24353000000.0,133398233.0,123358899999.99998,924.7416343213481,0.10573309333653648,-89.42669066634636,,EDINET,,化学
4023.T,クレハ,3920.0,1498.26535424,,0.8854421,49.396355083854345,64275000000.0,117202000000.0,18608000000.0,38221054.0,-51621600000.000015,-1350.6063961501432,-0.3445424479974855,-134.45424479974855,,EDINET,,化学
4022.T,ラサ工業,2140.0,835.91274496,18.62165,2.5974374,63.712404698537206,23581000000.0,17961000000.0,3234000000.0,39061345.0,6087700000.0,155.84972816476238,0.07282697577792635,-92.71730242220737,,EDINET,,化学
4025.T,多木化学,5880.0,490.82527744,12.571087,1.043421,65.9939378246234,27274000000.0,20443000000.0,13649000000.0,8347369.0,14341000000.0,1718.0263625580708,0.2921813541765427,-70.78186458234573,,EDINET,,化学
4026.T,神島化学工業,1590.0,144.48366592,7.8421702,3.5842454,47.76734972233949,11806000000.0,17766000000.0,418000000.0,9087023.0,-7444000000.0,-819.1901792259137,-0.5152139491986878,-151.52139491986878,,EDINET,,ガラス・土石製品
4027.T,テイカ,2356.0,528.8740864,,0.87383896,69.43246234106462,49963000000.0,28944000000.0,12235000000.0,22447966.0,26689099999.999996,1188.9317722594553,0.5046399712476466,-49.53600287523534,,EDINET,,化学
4028.T,石原産業,2824.0,1080.59951104,6.453677,0.8472367,53.73282087118565,154830000000.0,110648000000.0,11488000000.0,38264854.0,41158799999.999985,1075.629349062719,0.38088857969643025,-61.91114203035698,,EDINET,,化学
4031.T,片倉コープアグリ,1027.0,92.05080064,,0.39992523,46.928767011320446,29878000000.0,26229000000.0,1100000000.0,8963077.0,1796099999.9999962,200.3887727395398,0.19512051873372913,-80.48794812662709,,EDINET,,化学
4040.T,南海化学,4080.0,81.525376,2.9684603,0.7095067,57.42263801788835,9505000000.0,13967000000.0,427000000.0,1998171.0,-5559800000.000002,-2782.4445455368946,-0.6819717023374742,-168.19717023374744,,EDINET,,化学
4041.T,日本曹達,3705.0,1986.01064448,11.024488,0.9400077,67.06399179967785,129643000000.0,99994000000.0,63328000000.0,53603528.0,63979199999.999985,1193.5632296441381,0.3221493197420076,-67.78506802579925,,EDINET,,化学
4042.T,東ソー,2622.0,8072.89028608,19.68912,0.959662,65.2356719542922,754383000000.0,424880000000.0,70132000000.0,307890546.0,336107399999.99994,1091.6457304928094,0.4163408583115215,-58.365914168847844,,EDINET,,化学
4043.T,トクヤマ,4143.0,2980.68803584,13.085087,1.0386236,53.425350536029505,234630000000.0,202349000000.0,36050000000.0,71945163.0,37281099999.99997,518.1877202780119,0.12507548160222348,-87.49245183977766,,EDINET,,化学
4044.T,セントラル硝子,4600.0,1140.46803968,13.594184,0.8927916,64.81031214457222,114889000000.0,83770000000.0,17835000000.0,24792784.0,35226500000.0,1420.836804773518,0.3088775662551126,-69.11224337448874,,EDINET,,化学
4045.T,東亞合成,1824.5,1928.61732864,14.881729,0.8788269,74.6936234240155,122750000000.0,64352000000.0,34023000000.0,105706625.0,75778900000.0,716.8793819687271,0.39291826909768546,-60.708173090231455,,EDINET,,化学
4046.T,大阪ソーダ,2110.0,2543.82505984,16.800701,1.9620423,75.62980783510054,92916000000.0,38339000000.0,28510000000.0,120560430.0,70700100000.0,586.428731218029,0.277928308634137,-72.2071691365863,,EDINET,,化学
4047.T,関東電化工業,2554.0,1464.81987584,36.880867,1.924761,56.54157210959989,57426000000.0,55995000000.0,8181000000.0,57353949.0,1558199999.9999924,27.16813797773528,0.01063748550420332,-98.93625144957967,,EDINET,,化学
4051.T,ＧＭＯフィナンシャルゲート,5970.0,492.92345344,29.869415,7.0927973,46.94997275615665,10590191000.0,7873470000.0,99994000.0,8256674.0,1999369800.0,242.15196094698663,0.040561467495307646,-95.94385325046923,,EDINET,,情報・通信業
4053.T,Ｓｕｎ　Ａｓｔｅｒｉｓｋ,517.0,202.12977664,22.527233,1.7027807,66.17418834192067,12235000000.0,3682000000.0,675000000.0,39096668.0,8657300000.0,221.4331922096277,0.42830404682713286,-57.16959531728671,,EDINET,,情報・通信業
4052.T,フィーチャ,1003.0,58.6507776,137.77472,8.4878435,95.02383797985163,687026000.0,42564000.0,0.0,5847535.0,640205600.0,109.48298727583503,0.10915552071369394,-89.08444792863061,投資有価証券,EDINET,,情報・通信業
4054.T,日本情報クリエイト,519.0,71.43431168,12.455004,1.6886725,62.23534590851705,1733312000.0,1818933000.0,25173000.0,13763837.0,-249893200.00000024,-18.15578025226543,-0.034982235553497935,-103.4982235553498,,EDINET,,情報・通信業
4056.T,ニューラルグループ,204.0,35.06932992,,2.3011324,44.71822646247984,1509907000.0,2362537000.0,157215000.0,17190847.0,-978833200.0,-56.93920724208644,-0.2791137609906198,-127.911376099062,,EDINET,,情報・通信業
4055.T,ティアンドエスグループ,1630.0,121.90216192,22.645178,3.0030916,79.52752939018137,2774116000.0,485287000.0,30400000.0,7478660.0,2261580300.0,302.4044815515079,0.18552422181074105,-81.4475778189259,,EDINET,,情報・通信業
4057.T,インターファクトリー,346.0,13.96343936,40.0927,1.1530489,60.78474449007106,1330648000.0,931833000.0,9181000.0,4035676.0,312058399.9999999,77.32493887021651,0.22348248228386275,-77.65175177161373,,EDINET,,情報・通信業
4058.T,トヨクモ,2168.0,234.9466624,17.618855,5.302341,62.083205873355766,4405000000.0,1606000000.0,29000000.0,10837023.0,2658700000.0,245.334904244459,0.11316185620131873,-88.68381437986812,,EDINET,,情報・通信業
4059.T,まぐまぐ,368.0,10.99197952,50.410957,1.2295274,84.74409754698955,943369000.0,155153000.0,11182000.0,2986951.0,780528100.0,261.31265628394976,0.7100887399020374,-28.991126009796258,,EDINET,,情報・通信業
4060.T,ｒａｋｕｍｏ,1153.0,67.31135488,29.670612,3.3807855,45.24201636227064,2390493000.0,1400953000.0,21525000.0,5837932.0,864512199.9999998,148.0853494011235,0.12843482168354162,-87.15651783164584,,EDINET,,情報・通信業
4061.T,デンカ,3271.0,2819.59268352,17.39986,0.9102156,49.753891336270186,270455000000.0,347228000000.0,48702000000.0,86199714.0,-77404400000.00006,-897.9658563600345,-0.2745233434301542,-127.45233434301542,,EDINET,,化学
4062.T,イビデン,12280.0,69051.875328,112.73295,12.043726,58.037847827784574,549580000000.0,584385000000.0,58797000000.0,562311670.0,-52085600000.0,-92.62763477770255,-0.007542967001441576,-100.75429670014415,,EDINET,,電気機器
4063.T,信越化学工業,6279.0,113967.91140352,24.11661,2.5615387,82.00955967662486,3209652000000.0,799016000000.0,134632000000.0,1815064711.0,2424976800000.0,1336.0277379113234,0.2127771520801598,-78.72228479198402,,EDINET,,化学
4064.T,日本カーバイド工業,3805.0,354.83271168,13.480478,0.9157679,65.23858838524656,38453000000.0,25454000000.0,387000000.0,9325433.0,10724499999.999996,1150.0270282355787,0.302241006106591,-69.7758993893409,,EDINET,,化学
4068.T,ベイシス,1830.0,33.68109568,30.818457,1.5717167,49.43551287665708,3013736000.0,1670908000.0,0.0,1840497.0,1175737199.9999998,638.8150591932504,0.349079267318716,-65.09207326812839,,EDINET,,情報・通信業
4069.T,ＢｌｕｅＭｅｍｅ,577.0,19.26699392,17.259947,0.78451633,65.07184395115318,3467152000.0,1380155000.0,117043000.0,3339167.0,2030911599.9999998,608.2090533357571,1.0540884806512254,5.408848065122541,,EDINET,,情報・通信業
4071.T,プラスアルファ・コンサルティング,2072.0,869.34806528,21.925926,5.0922604,79.495036857738,12077001000.0,3311035000.0,0.0,41956950.0,8434862500.0,201.03612154839664,0.09702515518745011,-90.29748448125498,,EDINET,,情報・通信業
4072.T,電算システムホールディングス,3155.0,338.57775616,10.807015,1.318398,35.99953698344716,53876000000.0,39452000000.0,2355000000.0,10731466.0,12127300000.0,1130.0692747850107,0.3581836053201302,-64.18163946798698,,EDINET,,情報・通信業
4073.T,ジィ・シィ企画,779.0,19.9271552,24.50456,5.583109,17.752144569825113,1590436000.0,1734512000.0,160000.0,2558043.0,-317415200.00000024,-124.08516979581665,-0.1592877661050278,-115.92877661050278,,EDINET,,情報・通信業
4074.T,ラキール,796.0,52.41562112,,1.5354286,61.84002820620045,3492721000.0,2407476000.0,712643000.0,6584877.0,1343347500.0,204.00494952297515,0.25628762502886326,-74.37123749711367,,EDINET,,情報・通信業
4075.T,ブレインズテクノロジー,1390.0,81.3844992,44.85318,4.401785,83.67783363591316,1449170000.0,303701000.0,0.0,5855000.0,1115098900.0,190.4524167378309,0.13701612714951864,-86.29838728504814,投資有価証券,EDINET,,情報・通信業
4076.T,シイエヌエス,1978.0,57.47993088,9.891978,1.3268684,73.97488400937897,4505570000.0,1300385000.0,5000000.0,2905962.0,3078646500.0,1059.4242113282967,0.5356037468798265,-46.439625312017355,,EDINET,,情報・通信業
4082.T,第一稀元素化学工業,2167.0,523.38069504,20.91497,1.3435177,58.329098029836466,31932000000.0,26271000000.0,873000000.0,24152315.0,3644999999.999996,150.91721021359635,0.06964338265509754,-93.03566173449025,,EDINET,,化学
4078.T,堺化学工業,3750.0,574.36606464,22.888184,0.76525146,67.32869232869233,71416000000.0,43933000000.0,5120000000.0,15316428.0,26673699999.999992,1741.5091821670164,0.46440244857787105,-53.55975514221289,,EDINET,,化学
4088.T,エア・ウォーター,2850.0,6534.02112,16.318352,1.6741318,33.78881793524061,122825000000.0,423315000000.0,42001000000.0,229263893.0,-313420800000.00006,-1367.0744045160222,-0.47967522965474463,-147.96752296547447,,EDINET,,化学
4092.T,日本化学工業,5710.0,494.46608896,17.162094,0.8872061,64.1370432211275,31448000000.0,28709000000.0,4548000000.0,8659651.0,3051699999.999996,352.4045022137724,0.061717075694180806,-93.82829243058191,,EDINET,,化学
4091.T,日本酸素ホールディングス,5613.0,24296.0564224,18.955154,1.9169774,45.549718735445836,77006000000.0,729598000000.0,20678000000.0,432853299.0,-711077200000.0001,-1642.7671953587217,-0.2926718680489438,-129.26718680489438,,EDINET,,化学
4093.T,東邦アセチレン,426.0,148.230656,11.516625,0.77611744,62.77240480666241,19489581000.0,13249628000.0,2210125000.0,34795930.0,6462077699.999998,185.71360788460024,0.4359474363488268,-56.40525636511732,,EDINET,,化学
4094.T,日本化学産業,2224.0,433.61583104,19.028063,0.83322185,82.38265280394585,28502318000.0,7825045000.0,8854753000.0,19497114.0,26093095600.0,1338.3055358859779,0.6017560862796663,-39.82439137203337,,EDINET,,化学
4095.T,日本パーカライジング,1790.0,1880.4441088,15.263922,0.93161625,81.09149230667828,137868000000.0,43951000000.0,34482000000.0,105052743.0,113659300000.0,1081.926056895059,0.604427964745843,-39.557203525415694,,EDINET,,化学
4097.T,高圧ガス工業,1193.0,658.57613824,13.999061,0.7653681,68.8922929786596,64644000000.0,43302000000.0,13655000000.0,55203363.0,26570299999.999992,481.31669079653705,0.4034507047749682,-59.65492952250319,,EDINET,,化学
4098.T,チタン工業,1000.0,29.7643008,14.63272,0.56032205,42.6844366761343,7105000000.0,8339000000.0,534000000.0,2976430.0,-1694100000.0,-569.171793054095,-0.569171793054095,-156.9171793054095,,EDINET,,化学
4099.T,四国化成ホールディングス,2521.0,2180.62569472,18.021303,2.1329303,65.50902682077242,80288000000.0,51659000000.0,24023000000.0,86498440.0,40279199999.99999,465.6638894296821,0.1847139585203023,-81.52860414796977,,EDINET,,化学
4100.T,戸田工業,1912.0,110.65356288,,0.96497375,20.498256311733872,25807000000.0,38894000000.0,3374000000.0,5787320.0,-14614600000.0,-2525.279403938265,-1.3207528263275445,-232.07528263275447,,EDINET,,化学
4102.T,丸尾カルシウム,1447.0,30.85632,10.74638,0.29932997,60.06270106192855,8564328000.0,6660812000.0,4551328000.0,2132434.0,4423364399.999999,2074.326520773913,1.4335359507767196,43.353595077671955,,EDINET,,化学
4107.T,伊勢化学工業,4005.0,2040.85854208,33.556767,4.866023,78.54356561795551,28085000000.0,9681000000.0,0.0,50957770.0,17435900000.0,342.1637171328337,0.08543413661244287,-91.45658633875571,,EDINET,,化学
4112.T,保土谷化学工業,2104.0,335.04718848,10.721565,0.6174164,73.61392383090507,36381000000.0,21328000000.0,10223000000.0,15924296.0,20076300000.0,1260.733912507027,0.5992081333208303,-40.079186667916964,,EDINET,,化学
4109.T,ステラ　ケミファ,5590.0,676.07293952,20.696806,1.4293904,74.91776956772514,29839000000.0,15732000000.0,3163000000.0,12094328.0,14747900000.0,1219.4063200534995,0.2181406654836314,-78.18593345163687,,EDINET,,化学
4113.T,田岡化学工業,839.0,120.21715968,7.757744,0.61878043,63.211329539575786,16226000000.0,11908000000.0,88000000.0,14328625.0,3188799999.999998,222.5475228781546,0.26525330497992206,-73.4746695020078,,EDINET,,化学
4114.T,日本触媒,2556.0,3777.14475008,22.74426,0.94030875,70.07612774017639,148737000000.0,95118000000.0,35167000000.0,147775608.0,68724099999.99998,465.0571290493353,0.18194723358737688,-81.80527664126231,,EDINET,,化学
4116.T,大日精化工業,1308.0,892.86483968,10.8583765,0.6351929,68.7330854150036,110147000000.0,66286000000.0,18514000000.0,68261840.0,50192200000.0,735.2892919382191,0.5621477767111767,-43.785222328882334,,EDINET,,化学
4118.T,カネカ,6037.0,3623.90257664,11.984119,0.71904737,54.38803362129543,444524000000.0,427724000000.0,61184000000.0,60028203.0,16856399999.999939,280.8080061966862,0.046514494980401895,-95.3485505019598,,EDINET,,化学
4119.T,日本ピグメントホールディングス,6190.0,97.15241984,8.450858,0.42310646,53.25978391282129,25205310000.0,22825286000.0,9069841000.0,1569506.0,6446384099.999996,4107.269484793302,0.6635330347000488,-33.646696529995126,,EDINET,,化学
4124.T,大阪油化工業,2918.0,24.70486784,23.692757,1.8901963,88.75723225437277,1126669000.0,213447000.0,0.0,846637.0,891877300.0,1053.435297536016,0.3610127818834873,-63.89872181165127,投資有価証券,EDINET,,化学
4120.T,スガイ化学工業,3035.0,39.64848128,8.597978,0.45447597,68.62998154649298,5501903000.0,4024449000.0,1763585000.0,1306375.0,2309518600.0,1767.883341307052,0.5824986297552066,-41.750137024479336,,EDINET,,化学
4125.T,三和油化工業,3690.0,159.41958656,14.668468,1.1530421,51.79945038899143,6077525000.0,8123369000.0,660720000.0,4320314.0,-2395676900.0,-554.5145329714461,-0.15027494118467374,-115.02749411846737,,EDINET,,化学
4151.T,協和キリン,2218.0,11613.14828288,14.375527,1.2675806,80.63582041052119,482103000000.0,184879000000.0,4568000000.0,523586484.0,281933700000.0,538.466344368049,0.24277112009380028,-75.72288799061997,,EDINET,,医薬品
4165.T,プレイド,725.0,294.80531968,38.790794,5.7811766,49.874261229666615,6243398000.0,4096925000.0,49914000.0,40662805.0,1771720300.0,43.57103008511095,0.06009797253118752,-93.99020274688125,,EDINET,,情報・通信業
4166.T,かっこ,670.0,18.56610816,,2.9945338,70.08709532598394,863362000.0,193103000.0,66981000.0,2771061.0,697835400.0,251.82967823515975,0.3758651913957608,-62.41348086042392,,EDINET,,情報・通信業
4167.T,ココペリ,338.0,25.73527296,,1.7020676,80.23129325952776,1570180000.0,525887000.0,0.0,7613986.0,991704300.0,130.24771781823608,0.3853482775687458,-61.46517224312542,投資有価証券,EDINET,,情報・通信業
4168.T,ヤプリ,799.0,102.14332416,9.244475,2.9005394,62.520666138441115,3283811000.0,1775250000.0,499097000.0,12783895.0,1680403899.9999998,131.44694164024344,0.1645143199502421,-83.54856800497579,,EDINET,,情報・通信業
4169.T,ＥＮＥＣＨＡＮＧＥ,264.0,104.77712384,88.29431,2.3383317,62.444678774187025,5475642000.0,2860062000.0,1419994000.0,39688306.0,3323569599.9999995,83.74178530068781,0.31720373219957504,-68.2796267800425,,EDINET,,情報・通信業
4170.T,Ｋａｉｚｅｎ　Ｐｌａｔｆｏｒｍ,114.0,19.49036544,,0.67207867,69.86999773750252,3677165000.0,1461026000.0,94539000.0,17096811.0,2136213699.9999998,124.94807949856846,1.0960357850751619,9.603578507516195,,EDINET,,情報・通信業
4172.T,Ｈｉクラテス,2270.0,50.5718528,11.185572,1.1485773,88.863668515345,1983887000.0,441619000.0,1388630000.0,2227835.0,2470147100.0,1108.7657299575596,0.48844305284473993,-51.15569471552601,,EDINET,,情報・通信業
4174.T,アピリッツ,1029.0,41.8829952,,2.2090173,32.618887510632014,4444578000.0,3365549000.0,21020000.0,4070262.0,757188099.9999995,186.0293268590571,0.18078651784164929,-81.92134821583507,,EDINET,,情報・通信業
4176.T,ココナラ,275.0,61.59975424,21.170132,2.277923,38.21615137084257,5240113000.0,4468684000.0,1063721000.0,22399910.0,1069165300.0,47.73078552547756,0.1735664928199184,-82.64335071800815,,EDINET,,情報・通信業
4175.T,ｃｏｌｙ,2862.0,157.4875648,,3.4043748,79.42324147151042,4071095000.0,1029080000.0,1740664000.0,5502710.0,4157571800.0,755.5498654299427,0.26399366367223714,-73.6006336327763,,EDINET,,情報・通信業
4177.T,ｉ‐ｐｌｕｇ,1379.0,54.95983616,11.658776,3.872834,37.849391116192564,2866785000.0,2427777000.0,15393000.0,3985485.0,207005400.0,51.93982664594146,0.037664848909312154,-96.23351510906879,,EDINET,,情報・通信業
4178.T,Ｓｈａｒｉｎｇ　Ｉｎｎｏｖａｔｉｏｎｓ,909.0,34.0293248,51.706486,2.0611355,69.08176652322867,1818162000.0,866395000.0,0.0,3743600.0,865127499.9999999,231.09506891761936,0.2542299988092622,-74.57700011907379,投資有価証券,EDINET,,情報・通信業
4179.T,ジーネクスト,332.0,18.01586688,,23.73463,22.26373560722517,386188000.0,338310000.0,31978000.0,5426466.0,36431599.99999994,6.713688061438133,0.020221951992283535,-97.97780480077165,,EDINET,,情報・通信業
4180.T,Ａｐｐｉｅｒ　Ｇｒｏｕｐ,1421.0,1450.9686784,44.309322,3.6322274,61.40635072813529,223000000.0,1537000000.0,521000000.0,102108984.0,-1103000000.0000002,-10.802183674651001,-0.00760181820876214,-100.7601818208762,,EDINET,,情報・通信業
4182.T,三菱瓦斯化学,4056.0,7910.12114432,,1.1879681,61.053421260691444,460268000000.0,422312000000.0,233519000000.0,195022703.0,159188099999.99994,816.2541978510058,0.2012461040066582,-79.87538959933418,,EDINET,,化学
4183.T,三井化学,2152.0,7780.28056576,22.770077,0.890852,45.95464322297472,493164000000.0,933810000000.0,49117000000.0,361537201.0,-499645100000.0001,-1382.0019035883395,-0.6421941931172581,-164.2194193117258,,EDINET,,化学
4186.T,東京応化工業,9260.0,11109.76888832,26.76146,4.480198,72.26477219856126,151770000000.0,68456000000.0,22146000000.0,119975909.0,91970600000.0,766.5755630990885,0.08278353813165103,-91.7216461868349,,EDINET,,化学
4187.T,大阪有機化学工業,4685.0,952.80119808,11.772836,1.7537706,79.31807628576102,34287015000.0,13824737000.0,6197896000.0,20337271.0,23418331500.0,1151.4982270728458,0.24578403993016987,-75.42159600698301,,EDINET,,化学
4188.T,三菱ケミカルグループ,1172.5,15930.6153984,,0.87461686,41.08968284260532,406833000000.0,1265371000000.0,1549000000.0,1358687815.0,-983990800000.0,-724.2214062249466,-0.6176728411300184,-161.76728411300184,,EDINET,,化学
4189.T,ＫＨネオケム,3425.0,1199.36360448,13.07202,1.6065843,55.82432110437276,69366000000.0,59542000000.0,7370000000.0,35017916.0,9028799999.999992,257.8337328811912,0.07527992200910692,-92.47200779908931,,EDINET,,化学
4192.T,スパイダープラス,337.0,119.78914816,188.26816,4.415387,63.9592797631532,3395612000.0,1565691000.0,0.0,35545740.0,1673351899.9999998,47.07601811074969,0.13969144839985073,-86.03085516001492,投資有価証券,EDINET,,情報・通信業
4194.T,ビジョナル,8876.0,3593.60167936,19.962215,4.1616693,68.64533375265351,65652000000.0,23926000000.0,687000000.0,40486725.0,39814300000.0,983.3914696730842,0.1107921890122898,-88.92078109877102,,EDINET,,情報・通信業
4193.T,ファブリカホールディングス,2010.0,103.33569024,16.916344,2.791337,61.12516989524842,3765003000.0,1715546000.0,371538000.0,5141079.0,2137978999.9999998,415.86192314881754,0.2068964791785162,-79.31035208214838,,EDINET,,情報・通信業
4198.T,テンダ,497.0,32.98729728,178.1362,1.2697196,75.91717565997929,2518171000.0,1082629000.0,579000.0,6637283.0,1327684400.0,200.0343212727256,0.40248354380830104,-59.7516456191699,,EDINET,,情報・通信業
4197.T,アスマーク,2407.0,27.88357888,25.049435,1.7123067,63.01623806702531,1989603000.0,934472000.0,41048000.0,1158437.0,990417399.9999999,854.9600884640251,0.35519737784130667,-64.48026221586933,,EDINET,,情報・通信業
4196.T,ネオマーケティング,1358.0,33.54458368,,4.1413927,43.946107072056996,1111158000.0,876501000.0,0.0,2470146.0,147006899.99999988,59.513445763934556,0.0438243341413362,-95.61756658586637,投資有価証券,EDINET,,情報・通信業
4202.T,ダイセル,1435.5,3667.8746112,36.685406,0.9966217,44.413493235035595,395626000000.0,438794000000.0,56652000000.0,255512005.0,-47391000000.00006,-185.47465118126274,-0.12920560862505243,-112.92056086250524,,EDINET,,化学
4199.T,ワンダープラネット,795.0,20.26897024,,0.6135907,29.998377559123355,1830985000.0,1409591000.0,0.0,2549556.0,280434899.99999976,109.99362241896226,0.13835675775970097,-86.16432422402991,,EDINET,,情報・通信業
4203.T,住友ベークライト,9126.0,8006.73431552,27.237726,2.2273846,72.42232535468133,69275000000.0,86909000000.0,36372000000.0,87735417.0,-864500000.0000153,-9.853489383882627,-0.0010797161279731127,-100.1079716127973,,EDINET,,化学
4205.T,日本ゼオン,2439.0,4666.916864,12.84225,1.1812373,68.99293382897459,298134000000.0,175793000000.0,71191000000.0,191345507.0,154595399999.99997,807.9384900320653,0.3312580934940817,-66.87419065059184,,EDINET,,化学
4204.T,積水化学工業,2526.5,10202.03040768,13.828681,1.1984504,61.7061864947445,703104000000.0,495420000000.0,105102000000.0,403800918.0,231713399999.99994,573.8307905481283,0.2271247934091147,-77.28752065908853,,EDINET,,化学
4206.T,アイカ工業,4286.0,2711.99485952,15.325752,1.4005882,63.50299447056841,179554000000.0,98334000000.0,19467000000.0,63275660.0,85013499999.99998,1343.541892727788,0.31347221015580684,-68.65277898441933,,EDINET,,化学
4212.T,積水樹脂,2926.0,877.41218816,22.549322,0.87632656,70.91563324168116,54941000000.0,42141000000.0,16062000000.0,29986746.0,19829300000.0,661.268815229235,0.2259975445075991,-77.4002455492401,,EDINET,,化学
4216.T,旭有機材,7200.0,1352.4402176,40.27296,1.6522313,75.14413070306313,69563000000.0,27509000000.0,2404000000.0,18783892.0,40985900000.0,2181.970594805379,0.30305147150074707,-69.6948528499253,,EDINET,,化学
4218.T,ニチバン,1876.0,378.59385344,23.1748,0.86147827,65.85347735005274,39756000000.0,24415000000.0,2889000000.0,20180909.0,14921799999.999996,739.4017781855117,0.3941374084144519,-60.58625915855481,,EDINET,,化学
4220.T,リケンテクノス,2390.0,1120.70311936,15.22293,1.6453427,65.86032615679876,74322947000.0,40689249000.0,6194352000.0,46891344.0,33900819500.0,722.9654048730188,0.3024959853025183,-69.75040146974817,,EDINET,,化学
4221.T,大倉工業,5410.0,611.59231488,11.954744,0.9352994,61.26762613666139,55545000000.0,40938000000.0,10341000000.0,11304849.0,17751900000.0,1570.2907663782153,0.2902570732676923,-70.97429267323078,,EDINET,,化学
4222.T,児玉化学工業,653.0,101.66243328,0.42878717,0.3529022,45.13260141145719,5454244000.0,8624315000.0,737390000.0,15568520.0,-3516329500.0,-225.86151413236453,-0.3458828700342489,-134.58828700342488,,EDINET,,化学
4224.T,ロンシール工業,2112.0,97.32179968,9.587362,0.49274367,74.48624962224237,18051000000.0,6888000000.0,1329000000.0,4608040.0,11404500000.0,2474.9134122099636,1.171834001993354,17.183400199335395,,EDINET,,化学
4228.T,積水化成品工業,615.0,280.42504192,12.73292,0.5360421,41.636222467410406,63592000000.0,86567000000.0,12579000000.0,45597568.0,-22826400000.000015,-500.60564633622596,-0.8139929208719121,-181.39929208719124,,EDINET,,化学
4229.T,群栄化学工業,4255.0,282.35962368,14.089404,0.49291432,83.59260130565195,25285000000.0,11287000000.0,13211000000.0,6635949.0,22117000000.0,3332.906868331869,0.7832918609475603,-21.670813905243968,,EDINET,,化学
4231.T,タイガースポリマー,999.0,192.68079616,8.4826355,0.4056757,80.02676718369142,36702877000.0,14162621000.0,4916875000.0,19287366.0,24565806400.0,1273.6734710172452,1.2749484194366818,27.49484194366819,,EDINET,,化学
4234.T,サンエー化研,1022.0,98.4380928,10.157026,0.4318696,59.852958348111606,22559598000.0,16835648000.0,5601274000.0,9631907.0,7961277000.0,826.5525196619942,0.808759803974554,-19.1240196025446,,EDINET,,化学
4208.T,ＵＢＥ,3368.0,3271.83138816,13.482786,0.745039,48.07436862856159,358377000000.0,453888000000.0,225502000000.0,97144637.0,16951599999.999939,174.49856753286278,0.05181073857864097,-94.81892614213591,,EDINET,,化学
4235.T,ウルトラファブリックス・ホールディングス,678.0,109.4258688,17.039457,0.6156512,45.76791099095352,7049000000.0,9948000000.0,426000000.0,16139509.0,-3595600000.0,-222.78248985145706,-0.32858774314374195,-132.85877431437422,,EDINET,,化学
4237.T,フジプレアム,337.0,96.29720576,,1.2704133,52.36880084110852,7157953000.0,5946841000.0,998838000.0,28574839.0,1315614499.999999,46.04101181462472,0.13662021309977662,-86.33797869002234,,EDINET,,化学
4238.T,ミライアル,2040.0,179.09950464,23.197634,0.7972023,85.68848183472852,12929673000.0,6026007000.0,330668000.0,8779387.0,6532532899.999999,744.0761980306825,0.36474323432876593,-63.52567656712341,,EDINET,,化学
4240.T,クラスターテクノロジー,304.0,17.3053696,13.793103,1.0003092,86.64979169702103,1320313000.0,184388000.0,0.0,5692556.0,1117486200.0,196.30658003188725,0.6457453290522607,-35.425467094773936,投資有価証券,EDINET,,化学
4241.T,アテクト,710.0,31.38789888,22.320026,1.6984793,38.88422857203703,1521474000.0,2971607000.0,100000000.0,4420831.0,-1677293700.0000005,-379.40688074255735,-0.5343758883697991,-153.4375888369799,,EDINET,,化学
4243.T,ニックス,1030.0,23.92439808,8.92393,0.4899529,74.66479342067724,3788146000.0,1633656000.0,42283000.0,2322757.0,2020722499.9999998,869.9672415151476,0.8446283898205317,-15.537161017946833,,EDINET,,化学
4242.T,タカギセイコー,1725.0,48.28262912,2.9853587,0.3721492,48.74161328516348,20709000000.0,21035000000.0,1479000000.0,2798993.0,-1394200000.0,-498.1077123093913,-0.2887580940924007,-128.87580940924008,,EDINET,,化学
4245.T,ダイキアクシス,720.0,95.727616,11.39962,0.9282226,25.329863849024864,20506000000.0,27392000000.0,1347000000.0,13295502.0,-8682300000.000004,-653.0253615094792,-0.9069796687631656,-190.69796687631657,,EDINET,,化学
4246.T,ダイキョーニシカワ,1070.0,686.44732928,8.588859,0.7880981,56.94338504598665,73097000000.0,64605000000.0,1480000000.0,64153956.0,3067500000.0,47.81466633172239,0.044686604048338685,-95.53133959516613,,EDINET,,化学
4247.T,ポバール興業,1402.0,36.93672704,10.0675,0.6116366,83.04497066903244,3013957000.0,1434713000.0,681271000.0,2634574.0,1912662399.9999998,725.9854534357356,0.5178212934634349,-48.21787065365652,,EDINET,,化学
4248.T,竹本容器,881.0,106.31023616,12.396229,0.84885234,71.71360524432541,11120390000.0,6540798000.0,7384000.0,12066996.0,3930680999.999999,325.73815388684966,0.3697368375560155,-63.02631624439845,,EDINET,,化学
4249.T,森六,2771.0,397.76268288,16.328815,0.5657994,54.435760872200625,72793000000.0,59723000000.0,7553000000.0,14354481.0,12384799999.999992,862.7828480876454,0.3113615474874217,-68.86384525125783,,EDINET,,化学
4251.T,恵和,1191.0,219.26965248,7.34913,0.88728833,77.11514030986575,18903150000.0,9052224000.0,147869000.0,18410550.0,9049211900.0,491.5231701388606,0.4126978758512684,-58.730212414873165,,EDINET,,化学
4255.T,ＴＨＥＣＯＯ,3315.0,70.1739776,17.212732,8.379465,16.14658434194256,2236020000.0,2316497000.0,0.0,2116862.0,-312126700.0,-147.4478260746331,-0.04447898222462537,-104.44789822246254,投資有価証券,EDINET,,情報・通信業
4256.T,サインド,1214.0,73.64041216,44.355133,2.0846176,71.47233280540252,2282370000.0,1548479000.0,0.0,6065932.0,579043099.9999998,95.4582247212794,0.0786311571015481,-92.1368842898452,投資有価証券,EDINET,,情報・通信業
4258.T,網屋,5940.0,478.61747712,55.61277,20.874039,40.82619829831108,4697042000.0,3283174000.0,277623000.0,8057533.0,1279886699.9999995,158.84349465276773,0.026741329066122515,-97.32586709338776,,EDINET,,情報・通信業
4259.T,エクサウィザーズ,850.0,808.83154944,47.06534,7.970892,50.328529037727854,5229000000.0,4484000000.0,40000000.0,95156659.0,324600000.0,3.411216865022552,0.004013196311791237,-99.59868036882088,,EDINET,,情報・通信業
4260.T,ハイブリッドテクノロジーズ,207.0,23.37747968,828.0,1.1797494,55.81068764118626,1379923000.0,692500000.0,396041000.0,11293468.0,895401699.9999999,79.28491938880066,0.38301893424541383,-61.698106575458624,,EDINET,,情報・通信業
4261.T,アジアクエスト,3010.0,44.47254016,31.47548,2.2794743,67.22185216687333,2218522000.0,1075672000.0,0.0,1477493.0,1035282800.0,700.7023383528721,0.2327914745358379,-76.72085254641621,投資有価証券,EDINET,,情報・通信業
4262.T,ニフティライフスタイル,1386.0,88.1027072,11.447923,1.4313465,83.6748819998655,5011437000.0,1213643000.0,18550000.0,6356617.0,3689414700.0,580.4053791505764,0.4187628998200407,-58.12371001799593,,EDINET,,情報・通信業
4263.T,サスメド,406.0,68.459136,,1.6820439,93.3539480049618,4462629000.0,132330000.0,0.0,16861856.0,4317066000.0,256.02555258448416,0.6306048093213895,-36.93951906786104,投資有価証券,EDINET,,情報・通信業
4264.T,セキュア,1361.0,84.58658304,34.19598,2.1191223,55.663108241123346,2942262000.0,2502212000.0,209923000.0,6215032.0,336774900.0,54.187154627683334,0.03981422088734999,-96.01857791126498,,EDINET,,情報・通信業
4265.T,Ｉｎｓｔｉｔｕｔｉｏｎ　ｆｏｒ　ａ　Ｇｌｏｂａｌ　Ｓｏｃｉｅｔｙ,249.0,11.8857664,,3.0554774,73.7057199721488,678886000.0,64029000.0,82315000.0,4773400.0,666074600.0,139.53881929023336,0.5603968646194111,-43.96031353805889,,EDINET,,情報・通信業
4270.T,ＢｅｅＸ,1884.0,42.39753728,10.2408,1.3751001,53.44637331683615,5520712000.0,2696243000.0,15574000.0,2250400.0,2565746499.9999995,1140.1290881621044,0.6051640595340256,-39.48359404659743,,EDINET,,情報・通信業
4272.T,日本化薬,2110.0,3042.2040576,12.936055,1.0996113,70.2474820432567,206794000000.0,105188000000.0,35393000000.0,144180285.0,115862299999.99998,803.5932235811573,0.38084986899580914,-61.91501310041908,,EDINET,,化学
4274.T,細谷火工,1119.0,44.7875072,20.581203,1.2866299,71.98479217869273,2126000000.0,1285603000.0,486734000.0,4002458.0,1052550500.0,262.9760262318805,0.23500985364779312,-76.49901463522069,,EDINET,,化学
4275.T,カーリット,1878.0,418.23072256,14.195011,1.0926418,68.99469431632971,22906000000.0,15533000000.0,8631000000.0,22270006.0,11861399999.999998,532.617728077846,0.283609013885967,-71.6390986114033,,EDINET,,化学
4284.T,ソルクシーズ,457.0,91.7205504,10.106148,1.3566105,59.97620957044987,8131225000.0,3764367000.0,1068385000.0,20070142.0,4738290800.0,236.08656082253927,0.5166007895460378,-48.339921045396224,,EDINET,,情報・通信業
4287.T,ジャストプランニング,495.0,55.25681152,11.511628,1.4733415,90.4394918540969,3343476000.0,342577000.0,10228000.0,11162992.0,2973800900.0,266.3981932442485,0.5381781681701989,-46.182183182980104,,EDINET,,情報・通信業
4286.T,ＣＬホールディングス,1312.0,140.99524608,14.435032,1.7202924,32.07535903290608,9172482000.0,6916260000.0,29988000.0,10746589.0,1585587599.999999,147.54333677411495,0.11245681156563639,-88.75431884343635,,EDINET,,サービス業
4288.T,アズジェント,661.0,25.22056704,14.784165,1.4992708,28.592899410290773,1440907000.0,1234134000.0,29518000.0,3815517.0,104022200.0,27.26293710655725,0.04124498805833169,-95.87550119416683,,EDINET,,情報・通信業
4290.T,プレステージ・インターナショナル,669.0,834.4756224,14.300983,1.71119,63.81780437254964,42224013000.0,21948755000.0,9592066000.0,124734777.0,24794828699.999996,198.78039866941035,0.29713064076145046,-70.28693592385495,,EDINET,,サービス業
4293.T,セプテーニ・ホールディングス,494.0,1024.77881344,17.84682,1.5470568,69.11009832481034,15021825000.0,3165133000.0,4701920000.0,207445109.0,14831522700.0,71.49613105604722,0.14472901023491339,-85.52709897650867,,EDINET,,サービス業
4299.T,ハイマックス,1182.0,123.1988224,12.064918,1.1383061,80.64635408963171,12575000000.0,2648000000.0,24000000.0,10422912.0,9679000000.0,928.6272396811946,0.7856406427082865,-21.43593572917135,,EDINET,,情報・通信業
4301.T,アミューズ,1823.0,295.6050432,11.061222,0.8255051,62.050592809484954,47953000000.0,23720000000.0,4071000000.0,16215307.0,24710699999.999996,1523.911943202802,0.8359363374672528,-16.406366253274715,,EDINET,,サービス業
4307.T,野村総合研究所,5081.0,28458.73799168,194.82362,7.615533,45.63504839064257,279188000000.0,407659000000.0,47165000000.0,560101089.0,-136221400000.00006,-243.20859693954293,-0.04786628556180731,-104.78662855618073,,EDINET,,情報・通信業
4308.T,Ｊストリーム,355.0,88.27549696,18.23318,0.8403182,85.23770628525638,10439180000.0,2127073000.0,8698000.0,24866338.0,8105488300.0,325.96228282588294,0.9182036135940365,-8.179638640596355,,EDINET,,情報・通信業
4310.T,ドリームインキュベータ,2527.0,220.82695168,13.975997,2.0705187,75.0719631548647,15428000000.0,2699000000.0,65000000.0,8738700.0,12504600000.0,1430.945106251502,0.5662624084889205,-43.373759151107954,,EDINET,,サービス業
4316.T,ビーマップ,42.0,1.49532256,,0.38940808,53.5909028896904,835578000.0,424130000.0,38303000.0,3560292.0,395847099.99999994,111.18388604080788,2.647235381923997,164.7235381923997,,EDINET,,情報・通信業
4317.T,レイ,599.0,78.80357376,6.076283,1.0047638,71.26863321277257,5356499000.0,2325605000.0,242926000.0,13155855.0,2968381700.0,225.63198667057367,0.37668111297257706,-62.33188870274229,,EDINET,,サービス業
4318.T,クイック,835.0,462.40878592,11.280735,2.3076308,74.69192562201275,19406416000.0,7288570000.0,1762665000.0,55378300.0,12622854500.0,227.93864203126495,0.27298040961828135,-72.70195903817186,,EDINET,,サービス業
4320.T,ＣＥホールディングス,1629.0,271.64448768,17.163628,3.3277564,69.37170947029239,7467596000.0,4651628000.0,438348000.0,16675537.0,2657648800.0,159.3741059133508,0.09783554690813431,-90.21644530918657,,EDINET,,情報・通信業
4323.T,日本システム技術,1920.0,474.50112,18.168055,2.9581332,66.51454260958901,16647188000.0,8080956000.0,1667447000.0,24713601.0,8925349300.0,361.15130692609307,0.1880996390240068,-81.19003609759932,,EDINET,,情報・通信業
4326.T,インテージホールディングス,1872.0,714.2060032,43.433876,2.1031983,71.0127120249667,30533345000.0,13601605000.0,2561762000.0,38152030.0,17364812900.0,455.14780995926037,0.24313451386712626,-75.68654861328736,,EDINET,,情報・通信業
4324.T,電通グループ,3528.0,9158.20118016,,2.1568444,13.96893526136909,289530000000.0,589211000000.0,92134000000.0,259586186.0,-294108300000.0,-1132.9890258490102,-0.321142014129538,-132.1142014129538,,EDINET,,サービス業
4331.T,テイクアンドギヴ・ニーズ,854.0,124.78129152,4.776019,0.6926904,34.22401171303074,14515000000.0,35029000000.0,15000000.0,14611393.0,-24006400000.0,-1642.9918762707978,-1.9238780752585454,-292.3878075258545,,EDINET,,サービス業
4334.T,ユークス,380.0,31.99037696,18.295618,1.238495,64.95647994636079,2799559000.0,626589000.0,119709000.0,8418520.0,2194107400.0,260.6286378128222,0.6858648363495321,-31.41351636504679,,EDINET,,情報・通信業
4335.T,ＩＰＳホールディングス,1069.0,24.45845248,,1.34609,57.32934666480234,2352319000.0,1234986000.0,6540000.0,2287975.0,998412400.0,436.37382401468545,0.4082075060941866,-59.17924939058135,,EDINET,,情報・通信業
4337.T,ぴあ,2453.0,376.45918208,11.402408,3.4964187,9.169374578887666,79662000000.0,94910000000.0,1125000000.0,15346888.0,-23951500000.000015,-1560.6747113812269,-0.6362310278765703,-163.62310278765705,,EDINET,,サービス業
4341.T,西菱電機,909.0,30.74572544,12.347188,0.5780836,46.00849080163157,10513000000.0,6706000000.0,118000000.0,3382368.0,3218999999.999999,951.7001106916808,1.0469748192427732,4.697481924277319,,EDINET,,サービス業
4343.T,イオンファンタジー,2653.0,524.81040384,18.747793,6.6684933,12.477625127285078,12185447000.0,46831209000.0,5323000.0,19781771.0,-39325156800.00001,-1987.9492488311591,-0.7493212396649677,-174.93212396649676,,EDINET,,サービス業
4344.T,ソースネクスト,101.0,139.6981248,,2.6493192,54.35670911221138,11342672000.0,7854946000.0,2152084000.0,138314976.0,4208690200.0,30.4283044520067,0.3012703411089772,-69.87296588910228,,EDINET,,情報・通信業
4346.T,ＮＥＸＹＺ．Ｇｒｏｕｐ,895.0,116.42028032,7.5905347,3.4241202,32.91917825070734,12578000000.0,13124000000.0,2746000000.0,13007853.0,63799999.999997854,4.904729473803083,0.005480144663467131,-99.45198553365329,,EDINET,,その他金融業
4345.T,シーティーエス,818.0,335.30294272,12.576876,2.0458286,76.21681952734508,7002000000.0,4208000000.0,6206000000.0,40990579.0,6717400000.0,163.8766800537265,0.20033823967448225,-79.96617603255179,,EDINET,,サービス業
4347.T,ブロードメディア,1875.0,133.63441664,17.203413,2.757572,51.86499765274426,7603869000.0,5519048000.0,169455000.0,7127169.0,1651534699.999999,231.72380225584646,0.12358602786978479,-87.64139721302152,,EDINET,,サービス業
4350.T,メディカルシステムネットワーク,523.0,152.86493184,14.258451,0.8993641,21.736579275905118,22627000000.0,54241000000.0,702000000.0,29228476.0,-36546700000.00001,-1250.3799377018497,-2.3907838196976092,-339.0783819697609,,EDINET,,小売業
4351.T,山田再生系債権回収総合事務所,849.0,36.16371456,97.02857,1.1557593,58.12591076189372,5969557000.0,3336203000.0,370028000.0,4259566.0,2558753299.9999995,600.7075133945569,0.7075471300289246,-29.245286997107545,,EDINET,,その他金融業
4356.T,応用技術,1658.0,94.66568704,12.093362,8.976865,75.96499873402158,6546219000.0,1616987000.0,200000.0,5709631.0,4767673300.0,835.0230163735625,0.5036326998634274,-49.636730013657264,,EDINET,,情報・通信業
4360.T,マナック・ケミカル・パートナーズ,1030.0,84.19364352,10.73252,0.7195421,73.81761170629736,9045000000.0,2340000000.0,1520000000.0,8174140.0,7535000000.0,921.8095114593095,0.8949606907371938,-10.503930926280628,,EDINET,,化学
4361.T,川口化学工業,1666.0,20.28123392,5.3994493,0.61551535,35.33472461516759,6338634000.0,5649135000.0,55097000.0,1217361.0,163153399.99999905,134.02220048120404,0.08044549848811768,-91.95545015118823,,EDINET,,化学
4362.T,日本精化,2645.0,573.56783616,12.991797,1.1245476,80.08183102990135,32213928000.0,10726872000.0,10871513000.0,21684983.0,28024427900.0,1292.3426271535468,0.4885983467499232,-51.14016532500768,,EDINET,,化学
4365.T,松本油脂製薬,24500.0,710.7792896,8.659966,0.77356774,86.16639601193398,66121000000.0,13822000000.0,20707000000.0,2901140.0,65411700000.0,22546.89535837636,0.9202814431990352,-7.971855680096485,,EDINET,,化学
4366.T,ダイトーケミックス,503.0,161.99643136,20.152245,0.957251,56.801055665520714,13530000000.0,9475000000.0,2100000000.0,32206050.0,4577500000.0,142.13168022778328,0.28256795273913177,-71.74320472608683,,EDINET,,化学
4368.T,扶桑化学工業,3490.0,3692.29365248,25.269712,3.0017657,76.98659361684909,67052435000.0,37453093000.0,714487000.0,105796374.0,26354173600.0,249.10280573510013,0.0713761621017479,-92.86238378982522,,EDINET,,化学
4369.T,トリケミカル研究所,3385.0,1100.013568,17.248407,2.8760023,76.46658225976476,21456391000.0,5356903000.0,3923209000.0,32496708.0,18310044000.0,563.4430416767138,0.1664528926666806,-83.35471073333196,,EDINET,,化学
4370.T,モビルス,375.0,22.70766848,49.08377,1.6591305,65.17361447555886,1404465000.0,776346000.0,0.0,6055378.0,550484399.9999999,90.90834626674005,0.24242225671130682,-75.75777432886932,,EDINET,,情報・通信業
4371.T,コアコンセプト・テクノロジー,1551.0,252.07801856,21.01626,4.834637,59.07661246570368,5828151000.0,3814232000.0,196091000.0,16252612.0,1769759499.9999995,108.89077398759039,0.07020681752907182,-92.97931824709282,,EDINET,,情報・通信業
4372.T,ユミルリンク,1326.0,50.79857152,12.614155,1.6097547,83.90383531243569,2969032000.0,588379000.0,0.0,3830963.0,2321815100.0,606.0656550324292,0.4570630882597505,-54.29369117402495,投資有価証券,EDINET,,情報・通信業
4373.T,シンプレクス・ホールディングス,1169.0,2616.88639488,26.358513,5.2637978,58.35384318751488,4463000000.0,3450000000.0,355000000.0,223856824.0,916499999.9999995,4.09413474033742,0.0035022538411782892,-99.64977461588217,,EDINET,,情報・通信業
4375.T,セーフィー,661.0,368.92504064,80.315926,3.993282,76.35824363774498,10246326000.0,2454920000.0,567842000.0,55813169.0,7943403400.0,142.32131130199755,0.21531211997276484,-78.46878800272353,,EDINET,,情報・通信業
4374.T,ＲＯＢＯＴ　ＰＡＹＭＥＮＴ,1177.0,88.2671616,15.45025,2.8591695,15.193607028472957,6015823000.0,5461248000.0,188480000.0,7499334.0,140386199.99999905,18.71982232022191,0.01590469186085124,-98.40953081391487,,EDINET,,情報・通信業
4376.T,くふうカンパニーホールディングス,181.0,109.17300224,,1.3126405,58.45313921747043,12805000000.0,6705000000.0,10000000.0,60316575.0,5436499999.999999,90.13277030401674,0.4979711066520262,-50.202889334797376,,EDINET,,情報・通信業
4377.T,ワンキャリア,2483.0,457.5899648,21.085258,6.7115,69.18072187900749,6565463000.0,2469295000.0,166991000.0,18428917.0,3966132200.0,215.2124403186579,0.08667436178761898,-91.3325638212381,,EDINET,,情報・通信業
4378.T,ＣＩＮＣ,464.0,13.7149632,,1.262963,76.49797733660554,1071280000.0,324353000.0,0.0,2955811.0,714491700.0,241.72442013376363,0.5209578020124216,-47.90421979875784,投資有価証券,EDINET,,情報・通信業
4379.T,Ｐｈｏｔｏｓｙｎｔｈ,492.0,76.01842688,25.256674,2.9181495,64.17254328265535,1869462000.0,1278243000.0,47918000.0,15450900.0,496937300.0,32.16235300209049,0.06537063618311076,-93.46293638168893,,EDINET,,情報・通信業
4380.T,Ｍマート,693.0,67.78044416,14.134204,1.4969187,68.90118858831248,2584130000.0,847456000.0,0.0,9780728.0,1651928400.0,168.89626211872982,0.2437175499548771,-75.62824500451228,投資有価証券,EDINET,,情報・通信業
4381.T,ビープラッツ,216.0,9.37368512,,-1.617396,-109.10794922041407,195271000.0,803039000.0,0.0,4339669.0,-688071900.0000001,-158.55400492526044,-0.734046319098428,-173.40463190984278,,EDINET,,情報・通信業
4382.T,ＨＥＲＯＺ,980.0,174.31054336,37.925697,2.7071671,68.90317627212006,4538859000.0,2946230000.0,356294000.0,17786790.0,1547411799.9999995,86.99781129703558,0.08877327683370978,-91.12267231662902,,EDINET,,情報・通信業
4385.T,メルカリ,3518.0,5740.69407744,16.780348,4.240526,18.918639953098033,107639000000.0,75478000000.0,1021000000.0,163180617.0,25327900000.0,155.21390019011878,0.04411992614841352,-95.58800738515865,,EDINET,,情報・通信業
4386.T,ＳＩＧグループ,891.0,51.02115328,10.76347,1.7821532,46.63499110368683,3727904000.0,3364322000.0,233094000.0,5726280.0,190315599.99999952,33.235468751091375,0.03730131172961995,-96.26986882703801,,EDINET,,情報・通信業
4387.T,ＺＵＵ,552.0,26.21799168,,2.31812,68.03680020303877,5380492000.0,3348316000.0,3974970000.0,4749636.0,4479823400.0,943.192994157868,1.7086829604309204,70.86829604309204,,EDINET,,情報・通信業
4388.T,エーアイ,355.0,21.3380096,20.262556,0.99508065,87.25273095220436,2121682000.0,442165000.0,0.0,6010707.0,1635300500.0,272.0645840830372,0.7663791100930625,-23.362088990693753,,EDINET,,情報・通信業
4389.T,プロパティデータバンク,1058.0,109.51883776,18.206848,3.5016184,71.42070561897457,3258092000.0,987714000.0,29751000.0,10351497.0,2192432300.0,211.7985736748994,0.20018768778345877,-79.98123122165411,,EDINET,,情報・通信業
4390.T,ＩＰＳ,3635.0,475.89158912,11.474116,2.3265295,50.28345004805901,23637000000.0,21048000000.0,0.0,13091928.0,484200000.0,36.984621363637196,0.010174586344879558,-98.98254136551203,投資有価証券,EDINET,,情報・通信業
4391.T,ロジザード,1144.0,37.29724928,12.436134,2.2482996,84.48389220171735,2048400000.0,399774000.0,100000.0,3260249.0,1608718600.0,493.4342744986656,0.4313236665198126,-56.86763334801873,,EDINET,,情報・通信業
4392.T,ＦＩＧ,917.0,322.35884544,34.933334,2.8267136,56.66240409207162,10710000000.0,7722000000.0,829000000.0,35153637.0,2796099999.999999,79.53942290523166,0.08673873817364412,-91.32612618263559,,EDINET,,情報・通信業
4393.T,バンク・オブ・イノベーション,6160.0,244.81337344,14.4668865,3.5875337,73.20911494397583,5240000000.0,1336000000.0,0.0,3974243.0,3770400000.0,948.70897426252,0.15401119712053896,-84.5988802879461,投資有価証券,EDINET,,情報・通信業
4394.T,エクスモーション,722.0,43.68710656,33.62832,2.5743697,89.88432010136727,1572021000.0,167692000.0,0.0,6050846.0,1387559800.0,229.31666084378944,0.3176131036617582,-68.23868963382418,投資有価証券,EDINET,,情報・通信業
4395.T,アクリート,705.0,52.87418368,15.292842,1.502183,57.6136625093894,2669603000.0,1497305000.0,97553000.0,7499884.0,1090854599.9999998,145.44952961939143,0.20631138953105166,-79.36886104689484,,EDINET,,情報・通信業
4396.T,システムサポートホールディングス,1341.0,276.39812096,14.843924,3.845371,44.11475575958484,10735179000.0,7616100000.0,0.0,20611344.0,2357468999.999999,114.37725749470772,0.08529251118173581,-91.47074888182642,投資有価証券,EDINET,,情報・通信業
4397.T,チームスピリット,371.0,56.56520192,14.84,4.2264752,36.30630850174062,3123514000.0,2463933000.0,0.0,15246685.0,413187700.0,27.100166364032575,0.07304627052299885,-92.69537294770011,,EDINET,,情報・通信業
4398.T,ブロードバンドセキュリティ,1922.0,84.94998016,21.612505,3.501421,53.94082634103403,2561039000.0,1690041000.0,236117000.0,4419874.0,867275799.9999998,196.22183799809673,0.10209252757445199,-89.79074724255479,,EDINET,,情報・通信業
4401.T,ＡＤＥＫＡ,4763.0,4618.97007104,16.900259,1.4366221,66.35350463492902,349889000000.0,191341000000.0,42803000000.0,96976066.0,169375999999.99997,1746.5752838437472,0.3666964694192205,-63.33035305807795,,EDINET,,化学
4404.T,ミヨシ油脂,2195.0,222.80009728,12.913284,0.5151403,50.70342205323194,33763000000.0,41639000000.0,10356000000.0,10150346.0,-4790700000.0,-471.97405881533496,-0.21502235025755578,-121.5022350257556,,EDINET,,食料品
4403.T,日油,2542.0,5687.508992,14.350231,1.9480942,74.27048260381594,211978000000.0,77646000000.0,41864000000.0,223741501.0,155872200000.0,696.6619929844844,0.2740605794588845,-72.59394205411155,,EDINET,,化学
4406.T,新日本理化,233.0,86.86757888,14.553404,0.41918463,52.01140166067666,17584000000.0,18523000000.0,9950000000.0,37282224.0,4173700000.0,111.94879361274155,0.4804669253765732,-51.95330746234268,,EDINET,,化学
4409.T,東邦化学工業,839.0,176.42477568,11.905775,0.7069437,34.052016265672655,36943000000.0,46785000000.0,3730000000.0,21027985.0,-11909500000.000008,-566.3642997652894,-0.6750468411981995,-167.50468411981996,,EDINET,,化学
4410.T,ハリマ化成グループ,1133.0,275.43400448,11.676801,0.65858656,40.339793557918476,52143000000.0,62033000000.0,9292000000.0,24310150.0,-9588900000.000008,-394.4401823929514,-0.3481378485374681,-134.8137848537468,,EDINET,,化学
4412.T,サイエンスアーツ,1510.0,122.50497024,64.22799,7.954989,67.08865023972402,752490000.0,476892000.0,10000000.0,8112912.0,234908799.99999994,28.954930116337998,0.01917545040817086,-98.08245495918293,,EDINET,,情報・通信業
4413.T,ボードルア,2960.0,923.37946624,37.639877,11.439304,55.036271484868124,3460791000.0,2046618000.0,2643000.0,31195253.0,1211361300.0,38.83159081928267,0.013118780682190091,-98.688121931781,,EDINET,,情報・通信業
4414.T,フレクト,1120.0,60.50513408,10.303588,2.6431615,60.48116995733403,3733005000.0,1476196000.0,0.0,5402244.0,2109189399.9999998,390.428384945219,0.348596772272517,-65.1403227727483,投資有価証券,EDINET,,情報・通信業
4415.T,ブロードエンタープライズ,1467.0,90.14265856,12.718919,4.136881,15.111549076783673,6860637000.0,6743177000.0,0.0,6144694.0,-556857700.000001,-90.62415475856096,-0.0617751566179693,-106.17751566179695,投資有価証券,EDINET,,情報・通信業
4416.T,Ｔｒｕｅ　Ｄａｔａ,402.0,19.46162432,24.677715,1.6633841,75.87079935257572,1142272000.0,281841000.0,7485000.0,4841200.0,837486400.0,172.99148971329421,0.43032708883904036,-56.967291116095964,,EDINET,,情報・通信業
4417.T,グローバルセキュリティエキスパート,6070.0,910.05616128,58.342945,20.508905,44.191256205118314,4799420000.0,5062246000.0,764371000.0,14992688.0,-233990900.00000006,-15.607001226197735,-0.0025711698889946846,-100.25711698889947,,EDINET,,情報・通信業
4418.T,ＪＤＳＣ,1137.0,179.60859648,21.794136,2.719016,44.19502947463451,5536090000.0,4086525000.0,435252000.0,15796710.0,1345588900.0,85.18159160989852,0.07491784662260204,-92.5082153377398,,EDINET,,情報・通信業
4419.T,Ｆｉｎａｔｅｘｔホールディングス,1505.0,781.0691072,52.622375,6.7901373,49.64836383652339,18079945000.0,9399774000.0,46153000.0,51898282.0,7772500700.0,149.76412321317304,0.09951104532436747,-90.04889546756326,,EDINET,,情報・通信業
4420.T,イーソル,818.0,161.30747392,21.509335,2.6237373,72.08933360365802,5730165000.0,1999816000.0,690630000.0,19719740.0,4013808400.0,203.54266334140308,0.24882966178655633,-75.11703382134436,,EDINET,,情報・通信業
4421.T,ディ・アイ・システム,896.0,26.06162944,12.275655,1.5416459,52.63409194306148,2157356000.0,1453796000.0,0.0,2908664.0,558180399.9999998,191.90267421744133,0.2141770917605372,-78.58229082394628,投資有価証券,EDINET,,情報・通信業
4422.T,ＶＡＬＵＥＮＥＸ,502.0,42.96467456,34.54921,5.102715,77.78802925217384,938467000.0,217538000.0,0.0,8558700.0,699175200.0,81.69175225209436,0.1627325742073593,-83.72674257926407,投資有価証券,EDINET,,情報・通信業
4424.T,Ａｍａｚｉａ,300.0,19.73188864,,2.4210925,62.06423979939174,1630785000.0,670606000.0,103125000.0,6577296.0,965305900.0,146.7633355713351,0.489211118571117,-51.0788881428883,,EDINET,,情報・通信業
4425.T,Ｋｕｄａｎ,1468.0,166.30530048,,6.6449394,88.73284367304984,2882149000.0,280037000.0,500000000.0,11328699.0,2924108300.0,258.11510218428435,0.17582772628357246,-82.41722737164275,,EDINET,,情報・通信業
4426.T,パスロジ,163.0,3.24402592,8.853884,0.6553581,66.78191654899625,246518000.0,272182000.0,402743000.0,1990200.0,229037900.0,115.08285599437242,0.7060297913765179,-29.397020862348207,,yfinance,,情報・通信業
4427.T,ＥｄｕＬａｂ,226.0,23.09712384,,1.8002373,50.740819889645486,2981753000.0,1877090000.0,127679000.0,10219966.0,1006329299.9999998,98.46699098607566,0.43569465038086574,-56.43053496191342,,EDINET,,情報・通信業
4428.T,シノプス,698.0,43.19651328,24.168976,2.283456,77.86310045056223,976318000.0,400036000.0,99180000.0,6188612.0,605704400.0,97.87403055806375,0.1402206741519538,-85.97793258480462,,EDINET,,情報・通信業
4429.T,リックソフト,718.0,32.3109632,12.18188,0.94476545,34.42897392828149,6260338000.0,3649236000.0,6000000.0,4500134.0,2250378399.9999995,500.06919793943905,0.696475206043787,-30.3524793956213,,EDINET,,情報・通信業
4431.T,スマレジ,3690.0,710.77871616,30.22608,7.228236,68.26910983304776,7825243000.0,3244796000.0,42281000.0,19262297.0,4285564099.9999995,222.48458218664157,0.060293924711826985,-93.97060752881731,,EDINET,,情報・通信業
4432.T,ウイングアーク１ｓｔ,3340.0,1158.67058176,17.987936,2.5456753,63.9979234954966,16152774000.0,23352489000.0,4321085000.0,34690738.0,-6510204400.000004,-187.6640502718623,-0.056186841398761164,-105.61868413987612,,EDINET,,情報・通信業
4430.T,東海ソフト,1739.0,83.42012416,8.609763,1.2233486,61.78265328743133,5227063000.0,5181720000.0,196924000.0,4797017.0,-334982200.0,-69.83135561120588,-0.040156041179531844,-104.01560411795319,,EDINET,,情報・通信業
4433.T,ヒト・コミュニケーションズ・ホールディングス,833.0,148.62718976,31.927942,0.8755656,46.310812797021214,27247000000.0,21488000000.0,672000000.0,17842400.0,4080599999.999996,228.70241671523988,0.27455272114674656,-72.54472788532534,,EDINET,,サービス業
4434.T,サーバーワークス,2403.0,178.19672576,,1.7668259,48.05384248519148,15222436000.0,9033359000.0,3806775000.0,7415594.0,7950483600.0,1072.1303782272869,0.4461632868195118,-55.38367131804882,,EDINET,,情報・通信業
4436.T,ミンカブ・ジ・インフォノイド,639.0,98.21198336,13.42437,7.1589417,14.450793965811815,2039279000.0,9662399000.0,438832000.0,15369637.0,-8282177500.0,-538.8661749135649,-0.8432960483780358,-184.32960483780357,,EDINET,,情報・通信業
4438.T,Ｗｅｌｂｙ,287.0,24.2100352,,27.511503,29.05695170502244,973295000.0,328903000.0,30000000.0,8435552.0,632501700.0,74.98047549229736,0.2612560121682835,-73.87439878317166,,EDINET,,情報・通信業
4439.T,東名,838.0,249.28294912,10.839478,2.2460887,59.0806266951255,12653484000.0,6533274000.0,23652000.0,29747368.0,5483438999.999999,184.33358541165722,0.21996847901152414,-78.0031520988476,,EDINET,,情報・通信業
4437.T,ｇｏｏｄｄａｙｓホールディングス,722.0,54.64596992,8.758947,1.4801178,41.46898505105787,3523448000.0,2502241000.0,103501000.0,7568694.0,843433600.0,111.43713829625031,0.15434506689231345,-84.56549331076866,,EDINET,,情報・通信業
4440.T,ヴィッツ,2558.0,102.30313984,22.245413,3.2080705,69.6873045392449,2489162000.0,1084417000.0,196730000.0,3999341.0,1434014300.0,358.56264819629035,0.1401730446428031,-85.98269553571969,,EDINET,,情報・通信業
4441.T,トビラシステムズ,1530.0,157.68103936,24.886143,5.1361237,48.22725888303177,3649311000.0,1914305000.0,19955000.0,10305950.0,1557543999.9999998,151.13056050145786,0.0987781441185999,-90.12218558814,,EDINET,,情報・通信業
4442.T,バルテス・ホールディングス,411.0,81.38742784,14.370629,2.3685076,53.94395671748272,3988487000.0,3246238000.0,213612000.0,19802294.0,567153599.9999995,28.640802929195956,0.0696856518958539,-93.03143481041461,,EDINET,,情報・通信業
4443.T,Ｓａｎｓａｎ,2172.0,2722.08805888,40.514828,13.040033,38.37657847811056,35392000000.0,31943000000.0,3727000000.0,125326338.0,2863600000.0,22.849147638862632,0.010519865395424785,-98.94801346045752,,EDINET,,情報・通信業
4444.T,インフォネット,924.0,18.65306496,,1.8937104,56.26623217079826,1112927000.0,920790000.0,49750000.0,2018730.0,134882999.99999988,66.81577031103708,0.07231143973055962,-92.76885602694404,,EDINET,,情報・通信業
4445.T,リビン・テクノロジーズ,1738.0,41.20075008,20.256409,2.9496922,51.56280644699145,2672887000.0,1850706000.0,516918000.0,2370584.0,998952999.9999998,421.3953186219091,0.24245990714724344,-75.75400928527564,,EDINET,,情報・通信業
4446.T,Ｌｉｎｋ－Ｕグループ,729.0,103.34618624,,4.5134845,57.24905920137753,1576930000.0,468768000.0,77472000.0,14176432.0,1115515600.0,78.6880365948216,0.10793969354570863,-89.20603064542914,,EDINET,,情報・通信業
4447.T,ピー・ビーシステムズ,477.0,27.77096448,30.576921,2.6528149,63.350168868405774,2777703000.0,1436454000.0,2511000.0,5822005.0,1199361299.9999998,206.00485571551377,0.43187600778933705,-56.8123992210663,,EDINET,,情報・通信業
4448.T,ｋｕｂｅｌｌ,356.0,150.99551744,21.484612,5.884492,29.92580825784526,4025718000.0,4515191000.0,184457000.0,42414472.0,-811872200.0,-19.141395889591646,-0.053767965981999004,-105.37679659819989,,EDINET,,情報・通信業
4452.T,花王,3473.0,31422.24707584,24.791206,2.8069386,58.38231858922464,415670000000.0,565005000000.0,7454000000.0,904757994.0,-200617700000.0,-221.73631106927806,-0.06384575613857704,-106.3845756138577,,EDINET,,化学
4450.T,パワーソリューションズ,2409.0,75.49752832,27.073498,2.039372,58.16112696979718,4110393000.0,2409136000.0,387745000.0,3133978.0,1731764900.0,552.5772357049092,0.22938033860726822,-77.06196613927318,,EDINET,,情報・通信業
4461.T,第一工業製薬,15790.0,1675.45438208,23.844398,3.0468898,50.656069841656304,57247000000.0,52608000000.0,5694000000.0,10610857.0,3363999999.999992,317.03377022232905,0.0200781361762083,-97.99218638237916,,EDINET,,化学
4462.T,石原ケミカル,3115.0,424.8076288,13.639548,1.6766331,82.39603691899123,15832079000.0,5097932000.0,4086282000.0,13637484.0,13084751200.0,959.4695913117112,0.30801592016427326,-69.19840798357268,,EDINET,,化学
4463.T,日華化学,2006.0,319.38603008,9.480599,0.857402,51.79198401123535,34221000000.0,25812000000.0,1966000000.0,15921537.0,7203999999.999996,452.46887910382,0.22555776625315052,-77.44422337468495,,EDINET,,化学
4464.T,ソフト９９コーポレーション,4050.0,874.6041344,29.42245,1.468319,87.81782350893752,32275527000.0,8062197000.0,8039073000.0,21595164.0,29034461400.0,1344.4890439359478,0.3319726034409748,-66.80273965590253,,EDINET,,化学
4465.T,ニイタカ,2534.0,146.84013568,7.83356,0.915114,68.2361760954035,14116005000.0,7827927000.0,465419000.0,5794796.0,5831078600.0,1006.2612385319518,0.3971038826092943,-60.28961173907057,,EDINET,,化学
4471.T,三洋化成工業,1695.0,1496.47065088,9.539622,0.9236931,83.13728097542014,84942000000.0,38063000000.0,30713000000.0,88287352.0,64571800000.0,731.382225621627,0.4314939384198389,-56.850606158016106,,EDINET,,化学
4475.T,ＨＥＮＮＧＥ,1785.0,556.430336,41.0628,12.989092,35.78313072442579,6919552000.0,5298559000.0,460110000.0,31172568.0,1413214100.0,45.33518380648011,0.025397862076459447,-97.46021379235405,,EDINET,,情報・通信業
4476.T,ＡＩ　ＣＲＯＳＳ,1083.0,41.21839616,13.103448,1.8752694,63.100122899308474,2131212000.0,681112000.0,74498000.0,3805946.0,1434137400.0,376.8149626925868,0.347936253640431,-65.2063746359569,,EDINET,,情報・通信業
4478.T,フリー,3475.0,2060.04453376,192.20132,9.73995,37.385731828979196,45874908000.0,32932399000.0,424016000.0,59281855.0,9946080300.0,167.77613149925892,0.048280901150865876,-95.1719098849134,,EDINET,,情報・通信業
4477.T,ＢＡＳＥ,389.0,447.98554112,18.874332,2.9434464,26.15262183623687,45252000000.0,32687000000.0,32000000.0,115163372.0,9318700000.0,80.9172207982934,0.20801342107530438,-79.19865789246957,,EDINET,,情報・通信業
4479.T,マクアケ,972.0,123.9151616,18.873787,2.031297,72.70833831120385,5645513000.0,1631356000.0,51346000.0,12748473.0,3886963600.0,304.89640602447054,0.3136794300663277,-68.63205699336723,,EDINET,,情報・通信業
4481.T,ベース,3165.0,574.42832384,14.377868,3.7871084,77.26691274686848,15901863000.0,4158591000.0,1084471000.0,18149394.0,12086542600.0,665.9474470607669,0.21040993588017912,-78.95900641198209,,EDINET,,情報・通信業
4480.T,メドレー,2307.0,697.19580672,38.83185,4.6600885,35.87462426064191,25337000000.0,24981000000.0,392000000.0,30220884.0,-1867700000.0000038,-61.80163359880551,-0.02678874451617057,-102.67887445161705,,EDINET,,情報・通信業
4482.T,ウィルズ,749.0,151.46448896,18.237156,5.8367877,53.82043033984216,3330415000.0,2124130000.0,30000000.0,20222228.0,1014872000.0,50.185963683131256,0.06700395685331276,-93.29960431466873,,EDINET,,情報・通信業
4483.T,ＪＭＤＣ,3685.0,2411.57423104,35.91618,2.9034128,53.09894157867514,36728000000.0,40265000000.0,1278000000.0,65442992.0,-6668900000.0,-101.90395940332313,-0.027653720326546304,-102.76537203265464,,EDINET,,情報・通信業
4484.T,ランサーズ,285.0,45.34432768,54.702496,3.3663273,38.38990192739308,2491517000.0,1922214000.0,0.0,15910291.0,377081599.99999976,23.70048417090547,0.08315959358212445,-91.68404064178755,投資有価証券,EDINET,,情報・通信業
4486.T,ユナイトアンドグロウ,679.0,53.76950784,10.834531,2.922265,64.46312952072607,2739868000.0,1037623000.0,10000000.0,7918926.0,1605482700.0,202.7399548878219,0.2985860896727863,-70.14139103272137,,EDINET,,情報・通信業
4487.T,スペースマーケット,212.0,25.66427392,13.83812,2.3940465,26.94213576572888,2150356000.0,1767795000.0,5100000.0,12105790.0,209351499.99999976,17.29350170455623,0.08157312124790675,-91.84268787520932,,EDINET,,情報・通信業
4488.T,ＡＩ　ｉｎｓｉｄｅ,2140.0,84.61694976,23.719795,1.6456525,72.60886462820521,5978625000.0,2419626000.0,1192000.0,3954063.0,3317870800.0,839.1041822044818,0.3921047580394775,-60.789524196052255,,EDINET,,情報・通信業
4490.T,ビザスク,670.0,62.10715648,10.160752,3.0316055,22.411014154884114,7153539000.0,6645121000.0,32468000.0,9269725.0,-133366500.00000095,-14.387320012190324,-0.02147361195849302,-102.1473611958493,,EDINET,,情報・通信業
4491.T,コンピューターマネージメント,2961.0,60.33659392,12.03414,1.4015467,72.46658432998086,4399612000.0,1556651000.0,293471000.0,2037710.0,2892725600.0,1419.596311545804,0.47943137843492195,-52.0568621565078,,EDINET,,情報・通信業
4492.T,ゼネテック,386.0,44.68753408,8.908378,1.738817,39.45076410798899,4620133000.0,4745846000.0,80000.0,11577082.0,-600241600.0,-51.84739988884937,-0.13431968883121598,-113.43196888312161,,EDINET,,情報・通信業
4495.T,アイキューブドシステムズ,2035.0,99.24047872,13.701858,3.2527213,64.45299440292624,2982631000.0,1577840000.0,366703000.0,4876682.0,1503699099.9999998,308.34471060446424,0.15152074231177604,-84.84792576882239,,EDINET,,情報・通信業
4493.T,サイバーセキュリティクラウド,2314.0,232.61222912,23.082294,5.1341558,75.799779775445,2212246000.0,1310076000.0,0.0,10052387.0,771162400.0,76.7143565006003,0.0331522716078653,-96.68477283921347,投資有価証券,EDINET,,情報・通信業
4496.T,コマースＯｎｅホールディングス,737.0,50.76493824,17.28424,1.9691614,72.3807911962268,2379069000.0,948307000.0,443689000.0,6888051.0,1646513600.0,239.0391128056398,0.3243407229384529,-67.56592770615471,,EDINET,,情報・通信業
4499.T,Ｓｐｅｅｅ,2341.0,270.25453056,,4.1058,49.20847043359595,8367149000.0,4698536000.0,202574000.0,11544405.0,3340561200.0,289.36625144388125,0.12360796729768529,-87.63920327023148,,EDINET,,情報・通信業
4498.T,サイバートラスト,1190.0,194.72689152,19.826725,2.595782,69.53292178743754,7096422000.0,2999602000.0,157975000.0,16363604.0,3907442299.9999995,238.78861282636757,0.20066269985409038,-79.93373001459095,,EDINET,,情報・通信業
4502.T,武田薬品工業,5672.0,90598.0674048,,1.1859722,47.90411066468982,588944000000.0,5500020000000.0,99274000000.0,1596751439.0,-5391586200000.001,-3376.597050932735,-0.5953097762575343,-159.53097762575342,,EDINET,,医薬品
4503.T,アステラス製薬,2225.0,39894.5550336,13.77709,2.0535777,51.32779485074748,499312000000.0,1192404000000.0,18561000000.0,1793013747.0,-799339700000.0,-445.80790378067303,-0.2003631028227744,-120.03631028227744,,EDINET,,医薬品
4506.T,住友ファーマ,1612.0,7231.32547072,6.123922,1.7699757,36.35067632315855,107709000000.0,364509000000.0,22823000000.0,448593393.0,-277274800000.00006,-618.0982696729108,-0.3834356511618553,-138.34356511618552,,EDINET,,医薬品
4507.T,塩野義製薬,2733.5,23266.91577856,11.8734255,1.3125414,65.436129878496,522990000000.0,149401000000.0,60461000000.0,851176737.0,400971600000.0,471.0791338274086,0.17233551630781366,-82.76644836921864,,EDINET,,医薬品
4512.T,わかもと製薬,302.0,104.81163264,44.674553,0.8682302,72.78100017776181,8908257000.0,3392357000.0,1847919000.0,34705839.0,6470207600.0,186.42994338791235,0.6173176933374581,-38.26823066625419,,EDINET,,医薬品
4516.T,日本新薬,3357.0,2262.64907776,7.6643834,0.7659326,84.26776841369794,135023000000.0,28623000000.0,36526000000.0,67400929.0,129105900000.0,1915.4914022030764,0.5705961877280538,-42.94038122719462,,EDINET,,医薬品
4519.T,中外製薬,6056.0,99656.15972352,20.94632,4.9140086,82.06011921761164,1575628000000.0,250194000000.0,13392000000.0,1645577167.0,1309789000000.0,795.9450497164075,0.1314308206268837,-86.85691793731164,,EDINET,,医薬品
4521.T,科研製薬,3770.0,1427.63556864,67.034134,0.9338176,82.82992082685715,111393000000.0,40742000000.0,18875000000.0,37868315.0,79789300000.0,2107.020077339063,0.5588912671986904,-44.11087328013096,,EDINET,,医薬品
4523.T,エーザイ,4675.0,13194.5332736,34.481487,1.4536605,63.84063906679466,272255000000.0,344279000000.0,33294000000.0,282236007.0,-83146100000.00006,-294.597776108702,-0.0630155670820753,-106.30155670820753,,EDINET,,医薬品
4524.T,森下仁丹,2218.0,90.90971648,14.511909,0.70108604,69.67728078182893,8187000000.0,5743000000.0,3856000000.0,4098725.0,4568899999.999999,1114.7125020585668,0.5025755194132402,-49.74244805867598,,EDINET,,医薬品
4526.T,理研ビタミン,3070.0,882.51367424,12.93394,1.0566477,71.6394442678306,65699000000.0,33799000000.0,15078000000.0,28746374.0,39074700000.0,1359.2914361999187,0.4427659401302667,-55.723405986973326,,EDINET,,食料品
4527.T,ロート製薬,2708.0,6104.67119104,19.062368,1.9771922,65.9100687360917,217879000000.0,156302000000.0,46427000000.0,225430992.0,78445700000.0,347.9809910076606,0.12850110450799873,-87.14988954920013,,EDINET,,医薬品
4528.T,小野薬品工業,2269.5,10664.54614016,15.368728,1.2302907,77.41820038589626,377758000000.0,229023000000.0,77923000000.0,469907311.0,180378799999.99997,383.8603822020551,0.1691387451870699,-83.08612548129301,,EDINET,,医薬品
4531.T,有機合成薬品工業,370.0,79.97048832,25.73018,0.5974989,52.41352506801399,12506000000.0,13765000000.0,2047000000.0,21613646.0,-1202600000.000002,-55.640774351537075,-0.1503804712203705,-115.03804712203704,,EDINET,,化学
4534.T,持田製薬,3125.0,1099.66311424,14.017854,0.7874978,76.79728546409808,119669000000.0,29426000000.0,15022000000.0,35189221.0,97815800000.0,2779.709161507156,0.8895069316822899,-11.049306831771014,,EDINET,,医薬品
4536.T,参天製薬,1670.5,5365.88484608,14.5513935,1.7869273,69.97491921434025,124877000000.0,84206000000.0,8515000000.0,321214291.0,38210900000.0,118.9576587051664,0.07121081035927351,-92.87891896407265,,EDINET,,医薬品
4538.T,扶桑薬品工業,2159.0,184.29919232,9.230835,0.5155079,38.81292693998206,48342000000.0,48685000000.0,4375000000.0,8536322.0,-2149000000.0000076,-251.74776677824568,-0.11660387530256863,-111.66038753025684,,EDINET,,医薬品
4539.T,日本ケミファ,1562.0,56.61869056,28.54532,0.2922872,39.03517547720997,30066000000.0,30684000000.0,1923000000.0,3624756.0,-2340300000.000004,-645.6434584838273,-0.41334408353638113,-141.3344083536381,,EDINET,,医薬品
4540.T,ツムラ,3726.0,2777.56379136,9.9108925,0.8497769,62.68966168774862,295709000000.0,134270000000.0,10276000000.0,74545456.0,155205200000.0,2082.0209349849574,0.5587817860936547,-44.12182139063453,,EDINET,,医薬品
4543.T,テルモ,2318.5,34200.22636544,24.72803,2.0577464,68.52719058711185,393941000000.0,549718000000.0,11531000000.0,1475101493.0,-202677100000.0,-137.3987491449173,-0.05926191466246163,-105.92619146624618,,EDINET,,精密機器
4544.T,Ｈ．Ｕ．グループホールディングス,3511.0,1905.27422464,28.717487,1.4360453,51.39718693217081,119143000000.0,142287000000.0,1801000000.0,54265854.0,-36112000000.0,-665.4645110717321,-0.18953702964162122,-118.95370296416212,,EDINET,,サービス業
4547.T,キッセイ薬品工業,3695.0,1546.18331136,11.249809,0.6687462,84.16822375548011,106980000000.0,33933000000.0,84869000000.0,41845289.0,129062000000.0,3084.2659492685066,0.8347133827519639,-16.528661724803612,,EDINET,,医薬品
4548.T,生化学工業,570.0,311.23562496,21.017698,0.4195168,87.20698600945057,39631000000.0,10685000000.0,19038000000.0,54602739.0,41204100000.0,754.6159909670465,1.3238877034509589,32.38877034509588,,EDINET,,医薬品
4549.T,栄研化学,2282.0,752.27439104,20.28805,1.7295256,70.27626601975837,31532000000.0,18773000000.0,408000000.0,32965573.0,11167300000.0,338.7564353879121,0.14844716712879585,-85.15528328712043,,EDINET,,医薬品
4552.T,ＪＣＲファーマ,496.0,605.20349696,26.724138,1.400592,43.35475484272584,51487000000.0,57114000000.0,9629000000.0,122016830.0,-4598100000.000008,-37.6841457035067,-0.07597610020868287,-107.5976100208683,,EDINET,,医薬品
4553.T,東和薬品,3600.0,1772.2032128,33.707863,0.9712033,37.47249047949673,247306000000.0,299198000000.0,871000000.0,49227867.0,-81202100000.0,-1649.5148977305882,-0.45819858270294117,-145.8198582702941,,EDINET,,医薬品
4554.T,富士製薬工業,1753.0,457.87938816,17.660688,0.8826592,50.21679781596274,42468000000.0,44437000000.0,7092000000.0,26119761.0,-1448300000.0000076,-55.448439976154745,-0.03163059895958628,-103.16305989595863,,EDINET,,医薬品
4558.T,中京医薬品,200.0,21.35095424,25.510204,0.8535919,48.777729110161516,2924966000.0,2539145000.0,76430000.0,10675477.0,185407500.0,17.367608023510332,0.08683804011755165,-91.31619598824483,,EDINET,,医薬品
4559.T,ゼリア新薬工業,1918.0,845.44290816,9.973999,0.7825336,60.437412115371444,69529694000.0,69374568000.0,8865571000.0,44079398.0,-576431100.0,-13.077109174676115,-0.00681809654571226,-100.68180965457123,,EDINET,,医薬品
4563.T,アンジェス,35.0,139.59236608,,68.09338,56.90138130290088,3542608000.0,2512007000.0,441804000.0,398835320.0,1088663100.0,2.729605542457975,0.07798872978451357,-92.20112702154864,,EDINET,,医薬品
4565.T,ネクセラファーマ,1217.0,1116.36815872,,1.7160374,45.25436429329238,16999000000.0,68072000000.0,2881000000.0,91731154.0,-55863500000.0,-608.9915755338693,-0.5004039240212567,-150.04039240212566,,EDINET,,医薬品
4564.T,オンコセラピー・サイエンス,20.0,81.6487168,,3.4776561,90.78675773114166,1105697000.0,426091000.0,0.0,408243572.0,636996900.0,1.5603354068242377,0.07801677034121188,-92.19832296587882,投資有価証券,EDINET,,医薬品
4568.T,第一三共,2722.5,49540.06224896,19.345556,2.910644,41.548488411865016,1257803000000.0,1758539000000.0,49122000000.0,1819653230.0,-642204500000.0002,-352.92685958631813,-0.12963337358542448,-112.96333735854245,,EDINET,,医薬品
4569.T,杏林製薬,1058.0,607.78180608,17.793474,0.43318897,72.86843518968561,136134000000.0,57333000000.0,20042000000.0,57446295.0,87097100000.0,1516.1482563845066,1.4330323784352614,43.30323784352614,,EDINET,,医薬品
4570.T,免疫生物研究所,1187.0,110.55074304,33.277264,5.858546,85.53459411327717,1390318000.0,331031000.0,95058000.0,9313458.0,1092724500.0,117.32747385557545,0.09884370164749406,-90.1156298352506,,EDINET,,医薬品
4571.T,ＮＡＮＯホールディングス,94.0,78.64456704,,2.3685338,60.371407736670726,3621653000.0,1257054000.0,222120000.0,83664429.0,2394377600.0,28.618824375171435,0.30445557845927057,-69.55444215407294,,EDINET,,医薬品
4572.T,カルナバイオサイエンス,405.0,85.66830592,,-20.99751,25.146871299754075,2737717000.0,296760000.0,11440000.0,21152667.0,2419289000.0,114.37276443674928,0.2824018874981464,-71.75981125018536,,EDINET,,医薬品
4574.T,大幸薬品,254.0,127.78252288,18.326118,1.5167077,69.42135289323554,8761000000.0,4949000000.0,461000000.0,50308081.0,3639800000.0,72.35020552662304,0.2848433288449726,-71.51566711550275,,EDINET,,医薬品
4575.T,キャンバス,775.0,152.69868544,,9.305173,96.218927967347,2956879000.0,106878000.0,0.0,19703057.0,2839313200.0,144.1052116937996,0.18594220863716077,-81.40577913628393,投資有価証券,EDINET,,医薬品
4576.T,デ・ウエスタン・セラピテクス研究所,72.0,41.46337792,,2.9388955,66.16615832227451,1475382000.0,935574000.0,142806000.0,57588025.0,546214799.9999999,9.48486773074784,0.13173427403816446,-86.82657259618355,,EDINET,,医薬品
4577.T,ダイト,1316.0,371.89926912,12.5,0.71517193,72.22851373292765,41708000000.0,25936000000.0,2091000000.0,28259822.0,14642099999.999996,518.1242825945611,0.3937114609381164,-60.62885390618836,,EDINET,,医薬品
4578.T,大塚ホールディングス,11515.0,60408.79366144,14.905763,1.867422,73.8466995841872,285790000000.0,309568000000.0,11689000000.0,524609613.0,-46552500000.0,-88.73741320481675,-0.007706245176275879,-100.7706245176276,,EDINET,,医薬品
4582.T,シンバイオ製薬,57.0,45.68848896,,-7.4636636,32.89203675106974,4924231000.0,770772000.0,0.0,80155241.0,4076381800.0,50.856085630133656,0.8922120285988361,-10.778797140116394,投資有価証券,EDINET,,医薬品
4579.T,ラクオリア創薬,623.0,162.17457664,71.444954,2.0709302,65.59002673814338,4538963000.0,4084972000.0,547053000.0,26031232.0,428430900.0,16.45834127251449,0.02641788326246307,-97.35821167375369,,EDINET,,医薬品
4583.T,カイオム・バイオサイエンス,102.0,82.74972672,,5.140611,64.95290314812586,2337672000.0,548553000.0,0.0,81127181.0,1734263700.0,21.377098016015125,0.2095793923138738,-79.04206076861261,投資有価証券,EDINET,,医薬品
4584.T,キッズウェル・バイオ,169.0,83.88463104,,4.568926,27.16506942058302,6700570000.0,5597518000.0,283137000.0,49635875.0,741496099.999999,14.938713178724038,0.08839475253682863,-91.16052474631712,,EDINET,,医薬品
4586.T,メドレックス,60.0,39.72455936,,2.2729857,94.96911518850465,2072735000.0,105601000.0,31191000.0,66207598.0,1978407600.0,29.881881532690553,0.4980313588781759,-50.19686411218242,,EDINET,,医薬品
4587.T,ペプチドリーム,1068.0,1373.1033088,,2.8279328,66.89099379702397,47790846000.0,34061679000.0,1345662000.0,128567724.0,11264962500.0,87.61889959256025,0.08204016815782796,-91.7959831842172,,EDINET,,医薬品
4588.T,オンコリスバイオファーマ,6810.0,2004.91548672,,61.24486,87.79796390553831,3098244000.0,446649000.0,100000.0,29440757.0,2607000100.0,88.55071559471111,0.013003041937549356,-98.69969580624507,,EDINET,,医薬品
4591.T,リボミック,76.0,42.9771008,,1.5665904,95.4609462018033,3147518000.0,142209000.0,0.0,56548816.0,2991088100.0,52.893912049369874,0.695972526965393,-30.402747303460693,投資有価証券,EDINET,,医薬品
4592.T,サンバイオ,1001.0,781.3640192,,6.664093,87.0891593971631,3335580000.0,1684417000.0,0.0,78058343.0,1482721299.9999998,18.99503938995989,0.018976063326633257,-98.10239366733667,投資有価証券,EDINET,,医薬品
4593.T,ヘリオス,301.0,406.35572224,286.6667,4.6319094,28.726398498885892,3286000000.0,3259000000.0,102000000.0,135001900.0,-227500000.00000048,-1.68516146809786,-0.005598543083381594,-100.55985430833816,,EDINET,,医薬品
4594.T,ブライトパス・バイオ,47.0,65.2788736,,2.7561133,90.92420947888257,1071315000.0,195624000.0,0.0,138891219.0,856128600.0,6.164022507427197,0.1311494150516425,-86.88505849483576,投資有価証券,EDINET,,医薬品
4595.T,ミズホメディー,1706.0,324.96996352,10.117424,1.7514825,83.49944134078213,17998000000.0,3375000000.0,8000000.0,19048650.0,14291100000.0,750.2421431440023,0.43976678965064614,-56.02332103493539,,EDINET,,医薬品
4596.T,窪田製薬ホールディングス,66.0,107.01510656,,6.309148,91.63280637063599,1375179000.0,79797000.0,0.0,162144101.0,1287402300.0,7.939865169686315,0.12030098741948962,-87.96990125805104,投資有価証券,EDINET,,医薬品
4597.T,ソレイジア・ファーマ,31.0,84.63161856,,5.8281636,77.95957651588066,1249000000.0,321000000.0,91000000.0,273005222.0,959600000.0,3.5149510803130353,0.11338551871977533,-88.66144812802247,,EDINET,,医薬品
4598.T,Ｄｅｌｔａ－Ｆｌｙ　Ｐｈａｒｍａ,111.0,15.7895296,,-7.922347,13.775894920338914,394676000.0,156538000.0,0.0,14224802.0,222484200.0,15.640583257327588,0.14090615547141971,-85.90938445285803,投資有価証券,EDINET,,医薬品
4599.T,ステムリム,165.0,103.42378496,,1.8102624,97.9529459831957,8877489000.0,185880000.0,0.0,62681079.0,8673021000.0,138.36744897132354,0.8385905998262033,-16.140940017379673,投資有価証券,EDINET,,医薬品
4611.T,大日本塗料,1584.0,452.44952576,26.452906,0.67980266,55.76696487017237,53066000000.0,57173000000.0,9447000000.0,28563733.0,-3211400000.0000076,-112.42928226503194,-0.07097808223802522,-107.09780822380253,,EDINET,,化学
4612.T,日本ペイントホールディングス,1201.0,27856.72167424,18.451376,1.3914845,45.37558198170214,116368000000.0,775898000000.0,7940000000.0,2319460588.0,-731561800000.0001,-315.40169459434685,-0.26261589891286163,-126.26158989128615,,EDINET,,化学
4613.T,関西ペイント,2783.5,4934.1415424,18.677448,1.6417065,47.5493736380385,355530000000.0,400689000000.0,57907000000.0,177263944.0,-44693000000.00006,-252.12685101940448,-0.09057907347562583,-109.05790734756258,,EDINET,,化学
4615.T,神東塗料,132.0,44.92896768,,0.34086156,45.58913064376583,12139000000.0,17393000000.0,2732000000.0,34037096.0,-5080900000.0,-149.275367087721,-1.1308739930887954,-213.08739930887955,,EDINET,,化学
4616.T,川上塗料,3055.0,30.41053952,11.918231,0.86568457,38.44455532224591,5709253000.0,5244643000.0,1029993000.0,995435.0,661140800.0,664.1727485973469,0.21740515502368146,-78.25948449763185,,EDINET,,化学
4617.T,中国塗料,3610.0,1792.55689216,16.149958,1.8508388,,108373000000.0,55342000000.0,8229000000.0,49655316.0,53257099999.99999,1072.5357180286596,0.29710130693314674,-70.28986930668533,,EDINET,,化学
4619.T,日本特殊塗料,,,,,,38327000000.0,21129000000.0,22055000000.0,,,,,,,EDINET,リトライ上限到達: Too Many Requests. Rate limited. Try after a while.,化学
4623.T,アサヒペン,1862.0,64.38134784,9.922199,0.45736158,57.74552231965065,9716855000.0,7380083000.0,2877120000.0,3457645.0,3612747699.999999,1044.8579018378114,0.561148174993454,-43.8851825006546,,EDINET,,化学
4624.T,イサム塗料,3980.0,75.83607296,9.852704,0.41290691,84.43600975219343,8391761000.0,3247292000.0,7218571000.0,1905429.0,9872739500.0,5181.373590934115,1.3018526610387224,30.185266103872234,,EDINET,,化学
4620.T,藤倉化成,1112.0,315.46632192,10.302019,0.6160013,70.74341525411465,33993476000.0,15851542000.0,5430250000.0,28369274.0,20357954800.0,717.6057730627862,0.6453289326104192,-35.46710673895808,,EDINET,,化学
4625.T,アトミクス,898.0,47.81989376,5.0568757,0.42344728,68.6252827911737,8709380000.0,4673441000.0,565252000.0,5325155.0,3964271300.0,744.4424246805961,0.8290004729182585,-17.099952708174154,,EDINET,,化学
4626.T,太陽ホールディングス,4792.0,5332.37858304,29.292746,4.221621,57.32538330494037,98008000000.0,89043000000.0,4870000000.0,111276682.0,3469699999.9999847,31.180836251030424,0.006506852306141574,-99.34931476938586,,EDINET,,化学
4627.T,ナトコ,2100.0,158.72162816,10.941489,0.61769015,79.23746728566466,21490663000.0,6256824000.0,523074000.0,7558173.0,14974308400.0,1981.207416130856,0.9434321029194552,-5.656789708054475,,EDINET,,化学
4629.T,大伸化学,2370.0,108.43169792,12.284248,0.6042783,66.6879593841191,19439967000.0,8675993000.0,543913000.0,4575177.0,10277113800.0,2246.2767669972113,0.9477961042182326,-5.2203895781767375,,EDINET,,化学
4631.T,ＤＩＣ,4990.0,4704.92643328,8.214128,0.9266404,38.525034711021426,607506000000.0,805819000000.0,60085000000.0,94287100.0,-236835400000.00012,-2511.8536894230506,-0.5033774928703508,-150.33774928703508,,EDINET,,化学
4628.T,エスケー化研,10190.0,1374.64119296,11.197679,0.77877176,85.14030985092079,140500000000.0,27586000000.0,11369000000.0,13490100.0,118113700000.0,8755.583724360828,0.8592329464534669,-14.076705354653313,,EDINET,,化学
4633.T,サカタインクス,2623.0,1278.74228224,10.615565,1.0141745,56.01468140119719,122761000000.0,102248000000.0,32833000000.0,48751138.0,33271299999.999985,682.4722737754345,0.26018767585796204,-73.98123241420379,,EDINET,,化学
4634.T,ａｒｔｉｅｎｃｅ,5100.0,2391.78235904,12.777792,0.8531219,59.92585386943363,245282000000.0,199033000000.0,57610000000.0,46897692.0,66672699999.99997,1421.6627121010554,0.2787573945296187,-72.12426054703813,,EDINET,,化学
4635.T,東京インキ,1997.0,250.9422592,13.452341,0.78887534,59.773858998839344,29729000000.0,21000000000.0,4486000000.0,12565962.0,9769200000.0,777.433514441632,0.38930070828324087,-61.06992917167591,,EDINET,,化学
4641.T,アルプス技研,862.0,507.56489216,13.447739,2.4104338,69.72338352901184,21644285000.0,9333755000.0,952609000.0,58882242.0,12043980800.0,204.54351585321768,0.23728946154665626,-76.27105384533436,,EDINET,,サービス業
4642.T,オリジナル設計,1392.0,83.6649472,13.82461,0.98186785,63.30270172845888,7263264000.0,4058340000.0,902639000.0,6010413.0,3430937300.0,570.8322040432163,0.41008060635288524,-58.99193936471148,,EDINET,,サービス業
4644.T,イマジニア,1028.0,99.08927488,13.26794,0.80658764,93.11134676139746,11760820000.0,1315572000.0,746086000.0,9639035.0,10835951000.0,1124.1738410535909,1.0935543200910418,9.355432009104172,,EDINET,,情報・通信業
4645.T,市進ホールディングス,427.0,34.3354752,5.5765967,1.5059444,18.813999034085242,6423563000.0,11450267000.0,907019000.0,8041095.0,-5536817400.000002,-688.56510214094,-1.612564642016253,-261.25646420162525,,EDINET,,サービス業
4650.T,ＳＤエンターテイメント,270.0,24.17582848,11.292346,1.365098,38.40422066404768,1363184000.0,2622447000.0,14904000.0,8954011.0,-1511074900.0,-168.7595536793511,-0.6250353839975966,-162.50353839975966,,EDINET,,サービス業
4651.T,サニックスホールディングス,242.0,115.68523264,27.720505,1.0565794,27.496002398560865,13873000000.0,26484000000.0,161000000.0,47803815.0,-15146700000.000004,-316.8512805934004,-1.3093028123694233,-230.9302812369423,,EDINET,,サービス業
4657.T,環境管理センター,457.0,21.8838528,17.985044,0.9005707,45.15567899187225,1879473000.0,2973140000.0,78612000.0,4788589.0,-1335952600.0000005,-278.98669106912297,-0.6104741598886717,-161.0474159888672,,EDINET,,サービス業
4658.T,日本空調サービス,1623.0,562.53587456,15.142751,1.7838026,58.215723909525416,28662000000.0,22443000000.0,6094000000.0,34660252.0,8240499999.999996,237.75072379739177,0.14648843117522597,-85.3511568824774,,EDINET,,サービス業
4661.T,オリエンタルランド,2857.5,46854.90028544,38.16106,4.1535664,67.5241056893601,525366000000.0,461113000000.0,55553000000.0,1639716594.0,57028799999.99994,34.77966876024671,0.012171362645755628,-98.78286373542443,,EDINET,,サービス業
4662.T,フォーカスシステムズ,1608.0,235.54756608,10.428016,1.6025721,64.57142372592773,13584854000.0,6845651000.0,2883564000.0,14648480.0,8073132699.999999,551.1242599914802,0.34273896765639317,-65.72610323436068,,EDINET,,情報・通信業
4664.T,アール・エス・シー,1176.0,35.38230016,24.443983,1.5297143,59.20440499653423,2927502000.0,1982106000.0,155140000.0,3008699.0,855783400.0,284.43636269364265,0.24186765535173696,-75.81323446482631,,EDINET,,サービス業
4665.T,ダスキン,4658.0,2192.92745728,23.9412,1.4034982,75.27486114281366,60594000000.0,51776000000.0,69509000000.0,47078737.0,52296699999.99999,1110.8348127520921,0.23847892072822932,-76.15210792717707,,EDINET,,サービス業
4666.T,パーク２４,1756.0,2998.0393472,8.168582,2.544507,27.708704878434204,111840000000.0,217557000000.0,531000000.0,170731167.0,-127101000000.00003,-744.4510702606515,-0.4239470787361341,-142.39470787361338,,EDINET,,不動産業
4667.T,アイサンテクノロジー,1091.0,172.81974272,32.92094,2.7540977,63.21852843988618,6433644000.0,2322318000.0,818876000.0,15840489.0,4452307400.0,281.0713356134397,0.25762725537437187,-74.23727446256281,,EDINET,,情報・通信業
4668.T,明光ネットワークジャパン,723.0,184.1071104,10.900045,1.507013,65.71279373368147,10536000000.0,5355000000.0,2891000000.0,25464331.0,6669200000.0,261.9036015515193,0.3622456452994734,-63.775435470052656,,EDINET,,サービス業
4671.T,ファルコホールディングス,2697.0,267.15316224,13.47624,1.0595746,70.17334454602175,18228000000.0,10765000000.0,3675000000.0,9905568.0,8958999999.999998,904.4408155090146,0.3353506916978178,-66.46493083021822,,EDINET,,サービス業
4673.T,川崎地質,4885.0,42.74697472,4.006627,0.7252625,43.89320079555451,6104629000.0,5233140000.0,615316000.0,875066.0,778896200.0,890.0999467468739,0.18221083863804993,-81.77891613619501,,EDINET,,サービス業
4674.T,クレスコ,1942.0,769.54853376,15.214666,2.3322706,69.89447972253299,28451026000.0,12520890000.0,8103753000.0,39626598.0,20350674100.0,513.5609698314248,0.2644495210254505,-73.55504789745495,,EDINET,,情報・通信業
4676.T,フジ・メディア・ホールディングス,3927.0,5597.39240448,124.27215,1.0373342,38.33230470094106,398592000000.0,610273000000.0,414896000000.0,142536098.0,17718900000.0,124.3116673503999,0.031655632123860425,-96.83443678761395,,EDINET,,情報・通信業
4678.T,秀英予備校,329.0,22.07484928,506.15387,0.5186763,49.06313499888027,1860361000.0,4890365000.0,0.0,6709681.0,-3519040500.0,-524.4721023249839,-1.5941401286473675,-259.4140128647367,投資有価証券,EDINET,,サービス業
4679.T,田谷,269.0,20.00567552,,0.3045453,36.02203672426681,557368000.0,1570042000.0,98000.0,7437054.0,-1169609600.0000002,-157.2678643989946,-0.5846389011115041,-158.4638901111504,,EDINET,,サービス業
4680.T,ラウンドワン,1239.0,3256.99239936,19.481133,3.7963746,26.66576311441553,26321000000.0,42206000000.0,11076000000.0,262872673.0,-12352400000.0,-46.99004981776862,-0.037925786777860064,-103.792578677786,,EDINET,,サービス業
4681.T,リゾートトラスト,1740.5,3695.94630144,17.691605,2.2689586,31.730086482432245,196390000000.0,342207000000.0,33818000000.0,212349693.0,-156365100000.0,-736.356609660839,-0.42307188144834185,-142.3071881448342,,EDINET,,サービス業
4684.T,オービック,5081.0,21817.50194176,29.997637,4.4434223,83.38935610443507,219589000000.0,66525000000.0,221988000000.0,429393849.0,301803100000.0,702.8584613004086,0.13833073436339474,-86.16692656366052,,EDINET,,情報・通信業
4685.T,菱友システムズ,2828.0,360.70043648,9.283698,1.6332368,74.35316746292735,22989000000.0,9498000000.0,2077000000.0,12754612.0,13995100000.0,1097.2579957743912,0.38799787686506054,-61.20021231349394,,EDINET,,情報・通信業
4686.T,ジャストシステム,4505.0,2893.28136192,19.235697,2.3701632,87.00554203442512,109649000000.0,16015000000.0,14000000.0,64223780.0,92042300000.0,1433.1498395142735,0.31812427070239147,-68.18757292976085,,EDINET,,情報・通信業
4687.T,ＴＤＣソフト,1073.0,500.13683712,13.104544,2.2114408,74.40156301517625,23247699000.0,7405542000.0,3077253000.0,46611075.0,17255679900.0,370.2055766789331,0.34501917677440175,-65.49808232255982,,EDINET,,情報・通信業
4689.T,ＬＩＮＥヤフー,499.0,34366.62751232,18.265007,1.1391159,33.140970109300234,626751000000.0,1585535000000.0,14056000000.0,6887099761.0,-1107498300000.0002,-160.80764595156563,-0.32225981152618366,-132.22598115261837,,EDINET,,情報・通信業
4691.T,ワシントンホテル,2032.0,243.72932608,7.922027,3.7087736,35.48915673122215,7980492000.0,24098667000.0,358316000.0,11994553.0,-18277220500.000004,-1523.793383546682,-0.7498983186745483,-174.98983186745482,,EDINET,,サービス業
4694.T,ビー・エム・エル,3600.0,1349.4095872,17.694765,1.0615993,72.10268108072711,102259000000.0,49100000000.0,3127000000.0,37483599.0,50437899999.99999,1345.5991779231229,0.37377754942308966,-62.62224505769104,,EDINET,,サービス業
4704.T,トレンドマイクロ,6784.0,8805.1122176,25.46642,7.399877,31.054760585262343,307829000000.0,280870000000.0,4520000000.0,129792336.0,2036000000.0,15.686596472075207,0.0023122931120393877,-99.76877068879605,,EDINET,,情報・通信業
4705.T,クリップコーポレーション,775.0,27.91695616,,0.6181791,87.07807325816735,3471866000.0,680380000.0,1072558000.0,3602188.0,3474238600.0,964.4800882130527,1.2444904364039389,24.449043640393896,,EDINET,,サービス業
4707.T,キタック,392.0,21.95376128,14.632325,0.5947919,55.592209367159406,1532160000.0,2771380000.0,236146000.0,5600449.0,-1351055800.0000005,-241.2406219572753,-0.6154097498910084,-161.54097498910082,,EDINET,,サービス業
4709.T,ＩＤホールディングス,1057.0,359.12634368,12.336601,2.4018307,63.57418848336004,14396048000.0,8874905000.0,4664007000.0,33976004.0,7898457400.0,232.47164086747813,0.21993532721615716,-78.00646727838428,,EDINET,,情報・通信業
4712.T,ＫｅｙＨｏｌｄｅｒ,815.0,153.37025536,14.058996,0.6686296,41.49320302821376,1537457000.0,4483721000.0,11326000.0,18818436.0,-3386707900.0,-179.96755415806075,-0.22081908485651625,-122.08190848565161,,EDINET,,サービス業
4714.T,リソー教育グループ,205.0,349.11830016,21.624474,3.3581233,54.11291310231109,12686208000.0,10075673000.0,82650000.0,170301620.0,1660822700.0,9.752242521239669,0.04757191473775448,-95.24280852622454,,EDINET,,サービス業
4716.T,日本オラクル,9876.0,12656.83922944,19.774939,11.211058,55.56924780682706,203861000000.0,152722000000.0,36000000.0,128157548.0,35892000000.0,280.0615380063295,0.028357790401612952,-97.1642209598387,,EDINET,,情報・通信業
4719.T,アルファシステムズ,3265.0,458.36173312,12.147934,1.0155796,85.15413281741597,34102138000.0,8544035000.0,3769777000.0,14038644.0,27342543400.0,1947.6627087345473,0.5965276290151753,-40.347237098482466,,EDINET,,情報・通信業
4718.T,早稲田アカデミー,2405.0,432.8148992,18.112667,2.8108535,63.20215706020159,11251972000.0,9300376000.0,669317000.0,17996462.0,1490080300.0,82.79851339668875,0.03442765629799948,-96.55723437020006,,EDINET,,サービス業
4720.T,城南進学研究社,239.0,19.19514368,391.80328,1.6590424,27.27658010918102,2191819000.0,3791987000.0,136139000.0,8031441.0,-1884069400.0000005,-234.58671986758048,-0.9815343927513828,-198.15343927513828,,EDINET,,サービス業
4722.T,フューチャー,2427.0,2152.16553984,17.48937,3.2415495,64.36901867864727,50787000000.0,36559000000.0,13048000000.0,88675961.0,19705700000.0,222.2214428552965,0.09156219318306406,-90.84378068169359,,EDINET,,情報・通信業
4725.T,ＣＡＣ　Ｈｏｌｄｉｎｇｓ,1925.0,333.6158208,9.073769,0.91594833,66.66356410208678,25095000000.0,17019000000.0,21820000000.0,17330691.0,21648100000.0,1249.1192647771518,0.6488931245595594,-35.11068754404406,,EDINET,,情報・通信業
4728.T,トーセ,646.0,48.96314368,12.3000765,0.78817874,78.63234262347675,3679471000.0,1147566000.0,609911000.0,7579434.0,2844086100.0,375.2372670571444,0.5808626425033194,-41.91373574966805,,EDINET,,情報・通信業
4732.T,ユー・エス・エス,1808.0,8209.0524672,20.54779,4.3929343,78.09795283752268,144641000000.0,59993000000.0,511000000.0,454040498.0,79006400000.0,174.0073855702625,0.09624302299240182,-90.37569770075982,,EDINET,,サービス業
4733.T,オービックビジネスコンサルタント,8313.0,6249.43955968,34.73737,3.7046447,76.71003082559939,173676557000.0,49648854000.0,31369252000.0,75176703.0,141021294000.0,1875.8643086542384,0.2256543135636038,-77.43456864363962,,EDINET,,情報・通信業
4735.T,京進,281.0,21.59693568,,0.5899185,17.702488383566646,7235936000.0,18128723000.0,206738000.0,7685742.0,-12560942700.0,-1634.3175063643823,-5.816076535104563,-681.6076535104563,,EDINET,,サービス業
4736.T,日本ラッド,615.0,32.49032192,20.09804,0.93136525,71.2713429938419,3161838000.0,1422181000.0,595152000.0,5282979.0,2014045299.9999998,381.2328801609849,0.6198908620503819,-38.0109137949618,,EDINET,,情報・通信業
4743.T,アイティフォー,1612.0,426.58607104,15.547839,2.1271515,75.34303021708693,18460447000.0,4907868000.0,2997342000.0,26463156.0,15159931600.0,572.8693735546887,0.3553780232969533,-64.46219767030468,,EDINET,,情報・通信業
4746.T,東計電算,1990.0,1434.75146752,24.940468,0.6170338,79.88590012972077,7431595000.0,9395888000.0,35175676000.0,72098064.0,21719091400.0,301.2437532303225,0.15137877046749876,-84.86212295325014,,EDINET,,情報・通信業
4750.T,ダイサン,556.0,35.65538048,13.694582,0.6382991,56.24529998750592,6456775000.0,4625929000.0,3203000.0,6412838.0,1370495200.0,213.71118372240184,0.3843726325942479,-61.56273674057521,,EDINET,,サービス業
4751.T,サイバーエージェント,1235.0,6262.67324416,15.424004,2.9964964,49.479146101133956,358632000000.0,266181000000.0,43467000000.0,507099063.0,96259800000.0,189.8244485614441,0.1537040069323434,-84.62959930676566,,EDINET,,サービス業
4752.T,昭和システムエンジニアリング,1612.0,69.01209088,9.02121,1.1748741,63.00284927338461,6762192000.0,3334116000.0,447466000.0,4281147.0,3407890599.9999995,796.0227948257791,0.49381066676537166,-50.618933323462834,,EDINET,,情報・通信業
4755.T,楽天グループ,661.6,14436.01580032,,1.5766345,4.70147616336393,2257489000000.0,3685911000000.0,78225000000.0,2181985574.0,-1742255600000.0005,-798.4725567209458,-1.2068811316822035,-220.68811316822035,,EDINET,,サービス業
4754.T,トスネット,1520.0,70.69938176,13.138559,0.8365253,75.19128532311821,7594607000.0,3263633000.0,307396000.0,4651275.0,4219787899.9999995,907.2325115156596,0.5968634944181971,-40.31365055818029,,EDINET,,サービス業
4760.T,アルファ,1193.0,9.59219712,6.807418,0.6966013,33.59526987860602,2415942000.0,2891441000.0,65810000.0,804040.0,-718576100.0000005,-893.7069051290987,-0.7491256539221279,-174.9125653922128,,EDINET,,サービス業
4762.T,エックスネット,1056.0,88.27963392,17.08738,2.6993933,53.24735276815478,2220796000.0,3759160000.0,2697866000.0,8359814.0,-25773800.000000715,-3.0830590249975316,-0.002919563470641602,-100.29195634706416,,EDINET,,情報・通信業
4761.T,さくらケーシーエス,1461.0,160.78905344,13.413515,0.78579354,78.2969075230449,14244000000.0,5690000000.0,6344000000.0,11005411.0,12425800000.0,1129.0627855697528,0.7728013590484276,-22.719864095157234,,EDINET,,情報・通信業
4763.T,クリーク・アンド・リバー社,1512.0,320.16951296,7.753051,1.6412555,41.43888371315544,20798934000.0,11065956000.0,1257173000.0,21175231.0,9506403499.999998,448.9397777998265,0.2969178424602027,-70.30821575397972,,EDINET,,サービス業
4765.T,ＳＢＩグローバルアセットマネジメント,598.0,825.62932736,21.619667,2.5572495,79.0643830120461,7187711000.0,2848285000.0,7702904000.0,138065104.0,9446630300.0,68.42156364145426,0.1144173305041041,-88.5582669495896,,EDINET,,サービス業
4766.T,ピーエイ,216.0,23.22609664,23.684212,4.7692647,37.257191092416534,1094661000.0,871686000.0,0.0,10752822.0,135806399.99999988,12.629838009036128,0.05847147226405615,-94.15285277359439,投資有価証券,EDINET,,サービス業
4767.T,テー・オー・ダブリュー,393.0,162.14114304,11.815996,1.5017827,69.56639794907181,12255082000.0,4327507000.0,1072597000.0,41257287.0,8245642200.0,199.85905035394111,0.5085472019184252,-49.145279808157476,,EDINET,,サービス業
4768.T,大塚商会,3667.0,13905.30789376,20.894587,3.360351,54.79786066922655,568843000000.0,298656000000.0,22815000000.0,379201179.0,256291900000.0,675.8731623036435,0.18431228860202986,-81.56877113979701,,EDINET,,情報・通信業
4769.T,ＩＣ,1150.0,84.33136128,21.085442,1.3107668,73.90827821665705,5824722000.0,2083836000.0,1759874000.0,7333162.0,4764414200.0,649.708024996584,0.5649634999970296,-43.50365000029704,,EDINET,,情報・通信業
4771.T,エフアンドエム,2644.0,391.11376896,13.830622,2.5244472,74.71832584588962,7269183000.0,4092179000.0,910444000.0,14792503.0,3405096900.0,230.19071890673268,0.08706154270300026,-91.29384572969997,,EDINET,,サービス業
4772.T,ＳＭ　ＥＮＴＥＲＴＡＩＮＭＥＮＴ　ＪＡＰＡＮ,73.0,84.60325888,31.330473,1.1745588,54.510997449177765,12778529000.0,6622284000.0,1385827000.0,115894871.0,6464095499.999999,55.77550968584278,0.7640480778882572,-23.595192211174275,,EDINET,,情報・通信業
4776.T,サイボウズ,2977.0,1341.42058496,18.004232,7.7094994,59.09754479097544,11933000000.0,9454000000.0,2261000000.0,45059475.0,3116300000.0,69.1597050342908,0.023231341966506818,-97.67686580334932,,EDINET,,情報・通信業
4777.T,ガーラ,199.0,55.7695488,,7.9900427,28.020900994767334,1539645000.0,2563631000.0,243000.0,28024900.0,-1280179000.0,-45.680055950244245,-0.2295480198504736,-122.95480198504735,,EDINET,,情報・通信業
4783.T,ＮＣＤ,2423.0,194.38798848,10.52563,2.4167068,50.630380503485995,12586277000.0,8241768000.0,235728000.0,8022616.0,3685341800.0,459.3690885865658,0.18958691233452984,-81.04130876654702,,EDINET,,情報・通信業
4784.T,ＧＭＯインターネット,518.0,1575.99973376,23.301846,4.6234727,27.299720540288774,8660000000.0,5109000000.0,673000000.0,304247024.0,3511200000.0,11.54062233325247,0.022279193693537588,-97.77208063064624,,EDINET,,サービス業
4801.T,セントラルスポーツ,2322.0,260.07824384,20.370209,0.9812423,62.93397029609309,8774000000.0,15312000000.0,168000000.0,11200613.0,-7951600000.000002,-709.9254299742346,-0.3057387725987229,-130.57387725987232,,EDINET,,サービス業
4792.T,山田コンサルティンググループ,1716.0,329.554432,11.340956,1.6688483,71.98418287395654,20148493000.0,4890500000.0,562609000.0,19204804.0,15162769300.0,789.5300207177329,0.46009907967233854,-53.99009203276614,,EDINET,,サービス業
4809.T,パラカ,1969.0,198.8168704,10.074703,0.9267989,42.295711974110034,4548000000.0,25066000000.0,24000000.0,10097353.0,-23007800000.000004,-2278.597172942256,-1.157235740448073,-215.72357404480732,,EDINET,,不動産業
4811.T,ドリーム・アーツ,939.0,109.09287424,40.54404,3.544279,54.89935402691197,3954790000.0,2421120000.0,4530000.0,11617985.0,1294729000.0,111.44178616171394,0.11868134841503082,-88.13186515849691,,EDINET,,情報・通信業
4812.T,電通総研,2863.0,5588.00699392,31.828794,5.301812,60.680985126170064,119058000000.0,56137000000.0,3388000000.0,195180122.0,59678899999.99999,305.7632067675416,0.10679818608716088,-89.32018139128391,,EDINET,,情報・通信業
4813.T,ＡＣＣＥＳＳ,417.0,156.72108032,,2.5717247,39.690013816200135,17248067000.0,11477256000.0,675971000.0,37582992.0,5096265099.999998,135.60030292425887,0.3251805825521795,-67.48194174478205,,EDINET,,情報・通信業
4814.T,ネクストウェア,166.0,21.09279488,,3.0973039,72.57433560804766,1017014000.0,323558000.0,140211000.0,12706503.0,759247900.0,59.752703005697164,0.359956042202995,-64.0043957797005,,EDINET,,情報・通信業
4816.T,東映アニメーション,2915.0,5955.72293632,23.706896,3.5357718,84.55834004874649,127940000000.0,37781000000.0,20703000000.0,204312971.0,100873000000.0,493.7180420131035,0.1693715409993494,-83.06284590006506,,EDINET,,情報・通信業
4819.T,デジタルガレージ,2426.0,1118.68084224,89.487274,1.5322834,35.52534716030416,41126000000.0,68976000000.0,3257000000.0,46112151.0,-32467700000.0,-704.1029163874832,-0.29023203478461795,-129.0232034784618,,EDINET,,情報・通信業
4820.T,イーエムシステムズ,563.0,389.99289856,26.088972,1.9543589,74.2710681305897,18349000000.0,11050000000.0,906000000.0,69270500.0,6828199999.999998,98.57298561436684,0.1750852319970992,-82.49147680029007,,EDINET,,情報・通信業
4825.T,ウェザーニューズ,1962.0,871.40048896,22.92056,3.6503615,84.55125280498072,22372531000.0,4212176000.0,190368000.0,44413890.0,17872395000.0,402.405531242591,0.2050996591450515,-79.49003408549486,,EDINET,,情報・通信業
4826.T,ＣＩＪ,525.0,293.11004672,16.56674,1.95407,77.34250090913866,13633681000.0,4160397000.0,2363978000.0,55830484.0,10712028900.0,191.867025548265,0.3654610010443143,-63.45389989556857,,EDINET,,情報・通信業
4828.T,ビジネスエンジニアリング,1299.0,774.80968192,16.327301,4.6418223,74.65976937614529,14336426000.0,5067009000.0,1044062000.0,59646623.0,9493559500.0,159.16340309827766,0.12252763902869719,-87.74723609713028,,EDINET,,情報・通信業
4829.T,日本エンタープライズ,103.0,39.69086464,65.18987,0.8398428,86.7930421420276,4711295000.0,694660000.0,279940000.0,38534821.0,4143127000.0,107.51644596973735,1.04384898999745,4.384898999744998,,EDINET,,情報・通信業
4832.T,ＪＦＥシステムズ,1830.0,574.79708672,13.870993,1.6523955,69.60289294671264,40271064000.0,18920735000.0,1864859000.0,31409675.0,20763656800.0,661.0592691583087,0.3612345733105512,-63.87654266894488,,EDINET,,情報・通信業
4833.T,Ｄｅｆ　ｃｏｎｓｕｌｔｉｎｇ,57.0,41.38315008,,1.2568353,93.62033213130844,313312000.0,121057000.0,0.0,72602015.0,180149300.0,2.4813264480331574,0.04353204294795013,-95.646795705205,,EDINET,,サービス業
4838.T,スペースシャワーＳＫＩＹＡＫＩホールディングス,696.0,112.86468608,9.549946,1.2909042,48.536406961339125,10306307000.0,7877830000.0,43758000.0,16216190.0,1671324600.0,103.06518362204686,0.1480821603765041,-85.19178396234959,,EDINET,,情報・通信業
4839.T,ＷＯＷＯＷ,935.0,264.95619072,20.745506,0.38094696,73.55283615556284,69510000000.0,32465000000.0,3076000000.0,28337561.0,35951700000.0,1268.6942253075345,1.3568922195802509,35.68922195802507,,EDINET,,情報・通信業
4840.T,トライアイズ,848.0,74.11632128,,1.5479593,87.79109709642431,3809279000.0,446120000.0,36547000.0,8740132.0,3344129900.0,382.61777968570726,0.4512002118935227,-54.879978810647735,,EDINET,,サービス業
4845.T,スカラ,337.0,57.69252864,15.918753,1.2133082,35.980434908250935,3224111000.0,3338570000.0,677793000.0,17119445.0,26139099.999999464,1.5268660870723008,0.004530759902291693,-99.54692400977083,,EDINET,,情報・通信業
4847.T,インテリジェント　ウェイブ,1507.0,394.59373056,26.041126,3.9201913,58.070654351465315,10460943000.0,9215222000.0,1260056000.0,26184057.0,1206238000.0,46.06765101374474,0.03056911148888171,-96.94308885111182,,EDINET,,情報・通信業
4848.T,フルキャストホールディングス,1778.0,616.79665152,13.352358,1.913855,56.4655023344285,27468000000.0,12599000000.0,2740000000.0,34690476.0,15527099999.999998,447.5897073306229,0.25173774315558095,-74.82622568444192,,EDINET,,サービス業
4849.T,エン,1740.0,657.3979648,27.1875,1.9009829,64.0178643276736,37089000000.0,19323000000.0,4661000000.0,37781493.0,19096400000.0,505.4432338076211,0.2904846171308167,-70.95153828691834,,EDINET,,サービス業
4875.T,メディシノバ・インク,267.0,131.42073344,,2.236169,91.19264434361263,30991304.0,4016428.0,0.0,49221246.0,26573233.2,0.5398732327905718,0.0020219971265564487,-99.79780028734436,投資有価証券,yfinance,,医薬品
4880.T,セルソース,315.0,62.5300224,88.983055,1.0433676,85.6613120018041,5487599000.0,1007142000.0,110722000.0,19850799.0,4457248200.0,224.5374707587337,0.7128173674880435,-28.71826325119565,,EDINET,,医薬品
4881.T,ファンペップ,47.0,23.81334272,,1.4225612,73.91400704744404,2646571000.0,563177000.0,29970000.0,50666688.0,2048055300.0,40.4221270591044,0.8600452565766893,-13.995474342331068,,EDINET,,医薬品
4882.T,ペルセウスプロテオミクス,168.0,30.961408,,2.5321417,75.00703708745267,1775974000.0,386431000.0,0.0,18429410.0,1350899900.0,73.30131024270446,0.4363173228732408,-56.368267712675916,投資有価証券,EDINET,,医薬品
4883.T,モダリス,31.0,32.35595008,,1.2210975,94.23314108671069,3617079000.0,143471000.0,0.0,104374034.0,3459260900.0,33.14292614195596,1.069126649740515,6.912664974051487,投資有価証券,EDINET,,医薬品
4884.T,クリングルファーマ,582.0,47.01405696,,3.896182,62.96418662830876,2755990000.0,648921000.0,0.0,8078017.0,2042176900.0,252.80670986456207,0.43437579014529565,-56.56242098547043,投資有価証券,EDINET,,医薬品
4885.T,室町ケミカル,912.0,36.70867456,22.658384,,40.55855717161661,3608522000.0,2812792000.0,301431000.0,4025074.0,725452499.9999995,180.23333235612552,0.19762426793434815,-80.23757320656519,,EDINET,,医薬品
4886.T,あすか製薬ホールディングス,2023.0,575.53772544,10.690128,0.81175315,68.35618754393614,58290000000.0,32480000000.0,12666000000.0,28449714.0,31428200000.0,1104.6930032407356,0.5460667341773285,-45.39332658226714,,EDINET,,医薬品
4887.T,サワイグループホールディングス,1628.5,1880.68347904,16.262234,1.0586272,49.61005115039773,76944000000.0,71046000000.0,518000000.0,115485634.0,-844000000.0,-7.308268316732798,-0.004487730007204665,-100.44877300072048,,EDINET,,医薬品
4888.T,ステラファーマ,451.0,162.44114432,,4.9000964,54.08365268502821,5243479000.0,2209619000.0,0.0,36017993.0,2812898100.0,78.0970250063628,0.1731641352690971,-82.68358647309029,,EDINET,,医薬品
4889.T,レナサイエンス,1107.0,152.51017728,,4.7071133,94.8452057410477,1871252000.0,151210000.0,10000.0,13776890.0,1704928000.0,123.752748261763,0.11179110050746432,-88.82088994925357,,EDINET,,医薬品
4890.T,坪田ラボ,268.0,69.12872448,,9.420366,65.50425393166411,2445308000.0,915850000.0,0.0,25794300.0,1437873000.0,55.743827124597296,0.20799935494252722,-79.20006450574728,投資有価証券,EDINET,,医薬品
4891.T,ティムス,133.0,61.6345344,,2.5212314,92.85086514422038,3029096000.0,216781000.0,8371000.0,46341757.0,2796496600.0,60.3450706454656,0.45372233568019243,-54.62776643198075,,EDINET,,医薬品
4892.T,サイフューズ,653.0,65.9014144,,2.5058424,64.64156571010116,3240117000.0,975595000.0,10000.0,10092100.0,2166969500.0,214.71938446904014,0.32881988433237386,-67.11801156676262,,EDINET,,医薬品
4893.T,ノイルイミューン・バイオテック,114.0,49.47485184,,1.3832265,98.01477173950707,4775376000.0,74675000.0,0.0,43398993.0,4693233500.0,108.14152991983016,0.9486099115774576,-5.139008842254243,投資有価証券,EDINET,,医薬品
4894.T,クオリプス,6950.0,617.04740864,,12.926168,93.09343013888797,5125116000.0,211911000.0,0.0,8878380.0,4892013900.0,551.0029870314179,0.07928100532826157,-92.07189946717385,投資有価証券,EDINET,,医薬品
4896.T,ケイファーマ,772.0,89.72647424,,11.607626,43.05342914106463,2348139000.0,94760000.0,0.0,11622600.0,2243903000.0,193.06377230568032,0.25008260661357556,-74.99173933864243,投資有価証券,EDINET,,医薬品
4901.T,富士フイルムホールディングス,3401.0,40675.65502464,14.430584,1.0430369,63.50391887641697,704288000000.0,922957000000.0,45276000000.0,1195990979.0,-279271500000.0001,-233.50635991711783,-0.06865814757927605,-106.86581475792761,,EDINET,,化学
4902.T,コニカミノルタ,647.3,3198.85082624,9.996911,0.58146214,44.45436870247119,252851000000.0,496480000000.0,8559000000.0,494183693.0,-287285700000.00006,-581.3338320736538,-0.8980902704675634,-189.80902704675634,,EDINET,,電気機器
4911.T,資生堂,3217.0,12855.9153152,,2.0194082,49.02474322473123,204674000000.0,427877000000.0,3222000000.0,399624362.0,-263735300000.00006,-659.9580132704724,-0.20514703552081828,-120.51470355208183,,EDINET,,化学
4912.T,ライオン,1734.0,4797.98591488,16.639479,1.4418759,65.91385481539777,147772000000.0,117178000000.0,18894000000.0,276700459.0,32101999999.999985,116.01715485408712,0.06690724040028093,-93.30927595997191,,EDINET,,化学
4918.T,アイビー化粧品,300.0,18.84996864,13.321492,0.70102465,72.42871127152223,2472064000.0,1098790000.0,0.0,6283323.0,1263395000.0,201.07115295521174,0.6702371765173725,-32.97628234826276,投資有価証券,EDINET,,化学
4914.T,高砂香料工業,1278.0,1245.9995136,12.883065,0.79246914,57.55143888739318,155016000000.0,115779000000.0,23204000000.0,97496050.0,43901899999.999985,450.294140121574,0.35234283264598903,-64.7657167354011,,EDINET,,化学
4919.T,ミルボン,3230.0,1018.773504,18.942059,2.0486345,84.87414857928835,30935977000.0,10081966000.0,875480000.0,31540975.0,20458650400.0,648.6372218994499,0.20081647736825073,-79.91835226317492,,EDINET,,化学
4922.T,コーセーホールディングス,5321.0,3019.69145856,22.231972,1.0616715,77.46343918221697,240336000000.0,94516000000.0,16750000000.0,56750446.0,148093400000.0,2609.5548218246604,0.4904256383808796,-50.95743616191204,,EDINET,,化学
4920.T,日本色材工業研究所,1175.0,24.60191488,7.4926662,0.5683874,24.159658579543805,6734766000.0,13085331000.0,259060000.0,2093780.0,-7477756100.000002,-3571.414427494771,-3.039501640421082,-403.9501640421082,,EDINET,,化学
4923.T,コタ,1141.0,332.30342144,23.642769,2.8765478,76.26320092358905,8898184000.0,3670072000.0,191837000.0,29123877.0,4995390700.0,171.52217405670268,0.15032618234592698,-84.96738176540731,,EDINET,,化学
4925.T,ハーバー研究所,1690.0,63.90701056,8.525451,0.68378997,76.17190720019018,9035495000.0,3417224000.0,11862000.0,3781480.0,5284852000.0,1397.5618011995302,0.8269596456801954,-17.30403543198046,,EDINET,,化学
4926.T,シーボン,1221.0,50.79982592,24.567404,0.904555,66.12891900105305,4613892000.0,2819883000.0,317142000.0,4160510.0,1734020099.9999995,416.78065910188883,0.3413437011481481,-65.86562988518519,,EDINET,,化学
4927.T,ポーラ・オルビスホールディングス,1339.5,2964.08875008,25.959303,1.8323436,82.40882034905461,106120000000.0,35404000000.0,15407000000.0,221283230.0,77960500000.0,352.31092749324023,0.2630167431827101,-73.69832568172899,,EDINET,,化学
4928.T,ノエビアホールディングス,4425.0,1511.41220352,18.727781,2.9626226,70.86754170370759,50148000000.0,22564000000.0,3112000000.0,34156207.0,27505999999.999996,805.3001903870648,0.18198874359029715,-81.80112564097028,,EDINET,,化学
4929.T,アジュバンホールディングス,743.0,59.44293376,41.50838,1.4180093,81.94012914433911,3532459000.0,1113099000.0,201882000.0,8000395.0,2449367500.0,306.15582105633536,0.4120535949614204,-58.79464050385796,,EDINET,,化学
4932.T,アルマード,780.0,72.1750784,14.001078,5.825286,40.083233220294304,4429546000.0,2847853000.0,0.0,9253215.0,1296907699.9999995,140.15752362827402,0.17968913285676155,-82.03108671432385,投資有価証券,EDINET,,化学
4931.T,新日本製薬,1955.0,414.15368704,12.857613,1.7088369,80.72988566776397,23062000000.0,5430000000.0,324000000.0,21184331.0,17315800000.0,817.3871527970366,0.4181008454204791,-58.18991545795209,,EDINET,,化学
4933.T,Ｉ－ｎｅ,2176.0,387.13278464,17.241106,2.1521733,54.26065839179709,21712000000.0,20548000000.0,0.0,17791029.0,-890800000.0,-50.070178627666785,-0.023010192384038043,-102.3010192384038,,EDINET,,化学
4934.T,プレミアアンチエイジング,581.0,50.66540032,13.932854,0.72826546,55.644428285766224,8882000000.0,4877000000.0,10000000.0,8720379.0,3524300000.0,404.1452785480998,0.6956028890672974,-30.43971109327026,,EDINET,,化学
4935.T,リベルタ,223.0,76.15601664,,4.5904613,20.39602370595276,4803732000.0,4864563000.0,0.0,34150680.0,-547287300.0,-16.025663325005535,-0.07186396109867953,-107.18639610986796,投資有価証券,EDINET,,化学
4936.T,アクシージア,291.0,66.55286272,,0.93211275,80.96944568904455,8631804000.0,2006452000.0,0.0,22870400.0,6424706800.0,280.91799006576184,0.9653539177517589,-3.4646082248241097,投資有価証券,EDINET,,化学
4951.T,エステー,1494.0,291.53871872,19.307316,0.9271372,74.51555439694127,24776000000.0,12606000000.0,5948000000.0,19513970.0,15072999999.999998,772.4209886558193,0.5170153873198255,-48.29846126801745,,EDINET,,化学
4937.T,Ｗａｑｏｏ,2369.0,84.40853504,35.715363,3.361552,65.38111206552712,1854562000.0,993211000.0,0.0,3563045.0,762029900.0,213.87041140372912,0.09027877222614146,-90.97212277738585,投資有価証券,EDINET,,化学
4956.T,コニシ,1450.0,893.82412288,11.763751,0.9893937,63.648019482845065,85769000000.0,50128000000.0,9838000000.0,61643044.0,37514799999.99999,608.5812374872336,0.41971119826705766,-58.02888017329424,,EDINET,,化学
4958.T,長谷川香料,3310.0,1343.60219648,18.280222,0.9952891,83.80643012959477,72241000000.0,24822000000.0,11997000000.0,40592212.0,53334700000.0,1313.9146001701015,0.3969530514109068,-60.30469485890932,,EDINET,,化学
4960.T,ケミプロ化成,538.0,86.688,28.97146,2.4652212,39.006013956498386,8047786000.0,8520519000.0,254891000.0,16113011.0,-1146361200.0,-71.14506407275462,-0.1322398960460123,-113.22398960460123,,EDINET,,化学
4966.T,上村工業,22050.0,3520.16171008,24.787815,3.0719075,83.58816364548255,86652000000.0,24469000000.0,16971000000.0,15964452.0,71615800000.0,4485.954168674252,0.20344463349996608,-79.65553665000338,,EDINET,,化学
4968.T,荒川化学工業,2484.0,492.79401984,20.777916,0.7589152,46.99386795072149,62264000000.0,65060000000.0,10105000000.0,19838729.0,-2228500000.0,-112.33078490058512,-0.04522173305176534,-104.52217330517652,,EDINET,,化学
4967.T,小林製薬,7026.0,5223.03176704,323.48068,2.4908702,76.63849431044314,144468000000.0,51896000000.0,24617000000.0,74338621.0,104614300000.0,1407.2671592872298,0.20029421566854963,-79.97057843314504,,EDINET,,化学
4970.T,東洋合成工業,11090.0,880.18427904,31.582844,15.006136,40.999865569313954,24069000000.0,41032000000.0,472000000.0,7936738.0,-20735800000.0,-2612.635064934738,-0.23558476690123875,-123.55847669012388,,EDINET,,化学
4971.T,メック,7490.0,1367.65661184,21.444729,3.785346,83.65732264642087,19659058000.0,6141898000.0,1627553000.0,18259767.0,14042257300.0,769.0271896678638,0.10267385709851319,-89.73261429014867,,EDINET,,化学
4972.T,綜研化学,4365.0,724.37899264,17.894478,1.7156003,70.67679718203969,33435181000.0,16111734000.0,76578000.0,16595165.0,15765878200.0,950.0284088769229,0.2176468290668781,-78.23531709331219,,EDINET,,化学
4973.T,日本高純度化学,5090.0,295.3808896,15.412566,1.3249257,83.10194155641746,9544044000.0,2261909000.0,5974602000.0,5803161.0,11238165500.0,1936.5593165517896,0.3804635199512357,-61.95364800487644,,EDINET,,化学
4975.T,ＪＣＵ,6270.0,1543.65673472,16.305195,2.7523031,87.05627084031335,40223000000.0,7028000000.0,1402000000.0,24619723.0,33473600000.0,1359.6253702773179,0.21684615155938083,-78.31538484406192,,EDINET,,化学
4976.T,東洋ドライルーブ,1536.0,61.01144064,10.701595,0.5533416,79.96035135496035,6279074000.0,2446256000.0,768728000.0,3972099.0,4126302000.0,1038.8215399465118,0.6763161067360103,-32.36838932639897,,EDINET,,化学
4977.T,新田ゼラチン,1170.0,213.09310976,6.536313,0.8471876,69.11359925355727,24845000000.0,15038000000.0,3073000000.0,18213086.0,10454299999.999998,573.9993760530202,0.4905977573102737,-50.940224268972635,,EDINET,,化学
4978.T,リプロセル,139.0,136.16805888,,1.5013069,91.81415516181104,4896441000.0,685808000.0,4403537000.0,97962635.0,7224528100.0,73.74779271709055,0.5305596598351838,-46.94403401648162,,EDINET,,化学
4979.T,ＯＡＴアグリオ,2789.0,281.87076608,9.485104,1.3227777,53.484507344269325,20669000000.0,17559000000.0,484000000.0,10106517.0,1692900000.0,167.5057786970526,0.06005944019256099,-93.99405598074391,,EDINET,,化学
4980.T,デクセリアルズ,3542.0,5933.20935424,21.592295,5.3253307,66.23885550925476,55644000000.0,54234000000.0,845000000.0,167510141.0,-3421900000.0000076,-20.42801695211998,-0.005767367857741383,-100.57673678577413,,EDINET,,化学
4985.T,アース製薬,4595.0,1007.18649344,21.621494,1.2430873,54.417533571648526,75073000000.0,60983000000.0,5440000000.0,21919185.0,11799699999.999992,538.3274971218133,0.1171550592212869,-88.28449407787132,,EDINET,,化学
4990.T,昭和化学工業,518.0,55.17008384,8.931034,0.55070937,64.43367524097725,6789683000.0,5535627000.0,3706238000.0,10650595.0,3294859899.999999,309.3592329818192,0.5972185964899985,-40.278140351000154,,EDINET,,化学
4992.T,北興化学工業,1951.0,496.15998976,9.785826,0.8294518,68.16881443298969,40686000000.0,19124000000.0,12259000000.0,25431059.0,28230900000.0,1110.0953365724959,0.5689878711289061,-43.101212887109384,,EDINET,,化学
4996.T,クミアイ化学工業,660.0,795.11339008,11.722913,0.5365426,60.879514917104814,178355000000.0,122532000000.0,38691000000.0,120471719.0,70653499999.99998,586.4737432691567,0.8885965807108435,-11.140341928915657,,EDINET,,化学
4994.T,大成ラミックグループ,2594.0,157.4633472,10.611577,0.58658683,73.84744845193131,17843923000.0,9063487000.0,943751000.0,6070291.0,8534713000.0,1405.980866485643,0.5420126701949279,-45.79873298050721,,EDINET,,化学
4997.T,日本農薬,1088.0,852.18115584,11.786372,0.96418,56.201520372736546,116639000000.0,72792000000.0,11883000000.0,78325468.0,44885900000.0,573.0690303695345,0.526717858795528,-47.32821412044719,,EDINET,,化学
4998.T,フマキラー,1155.0,190.3341568,15.480498,0.6928265,42.77670809265418,44502000000.0,37246000000.0,5177000000.0,16479147.0,7155300000.0,434.2032994790325,0.375933592622539,-62.40664073774611,,EDINET,,化学
5010.T,日本精蝋,311.0,61.42017536,5.2954197,0.8099718,23.373290809780418,14669000000.0,24051000000.0,313000000.0,19749253.0,-11568000000.000004,-585.7436734442565,-1.883420171846484,-288.3420171846484,,EDINET,,石油・石炭製品
5011.T,ニチレキグループ,2249.0,639.96243968,15.075748,0.8092595,64.9763083422364,56076000000.0,35047000000.0,9252000000.0,28455422.0,24000700000.0,843.4490973284459,0.3750329467889933,-62.49670532110066,,EDINET,,石油・石炭製品
5013.T,ユシロ,3150.0,403.65740032,8.740046,0.83484644,73.74311135740894,31694000000.0,18433000000.0,5584000000.0,12814520.0,15326500000.0,1196.02607042636,0.3796908160083683,-62.03091839916317,,EDINET,,石油・石炭製品
5015.T,ビーピー・カストロール,998.0,229.11799296,16.97279,3.2269852,77.58917139846746,11871221000.0,3431439000.0,65955000.0,22957714.0,8142806600.0,354.687169637186,0.35539796556832265,-64.46020344316774,,EDINET,,石油・石炭製品
5018.T,ＭＯＲＥＳＣＯ,2378.0,218.233344,13.97344,0.9048514,66.0791976992847,21260000000.0,13288000000.0,654000000.0,9177180.0,7100999999.999998,773.7671049276573,0.32538566229085675,-67.46143377091433,,EDINET,,石油・石炭製品
5016.T,ＪＸ金属,3761.0,33608.10074112,32.469997,5.4703064,55.68573681507861,275866000000.0,318808000000.0,8090000000.0,893594820.0,-69159800000.0,-77.39503234810604,-0.020578312243580442,-102.05783122435803,,EDINET,,非鉄金属
5019.T,出光興産,1507.5,18069.0812928,10.974012,1.097358,36.61426454626115,2649858000000.0,3037886000000.0,305764000000.0,1198612375.0,-477781800000.0005,-398.61243715258695,-0.26441952713272765,-126.44195271327277,,EDINET,,石油・石炭製品
5020.T,ＥＮＥＯＳホールディングス,1361.5,36167.33396992,14.203004,0.9683038,41.32473323441438,222249000000.0,1679557000000.0,34755000000.0,2656432956.0,-1600935200000.0002,-602.6635064830149,-0.44264671794565913,-144.2646717945659,,EDINET,,石油・石炭製品
5025.T,マーキュリー,573.0,15.29565568,9.500912,1.3500141,81.89115191396544,939252000.0,298240000.0,11200000.0,2669399.0,619028000.0,231.89789162279598,0.4047083623434485,-59.52916376565515,,EDINET,,情報・通信業
5021.T,コスモエネルギーホールディングス,4115.0,6534.18758144,9.21138,0.9652892,33.49611846909434,1079108000000.0,1449128000000.0,98538000000.0,158789487.0,-445956200000.00024,-2808.4743418813378,-0.6824968024012972,-168.24968024012972,,EDINET,,石油・石炭製品
5026.T,トリプルアイズ,619.0,51.92233984,,3.6720214,34.37308504944894,3028204000.0,4067511000.0,10201000.0,8388100.0,-1438917400.0,-171.54270931438586,-0.27712877110563144,-127.71287711056314,,EDINET,,情報・通信業
5027.T,ＡｎｙＭｉｎｄ　Ｇｒｏｕｐ,801.0,475.0891008,39.5751,2.6977873,37.84418403739229,2829000000.0,3001000000.0,1272000000.0,59312000.0,418299999.9999995,7.052535743188554,0.008804663849174225,-99.11953361508257,,EDINET,,情報・通信業
5028.T,セカンドサイトアナリティカ,351.0,33.51542016,27.251553,2.7271035,76.25485156616533,864787000.0,300633000.0,67440000.0,8072553.0,581298700.0,72.00927637142797,0.20515463353683183,-79.48453664631681,,EDINET,,情報・通信業
5029.T,サークレイス,915.0,40.05690624,19.480518,4.714988,67.81861994694573,1329427000.0,893297000.0,59470000.0,4377804.0,388429299.9999999,88.72697361508187,0.09696937007112773,-90.30306299288723,,EDINET,,情報・通信業
5031.T,モイ,395.0,68.4021504,36.338547,2.1216824,46.441410310079874,3767321000.0,2267629000.0,0.0,17317000.0,1272929100.0,73.5074839752844,0.1860948961399605,-81.39051038600394,投資有価証券,EDINET,,情報・通信業
5032.T,ＡＮＹＣＯＬＯＲ,3090.0,1845.93809408,13.4781475,6.403322,73.86718535970633,25622000000.0,7175000000.0,66000000.0,59739098.0,17775700000.0,297.5555472899842,0.09629629362135411,-90.3703706378646,,EDINET,,情報・通信業
5033.T,ヌーラボ,1234.0,78.41355264,45.501472,3.7991092,43.777839190898604,3736847000.0,2336133000.0,0.0,6354421.0,1167100700.0,183.6675127442768,0.14883915133247713,-85.11608486675229,投資有価証券,EDINET,,情報・通信業
5034.T,ｕｎｅｒｒｙ,2395.0,89.69085952,29.17885,3.7937891,77.45400982588136,3283977000.0,1822349000.0,50000000.0,3744921.0,1314393099.9999998,350.98019424174765,0.14654705396315143,-85.34529460368486,,EDINET,,情報・通信業
5035.T,ＨＯＵＳＥＩ,359.0,24.01385472,,0.8085476,64.33398885419523,3108447000.0,1831751000.0,28800000.0,6689096.0,1113680899.9999998,166.49198935102737,0.46376598705021554,-53.62340129497844,,EDINET,,情報・通信業
5036.T,日本ビジネスシステムズ,1575.0,709.6786944,10.946622,2.4775136,36.58264734714706,30439000000.0,38213000000.0,1405000000.0,45058965.0,-10611800000.0,-235.5091822459748,-0.14952963952125384,-114.9529639521254,,EDINET,,情報・通信業
5038.T,ｅＷｅＬＬ,2292.0,310.64436736,28.851963,9.804886,78.79216516092161,2526732000.0,661485000.0,10000.0,13553419.0,1799105500.0,132.74181961024004,0.05791527906205936,-94.20847209379407,,EDINET,,情報・通信業
5037.T,フィットワークス,,,,,,0.0,0.0,0.0,,,,,,"流動資産, 負債合計, 投資有価証券",yfinance,株価または発行済株式数を取得できませんでした,情報・通信業
5071.T,ヴィス,1394.0,117.58287872,8.584801,1.5451102,63.4167144259981,7487246000.0,3860344000.0,329796000.0,8434927.0,3471724799.9999995,411.58919336231355,0.2952576709916166,-70.47423290083835,,EDINET,,サービス業
5074.T,テスホールディングス,545.0,385.0047488,17.886446,0.73755395,28.328992079967207,41986000000.0,108408000000.0,971000000.0,70643074.0,-76583100000.00002,-1084.0850442040505,-1.9891468700991752,-298.91468700991754,,EDINET,,建設業
5072.T,アートフォースジャパン,,,,,,0.0,0.0,0.0,,,,,,"流動資産, 負債合計, 投資有価証券",yfinance,株価または発行済株式数を取得できませんでした,建設業
5076.T,インフロニア・ホールディングス,2353.0,5953.33873664,10.547313,0.90363795,31.89308486975434,119591000000.0,376808000000.0,20116000000.0,253010577.0,-280816600000.00006,-1109.9006347074576,-0.4716959773512357,-147.16959773512357,,EDINET,,建設業
5077.T,ハンズ,,,,,,0.0,0.0,0.0,,,,,,"流動資産, 負債合計, 投資有価証券",yfinance,株価または発行済株式数を取得できませんでした,建設業
5078.T,セレコーポレーション,4665.0,158.10618368,13.860004,0.75838995,85.91081764346497,22036604000.0,4454890000.0,29550000.0,3389200.0,17156910000.0,5062.23002478461,1.0851511307148145,8.515113071481451,,EDINET,,建設業
5079.T,ノバック,2578.0,132.88138752,11.281782,0.7183942,58.38564081914745,22956900000.0,7766450000.0,11718000.0,5154437.0,14422007600.0,2797.979216740839,1.085329409131435,8.532940913143488,,EDINET,,建設業
5101.T,横浜ゴム,7228.0,11401.98080512,7.846713,1.0142156,52.05423447226726,309982000000.0,594792000000.0,23828000000.0,157747381.0,-327609600000.0,-2076.79898026326,-0.2873269203463282,-128.73269203463283,,EDINET,,ゴム製品
5105.T,ＴＯＹＯ　ＴＩＲＥ,3945.0,6075.777024,10.123692,1.1049832,65.39009722333692,373782000000.0,250113000000.0,6710000000.0,154012092.0,103354700000.0,671.0817225961712,0.17010943538559473,-82.98905646144054,,EDINET,,ゴム製品
5108.T,ブリヂストン,3821.0,47168.99598336,19.11647,1.2576319,64.71953588432253,804967000000.0,565254000000.0,50646000000.0,1234467309.0,218639800000.0,177.11266908891469,0.04635243891361285,-95.36475610863872,,EDINET,,ゴム製品
5110.T,住友ゴム工業,2002.0,5262.18493952,8.42309,0.6976786,50.43454078683117,422461000000.0,486813000000.0,16252000000.0,262846400.0,-101656900000.00006,-386.7540129900963,-0.1931838226723758,-119.31838226723757,,EDINET,,ゴム製品
5121.T,藤倉コンポジット,3110.0,570.83621376,14.457719,1.4571741,76.15802149147616,29973548000.0,13394136000.0,1810453000.0,18354862.0,16507315499.999998,899.3429370376087,0.2891777932596813,-71.08222067403187,,EDINET,,ゴム製品
5122.T,オカモト,6180.0,1046.51513856,21.708586,0.96151555,67.38808652165173,89348000000.0,51669000000.0,30979000000.0,16933902.0,54197399999.99999,3200.5263760236708,0.5178845268646717,-48.21154731353284,,EDINET,,ゴム製品
5125.T,ファインズ,575.0,25.68812544,43.03892,1.160259,78.03208031623198,2398421000.0,1328214000.0,9568000.0,4467500.0,944083200.0,211.32248461108003,0.36751736454100875,-63.24826354589913,,EDINET,,情報・通信業
5129.T,ＦＩＸＥＲ,243.0,35.9992832,,1.6105621,84.56179775280899,4144000000.0,685000000.0,53000000.0,14814520.0,3427600000.0,231.3676042153239,0.9521300584992752,-4.786994150072472,,EDINET,,情報・通信業
5126.T,ポーターズ,1448.0,23.62701568,18.200102,1.5921168,84.48,1157000000.0,307000000.0,12211000.0,1631700.0,827847700.0,507.3528834957406,0.3503818256186054,-64.96181743813946,,EDINET,,情報・通信業
5130.T,ヒロホールディングス,,,,,,0.0,0.0,0.0,,,,,,"流動資産, 負債合計, 投資有価証券",yfinance,株価または発行済株式数を取得できませんでした,情報・通信業
5132.T,ｐｌｕｓｚｅｒｏ,1988.0,155.24345856,42.306873,9.741231,81.73657118268066,1171010000.0,285038000.0,3152000.0,7809027.0,859674600.0,110.0872874431091,0.05537589911625206,-94.4624100883748,,EDINET,,情報・通信業
5131.T,リンカーズ,155.0,24.86773504,,4.634613,89.82324883817579,1099564000.0,245920000.0,0.0,16043700.0,829052000.0,51.674613711301006,0.33338460458903874,-66.66153954109613,,EDINET,,情報・通信業
5133.T,テリロジーホールディングス,356.0,59.28301568,17.468107,1.9114299,32.79219513602243,5536108000.0,4238186000.0,427625000.0,16652532.0,1173440900.0,70.46621498760669,0.19793880614496262,-80.20611938550374,,EDINET,,情報・通信業
5134.T,ＰＯＰＥＲ,456.0,17.6712768,31.843576,1.9863915,70.46286625608114,853248000.0,347195000.0,0.0,3875280.0,471333499.99999994,121.62566317788648,0.26672294556554055,-73.32770544344595,投資有価証券,EDINET,,情報・通信業
5135.T,ＡＩＲ－Ｕ,,,,,,0.0,0.0,0.0,,,,,,"流動資産, 負債合計, 投資有価証券",yfinance,株価または発行済株式数を取得できませんでした,情報・通信業
5136.T,ｔｒｉｐｌａ,2584.0,153.42476288,24.310848,6.645014,8.564452618647946,10165949000.0,9886161000.0,0.0,5937491.0,-708828100.0,-119.38175569445073,-0.04620036985079363,-104.62003698507938,投資有価証券,EDINET,,情報・通信業
5138.T,Ｒｅｂａｓｅ,463.0,22.76088576,31.011385,1.7740278,56.492298540664976,1720024000.0,581847000.0,0.0,4915958.0,1079992300.0,219.69111615681012,0.47449485131060504,-52.5505148689395,投資有価証券,EDINET,,情報・通信業
5137.T,スマートドライブ,298.0,111.032576,20.941673,8.0715065,47.88482607418991,1479960000.0,1085740000.0,29565000.0,37259252.0,306341500.0,8.221890766889254,0.027590237472782733,-97.24097625272172,,EDINET,,情報・通信業
5139.T,オープンワーク,934.0,193.97158912,19.515253,2.5370164,81.71048552803526,7047476000.0,783219000.0,0.0,20767835.0,6185935100.0,297.86133701466713,0.31890935440542517,-68.10906455945748,投資有価証券,EDINET,,情報・通信業
5161.T,西川ゴム工業,3420.0,1239.91990272,12.035473,1.4237247,62.653104154932926,76120000000.0,46679000000.0,22877000000.0,36254967.0,40786999999.99999,1125.0044718010636,0.32894867596522326,-67.10513240347767,,EDINET,,ゴム製品
5142.T,アキレス,1920.0,262.37937664,12.471581,0.5904259,51.75539293059741,45720000000.0,40168000000.0,6162000000.0,13665593.0,5848600000.0,427.97996398692686,0.22290623124319106,-77.70937687568089,,EDINET,,化学
5162.T,朝日ラバー,814.0,36.52967424,22.87802,0.7240769,51.6288542927249,5073948000.0,4418570000.0,198256000.0,4487675.0,352300200.0,78.50394692128998,0.09644219523499997,-90.3557804765,,EDINET,,ゴム製品
5184.T,ニチリン,4135.0,539.9463936,10.080448,0.8652486,77.30465868467343,51151000000.0,19120000000.0,3923000000.0,13057954.0,32865100000.0,2516.864433739007,0.6086733817990343,-39.13266182009657,,EDINET,,ゴム製品
5185.T,フコク,1941.0,276.0561664,27.361149,0.6689837,53.62485615650172,45597000000.0,33465000000.0,1259000000.0,14222368.0,9666800000.0,679.6899081784412,0.3501751201331485,-64.98248798668514,,EDINET,,ゴム製品
5186.T,ニッタ,6910.0,1898.43062784,13.613081,1.1250108,86.06884509852831,84262000000.0,25754000000.0,60444000000.0,27473670.0,98243400000.0,3575.91104501146,0.5174979804647554,-48.25020195352446,,EDINET,,ゴム製品
5189.T,櫻護謨,3410.0,65.97129216,9.909334,0.6570191,51.02378881066956,11990698000.0,7530136000.0,559125000.0,1934642.0,4098935899.999999,2118.7051144346083,0.6213211479280376,-37.86788520719624,,EDINET,,ゴム製品
5187.T,クリエートメディック,1139.0,90.65986048,18.895157,0.5538547,81.08073263142845,13940381000.0,4296996000.0,619533000.0,7959601.0,9647358500.0,1212.0404653449336,1.0641268352457713,6.412683524577141,,EDINET,,精密機器
5192.T,三ツ星ベルト,4125.0,1147.27952384,15.616717,1.1287074,78.23750423454776,77289000000.0,32375000000.0,16189000000.0,27812837.0,53008800000.0,1905.9112883737823,0.46203910021182604,-53.7960899788174,,EDINET,,ゴム製品
5195.T,バンドー化学,2493.0,1008.6100992,9.858821,1.0838357,70.41442998817215,30692000000.0,26824000000.0,8645000000.0,40457685.0,7237099999.999996,178.8807243914227,0.07175319871296539,-92.82468012870348,,EDINET,,ゴム製品
5194.T,相模ゴム工業,629.0,68.28423168,24.136608,0.5691272,62.06539696198195,6250942000.0,7518457000.0,969539000.0,10855999.0,-1340683400.000001,-123.4970084282433,-0.19633864614983038,-119.63386461498304,,EDINET,,ゴム製品
5199.T,不二ラテックス,1965.0,24.90482176,39.151226,0.6085266,39.40468524876625,6457945000.0,6988225000.0,193788000.0,1267421.0,-1093450900.000001,-862.7369279820998,-0.4390518717466157,-143.90518717466156,,EDINET,,ゴム製品
5201.T,ＡＧＣ,5893.0,12516.3667456,13.643099,0.8190755,58.700874587341275,369567000000.0,648003000000.0,25974000000.0,212393793.0,-325054500000.0,-1530.433142177559,-0.25970357070720496,-125.97035707072048,,EDINET,,ガラス・土石製品
5204.T,石塚硝子,3045.0,126.98088448,4.879651,0.3229706,39.292964648232406,48008000000.0,65085000000.0,6463000000.0,4170144.0,-19061400000.0,-4570.92129192661,-1.5011235769873925,-250.11235769873923,,EDINET,,ガラス・土石製品
5208.T,有沢製作所,2923.0,958.05079552,18.610722,1.9296263,62.5476258952786,49527322000.0,23177458000.0,1969043000.0,32776284.0,25410448299.999996,775.2693471901816,0.26523070379410935,-73.47692962058906,,EDINET,,化学
5210.T,日本山村硝子,2779.0,284.03668992,8.879161,0.4917712,57.81408658727961,40409000000.0,40476000000.0,2865000000.0,10220824.0,-2109100000.0000002,-206.3532255325011,-0.07425448921644516,-107.42544892164452,,EDINET,,ガラス・土石製品
5214.T,日本電気硝子,5199.0,3792.14856192,15.313697,0.7717721,70.74006327228038,285495000000.0,207604000000.0,43132000000.0,72939960.0,87322999999.99997,1197.1901273321232,0.23027315393962747,-76.97268460603726,,EDINET,,ガラス・土石製品
5216.T,倉元製作所,134.0,73.22033664,,6.8353395,40.47582290254827,1358094000.0,912484000.0,1371000.0,54642043.0,355321299.9999999,6.502708912256445,0.04852767844967496,-95.1472321550325,,EDINET,,ガラス・土石製品
5218.T,オハラ,1691.0,401.34926336,27.739502,0.7511543,78.26478355167055,39054666000.0,14278809000.0,7839288000.0,23734432.0,28835477700.0,1214.9217516559906,0.7184634841253641,-28.153651587463592,,EDINET,,ガラス・土石製品
5232.T,住友大阪セメント,1913.5,1819.23708928,16.581455,0.93319523,54.68423669816011,104143000000.0,159369000000.0,39372000000.0,95073795.0,-43602500000.0,-458.61743501455896,-0.23967464594437365,-123.96746459443735,,EDINET,,ガラス・土石製品
5233.T,太平洋セメント,4158.0,4530.68914688,18.168312,0.6721583,48.15474142040119,405731000000.0,747571000000.0,135374000000.0,108963188.0,-321835300000.0001,-2953.6149401208795,-0.710345103444175,-171.0345103444175,,EDINET,,ガラス・土石製品
5237.T,ノザワ,1137.0,135.2695296,22.051977,0.61928105,72.02069845309043,14929249000.0,9574131000.0,3614424000.0,11897056.0,6927801700.0,582.3122712039012,0.5121479957817953,-48.78520042182048,,EDINET,,ガラス・土石製品
5240.T,ｍｏｎｏＡＩ　ｔｅｃｈｎｏｌｏｇｙ,174.0,21.3415872,,2.2047086,86.49528203570179,1799109000.0,314868000.0,25659000.0,12265280.0,1470715500.0,119.90884023846174,0.6891312657382859,-31.08687342617142,,EDINET,,情報・通信業
5242.T,アイズ,2250.0,23.08335872,,3.7972443,55.09097333437346,822722000.0,287777000.0,0.0,1025927.0,506167300.0,493.3755520616964,0.21927802313853173,-78.07219768614682,投資有価証券,EDINET,,情報・通信業
5243.T,ｎｏｔｅ,3895.0,754.44109312,70.97303,9.768344,46.84340245548761,3671436000.0,2046987000.0,768980000.0,19369477.0,1958036300.0,101.08875422914103,0.025953467067815414,-97.40465329321846,,EDINET,,情報・通信業
5244.T,ｊｉｇ．ｊｐ,180.0,74.2980608,6.509946,1.4360595,66.93591863534716,5661360000.0,2659188000.0,60884000.0,41276700.0,2778872000.0,67.32301758619269,0.3740167643677372,-62.59832356322629,,EDINET,,情報・通信業
5246.T,ＥＬＥＭＥＮＴＳ,893.0,243.12383488,744.1666,6.3181877,49.51970689316534,3207262000.0,2307834000.0,176699000.0,27225514.0,792333900.0,29.102624104727646,0.03258972464135235,-96.74102753586476,,EDINET,,情報・通信業
5247.T,ＢＴＭ,566.0,15.94332544,25.692238,2.199083,35.311419502494445,1488783000.0,920598000.0,10000.0,2816842.0,476132199.9999999,169.0304958531575,0.29864045203738077,-70.13595479626193,,EDINET,,情報・通信業
5248.T,テクノロジーズ,513.0,86.80877056,79.78227,5.707356,22.807305919036164,10345789000.0,14552502000.0,30470000.0,16921788.0,-5640634200.000002,-333.3355907779959,-0.649776980074066,-164.97769800740662,,EDINET,,情報・通信業
5249.T,あさかわシステムズ,1253.0,12.90589952,12.188716,1.2957735,48.123797213012125,1484594000.0,1073937000.0,244699000.0,1030000.0,474552600.0,460.7306796116505,0.3677020587483244,-63.22979412516756,,yfinance,,情報・通信業
5250.T,ＧＭＯプライム・ストラテジー,1039.0,36.4893568,36.303284,2.6217976,88.53706571589342,1529985000.0,224047000.0,0.0,3511969.0,1283533300.0,365.4739833979172,0.35175551818856327,-64.82444818114368,投資有価証券,EDINET,,情報・通信業
5251.T,ウイズ・ワン,,,,,,0.0,0.0,0.0,,,,,,"流動資産, 負債合計, 投資有価証券",yfinance,株価または発行済株式数を取得できませんでした,情報・通信業
5252.T,日本ナレッジ,996.0,41.47638784,46.32558,3.5950317,53.51710133103956,1457017000.0,1048363000.0,38983000.0,4164296.0,331105800.0,79.51063036825433,0.07982995016893005,-92.017004983107,,EDINET,,情報・通信業
5253.T,カバー,1558.0,993.54148864,33.97296,5.83923,57.181734845880605,22872000000.0,16112000000.0,77000000.0,63770316.0,5202700000.0,81.58498069854319,0.052365199421401276,-94.76348005785987,,EDINET,,情報・通信業
5254.T,Ａｒｅｎｔ,4295.0,292.96642048,19.684679,4.038586,81.5195810783332,4564170000.0,1282684000.0,0.0,6821104.0,3153217600.0,462.2737902838016,0.1076306845829573,-89.23693154170427,投資有価証券,EDINET,,情報・通信業
5255.T,モンスターラボ,81.0,52.37251584,,7.9349527,7.137989255097467,762131000.0,10833924000.0,2668186000.0,64657422.0,-9287455200.000002,-143.6409759733384,-1.773345382386894,-277.3345382386894,,EDINET,,情報・通信業
5256.T,Ｆｕｓｉｃ,3680.0,46.70802944,80.82583,3.84654,67.25617558695895,1332809000.0,433175000.0,45000000.0,1269240.0,887816500.0,699.4867007027827,0.1900779077996692,-80.99220922003308,,EDINET,,情報・通信業
5257.T,ノバシステム,2855.0,39.34444032,12.094383,1.6364043,62.42990512452803,2189405000.0,1496493000.0,362099000.0,1378089.0,796731999.9999998,578.1426308460482,0.20250179714397484,-79.74982028560251,,EDINET,,情報・通信業
5258.T,トランザクション・メディア・ネットワークス,430.0,127.60336384,,1.857668,22.99876428734738,17246390000.0,16863703000.0,280040000.0,29675200.0,-1107655300.0,-37.32595904998113,-0.08680455593018867,-108.68045559301886,,EDINET,,情報・通信業
5261.T,リソルホールディングス,7580.0,421.22543104,15.613735,2.2951314,41.74507347078255,9279000000.0,27300000000.0,0.0,5557064.0,-20751000000.000004,-3734.1660992207403,-0.4926340500291214,-149.26340500291212,,EDINET,,サービス業
5262.T,日本ヒューム,1064.0,542.006272,15.011288,1.0038712,76.42147013104076,27099105000.0,14157934000.0,19857935000.0,50940438.0,25425932100.0,499.13061407128066,0.4691077199918051,-53.08922800081949,,EDINET,,ガラス・土石製品
5268.T,旭コンクリート工業,826.0,108.79533056,23.893549,0.84896886,75.82298366608595,9005629000.0,3781571000.0,1201738000.0,13171348.0,5687117500.0,431.779457956771,0.5227354212551707,-47.72645787448293,,EDINET,,ガラス・土石製品
5269.T,日本コンクリート工業,352.0,191.0339584,27.87015,0.42517212,55.247170737029705,30471333000.0,37297074000.0,15248883000.0,54271013.0,118769700.0,2.188455557297226,0.00621720328777621,-99.37827967122239,,EDINET,,ガラス・土石製品
5271.T,トーヨーアサノ,2272.0,29.99987456,,0.76469046,26.96691483847815,6913107000.0,11951253000.0,334720000.0,1320417.0,-5998967300.000002,-4543.23694711595,-1.9996641492587808,-299.9664149258781,,EDINET,,ガラス・土石製品
5273.T,三谷セキサン,1988.0,1393.03780352,10.404563,1.3168136,73.39325524611628,72884000000.0,34692000000.0,31563000000.0,70072320.0,56816900000.0,810.832294406693,0.40786332716634455,-59.21366728336553,,EDINET,,ガラス・土石製品
5279.T,日本興業,1203.0,35.08565248,6.178419,0.4099239,50.11845324318244,8768974000.0,8296018000.0,656933000.0,2916513.0,103207300.0,35.38722440119417,0.029415814132330978,-97.0584185867669,,EDINET,,ガラス・土石製品
5280.T,ヨシコン,2161.0,150.1210624,5.684,0.52750003,67.3353167118693,38675872000.0,16627531000.0,2985654000.0,6946833.0,22475545700.0,3235.365770272583,1.497161392999807,49.71613929998071,,EDINET,,不動産業
5282.T,ジオスター,387.0,118.55706112,6.656347,0.4790956,68.1034286439305,25847581000.0,12979421000.0,1541700000.0,30634899.0,12649407899.999998,412.90842512651983,1.0669468349522475,6.694683495224762,,EDINET,,ガラス・土石製品
5283.T,高見澤,3210.0,53.02996992,4.4135847,0.3348486,36.10821796011685,20748000000.0,24102000000.0,1142000000.0,1652024.0,-4964800000.000004,-3005.283216224464,-0.936225301004506,-193.62253010045058,,EDINET,,卸売業
5284.T,ヤマウホールディングス,2211.0,133.96064256,6.120585,0.99881196,61.278384471946815,16823114000.0,11485345000.0,499110000.0,6058826.0,4538611499.999998,749.0909129920545,0.3388018602406398,-66.11981397593601,,EDINET,,ガラス・土石製品
5285.T,ヤマックス,1288.0,124.8487424,6.0285516,1.2983439,60.40960318164077,11116994000.0,9317232000.0,378924000.0,9693225.0,1133285600.0,116.91522687237736,0.09077269167110044,-90.92273083288995,,EDINET,,ガラス・土石製品
5287.T,イトーヨーギョー,880.0,26.00304128,8.365814,0.8546211,62.65716385395965,2535577000.0,2163397000.0,139045000.0,2954891.0,253171800.0,85.67889644660328,0.09736238232568555,-90.26376176743145,,EDINET,,ガラス・土石製品
5288.T,アジアパイルホールディングス,1445.0,550.38251008,7.10353,1.0153725,52.78119383218238,64862000000.0,48081000000.0,4174000000.0,38088756.0,14894699999.999992,391.0524145235931,0.2706245083208257,-72.93754916791742,,EDINET,,ガラス・土石製品
5290.T,ベルテクスコーポレーション,1213.0,594.91704832,5.9356036,1.3763539,67.28844541939645,34690168000.0,15332238000.0,1540362000.0,49045100.0,18902959600.0,385.4199420533346,0.3177410899038208,-68.22589100961792,,EDINET,,ガラス・土石製品
5301.T,東海カーボン,2375.0,4805.4747136,26.013144,1.4948294,53.13636521076512,270566000000.0,318777000000.0,33307000000.0,202335774.0,-56773800000.0,-280.59200247999644,-0.11814400104420902,-111.81440010442091,,EDINET,,ガラス・土石製品
5302.T,日本カーボン,5300.0,558.34673152,14.825175,1.0513389,74.29999883187122,46319000000.0,21529000000.0,10431000000.0,10534844.0,29938799999.999996,2841.8835627751105,0.5362044458066246,-46.379555419337535,,EDINET,,ガラス・土石製品
5304.T,ＳＥＣカーボン,2379.0,468.2039296,,0.6085495,89.20888112531028,45824000000.0,7593000000.0,17724000000.0,19680705.0,49878500000.0,2534.3858362797473,1.0653156100377248,6.531561003772481,,EDINET,,ガラス・土石製品
5331.T,ノリタケ,3790.0,2085.0409472,14.683093,1.1605439,72.90460543472592,90406000000.0,47450000000.0,42879000000.0,55014274.0,68226299999.99999,1240.1563274287687,0.32721802834532154,-67.27819716546784,,EDINET,,ガラス・土石製品
5332.T,ＴＯＴＯ,6266.0,10304.59359232,25.224426,1.9231466,64.52253399767729,374570000000.0,283519000000.0,67536000000.0,164452497.0,109974300000.0,668.7298886072858,0.10672356983837948,-89.32764301616206,,EDINET,,ガラス・土石製品
5310.T,東洋炭素,7880.0,1652.604928,36.62731,1.693885,82.72753485532074,64112000000.0,18985000000.0,533000000.0,20972145.0,43601600000.0,2079.024343957187,0.26383557664431306,-73.6164423355687,,EDINET,,ガラス・土石製品
5333.T,ＮＧＫ,5864.0,16506.1787648,27.373728,2.0381322,65.73878214150707,668874000000.0,415480000000.0,68892000000.0,281483262.0,260070399999.99994,923.9284714556134,0.15755942555518646,-84.24405744448136,,EDINET,,ガラス・土石製品
5334.T,日本特殊陶業,3986.0,15517.5026688,13.354328,0.91823256,63.160541183735006,309117000000.0,269452000000.0,88787000000.0,389300128.0,74870700000.0,192.3212827713224,0.048249192867868135,-95.17508071321319,,EDINET,,ガラス・土石製品
5337.T,ダントーホールディングス,897.0,287.54552832,,3.6555545,79.50110456553755,3779000000.0,2310000000.0,4296000000.0,32056358.0,4245200000.0,132.4292672299205,0.14763574942020122,-85.23642505797989,,EDINET,,ガラス・土石製品
5341.T,ＡＳＡＨＩ　ＥＩＴＯホールディングス,130.0,11.91084416,,0.7437624,40.470754560437236,1719517000.0,1464555000.0,5092000.0,9162188.0,112070899.99999976,12.231892643984141,0.09409148187680108,-90.5908518123199,,EDINET,,ガラス・土石製品
5344.T,ＭＡＲＵＷＡ,59910.0,7392.80224256,38.423798,4.8837023,90.51576301086108,100290000000.0,14431000000.0,482000000.0,12339847.0,84753300000.0,6868.261818805371,0.1146429948056313,-88.53570051943687,,EDINET,,ガラス・土石製品
5351.T,品川リフラ,1971.0,899.4287616,3.4350548,0.8164378,50.00647059331027,106964000000.0,101386000000.0,9222000000.0,45633120.0,1894799999.9999847,41.52247315107941,0.02106670378035485,-97.89332962196453,,EDINET,,ガラス・土石製品
5355.T,日本坩堝,663.0,44.05863936,10.360993,0.7156203,51.271319584885354,6656782000.0,5635406000.0,1137567000.0,6645345.0,1254132299.999999,188.7234297090669,0.2846507235430873,-71.53492764569127,,EDINET,,ガラス・土石製品
5356.T,美濃窯業,1253.0,131.2583168,10.270492,0.79413867,70.77863935037155,12939781000.0,6828996000.0,2177854000.0,10475524.0,6952383199.999999,663.6788002203994,0.5296718277896244,-47.03281722103756,,EDINET,,ガラス・土石製品
5357.T,ヨータイ,1696.0,312.76777472,12.698413,0.9021675,81.51116263983297,29584180000.0,8430452000.0,3085052000.0,18441497.0,22470219200.0,1218.459607698876,0.7184313724639599,-28.156862753604013,,EDINET,,ガラス・土石製品
5363.T,東京窯業,726.0,322.57458176,8.517128,0.6376627,80.62577270844089,36309679000.0,11798095000.0,12379783000.0,44431759.0,31997622600.0,720.1520561002322,0.9919449808543144,-0.8055019145685615,,EDINET,,ガラス・土石製品
5367.T,ニッカトー,1501.0,179.44836096,22.595213,1.2693574,74.9842188853465,10091569000.0,4011494000.0,1942568000.0,11955254.0,7038723200.0,588.7556383160073,0.39224226403464846,-60.77577359653515,,EDINET,,ガラス・土石製品
5368.T,日本インシュレーション,1001.0,86.75674112,7.494759,0.5916712,78.55751700968406,11543141000.0,4112029000.0,662158000.0,8667007.0,7483419700.0,863.43759731589,0.8625750222935964,-13.74249777064036,,EDINET,,ガラス・土石製品
5380.T,新東,1294.0,9.06757568,,0.27666906,52.86336442091949,2621848000.0,2976886000.0,106903000.0,700740.0,-577894500.0000005,-824.6917544310307,-0.6373197484011057,-163.73197484011058,,EDINET,,ガラス・土石製品
5381.T,マイポックス,1157.0,161.19113728,31.110516,1.7725797,49.51386740133665,8465435000.0,7467850000.0,162560000.0,13931818.0,364591999.99999905,26.169736067467937,0.022618613714319738,-97.73813862856802,,EDINET,,ガラス・土石製品
5384.T,フジミインコーポレーテッド,3745.0,2778.1627904,29.583696,3.2635057,69.83726566750754,56128000000.0,14012000000.0,3511000000.0,74183256.0,43172500000.0,581.9709504257942,0.155399452717168,-84.4600547282832,,EDINET,,ガラス・土石製品
5388.T,クニミネ工業,1371.0,166.96508416,12.605737,0.74905837,86.2142774790521,17399744000.0,3487548000.0,1631810000.0,12178343.0,14705708200.0,1207.5294808168894,0.8807654856432454,-11.923451435675462,,EDINET,,ガラス・土石製品
5391.T,エーアンドエーマテリアル,1474.0,81.50723072,6.599803,0.48406717,39.51427255985267,18620000000.0,22185000000.0,692000000.0,5529663.0,-5299100000.000004,-958.3043306617426,-0.6501386232440588,-165.0138623244059,,EDINET,,ガラス・土石製品
5393.T,ニチアス,3664.0,6877.84198144,21.698448,2.8402376,78.01760206822674,190047000000.0,72609000000.0,13834000000.0,187714033.0,119860900000.0,638.5292462391451,0.17427108248884965,-82.57289175111502,,EDINET,,ガラス・土石製品
5406.T,神戸製鋼所,2010.0,7948.6058496,8.450349,0.6313647,46.43513296179233,1416256000000.0,1653993000000.0,214144000000.0,395453033.0,-253235500000.00024,-640.3680813342004,-0.3185910852408957,-131.85910852408958,,EDINET,,鉄鋼
5401.T,日本製鉄,647.6,33845.477376,198.6503,0.600507,41.09358406824612,2004329000000.0,4129940000000.0,223331000000.0,5226293989.0,-2382273300000.0,-455.8245871767012,-0.703867491007877,-170.3867491007877,,EDINET,,鉄鋼
5408.T,中山製鋼所,613.0,332.3399168,13.582982,0.2998565,71.63370982667305,92524000000.0,42337000000.0,3193000000.0,54215320.0,48188400000.0,888.8336359538226,1.449973304981766,44.997330498176616,,EDINET,,鉄鋼
5410.T,合同製鐵,2856.0,412.60019712,5.2650986,0.2952634,56.45598750719159,129800000000.0,119410000000.0,26730000000.0,14446785.0,17159999999.999985,1187.8075294953157,0.41589899492132903,-58.41010050786709,,EDINET,,鉄鋼
5411.T,ＪＦＥホールディングス,1717.0,10922.46044672,16.346153,0.41436738,45.463626744161985,550518000000.0,1685988000000.0,225997000000.0,636136318.0,-1145870900000.0002,-1801.2977212220735,-1.0490959354816969,-204.90959354816968,,EDINET,,鉄鋼
5423.T,東京製鐵,1691.0,1717.99085056,15.088784,0.7931367,75.83445645874272,164153000000.0,83055000000.0,25392000000.0,101596141.0,90566900000.0,891.4403550032476,0.5271675665306018,-47.28324334693982,,EDINET,,鉄鋼
5440.T,共英製鋼,1862.0,809.2045312,8.301752,0.38291216,58.641963728167624,211297000000.0,143671000000.0,17526000000.0,43458886.0,65527100000.0,1507.795206715607,0.8097718618236343,-19.02281381763657,,EDINET,,鉄鋼
5444.T,大和工業,12505.0,7472.03854336,12.111498,1.3663057,91.77226378760615,310115000000.0,54540000000.0,74427000000.0,59752410.0,302219900000.0,5057.869632371314,0.40446778347631457,-59.553221652368535,,EDINET,,鉄鋼
5445.T,東京鐵鋼,1953.0,488.58492928,6.313646,0.77560544,78.82260811197156,40591000000.0,21533000000.0,8378000000.0,25017150.0,22769299999.999996,910.147638719838,0.46602541665122277,-53.397458334877726,,EDINET,,鉄鋼
5446.T,北越メタル,1070.0,39.88270848,,0.23079814,69.30384360042154,12994099000.0,8895560000.0,2199120000.0,3727356.0,4748367000.0,1273.9236606323625,1.1905828604040771,19.058286040407708,,EDINET,,鉄鋼
5449.T,大阪製鐵,2430.0,727.02050304,,0.59774625,73.82070257123907,108890000000.0,45273000000.0,553000000.0,29918539.0,59476799999.99999,1987.9580349829246,0.8180897263304217,-18.191027366957837,,EDINET,,鉄鋼
5451.T,ヨドコウ,1382.0,1979.70853888,11.53782,1.0035982,83.94268515113076,159857000000.0,49136000000.0,40961000000.0,143249540.0,134480100000.0,938.7820721797781,0.6792923821850783,-32.07076178149218,,EDINET,,鉄鋼
5458.T,高砂鐵工,1320.0,39.62823424,10.699521,0.77687186,52.48351195383347,7270000000.0,4310000000.0,22000000.0,3002139.0,2544400000.0,847.5290451241598,0.6420674584273938,-35.79325415726062,,EDINET,,鉄鋼
5461.T,中部鋼鈑,2156.0,570.65754624,45.48523,0.7903768,89.54350370659382,46579000000.0,8543000000.0,12325000000.0,26468346.0,45809200000.0,1730.7163809933572,0.8027441470284589,-19.725585297154115,,EDINET,,鉄鋼
5463.T,丸一鋼管,1707.0,3768.57755648,14.25946,1.0727793,85.69088059397596,226582000000.0,65907000000.0,66631000000.0,220771964.0,200726000000.0,909.2005903430745,0.5326306914722171,-46.73693085277829,,EDINET,,鉄鋼
5464.T,モリ工業,891.0,338.36826624,10.248446,0.5744803,80.58602513109182,43053000000.0,14269000000.0,7068000000.0,37976235.0,32304700000.0,850.6556797955353,0.9547201793440352,-4.527982065596485,,EDINET,,鉄鋼
5471.T,大同特殊鋼,2603.5,5203.19401984,15.6113205,1.0746944,59.95667811018473,276213000000.0,227099000000.0,39714000000.0,199853804.0,54203899999.99997,271.2177547543702,0.10417428644300758,-89.58257135569924,,EDINET,,鉄鋼
5480.T,日本冶金工業,5340.0,739.7904384,10.311667,0.7206322,46.17270784053671,101735000000.0,120855000000.0,6052000000.0,13853753.0,-26969100000.000015,-1946.6999303365676,-0.3645505487521662,-136.4550548752166,,EDINET,,鉄鋼
5482.T,愛知製鋼,2988.0,1919.6944384,17.64289,0.81113416,62.4120267874828,111587000000.0,117902000000.0,26614000000.0,64246798.0,524599999.99998474,8.165387479699529,0.0027327267335005116,-99.72672732664995,,EDINET,,鉄鋼
5484.T,東北特殊鋼,4460.0,331.27804928,25.969488,1.1043707,81.03034356876498,17413177000.0,6110624000.0,6389909000.0,7427759.0,15164426900.0,2041.5884387202116,0.4577552553184331,-54.22447446815669,,EDINET,,鉄鋼
5491.T,日本金属,896.0,57.84518656,28.105396,0.19615187,44.43581898716836,38693000000.0,42040000000.0,2881000000.0,6455936.0,-5534300000.0,-857.2420792275512,-0.9567433919950349,-195.67433919950346,,EDINET,,鉄鋼
5527.T,ｐｒｏｐｅｒｔｙ　ｔｅｃｈｎｏｌｏｇｉｅｓ,768.0,95.6563456,8.675026,1.1035576,19.258547645057632,37892194000.0,33314839000.0,52604000.0,12455253.0,1282693900.0,102.98417061459932,0.1340939721544262,-86.59060278455738,,EDINET,,不動産業
5525.T,フロンティアホールディングス,,,,,,0.0,0.0,0.0,,,,,,"流動資産, 負債合計, 投資有価証券",yfinance,株価または発行済株式数を取得できませんでした,不動産業
5528.T,フロンティアハウス,,,,,,0.0,0.0,0.0,,,,,,"流動資産, 負債合計, 投資有価証券",yfinance,株価または発行済株式数を取得できませんでした,不動産業
5531.T,エヌバイテクノロジーズ,,,,,,0.0,0.0,0.0,,,,,,"流動資産, 負債合計, 投資有価証券",yfinance,株価または発行済株式数を取得できませんでした,不動産業
5532.T,リアルゲイト,3425.0,222.5472512,30.168238,3.1681983,15.761341360897472,5526633000.0,13183068000.0,0.0,6497730.0,-8974741800.000002,-1381.2118693759207,-0.40327353850391845,-140.32735385039183,投資有価証券,EDINET,,不動産業
5533.T,エリッツホールディングス,2053.0,72.1177856,9.539963,1.2370704,55.602763874810265,5354732000.0,4335071000.0,110179000.0,3512800.0,663279200.0,188.81780915508995,0.09197165570145638,-90.80283442985436,,EDINET,,不動産業
5534.T,エンゼルグループ,850.0,32.97999872,13.07089,0.16635561,69.29276824229234,19442322000.0,7370577000.0,267000.0,3880000.0,11334874200.0,2921.359329896907,3.436893329290479,243.68933292904788,,yfinance,,不動産業
5535.T,ミガロホールディングス,281.0,180.69559296,12.260035,1.1790721,26.79847567317048,52457148000.0,43232738000.0,232355000.0,64304484.0,5063784699.999992,78.74699220041937,0.2802384064071864,-71.97615935928137,,EDINET,,不動産業
5536.T,京橋アートレジデンス,,,,,,0.0,0.0,0.0,,,,,,"流動資産, 負債合計, 投資有価証券",yfinance,株価または発行済株式数を取得できませんでした,不動産業
5537.T,ＡｌｂａＬｉｎｋ,3905.0,315.31313152,28.037048,12.967993,38.32703749954614,2218132000.0,1736220000.0,0.0,8074600.0,308289999.99999976,38.18021945359519,0.009777264904889935,-99.02227350951101,投資有価証券,EDINET,,不動産業
5541.T,大平洋金属,2506.0,435.73223424,17.795767,0.7061082,93.85833320955932,38510000000.0,4138000000.0,24873000000.0,17387561.0,51369300000.0,2954.370656125951,1.1789188571931168,17.89188571931169,,EDINET,,鉄鋼
5542.T,新報国マテリアル,1266.0,84.26536448,18.411867,3.1056967,75.16144866146148,6323375000.0,2185373000.0,75398000.0,6656032.0,3972243300.0,596.7884920024422,0.4713969131140934,-52.86030868859066,,EDINET,,鉄鋼
5563.T,新日本電工,437.0,545.7154048,,0.7975501,76.03142997837583,53971000000.0,28522000000.0,12255000000.0,124877664.0,31175299999.999996,249.64672625522525,0.5712739731240852,-42.872602687591474,,EDINET,,鉄鋼
5570.T,ジェノバ,603.0,79.78895872,15.4259405,2.1818182,88.2004001680451,3699453000.0,435588000.0,100443000.0,13232000.0,3290616300.0,248.68623790810156,0.4124149882389744,-58.75850117610255,,EDINET,,情報・通信業
5571.T,エキサイトホールディングス,1038.0,49.87268096,20.253658,1.4466637,33.64223016074375,5083337000.0,6732586000.0,889820000.0,4804690.0,-1699633600.000001,-353.7446952873132,-0.34079450413035955,-134.07945041303597,,EDINET,,情報・通信業
5572.T,Ｒｉｄｇｅ－ｉ,3235.0,139.66672896,33.59992,3.7538757,80.18879952471521,2468340000.0,602899000.0,30000.0,4317364.0,1805172100.0,418.1190420821594,0.1292485446930941,-87.07514553069059,,EDINET,,情報・通信業
5573.T,働楽ホールディングス,,,,,,0.0,0.0,0.0,,,,,,"流動資産, 負債合計, 投資有価証券",yfinance,株価または発行済株式数を取得できませんでした,情報・通信業
5574.T,ＡＢＥＪＡ,3160.0,313.98209536,61.0746,5.942251,84.0840107901697,4108988000.0,341758000.0,0.0,9936142.0,3733054200.0,375.70459439891255,0.11889385898699764,-88.11061410130024,投資有価証券,EDINET,,情報・通信業
5575.T,Ｇｌｏｂｅｅ,1244.0,60.38107136,19.859514,5.72175,42.14765074658683,1831171000.0,1341727000.0,19980000.0,4853784.0,369257300.0,76.07617067426156,0.061154478033972316,-93.88455219660278,,EDINET,,情報・通信業
5576.T,オービーシステム,3045.0,70.8215552,11.688163,1.2529703,74.78313384875706,3937021000.0,1357422000.0,2011747000.0,2325831.0,3852079700.0,1656.2165092820587,0.5439134677445184,-45.60865322554815,,EDINET,,情報・通信業
5578.T,ＡＲアドバンストテクノロジ,922.0,90.418688,13.4696865,3.4897275,32.07225968702078,3976726000.0,2780748000.0,111145000.0,9806799.0,995704699.9999995,101.53207993760242,0.11012156175444948,-88.98784382455504,,EDINET,,情報・通信業
5580.T,プロディライト,1639.0,27.58273024,41.54626,2.8583138,55.74527680108537,1292812000.0,758073000.0,0.0,1682900.0,458931699.9999999,272.70289381424914,0.166383705804911,-83.3616294195089,投資有価証券,EDINET,,情報・通信業
5581.T,カイテクノロジー,193.0,7.29848832,10.633609,1.0922406,31.109146214670968,1691720000.0,1497486000.0,77419000.0,3781600.0,98678699.99999976,26.09443092870736,0.13520430533008995,-86.479569466991,,yfinance,,情報・通信業
5582.T,グリッド,2118.0,101.88607488,32.40514,2.3651881,88.70728137550991,4162860000.0,477613000.0,10000.0,4810485.0,3637492700.0,756.1592438184507,0.3570156958538483,-64.29843041461517,,EDINET,,情報・通信業
5584.T,Ｓｔｒａｗｂｅｒｒｙ　ｊａｍｓ,,,,,,0.0,0.0,0.0,,,,,,"流動資産, 負債合計, 投資有価証券",yfinance,株価または発行済株式数を取得できませんでした,情報・通信業
5586.T,Ｌａｂｏｒｏ．ＡＩ,916.0,146.08379904,99.02702,5.343164,90.56716243898225,2623661000.0,265374000.0,0.0,15948013.0,2331749600.0,146.20941179318075,0.1596172617829484,-84.03827382170516,投資有価証券,EDINET,,情報・通信業
5588.T,ファーストアカウンティング,721.0,79.94394112,37.203304,4.744451,59.13687594868079,2129822000.0,1184792000.0,60000.0,11087925.0,826592800.0,74.54891695245053,0.10339655610603402,-89.6603443893966,,EDINET,,情報・通信業
5587.T,インバウンドプラットフォーム,838.0,28.90730496,10.653444,1.7723671,52.623607757714275,1379102000.0,1281907000.0,47958000.0,3449559.0,2574900.0,0.7464432410055895,0.0008907437243503454,-99.91092562756496,,EDINET,,情報・通信業
5589.T,オートサーバー,2994.0,217.62113536,13.707536,1.6140684,64.14642909054467,13423209000.0,6174543000.0,160000.0,7268575.0,6631323699.999999,912.3278909552421,0.30471873445398867,-69.52812655460114,,EDINET,,情報・通信業
5590.T,ネットスターズ,721.0,122.2148608,21.541677,1.5437022,19.901527840855778,34606786000.0,28632837000.0,325995000.0,16950743.0,3338861799.999996,196.97436271672552,0.2731960647943488,-72.68039352056512,,EDINET,,情報・通信業
5591.T,ＡＶＩＬＥＮ,836.0,51.05998848,29.540636,6.144393,52.63234868230524,804714000.0,680903000.0,0.0,6107654.0,55720699.99999988,9.123093744341098,0.010912791560216625,-98.90872084397834,投資有価証券,EDINET,,情報・通信業
5592.T,くすりの窓口,2588.0,289.85552896,9.91305,2.5980754,64.34648335242841,6229037000.0,3640476000.0,67812000.0,11199982.0,2271981799.9999995,202.85584387546334,0.07838324724708784,-92.16167527529122,,EDINET,,情報・通信業
5597.T,ブルーイノベーション,1322.0,53.88909568,,99.0188,14.633038739651377,1235658000.0,709472000.0,7997000.0,4076331.0,460836699.9999999,113.05183509386256,0.08551576028280072,-91.44842397171993,,EDINET,,情報・通信業
5594.T,エム・デー・ビー,,,,,,0.0,0.0,0.0,,,,,,"流動資産, 負債合計, 投資有価証券",yfinance,株価または発行済株式数を取得できませんでした,情報・通信業
5598.T,Ｙｏｔｔａｖｉａｓ,3200.0,12.2048,54.054054,9.045962,37.74881805969889,376272000.0,285464000.0,0.0,381400.0,62261600.0,163.24488725747247,0.051014027267960144,-94.89859727320399,,yfinance,,情報・通信業
5599.T,Ｓ＆Ｊ,1294.0,72.09138176,17.764965,3.3925323,71.18624425135783,2242543000.0,701837000.0,10000.0,5571204.0,1470529300.0,263.95179569802144,0.20398129497528705,-79.6018705024713,,EDINET,,情報・通信業
5602.T,栗本鐵工所,1612.0,961.37478144,14.614687,1.0345516,61.34099469103904,92901000000.0,62859000000.0,20151000000.0,59638630.0,37861800000.0,634.8536175294436,0.3938297875492826,-60.61702124507173,,EDINET,,鉄鋼
5603.T,虹技,1309.0,42.96525312,9.235871,0.27314213,53.92503831684547,20297000000.0,15665000000.0,3477000000.0,3282296.0,5499400000.0,1675.4735100064102,1.2799644843440872,27.996448434408723,,EDINET,,鉄鋼
5612.T,日本鋳鉄管,1575.0,50.60490752,55.930397,0.51875865,40.04526652618434,13330000000.0,12582000000.0,135000000.0,3213010.0,-415700000.0000019,-129.3802384679792,-0.08214618315427251,-108.21461831542727,,EDINET,,鉄鋼
5609.T,日本鋳造,948.0,45.7043968,2962.5,0.38907424,54.218488954891406,9646000000.0,10366000000.0,70000000.0,4821139.0,-1707600000.0,-354.19016128761274,-0.3736183135945282,-137.36183135945282,,EDINET,,鉄鋼
5616.T,雨風太陽,638.0,15.4427904,,5.4376082,34.341008827463746,941318000.0,696966000.0,15000000.0,2420500.0,185155399.99999988,76.49469117950832,0.11989763507759925,-88.01023649224008,,EDINET,,情報・通信業
5618.T,ナイル,295.0,25.18355968,,7.428859,14.128903072557783,2340582000.0,2321615000.0,3000000.0,8536800.0,-211094500.0,-24.727591134851465,-0.08382234283000496,-108.38223428300051,,EDINET,,情報・通信業
5619.T,マーソ,855.0,29.99748608,,1.5510597,92.08588768642349,2106396000.0,234452000.0,60034000.0,3508478.0,1890522600.0,538.844079968579,0.630226994115297,-36.9773005884703,,EDINET,,情報・通信業
5620.T,エスピーオー,2200.0,34.22980096,21.097046,2.7851734,72.88117517830418,1562001000.0,457724000.0,58499000.0,1555900.0,1099453900.0,706.6353236069156,0.3211978743667798,-67.88021256332202,,yfinance,,情報・通信業
5621.T,ヒューマンテクノロジーズ,1580.0,151.57187584,14.923963,2.8865354,77.64074706867622,4944986000.0,1456398000.0,845000.0,9593157.0,3343539700.0,348.5338246835739,0.22059102828074298,-77.9408971719257,,EDINET,,情報・通信業
5622.T,ワンビ,1200.0,7.8,6.278778,1.5725805,45.23387600555846,1071274000.0,601412000.0,0.0,650000.0,409720800.0,630.3396923076923,0.525283076923077,-47.47169230769231,投資有価証券,yfinance,,情報・通信業
5631.T,日本製鋼所,7175.0,5281.57310976,27.20173,2.4705148,49.72987304149234,295595000000.0,203020000000.0,24629000000.0,73610779.0,89513299999.99997,1216.0352222328738,0.16948226093837962,-83.05177390616204,,EDINET,,機械
5644.T,メタルアート,7290.0,208.68644864,7.7818937,0.79922813,63.147655794047076,24461000000.0,17746000000.0,243000000.0,2862640.0,5110500000.0,1785.2401978593186,0.24488891603008486,-75.51110839699152,,EDINET,,鉄鋼
5632.T,三菱製鋼,2468.0,373.18885376,12.149855,0.76542133,39.93654472607531,83281000000.0,88815000000.0,6009000000.0,15121105.0,-10209200000.000015,-675.1622979934347,-0.2735665713101437,-127.35665713101436,,EDINET,,鉄鋼
5658.T,日亜鋼業,402.0,180.2015744,18.508287,0.3343166,78.26115988704916,35828607000.0,16963509000.0,17628222000.0,44826259.0,29508502500.0,658.2860840562225,1.6375275722791605,63.75275722791606,,EDINET,,鉄鋼
5659.T,日本精線,1392.0,427.5224576,19.806488,1.0045393,76.61902831867764,38121000000.0,13980000000.0,68000000.0,30712819.0,22790600000.0,742.0549705971308,0.5330854673829962,-46.691453261700374,,EDINET,,鉄鋼
5695.T,パウダーテック,2765.0,80.44972032,20.05949,0.6421527,81.59114734109163,8740409000.0,3034344000.0,0.0,2909574.0,5402630600.0,1856.8459162750287,0.6715536767721623,-32.844632322783774,,EDINET,,鉄鋼
5697.T,サンユウ,806.0,48.7181056,7.98336,0.46781343,51.87410200039767,13797018000.0,8749709000.0,536076000.0,6044430.0,4547591300.0,752.3606527000892,0.9334499413152472,-6.655005868475286,,EDINET,,鉄鋼
5698.T,エンビプロ・ホールディングス,710.0,202.39058944,8.585248,1.0608542,55.10930607819282,15874523000.0,13989514000.0,3705560000.0,28505715.0,3079949599.999998,108.04674080267758,0.15217850817278533,-84.78214918272147,,EDINET,,鉄鋼
5699.T,イボキン,1556.0,51.14428928,7.166874,0.9540066,63.509232666958006,3560515000.0,1802909000.0,438308000.0,3286908.0,1884130699.9999998,573.2228282629145,0.36839513384506073,-63.16048661549393,,EDINET,,鉄鋼
5702.T,大紀アルミニウム工業所,1721.0,681.03880704,19.08617,0.8685379,43.34885080735843,127689000000.0,89583000000.0,5519000000.0,39572274.0,33010999999.999985,834.1951741262072,0.4847153829902424,-51.52846170097576,,EDINET,,非鉄金属
5703.T,日本軽金属ホールディングス,2843.0,1751.03639552,11.254058,0.690995,48.16228216028689,304858000000.0,293826000000.0,38369000000.0,61591150.0,8507700000.0,138.13185822963203,0.04858665431925151,-95.14133456807484,,EDINET,,非鉄金属
5704.T,ＪＭＣ,377.0,20.97759616,,1.251037,57.54242980234528,1535808000.0,1799646000.0,10000.0,5564349.0,-443795600.00000024,-79.75696707737063,-0.2115569418497895,-121.15569418497896,,EDINET,,非鉄金属
5707.T,東邦亜鉛,923.0,351.82317568,9.087329,0.91558284,13.814539279505114,74896000000.0,89216000000.0,156000000.0,18212492.0,-23132400000.000015,-1270.1391989629983,-1.3760988071105074,-237.60988071105075,,EDINET,,非鉄金属
5706.T,三井金属,2746.5,15713.80789248,16.603191,3.7226999,60.3468768324872,370889000000.0,317087000000.0,64220000000.0,572139360.0,67047300000.0,117.1870084239616,0.042667762033119096,-95.73322379668808,,EDINET,,非鉄金属
5711.T,三菱マテリアル,5097.0,6660.62880768,16.24283,0.8596071,25.101308645004373,1464306000000.0,1686132000000.0,310772000000.0,130677441.0,-172898800000.00024,-1323.0960039996517,-0.25958328506958045,-125.95832850695805,,EDINET,,非鉄金属
5713.T,住友金属鉱山,9769.0,26228.56364032,15.120887,1.2314372,64.39994762582586,900951000000.0,942717000000.0,211313000000.0,268487710.0,11881399999.999878,44.253049795090725,0.00452994674942069,-99.54700532505794,,EDINET,,非鉄金属
5715.T,古河機械金属,4075.0,1294.63222272,10.663352,0.8213277,55.14435926807061,116759000000.0,123534000000.0,19903000000.0,31770117.0,-5196300000.000015,-163.55935988526625,-0.04013726622951319,-104.01372662295132,,EDINET,,非鉄金属
5714.T,ＤＯＷＡホールディングス,8783.0,5194.99317248,8.349494,1.1281153,59.74088581656337,367039000000.0,257501000000.0,76709000000.0,59148277.0,137484200000.0,2324.3990691394106,0.2646475087258807,-73.53524912741193,,EDINET,,非鉄金属
5721.T,エスクリプトエナジー,53.0,94.19133952,,2.4856954,82.95042368575558,2912570000.0,135605000.0,1377000.0,177719500.0,2764368400.0,15.554671265674278,0.29348436350328827,-70.65156364967116,,EDINET,,非鉄金属
5724.T,アサカ理研,2885.0,145.2552192,21.875948,2.4748695,35.677335896401445,3724301000.0,3894006000.0,195189000.0,5034843.0,-422473300.0000005,-83.9099252945922,-0.029084896115976498,-102.90848961159764,,EDINET,,非鉄金属
5726.T,大阪チタニウムテクノロジーズ,2388.0,1045.90557184,34.354767,1.9695318,41.38662133637196,61880000000.0,58087000000.0,0.0,43798391.0,-2015700000.0000076,-46.022238579495024,-0.019272294212518856,-101.92722942125188,,EDINET,,非鉄金属
5729.T,日本精鉱,1666.0,163.31744256,3.9339774,1.07213,62.463294145106296,14972851000.0,9004711000.0,173118000.0,9802968.0,5188851500.0,529.314336229599,0.31771568801296457,-68.22843119870353,,EDINET,,非鉄金属
5741.T,ＵＡＣＪ,2152.0,3896.60934144,Infinity,1.0229042,34.325492207184105,215696000000.0,408406000000.0,5934000000.0,181069197.0,-229396800000.00006,-1266.9012940947657,-0.5887087797838131,-158.87087797838132,,EDINET,,非鉄金属
5742.T,エヌアイシ・オートテック,722.0,39.33856,162.2472,0.9555156,54.771735649265466,3747297000.0,3944968000.0,245453000.0,5448554.0,-420350700.0,-77.14903807505624,-0.10685462337265407,-110.68546233726542,,EDINET,,非鉄金属
5753.T,日本伸銅,2550.0,54.49355264,7.2019653,1.248999,68.72701708847069,13362000000.0,4565000000.0,533000000.0,2137002.0,8713600000.0,4077.4879948638327,1.599014899946601,59.9014899946601,,EDINET,,非鉄金属
5757.T,ＣＫサンエツ,4990.0,412.3867136,11.598717,0.73599744,64.23913043478261,62961000000.0,27936000000.0,1759000000.0,8264263.0,33462699999.999996,4049.084594718246,0.8114397985407307,-18.856020145926934,,EDINET,,非鉄金属
5801.T,古河電気工業,4367.0,30721.6908288,42.90627,7.0305424,40.81408739164194,556437000000.0,614286000000.0,98794000000.0,703496452.0,-50121800000.0,-71.24669905229315,-0.016314792546895614,-101.63147925468957,,EDINET,,非鉄金属
5802.T,住友電気工業,2498.0,77929.55490304,20.97045,2.7488823,58.76215558317366,2320091000000.0,1911192000000.0,604733000000.0,3119677832.0,641092899999.9998,205.4997132793678,0.08226569787004315,-91.77343021299569,,EDINET,,非鉄金属
5803.T,フジクラ,5738.0,95004.09987072,60.790337,15.614625,61.188462784206365,561343000000.0,394978000000.0,34348000000.0,1655700561.0,150910799999.99994,91.14619125867407,0.015884662122459755,-98.41153378775404,,EDINET,,非鉄金属
5805.T,ＳＷＣＣ,2896.0,4290.17694208,22.616165,4.2420735,51.24324481095138,110518000000.0,118840000000.0,6207000000.0,148141465.0,-15861100000.000015,-107.0672549377044,-0.036970737202245994,-103.69707372022461,,EDINET,,非鉄金属
5816.T,オーナンバ,1438.0,175.24389888,11.175877,0.59060365,67.55747331848592,28121092000.0,13293375000.0,1884895000.0,12186641.0,14817805999.999998,1215.9056790136017,0.8455533233752446,-15.444667662475545,,EDINET,,非鉄金属
5817.T,ＪＭＡＣＳ,1195.0,67.22830848,16.689945,1.2586539,54.968595788314886,5498572000.0,5036323000.0,213933000.0,5625800.0,108369800.0,19.263002595186464,0.01611966744367068,-98.38803325563293,,EDINET,,非鉄金属
5819.T,カナレ電気,1729.0,118.61868544,9.940782,0.60488874,90.3852038464442,16497597000.0,1660983000.0,735499000.0,6860537.0,15185365000.0,2213.4367907351857,1.2801832219405354,28.018322194053543,,EDINET,,非鉄金属
5820.T,三ッ星,879.0,36.26361856,13.360693,0.48345047,52.10927218780908,8017156000.0,6065022000.0,466748000.0,4125554.0,1672355399.999999,405.3650491546103,0.46116615375951114,-53.883384624048894,,EDINET,,非鉄金属
5821.T,平河ヒューテック,3285.0,510.67211776,30.712416,1.1511557,77.05340439800925,30099000000.0,8386000000.0,2183000000.0,15545574.0,22402500000.0,1441.0854176243347,0.43868658070756,-56.131341929243995,,EDINET,,非鉄金属
5830.T,いよぎんホールディングス,3927.0,11230.61989376,15.413298,1.2214528,9.202267298349277,1036000000.0,8398862000000.0,1709491000000.0,285984704.0,-8041068500000.0,-28117.12790065863,-7.159951082418801,-815.99510824188,,EDINET,,銀行業
5831.T,しずおかフィナンシャルグループ,3621.0,18953.85792512,21.539469,1.5031357,7.691657381689515,47779000000.0,14547907000000.0,3052859000000.0,523442634.0,-13817917400000.002,-26398.150441830465,-7.2902928588319424,-829.0292858831943,,EDINET,,銀行業
5832.T,ちゅうぎんフィナンシャルグループ,3822.0,6794.2252544,16.964802,1.0093237,5.458981911746547,8222000000.0,10503210000000.0,3000000000.0,177766230.0,-11543209000000.0,-64934.76854405924,-16.989735359513144,-1798.9735359513147,,EDINET,,銀行業
5834.T,ＳＢＩリーシングサービス,2735.0,435.60255488,7.3829126,1.4246149,25.611059645122214,94742000000.0,80604000000.0,0.0,15926968.0,6077600000.0,381.59177566000005,0.13952167300182816,-86.04783269981718,投資有価証券,EDINET,,証券、商品先物取引業
5838.T,楽天銀行,6483.0,11313.51769088,15.17059,2.8742306,2.3476599370340376,0.0,14429522000000.0,5523472000000.0,174510536.0,-12006043800000.002,-68798.38934194783,-10.612122372658927,-1161.2122372658928,流動資産,EDINET,,銀行業
5840.T,日本総険,505.0,6.71649984,16.749586,4.448007,34.778980059427916,0.0,291491000.0,1066000.0,1330000.0,-319893900.0,-240.52172932330828,-0.4762806521253629,-147.62806521253628,流動資産,yfinance,,保険業
5842.T,インテグラル,2868.0,977.75583232,7.6982956,1.3856465,74.93967804280757,19016000000.0,5978000000.0,264000000.0,34091906.0,12625000000.0,370.32250411578633,0.12912221203479302,-87.08777879652071,,EDINET,,証券、商品先物取引業
5844.T,京都フィナンシャルグループ,4812.0,13484.26924032,14.2607355,0.9816516,9.60832988180116,18502000000.0,11077946000000.0,2666615000000.0,280221726.0,-10300608100000.002,-36758.77758314857,-7.638981210130626,-863.8981210130626,,EDINET,,銀行業
5843.T,ニッポンインシュア,2298.0,65.94563584,9.91971,2.160733,46.74367392014312,4050690000.0,2622565000.0,20000000.0,2869697.0,1179868500.0,411.147413821041,0.17891532368191515,-82.10846763180848,,EDINET,,その他金融業
5845.T,全保連,1196.0,313.68224768,18.434032,4.0226016,32.504818503051716,16677000000.0,15568000000.0,60000000.0,26227613.0,-405800000.0000019,-15.472242937243351,-0.012936657974283738,-101.29366579742837,,EDINET,,その他金融業
5852.T,アーレスティ,630.0,157.1239424,4.4491525,0.28055713,41.18985384530428,64114000000.0,82105000000.0,1460000000.0,24940307.0,-25179500000.0,-1009.5906197145047,-1.6025247931976265,-260.2524793197626,,EDINET,,非鉄金属
5851.T,リョービ,2726.0,861.82412288,8.067237,0.46188352,55.14380305701502,161058000000.0,156209000000.0,19206000000.0,31614971.0,2672300000.0,84.52640997203508,0.03100748715041639,-96.89925128495835,,EDINET,,非鉄金属
5857.T,ＡＲＥホールディングス,3570.0,3068.21922816,12.220168,1.3641381,37.46498144260207,70153000000.0,44639000000.0,2866000000.0,85944518.0,23056299999.999992,268.26958294186943,0.07514554144029956,-92.48544585597004,,EDINET,,非鉄金属
5858.T,ＳＴＧ,1156.0,24.57050368,9.763514,0.6778071,36.89402364482142,3967420000.0,4228951000.0,66306000.0,2125476.0,-638011900.0,-300.173655218878,-0.2596657917118322,-125.96657917118324,,EDINET,,非鉄金属
5866.T,ＷｉｚＢｉｚ,300.0,1.7703,,3.1612556,41.68850326459733,132421000.0,93685000.0,2962000.0,590100.0,31440899.999999985,53.280630401626816,0.17760210133875606,-82.2397898661244,,yfinance,,サービス業
5867.T,エスネットワークス,1378.0,43.61013248,11.928671,2.26546,67.94965093273825,1798207000.0,710000000.0,127606000.0,3164741.0,1106531200.0,349.64352533114084,0.2537326018368221,-74.6267398163178,,EDINET,,サービス業
5868.T,ロココ,1026.0,38.2564608,27.979277,1.3385745,59.23214557987071,3442592000.0,1591277000.0,48379000.0,3728700.0,1726052599.9999998,462.91002225976877,0.4511793589276499,-54.88206410723502,,EDINET,,サービス業
5869.T,早稲田学習研究会,1268.0,127.99378432,13.122219,1.7515627,75.30647324136613,4419070000.0,2300000000.0,524590000.0,10094147.0,2256283000.0,223.52388963624168,0.17628067006012751,-82.37193299398726,,EDINET,,サービス業
5870.T,ナルネットコミュニケーションズ,892.0,47.56233216,9.529915,1.898458,38.55464405047345,4646635000.0,6487451000.0,13949000.0,5332100.0,-2479796800.000001,-465.06944730969053,-0.5213783041588459,-152.13783041588457,,EDINET,,サービス業
5871.T,ＳＯＬＩＺＥ　Ｈｏｌｄｉｎｇｓ,1321.0,70.96907264,28.661314,0.6375803,72.15109242626919,12567000000.0,3970000000.0,419000000.0,5372375.0,8493300000.0,1580.9209148653995,1.196760722835276,19.67607228352759,,EDINET,,サービス業
5884.T,クラダシ,612.0,74.29837824,112.707184,4.3805337,71.73932175142252,1449602000.0,2111487000.0,101386000.0,12140258.0,-802063500.0,-66.06642956022846,-0.107951682287955,-110.79516822879549,,EDINET,,小売業
5885.T,ジーデップ・アドバンス,3140.0,172.6338048,21.670118,4.883557,61.02704995126407,4391214000.0,1756672000.0,29079000.0,5497892.0,2479230100.0,450.94194283918273,0.14361208370674608,-85.63879162932538,,EDINET,,卸売業
5886.T,ＯＯＫＡＢＥ　ＧＬＡＳＳ,,,,,,0.0,0.0,0.0,,,,,,"流動資産, 負債合計, 投資有価証券",yfinance,株価または発行済株式数を取得できませんでした,卸売業
5887.T,光響,,,,,,0.0,0.0,0.0,,,,,,"流動資産, 負債合計, 投資有価証券",yfinance,株価または発行済株式数を取得できませんでした,卸売業
5888.T,ＤＡＩＷＡ　ＣＹＣＬＥ,2625.0,72.40996864,7.914493,1.0843061,65.84845833160746,6126742000.0,3061641000.0,10000.0,2758475.0,2758943899.9999995,1000.1699852273447,0.3810171372294646,-61.898286277053536,,EDINET,,小売業
5889.T,Ｊａｐａｎ　Ｅｙｅｗｅａｒ　Ｈｏｌｄｉｎｇｓ,2173.0,526.8303872,12.52594,2.700862,45.56889078198993,1170000000.0,13059000000.0,1983000000.0,24244380.0,-11806800000.000002,-486.99121198397324,-0.22411008374780178,-122.41100837478018,,EDINET,,小売業
5890.T,オフィスバスターズ,3500.0,56.46199808,7.320644,0.8791964,64.28024770353854,6773531000.0,3234430000.0,132665000.0,1613200.0,3308523499.9999995,2050.907203074634,0.5859734865927525,-41.40265134072475,,yfinance,,小売業
5891.T,ＳＡＫＩＧＡＫＥホールディングス,1700.0,96.25347072,,1.9866567,53.32888766977967,4570051000.0,4519091000.0,168027000.0,5661969.0,-283330200.0,-50.04093099061475,-0.029435841759185146,-102.94358417591852,,EDINET,,小売業
5892.T,ｙｕｔｏｒｉ,2987.0,163.00292096,48.107586,8.317068,37.21370156924382,3873137000.0,4470349000.0,0.0,5457078.0,-1044246900.0,-191.35641821502276,-0.06406307941580942,-106.40630794158095,投資有価証券,EDINET,,小売業
5893.T,ＲＡＶＩＰＡ,510.0,10.098,,2.023649,40.095078760472916,839923000.0,632702000.0,0.0,1980000.0,143950800.0,72.70242424242424,0.14255377302436126,-85.74462269756388,投資有価証券,yfinance,,小売業
5900.T,ダイケン,866.0,47.48614656,16.004435,0.35208833,80.8320062648068,10119964000.0,3245655000.0,1250830000.0,5483389.0,7425324500.0,1354.1487755109113,1.5636821888116759,56.368218881167586,,EDINET,,金属製品
5901.T,東洋製罐グループホールディングス,4434.0,6655.11788544,12.28459,0.9406889,58.64396643163654,594327000000.0,508015000000.0,167035000000.0,150092857.0,152435000000.0,1015.6046266745392,0.2290493068729227,-77.09506931270774,,EDINET,,金属製品
5902.T,ホッカンホールディングス,2617.0,322.26043904,9.863561,0.52439976,45.36273597495437,51675000000.0,70097000000.0,11920000000.0,12314117.0,-17087700000.0,-1387.6512623682233,-0.5302450372060463,-153.02450372060463,,EDINET,,金属製品
5906.T,エムケー精工,773.0,107.64613632,4.639299,0.55370665,68.47086985975429,16843687000.0,9594712000.0,2419849000.0,13925762.0,7983398100.0,573.2826756625598,0.741633474337076,-25.836652566292393,,EDINET,,金属製品
5905.T,日本製罐,1368.0,18.51389696,,0.45963,37.42665041291245,7084268000.0,7946673000.0,1663686000.0,1353355.0,-492492100.0,-363.90459266046236,-0.2660121291377649,-126.60121291377648,,EDINET,,金属製品
5909.T,コロナ,929.0,271.68446464,27.347658,0.3528828,77.63903295300408,52536000000.0,25944000000.0,22664000000.0,29244830.0,39862399999.99999,1363.0580174341924,1.4672314504135548,46.72314504135548,,EDINET,,金属製品
5911.T,横河ブリッジホールディングス,2893.0,1149.82838272,13.484665,0.8625506,54.234558396052975,154494000000.0,87088000000.0,10468000000.0,39745192.0,66024799999.999985,1661.2021901919604,0.574214376146547,-42.5785623853453,,EDINET,,金属製品
5915.T,駒井ハルテック,2313.0,105.98304768,32.915897,0.30595887,52.579690106554054,43863000000.0,37497000000.0,7519000000.0,4582060.0,7879600000.0,1719.6632082513106,0.7434773922400824,-25.65226077599176,,EDINET,,金属製品
5918.T,瀧上工業,7650.0,157.87779072,16.706705,0.29953703,68.92136433428384,25693000000.0,20911000000.0,21228000000.0,2063762.0,17550500000.0,8504.129836676904,1.1116509590427326,11.165095904273258,,EDINET,,金属製品
5921.T,川岸工業,4330.0,119.18502912,10.59094,0.39843786,82.75077566791431,25456846000.0,5967458000.0,1586678000.0,2752541.0,20003316800.0,7267.2184719501,1.6783414484873211,67.83414484873211,,EDINET,,金属製品
5922.T,那須電機鉄工,19980.0,233.00716544,9.313078,0.6828649,70.51167747235867,17953611000.0,14499945000.0,5294896000.0,1166202.0,5710098699.999998,4896.320448773024,0.24506108352217335,-75.49389164778266,,EDINET,,金属製品
5923.T,高田機工,1186.0,69.11959552,,0.47530216,72.49960436983518,17467664000.0,10647463000.0,4816013000.0,5827959.0,9126663800.0,1566.0137279620533,1.3204162967639572,32.04162967639572,,EDINET,,金属製品
5928.T,アルメタックス,283.0,29.6542976,18.520943,0.42538095,82.37720317537706,5388475000.0,2049966000.0,1631631000.0,10478550.0,4275654100.0,408.03871718892407,1.4418329229290603,44.18329229290603,,EDINET,,金属製品
5929.T,三和ホールディングス,3470.0,7201.49741568,12.281013,2.1404533,64.07142778907553,362699000000.0,210417000000.0,33426000000.0,207535952.0,154638499999.99997,745.1166822411568,0.2147310323461547,-78.52689676538452,,EDINET,,金属製品
5930.T,文化シヤッター,1808.0,1271.72231168,10.225666,1.0872115,58.35566080398345,117344000000.0,91532000000.0,19269000000.0,70338625.0,30147099999.999985,428.59950702761085,0.23705724946217416,-76.29427505378258,,EDINET,,金属製品
5932.T,三協立山,632.0,198.03543552,,0.21883096,30.79819080237392,147710000000.0,205649000000.0,15447000000.0,31334722.0,-67691000000.00003,-2160.255323152381,-3.4181255113170588,-441.8125511317059,,EDINET,,金属製品
5933.T,アルインコ,1082.0,211.03644672,12.365714,0.64018255,45.79238907129399,43194051000.0,38888987000.0,1654079000.0,19504292.0,1574020600.0,80.7012425777875,0.07458525192032116,-92.54147480796789,,EDINET,,金属製品
5936.T,東洋シヤッター,889.0,56.2934272,6.7914443,0.5602308,57.755375727400214,11414836000.0,9226438000.0,169844000.0,6332219.0,1384645000.0,218.66663171314826,0.2459692145254761,-75.40307854745238,,EDINET,,金属製品
5938.T,ＬＩＸＩＬ,1672.5,4809.99374848,59.668213,0.7362597,35.477011582720564,379068000000.0,754673000000.0,37201000000.0,287593061.0,-425031600000.0001,-1477.8924029742154,-0.8836426923612648,-188.3642692361265,,EDINET,,金属製品
5939.T,大谷工業,4690.0,36.53786624,12.10635,0.8192347,57.776468368522835,5754258000.0,3487283000.0,137865000.0,779059.0,2014752199.9999995,2586.1355815156485,0.5514148361440615,-44.85851638559385,,EDINET,,金属製品
5940.T,不二サッシ,739.0,92.66388992,4.6012077,0.37315863,29.898474212449962,47839000000.0,60694000000.0,3799000000.0,12539092.0,-16265100000.000008,-1297.1513407828897,-1.7552792162150064,-275.52792162150064,,EDINET,,金属製品
5943.T,ノーリツ,2168.0,988.5892608,13.804521,0.69403696,61.16211691176161,126267000000.0,86828000000.0,35952000000.0,45599137.0,55922599999.999985,1226.3960171000601,0.5656808196955997,-43.43191803044003,,EDINET,,金属製品
5941.T,中西製作所,2705.0,168.08578048,7.6077175,2.4038312,66.29928391617781,15631859000.0,10018320000.0,3448020000.0,6213892.0,7025321000.0,1130.5830548712465,0.41796046390803937,-58.203953609196056,,EDINET,,金属製品
5942.T,日本フイルコン,725.0,139.70326528,,0.6091444,52.50078380538422,21441266000.0,19960294000.0,2866104000.0,19269415.0,1491215399.9999998,77.38768405787097,0.1067416331832703,-89.32583668167298,,EDINET,,金属製品
5945.T,天龍製鋸,2265.0,202.3059456,13.495799,0.5111705,91.1354370096755,20398926000.0,3239007000.0,9227377000.0,8931830.0,23295182200.0,2608.1085511031893,1.151482804019068,15.14828040190681,,EDINET,,金属製品
5947.T,リンナイ,3374.0,4658.46894592,13.000423,1.0638686,76.06920896779249,362482000000.0,144867000000.0,35919000000.0,138069612.0,228271600000.0,1653.3080429023007,0.49001423915302333,-50.99857608469767,,EDINET,,金属製品
5946.T,長府製作所,1986.0,675.26893568,22.229685,0.4830838,93.0137226829466,32840000000.0,8009000000.0,85623000000.0,34001458.0,83966200000.0,2469.4882201816167,1.2434482478255875,24.344824782558746,,EDINET,,金属製品
5949.T,ユニプレス,1296.0,580.5910016,,0.43858773,51.85920293475509,157862000000.0,143763000000.0,8309000000.0,44798688.0,5539000000.0,123.64201380183277,0.09540278842734011,-90.45972115726599,,EDINET,,輸送用機器
5950.T,日本パワーファスニング,146.0,20.11511168,54.47761,0.90445596,41.229372235529915,4477924000.0,3481678000.0,176791000.0,13777474.0,771831899.9999995,56.0212924372058,0.38370748244661507,-61.62925175533849,,EDINET,,金属製品
5951.T,ダイニチ工業,1118.0,180.94729216,11.996995,0.620959,86.5998255141959,21580965000.0,3970446000.0,2896987000.0,16184909.0,19241365300.0,1188.8460602404375,1.0633685690880479,6.336856908804786,,EDINET,,金属製品
5952.T,アマテイ,188.0,22.28363264,15.04,1.4339541,31.6343510251238,3371136000.0,3746841000.0,226000.0,11852996.0,-750230900.0000005,-63.294621882940014,-0.33667352065393624,-133.66735206539363,,EDINET,,金属製品
5955.T,ワイズホールディングス,82.0,109.37250816,29.285715,0.91242903,68.95816641602467,8829881000.0,5599637000.0,261983000.0,133381110.0,2853668399.999999,21.39484669155924,0.26091276453121026,-73.90872354687897,,EDINET,,金属製品
5956.T,トーソー,583.0,51.52102912,7.666009,0.32454193,68.70591699902458,16491957000.0,7424349000.0,1000493000.0,8837226.0,9025518200.0,1021.3067086889031,1.7518125363446022,75.18125363446022,,EDINET,,金属製品
5957.T,日東精工,757.0,275.1176704,10.999709,0.74185723,71.09464720402632,36504856000.0,17012625000.0,759917000.0,36343150.0,18322910400.0,504.1640694326166,0.6660027337286877,-33.39972662713123,,EDINET,,金属製品
5958.T,三洋工業,4365.0,122.39294464,9.3245325,0.5900161,72.95731388084185,20362000000.0,8925000000.0,1027000000.0,2803962.0,11263400000.0,4016.9588603554544,0.9202654891994168,-7.973451080058319,,EDINET,,金属製品
5959.T,岡部,916.0,404.13179904,13.015061,0.64145744,72.80371633541102,48824000000.0,27452000000.0,8344000000.0,44119191.0,24467599999.999996,554.5795252682669,0.6054361629566233,-39.456383704337675,,EDINET,,金属製品
5962.T,浅香工業,2245.0,21.56515584,5.0582433,0.4630615,65.59033018602192,4538608000.0,2622051000.0,1437093000.0,960586.0,2660317000.0,2769.4730091839774,1.2336182668970945,23.36182668970946,,EDINET,,その他製品
5965.T,フジマック,1193.0,156.35739648,3.8254347,0.54116017,57.65514284917387,24771395000.0,21100212000.0,3552057000.0,13106236.0,4047601700.0,308.83021639469945,0.2588685803811395,-74.11314196188606,,EDINET,,金属製品
5966.T,京都機械工具,2770.0,66.93289472,13.285372,0.5135648,79.90946566273927,9557875000.0,4035485000.0,1722807000.0,2416350.0,6324806400.0,2617.5042522813333,0.9449473834950661,-5.505261650493384,,EDINET,,金属製品
5967.T,ＴＯＮＥ,437.0,94.58561024,8.708649,0.74841577,69.88940377438094,8715492000.0,3233118000.0,2293262000.0,21644303.0,6764345600.0,312.52314292587755,0.7151559334688273,-28.48440665311727,,EDINET,,金属製品
5969.T,ロブテックス,1199.0,22.38940672,18.29138,0.4452945,58.941164535597714,5757545000.0,3769443000.0,657409000.0,1867340.0,2071343999.9999995,1109.24844966637,0.9251446619402587,-7.485533805974136,,EDINET,,金属製品
5970.T,ジーテクト,2203.0,943.161344,6.9706364,0.41439787,64.28895541623595,141416000000.0,109029000000.0,10986000000.0,42812587.0,29174299999.999985,681.4421188796647,0.3093246113843235,-69.06753886156766,,EDINET,,金属製品
5971.T,共和工業所,8810.0,113.8477568,13.509369,0.65437734,86.42437529771712,12504607000.0,2495833000.0,2324741000.0,1292256.0,11386509400.0,8811.34187034148,1.00015231218405,0.015231218405004526,,EDINET,,金属製品
5973.T,トーアミ,606.0,34.20242688,20.059584,0.30791682,58.81815307860082,9645224000.0,8293624000.0,622914000.0,5643965.0,958277400.0,169.7879770693121,0.28017817998236316,-71.98218200176369,,EDINET,,金属製品
5974.T,中国工業,836.0,27.28916224,8.777824,0.45135906,49.930747922437675,6181000000.0,6582000000.0,2235000000.0,3264254.0,505299999.99999905,154.7980028514935,0.1851650751812123,-81.48349248187877,,EDINET,,金属製品
5975.T,東プレ,3340.0,1615.54972672,8.769397,0.65274996,63.505458579767684,173927000000.0,147829000000.0,19610000000.0,48369751.0,25042100000.0,517.722326087641,0.15500668445737756,-84.49933155426224,,EDINET,,金属製品
5976.T,高周波熱錬,1447.0,461.5165952,37.06455,0.810508,74.16899235359517,44785000000.0,17431000000.0,9857000000.0,31894720.0,32510800000.0,1019.3160498038546,0.704434035800867,-29.556596419913294,,EDINET,,金属製品
5981.T,東京製綱,1854.0,285.89221888,8.355867,0.6876811,46.24513028931976,40509000000.0,50683000000.0,7177000000.0,15420292.0,-10218400000.000008,-662.6593063218263,-0.35742141657056437,-135.74214165705644,,EDINET,,金属製品
5982.T,マルゼン,3980.0,632.91129856,12.104991,1.2053388,70.1460576749932,50936324000.0,22162007000.0,3261025000.0,15902294.0,28840833799.999996,1813.6272540301416,0.4556852397060657,-54.43147602939343,,EDINET,,金属製品
5983.T,イワブチ,14620.0,150.21568,15.929916,0.7359937,79.1122539451889,12966330000.0,5211697000.0,2872489000.0,1027467.0,9244205600.0,8997.082728691043,0.6153955354781835,-38.46044645218165,,EDINET,,金属製品
5984.T,兼房,779.0,108.28036096,10.492996,0.34104052,81.60529512939765,20233332000.0,7913345000.0,658013000.0,13899918.0,11989261600.0,862.5418941320373,1.1072424828395857,10.724248283958579,,EDINET,,金属製品
5986.T,モリテック　スチール,286.0,64.07621632,6.255468,0.39156842,46.122893359759544,26362167000.0,21914407000.0,2637164000.0,22404271.0,4102334099.999996,183.10500261311765,0.6402272818640478,-35.97727181359523,,EDINET,,金属製品
5985.T,サンコール,2635.0,798.17515008,12.539856,2.2591362,59.60901836428894,34996000000.0,33582000000.0,5898000000.0,30291278.0,2184399999.9999995,72.11316736124503,0.027367425943546502,-97.26325740564535,,EDINET,,金属製品
5987.T,オーネックス,1641.0,27.1682816,7.0565467,0.47924414,59.37165300920002,4595081000.0,3424778000.0,288660000.0,1655593.0,1029887199.9999995,622.0654472445822,0.3790770549936515,-62.09229450063485,,EDINET,,金属製品
5988.T,パイオラックス,1614.0,388.015104,,0.6058047,65.21914904106887,64398000000.0,13683000000.0,4546000000.0,24040587.0,52528900000.0,2185.009043248403,1.3537850329915757,35.37850329915756,,EDINET,,金属製品
5989.T,エイチワン,1411.0,395.28218624,3.6137788,0.48224545,40.36814714201561,28771000000.0,42651000000.0,740000000.0,28014329.0,-17627100000.0,-629.2172837693167,-0.44593712527945906,-144.5937125279459,,EDINET,,金属製品
5990.T,スーパーツール,1941.0,45.83984128,22.669937,0.4478296,77.34875873632267,5384456000.0,3079921000.0,421109000.0,2361661.0,2291319199.9999995,970.2151155479129,0.49985322799995513,-50.014677200004485,,EDINET,,金属製品
5991.T,日本発條,3715.0,7526.4131072,25.558994,1.6595839,61.34904191211321,390414000000.0,273168000000.0,64962000000.0,202595235.0,135402600000.0,668.3404967545264,0.17990322927443508,-82.00967707255649,,EDINET,,金属製品
5992.T,中央発條,3605.0,909.32666368,7.282681,1.0503409,59.541632463964824,55983645000.0,61862001000.0,31720071000.0,25224041.0,10139493599.999992,401.9773675439234,0.11150551110788444,-88.84944888921156,,EDINET,,金属製品
5994.T,ファインシンター,980.0,41.93524736,,0.2977452,32.45406276553502,21362837000.0,30841250000.0,1508472000.0,4279107.0,-11506607600.000004,-2689.020769987758,-2.7438987448854673,-374.38987448854675,,EDINET,,金属製品
5998.T,アドバネクス,3020.0,123.96882944,11.998411,1.1860906,31.08948137626775,14653876000.0,20412329000.0,119478000.0,4104928.0,-7716051300.0,-1879.7044186889514,-0.6224186816850832,-162.24186816850835,,EDINET,,金属製品
5997.T,協立エアテック,906.0,43.75758848,9.79036,0.4322164,62.81393209000649,9650043000.0,6433217000.0,781016000.0,4829756.0,3120215499.999999,646.0399862850212,0.713068417533136,-28.6931582466864,,EDINET,,金属製品
6005.T,三浦工業,3033.0,3510.67799552,12.542906,1.4287329,51.33399800598205,80513000000.0,149854000000.0,10773000000.0,115749360.0,-76785300000.0,-663.375590154451,-0.21871928458768577,-121.87192845876858,,EDINET,,機械
6013.T,タクマ,3010.0,2162.70143488,16.259724,1.9738585,59.63302270639191,136309000000.0,81355000000.0,22102000000.0,71850542.0,62289900000.0,866.9370928336213,0.288018967718811,-71.1981032281189,,EDINET,,機械
6016.T,ジャパンエンジンコーポレーション,12120.0,1016.09439232,21.782888,15.247642,57.54402538503193,22787936000.0,19080043000.0,810450000.0,8383617.0,2367203700.0,282.360668432253,0.023297084854146288,-97.67029151458537,,EDINET,,輸送用機器
6018.T,阪神内燃機工業,6080.0,197.10533632,25.641026,1.2558478,60.5974754674546,13025721000.0,10203802000.0,1943997000.0,3241864.0,3162336700.0,975.4686501346139,0.16043892271950885,-83.95610772804912,,EDINET,,輸送用機器
6023.T,ダイハツインフィニアース,3280.0,834.152448,14.148909,1.6974282,44.735651324005865,63573000000.0,51901000000.0,1472000000.0,25431475.0,7512299999.999992,295.3937984328472,0.09005908488806316,-90.99409151119369,,EDINET,,輸送用機器
6022.T,赤阪鐵工所,2846.0,38.08685056,20.477768,0.53993726,60.17311428746454,6738659000.0,5075933000.0,2302766000.0,1338259.0,2767068900.0,2067.6632101857713,0.7265155341481979,-27.34844658518021,,EDINET,,機械
6027.T,弁護士ドットコム,5130.0,1169.43364096,78.3565,15.736583,53.87969015777663,6604869000.0,5858032000.0,483612000.0,22795978.0,499562199.99999905,21.914488599699432,0.0042718301363936515,-99.57281698636064,,EDINET,,サービス業
6030.T,アドベンチャー,1494.0,107.23001344,24.519941,1.1871784,40.537685824192295,16429975000.0,13469712000.0,1425608000.0,7177377.0,2611217399.999998,363.81221161992715,0.24351553655952285,-75.64844634404771,,EDINET,,サービス業
6029.T,アトラグループ,189.0,19.78212736,19.85294,1.1724566,41.08849724322823,2734438000.0,2677684000.0,696650000.0,10466734.0,276640599.99999994,26.430460542897137,0.13984370657617534,-86.01562934238245,,EDINET,,サービス業
6031.T,ＺＥＴＡ,278.0,56.7415808,35.279186,6.6991177,30.83804143126177,1799249000.0,1921789000.0,14317000.0,20410640.0,-304697000.00000024,-14.928341296500268,-0.05369906941187146,-105.36990694118715,,EDINET,,サービス業
6033.T,エクストリーム,1616.0,86.53208576,7.332456,1.2811975,76.6308480842174,6392698000.0,2371199000.0,1499078000.0,5354708.0,4833733700.0,902.7072437936858,0.5586059676941125,-44.13940323058875,,EDINET,,サービス業
6034.T,ＭＲＴ,569.0,31.14257152,58.179962,0.6561854,71.73278753717408,2192315000.0,949355000.0,1873033000.0,5473211.0,2459147600.0,449.3061933844685,0.7896418161414209,-21.03581838585791,,EDINET,,サービス業
6035.T,アイ・アールジャパンホールディングス,736.0,130.73844224,14.508181,2.0210009,81.59378427305505,5136642000.0,1286699000.0,133715000.0,17763376.0,3814873600.0,214.76061757629856,0.2917943173591013,-70.82056826408987,,EDINET,,サービス業
6036.T,ＫｅｅＰｅｒ技研,3645.0,994.7611136,10.089685,3.9646714,72.67204026744642,7735326000.0,6784658000.0,4354132000.0,27291114.0,3320094599.999999,121.65478477719887,0.03337579829278433,-96.66242017072156,,EDINET,,サービス業
6037.T,楽待,1079.0,204.05354496,14.626543,4.01732,91.78583125265176,1802830000.0,505880000.0,4165473000.0,18911358.0,4162193100.0,220.08959377745373,0.20397552713387743,-79.60244728661226,,EDINET,,サービス業
6038.T,イード,833.0,40.88740608,13.249563,0.83155227,74.18545147351084,4579756000.0,1614049000.0,829496000.0,4908452.0,3384949300.0,689.6164615646644,0.8278709022384927,-17.21290977615073,,EDINET,,サービス業
6039.T,日本動物高度医療センター,1014.0,131.0540288,15.913371,2.6434956,43.14459736526171,1597996000.0,4605192000.0,0.0,12924460.0,-3467715200.0,-268.3063895899713,-0.26460196212028725,-126.46019621202873,投資有価証券,EDINET,,サービス業
6040.T,日本スキー場開発,460.0,211.88671488,9.831161,2.0715775,64.23577931582176,4046705000.0,3930592000.0,9459000.0,46062327.0,-270324900.0,-5.868676586834182,-0.012757992580074309,-101.27579925800742,,EDINET,,サービス業
6042.T,ニッキ,3840.0,71.7336576,7.4231586,0.50602186,57.44832853198266,9415649000.0,10304382000.0,1883543000.0,1868064.0,-600691100.0,-321.5580943693578,-0.08373908707535359,-108.37390870753536,,EDINET,,輸送用機器
6044.T,三機サービス,1850.0,119.37483776,14.2198305,2.1207108,55.45601086560571,8367577000.0,5135369000.0,307862000.0,6452694.0,2934174500.0,454.7208499271777,0.24579505401469065,-75.42049459853092,,EDINET,,サービス業
6045.T,レントラックス,2077.0,163.17186048,6.3419847,2.5087934,36.06199908042386,9918227000.0,7071306000.0,599891000.0,7856132.0,2559714099.999999,325.82371324718054,0.156872274071825,-84.31277259281751,,EDINET,,サービス業
6046.T,リンクバル,144.0,27.03010304,,3.4086068,72.28745504555889,1175347000.0,309564000.0,0.0,18770904.0,834826600.0,44.474501600988425,0.3088507055624196,-69.11492944375804,投資有価証券,EDINET,,サービス業
6047.T,Ｇｕｎｏｓｙ,361.0,73.66115328,,0.80734074,85.99887991039283,7238000000.0,1938000000.0,5049000000.0,20404751.0,8640500000.0,423.4553021499748,1.1730063771467445,17.300637714674455,,EDINET,,サービス業
6049.T,イトクロ,251.0,50.9206016,21.545065,0.6424482,93.30749380429437,7389268000.0,416495000.0,1488936000.0,20287092.0,7973378700.0,393.0271869423178,1.565845366304055,56.584536630405516,,EDINET,,サービス業
6050.T,イー・ガーディアン,1642.0,190.40376832,27.257635,1.55756,87.79765176150666,11870273000.0,1956206000.0,2000000.0,11595845.0,9719846400.0,838.2180341320534,0.510486013478717,-48.9513986521283,,EDINET,,サービス業
6054.T,リブセンス,113.0,31.1515904,269.04764,0.7797621,88.9393441978789,4765858000.0,734533000.0,66166000.0,27567780.0,4004187900.0,145.24883396486769,1.2853879111935194,28.538791119351934,,EDINET,,サービス業
6055.T,ジャパンマテリアル,2392.0,2458.35808768,22.772278,3.9058735,83.8708821461266,46990000000.0,11118000000.0,413000000.0,102774171.0,35049300000.0,341.03218404943397,0.14257198329825835,-85.74280167017416,,EDINET,,サービス業
6058.T,ベクトル,1990.0,933.39836416,18.977684,4.190153,57.382699342397395,32346000000.0,21544000000.0,1326000000.0,46904439.0,9575799999.999996,204.15551713559555,0.10259071212843997,-89.74092878715601,,EDINET,,サービス業
6061.T,ユニバーサル園芸社,3130.0,288.27987968,19.569838,1.9307472,78.74612600726422,8438723000.0,3587632000.0,1530928000.0,9210220.0,5563977400.0,604.1090657986455,0.19300609130947138,-80.69939086905286,,EDINET,,サービス業
6059.T,ウチヤマホールディングス,373.0,72.3784704,24.571804,0.47405353,46.850742750614714,15736778000.0,16818401000.0,1334670000.0,19404415.0,-1829194100.0,-94.26690266106966,-0.25272628059268004,-125.272628059268,,EDINET,,サービス業
6062.T,チャーム・ケア・コーポレーション,1398.0,456.88582144,11.184895,1.9830968,39.44938375243255,21905000000.0,31736000000.0,2195000000.0,32681388.0,-11468100000.0,-350.9061487841336,-0.25100582888707695,-125.10058288870769,,EDINET,,サービス業
6069.T,トレンダーズ,658.0,51.05774592,23.53362,1.2622435,34.25993948903271,7390763000.0,4145885000.0,0.0,7759536.0,2830289500.0,364.7498381346513,0.5543310609949108,-44.566893900508916,投資有価証券,EDINET,,サービス業
6063.T,日本エマージェンシーアシスタンス,1003.0,25.26691328,18.461254,1.2865027,49.48427577972169,3574324000.0,2004449000.0,0.0,2519134.0,1369430100.0,543.6114553652168,0.5419854988686109,-45.801450113138905,投資有価証券,EDINET,,サービス業
6070.T,キャリアリンク,2504.0,297.39112448,11.57063,1.8952969,71.1651268028912,18288963000.0,4965490000.0,222709000.0,11876642.0,12982820300.0,1093.1389781724497,0.4365570999091253,-56.34429000908747,,EDINET,,サービス業
6071.T,ＩＢＪ,889.0,337.14962432,14.973893,3.0583248,36.659322295603076,8918600000.0,9495349000.0,1604165000.0,37924594.0,-403368400.0,-10.636063763794017,-0.011964076224740177,-101.19640762247401,,EDINET,,サービス業
6072.T,地盤ネットホールディングス,1157.0,259.5208192,126.72508,18.638742,69.9145628135072,1388137000.0,291378000.0,0.0,22430494.0,1067621200.0,47.59686523176886,0.04113817219686159,-95.88618278031385,,EDINET,,サービス業
6073.T,アサンテ,1340.0,130.95717888,55.62474,1.3928647,68.73585403044109,9350561000.0,4601216000.0,20534000.0,9772924.0,4303597200.0,440.3592210478665,0.3286262843640795,-67.13737156359205,,EDINET,,サービス業
6074.T,ジェイエスエス,505.0,20.32954752,8.333334,0.6392939,43.359901474678296,1450310000.0,4509662000.0,27055000.0,4025653.0,-3491379700.0,-867.2828234326207,-1.717391729569546,-271.7391729569546,,EDINET,,サービス業
6078.T,バリューＨＲ,1518.0,405.92084992,55.119823,5.971183,37.87353260194822,6978856000.0,11174769000.0,1077279000.0,26740504.0,-4559294600.000002,-170.50144604604318,-0.11231979317921159,-111.23197931792114,,EDINET,,サービス業
6080.T,Ｍ＆Ａキャピタルパートナーズ,4360.0,1385.54605568,23.727892,2.9049933,77.60550541471099,38367994000.0,6022184000.0,2819871000.0,31778580.0,33717501300.0,1061.0134656740483,0.24335171231056155,-75.66482876894385,,EDINET,,サービス業
6081.T,アライドアーキテクツ,151.0,26.37138176,,1.2909734,59.69290394020486,3001787000.0,1552714000.0,546347000.0,17464492.0,1676244499.9999998,95.98014645945612,0.6356301090030206,-36.43698909969793,,EDINET,,サービス業
6082.T,ライドオンエクスプレスホールディングス,991.0,96.60929024,13.834986,1.0829749,58.13391695215715,8709499000.0,4966523000.0,2497131000.0,9748667.0,4994315400.0,512.3075185561268,0.5169601599960916,-48.30398400039084,,EDINET,,サービス業
6083.T,ＥＲＩホールディングス,1393.0,312.69974016,10.279685,3.6827204,49.650784702192254,9579233000.0,7050690000.0,96034000.0,22447935.0,1890697799.999999,84.22591209391862,0.06046368420238236,-93.95363157976176,,EDINET,,サービス業
6085.T,アーキテクツ・スタジオ・ジャパン,100.0,114.74075648,,-28.538813,11.037268045324264,630582000.0,1896148000.0,20000000.0,114740760.0,-1441180800.0000002,-12.560321197105546,-0.12560321197105545,-112.56032119710555,,EDINET,,サービス業
6086.T,シンメンテホールディングス,988.0,186.555904,15.249267,4.121544,41.818511229779084,7731416000.0,5514350000.0,343512000.0,18882176.0,1906089399.999999,100.94649048923169,0.10217256122391871,-89.78274387760813,,EDINET,,サービス業
6087.T,アビスト,3320.0,132.10150912,17.613667,1.8496172,75.8038674242401,6138575000.0,2521062000.0,738504000.0,3978961.0,3882359600.0,975.7219535451592,0.29389215468227686,-70.61078453177232,,EDINET,,サービス業
6088.T,シグマクシス・ホールディングス,588.0,473.37734144,12.3141365,3.6681452,83.55606388473802,14073977000.0,5468792000.0,3024643000.0,80506353.0,10175555899.999998,126.3944461625283,0.2149565410927352,-78.50434589072648,,EDINET,,サービス業
6089.T,ウィルグループ,1121.0,256.85223424,11.23359,1.2845179,35.662752864620174,3286000000.0,7528000000.0,234000000.0,22912778.0,-4831000000.000001,-210.84305010941932,-0.18808479046335355,-118.80847904633536,,EDINET,,サービス業
6090.T,ヒューマン・メタボローム・テクノロジーズ,606.0,32.58812928,17.138008,1.8270236,80.20500640480564,1864807000.0,466009000.0,49980000.0,5377579.0,1387183100.0,257.9568054695245,0.42567129615433086,-57.43287038456691,,EDINET,,サービス業
6092.T,エンバイオ・ホールディングス,777.0,63.0737152,23.768738,0.66575617,40.80882352941176,8957000000.0,11964000000.0,836000000.0,8117595.0,-3618200000.000002,-445.723148297002,-0.5736462655045071,-157.36462655045068,,EDINET,,サービス業
6093.T,ミトラグループ,161.0,70.11743232,37.44186,2.1183374,73.77333341769322,3609028000.0,1205086000.0,57905000.0,43551198.0,2323966900.0,53.36172153059945,0.331439264165214,-66.8560735834786,,EDINET,,サービス業
6091.T,ウエスコホールディングス,945.0,122.48393728,13.528991,0.74121946,77.9261425491288,13454657000.0,4582470000.0,2197692000.0,12961263.0,9952324400.0,767.8514354658184,0.8125412015511306,-18.745879844886936,,EDINET,,サービス業
6098.T,リクルートホールディングス,17020.0,236385.60473088,49.114098,13.351553,57.17270379753734,268039000000.0,960975000000.0,49163000000.0,1388869636.0,-754619400000.0001,-543.33349973244,-0.03192323735208226,-103.19232373520823,,EDINET,,サービス業
6094.T,フリークアウト・ホールディングス,498.0,86.53502464,5.9032717,0.7003481,30.199087754035,31252343000.0,24665390000.0,3607180000.0,17376512.0,6645439999.999996,382.4380865388863,0.7679479649375227,-23.20520350624773,,EDINET,,サービス業
6099.T,エラン,699.0,422.77941248,13.507246,2.754734,55.8330970440207,16872798000.0,9200795000.0,1803774000.0,60483466.0,8014565300.0,132.50836683201985,0.18956847901576515,-81.04315209842348,,EDINET,,サービス業
6103.T,オークマ,4905.0,2855.72759552,22.946295,1.143754,75.18464331670516,184600000000.0,60103000000.0,34033000000.0,58220747.0,142309800000.0,2444.3142235876844,0.498331136307377,-50.1668863692623,,EDINET,,機械
6101.T,ツガミ,5690.0,2634.05600768,37.10466,3.0362601,69.1155756061147,21244000000.0,13188000000.0,4352000000.0,46292723.0,9783599999.999998,211.34207205741598,0.037142719166505446,-96.28572808334945,,EDINET,,機械
6104.T,芝浦機械,4990.0,1179.98592,112.46338,1.0043598,68.33164241739492,151150000000.0,82436000000.0,11754000000.0,23647012.0,68698200000.0,2905.153513687057,0.5821950929232579,-41.780490707674204,,EDINET,,機械
6113.T,アマダ,2664.0,8144.16658432,27.314672,1.5457968,69.98467832909601,178680000000.0,55814000000.0,16603000000.0,305711977.0,128906700000.0,421.6606142323302,0.1582810113484723,-84.17189886515276,,EDINET,,機械
6125.T,岡本工作機械製作所,5240.0,346.35460608,26.992222,0.8230665,63.470639007113306,47214000000.0,26241000000.0,404000000.0,6609821.0,18631699999.999996,2818.790402947371,0.5379370997991166,-46.20629002008834,,EDINET,,機械
6118.T,アイダエンジニアリング,1231.0,669.42836736,15.659585,0.77075994,69.09124250542162,88927000000.0,39224000000.0,9979000000.0,54380859.0,52765900000.0,970.302804521716,0.788223236816991,-21.177676318300893,,EDINET,,機械
6134.T,ＦＵＪＩ,8444.0,7423.38002944,45.196167,3.0570855,83.50852864676888,155427000000.0,25606000000.0,20962000000.0,87913069.0,141933800000.0,1614.478957616643,0.19119836068411214,-80.88016393158878,,EDINET,,機械
6136.T,オーエスジー,3753.0,3083.9160832,16.682224,1.608888,72.415660872846,144453000000.0,77844000000.0,6351000000.0,82172021.0,63270300000.0,769.9737602900141,0.20516220631228727,-79.48377936877128,,EDINET,,機械
6135.T,牧野フライス製作所,3275.0,3813.65878784,17.824099,1.4279461,61.79903835698042,228604000000.0,140387000000.0,25226000000.0,116447595.0,91836500000.0,788.6508948510271,0.24080943354229836,-75.91905664577016,,EDINET,,機械
6137.T,小池酸素工業,1518.0,320.45410304,9.26118,0.6768718,63.296339366973406,41686000000.0,29163000000.0,11019000000.0,21110285.0,17319999999.999996,820.4531582591138,0.5404829764552792,-45.951702354472076,,EDINET,,機械
6138.T,ダイジェット工業,2044.0,60.73613312,7.7491755,0.602541,54.96591354195415,8394425000.0,8016245000.0,1632637000.0,2971435.0,719401400.0,242.10571659820928,0.11844702377603195,-88.15529762239682,,EDINET,,機械
6140.T,旭ダイヤモンド工業,1150.0,553.52160256,27.91262,0.86445886,80.97168036564271,34456000000.0,12772000000.0,10778000000.0,48132313.0,27951400000.0,580.7200663720441,0.5049739707582992,-49.50260292417008,,EDINET,,機械
6141.T,ＤＭＧ森精機,2889.0,4509.73401088,58.304745,1.1558505,39.3750035962323,151243000000.0,318973000000.0,1916000000.0,156100178.0,-198286100000.0,-1270.2490320030256,-0.43968467705192993,-143.968467705193,,EDINET,,機械
6143.T,ソディック,1727.0,862.30204416,12.774613,0.9041208,58.183628247535246,101522000000.0,60566000000.0,6657000000.0,49930635.0,39559299999.99999,792.2851371707969,0.4587638315986085,-54.12361684013914,,EDINET,,機械
6144.T,西部電機,2710.0,407.30574848,11.715372,1.1519102,67.79558755505501,23409000000.0,15616000000.0,5571000000.0,15029732.0,10131099999.999998,674.0705689229853,0.24873452727785436,-75.12654727221457,,EDINET,,機械
6145.T,ＮＩＴＴＯＫＵ,2882.0,486.3225856,13.882466,1.203054,64.36924054655228,41527000000.0,23812000000.0,2999000000.0,16874482.0,17433099999.999996,1033.1043050684457,0.3584678365955745,-64.15321634044255,,EDINET,,機械
6146.T,ディスコ,63570.0,68952.93693952,48.269527,11.844145,79.11166112912122,424502000000.0,161383000000.0,3510000000.0,108467725.0,249437700000.0,2299.6490430678805,0.036175067532922454,-96.38249324670775,,EDINET,,機械
6147.T,ヤマザキ,166.0,7.36567232,,0.7321742,32.150585672353834,2183228000.0,2530096000.0,142795000.0,4437152.0,-499921100.0,-112.66711169687223,-0.6787175403426038,-167.8717540342604,,EDINET,,機械
6149.T,小田原エンジニアリング,2125.0,121.86407936,6.158528,0.6278417,74.54137455395072,21654620000.0,11467648000.0,501741000.0,5734780.0,9391425899.999998,1637.6261861832534,0.7706476170274134,-22.935238297258664,,EDINET,,機械
6150.T,タケダ機械,2772.0,25.4828032,8.504372,0.46654713,70.33743670462769,5267692000.0,2401404000.0,107143000.0,919293.0,2701147700.0,2938.288119239459,1.0599884990041337,5.998849900413379,,EDINET,,機械
6151.T,日東工器,1724.0,323.38425856,14.788128,0.5288918,88.74617737003058,38687000000.0,8421000000.0,4123000000.0,18757788.0,32310000000.0,1722.484548817803,0.9991209679917651,-0.08790320082349257,,EDINET,,機械
6155.T,高松機械工業,548.0,59.13741312,,0.36289516,78.10639523718072,13404000000.0,5622000000.0,1116000000.0,10791499.0,8000999999.999999,741.4169245625653,1.352950592267455,35.295059226745494,,EDINET,,機械
6157.T,日進工具,813.0,190.9092352,14.08768,1.0593703,91.10044607133875,13791530000.0,1526019000.0,31515000.0,23482071.0,12134969600.0,516.7759521721913,0.635640777579571,-36.43592224204289,,EDINET,,機械
6156.T,エーワン精密,1883.0,94.86906368,47.92568,1.2814989,91.5252609940761,5347399000.0,573243000.0,1560889000.0,5038187.0,5809454000.0,1153.0842344676767,0.6123654989206992,-38.763450107930076,,EDINET,,機械
6158.T,和井田製作所,1013.0,66.07141376,24.569489,0.6279955,84.93321977938348,8794513000.0,2247052000.0,410023000.0,6522351.0,6609771900.0,1013.4032805042231,1.0003981051374364,0.0398105137436389,,EDINET,,機械
6159.T,ミクロン精密,1900.0,86.41744896,13.5694895,0.61459893,87.59140862375716,10584630000.0,1934961000.0,1754787000.0,4548287.0,9684523800.0,2129.2684036869264,1.120667580887856,12.0667580887856,,EDINET,,機械
6161.T,エスティック,1045.0,104.16418816,8.94462,0.91597086,90.1437622510176,8421127000.0,1485825000.0,188960000.0,9967865.0,6918991500.0,694.129735906335,0.6642389817285502,-33.576101827144974,,EDINET,,機械
6165.T,パンチ工業,553.0,152.2747392,17.126045,0.6267482,67.28279883381924,23518000000.0,10931000000.0,1248000000.0,27536119.0,12367499999.999998,449.1373675426082,0.8121833047786767,-18.78166952213233,,EDINET,,機械
6166.T,中村超硬,615.0,67.77852928,24.136578,7.335313,64.17735812004975,2458717000.0,4535347000.0,1572000.0,11020899.0,-2529064300.0,-229.47894722563015,-0.3731364995538702,-137.313649955387,,EDINET,,機械
6167.T,冨士ダイス,1004.0,196.56957952,35.04363,0.97196215,79.59429995327831,14909000000.0,4855000000.0,183000000.0,19578644.0,9696600000.0,495.26412554413884,0.49329096169734943,-50.670903830265054,,EDINET,,機械
6168.T,ＯＮＥ　ＧＲＯＵＰ,,,,,,0.0,0.0,0.0,,,,,,"流動資産, 負債合計, 投資有価証券",yfinance,株価または発行済株式数を取得できませんでした,機械
6171.T,土木管理総合試験所,374.0,53.18455296,10.734788,1.0141988,70.38353496655631,4027337000.0,2155767000.0,353829000.0,14220469.0,1903673600.0,133.868552436632,0.3579373059802995,-64.20626940197005,,EDINET,,サービス業
6176.T,ブランジスタ,985.0,142.53257728,6.672538,2.3509307,69.37979011318818,3064457000.0,1322737000.0,1597540000.0,14470312.0,2727724300.0,188.50487121493995,0.19137550377151263,-80.86244962284873,,EDINET,,サービス業
6177.T,ＡｐｐＢａｎｋ,86.0,21.69681408,,3.0601714,74.91477969910162,933517000.0,307676000.0,0.0,25228854.0,595073400.0,23.58701667543044,0.2742676357608191,-72.5732364239181,投資有価証券,EDINET,,サービス業
6174.T,デンタス,,,,,,0.0,0.0,0.0,,,,,,"流動資産, 負債合計, 投資有価証券",yfinance,株価または発行済株式数を取得できませんでした,サービス業
6180.T,ＧＭＯメディア,3800.0,67.9366656,14.859423,2.3434513,49.9389326449809,4772239000.0,3049947000.0,206459000.0,1787807.0,1561818599.9999995,873.5946329777205,0.22989332446782118,-77.01066755321787,,EDINET,,サービス業
6178.T,日本郵政,2473.5,67635.20196608,19.59829,0.6806913,5.6860776795162415,1827754000000.0,281860113000000.0,143153000000.0,2734392490.0,-308118163200000.0,-112682.49321442512,-45.55588971676779,-4655.588971676779,,EDINET,,サービス業
6181.T,タメニー,84.0,37.77360128,,14.705883,22.19636366483395,2292032000.0,4284458000.0,0.0,44968571.0,-2420871800.0,-53.834750497186135,-0.6408898868712635,-164.08898868712635,,EDINET,,サービス業
6183.T,ベルシステム２４ホールディングス,1289.0,958.31113728,11.693731,1.294525,,8532000000.0,62783000000.0,1587000000.0,74345321.0,-59418400000.0,-799.2217829014418,-0.6200324149739657,-162.00324149739654,,EDINET,,サービス業
6182.T,メタリアル,502.0,54.65560064,118.676125,2.774339,42.94082625625303,3645664000.0,2963364000.0,53030000.0,10887570.0,423084599.9999995,38.85941491076517,0.077409193049333,-92.2590806950667,,EDINET,,サービス業
6185.T,ＳＭＮ,367.0,53.68121344,12.331989,1.2447304,67.31638910236335,4377902000.0,1982929000.0,3075000.0,14627033.0,2198832600.0,150.32663151850412,0.4096093501866597,-59.039064981334036,,EDINET,,サービス業
6184.T,鎌倉新書,613.0,252.52517888,26.376936,4.220717,78.37727734483451,3452752000.0,1615606000.0,324521000.0,41194972.0,1902750099.9999998,46.18889169289883,0.07534892608955764,-92.46510739104424,,EDINET,,サービス業
6189.T,グローバルキッズＣＯＭＰＡＮＹ,986.0,93.9644928,26.8958,1.1482888,38.438154091498056,4569000000.0,7346000000.0,27000000.0,9529867.0,-3492700000.000001,-366.5003929225876,-0.3717042524569854,-137.17042524569857,,EDINET,,サービス業
6186.T,一蔵,372.0,20.56527616,,0.9059603,15.41731917726371,10289794000.0,15624092000.0,100000000.0,5528300.0,-6826707200.0,-1234.8655463704936,-3.319531038630359,-431.9531038630359,,EDINET,,サービス業
6190.T,フェニックスバイオ,317.0,12.9025216,10.386632,0.88192254,70.80949266697132,1717435000.0,919936000.0,9397000.0,4070196.0,712083299.9999999,174.9506166287815,0.5518946896806987,-44.810531031930125,,EDINET,,サービス業
6191.T,エアトリ,1485.0,307.29039872,12.282878,1.9442084,51.35471428127042,15204000000.0,10873000000.0,1333000000.0,20692956.0,4176799999.999998,201.84646408178696,0.13592354483622018,-86.40764551637798,,EDINET,,サービス業
6193.T,バーチャレクス・ホールディングス,1074.0,30.4299008,,1.7921027,43.98716794731937,2679051000.0,2013261000.0,427646000.0,2833324.0,763816100.0,269.5830409794291,0.2510084180441612,-74.89915819558388,,EDINET,,サービス業
6194.T,アトラエ,941.0,,19.17278,4.584541,72.00215240811741,5304137000.0,1909372000.0,907224000.0,,,,,,,EDINET,株価または発行済株式数を取得できませんでした,サービス業
6195.T,ホープ,202.0,27.31334144,11.191136,3.0827928,39.92494605926791,1804876000.0,995271000.0,5792000.0,13521456.0,714132300.0,52.81474864837041,0.261459151724606,-73.8540848275394,,EDINET,,サービス業
6196.T,ストライクグループ,1381.0,795.57042176,16.792316,3.7104805,86.71965857656807,8211428000.0,1954870000.0,127536000.0,57608286.0,6150346200.0,106.7614856654475,0.07730737557237327,-92.26926244276268,,EDINET,,サービス業
6198.T,キャリア,195.0,16.3521536,,0.9207973,42.78946902979058,3855161000.0,2402886000.0,0.0,8385720.0,1211986400.0,144.52979589111013,0.7411784404672315,-25.882155953276857,投資有価証券,EDINET,,サービス業
6199.T,セラク,1339.0,173.44864256,11.811927,1.7947377,66.81588485910292,10085344000.0,4289507000.0,3496000.0,12953595.0,5369333500.0,414.5052782644509,0.3095633146112404,-69.04366853887596,,EDINET,,情報・通信業
6203.T,豊和工業,2546.0,313.46307072,42.497078,1.3749096,58.68084631273377,21604000000.0,15314000000.0,6530000000.0,12311982.0,9329599999.999998,757.7658901710544,0.2976299647176176,-70.23700352823825,,EDINET,,機械
6208.T,石川製作所,1769.0,110.33638912,17.292276,1.7908846,22.673924937645825,15992226000.0,15453383000.0,1414462000.0,6237218.0,-16371900.000002027,-2.6248721785902025,-0.0014838169466309793,-100.14838169466312,,EDINET,,機械
6200.T,インソース,672.0,546.55594496,13.66965,4.181211,77.32201380840364,7405642000.0,3242368000.0,169326000.0,81332729.0,3957565399.9999995,48.65895253557765,0.07240915555889531,-92.75908444411046,,EDINET,,サービス業
6209.T,リケンＮＰＲ,3865.0,1039.87683328,7.4248395,0.6288597,74.1078994033736,105376000000.0,64375000000.0,37109000000.0,26904963.0,60539800000.0,2250.135040141107,0.5821824165953705,-41.78175834046296,,EDINET,,機械
6217.T,津田駒工業,801.0,51.16263936,,2.0262425,10.15632982527843,19140000000.0,27404000000.0,349000000.0,6387346.0,-10760100000.000004,-1684.5963879207427,-2.1031165891644727,-310.3116589164473,,EDINET,,機械
6218.T,エンシュウ,672.0,42.36373248,18.118092,0.39452156,35.47009972317647,15249000000.0,19433000000.0,13000000.0,6304127.0,-6118200000.0,-970.5070979693144,-1.4442069910257653,-244.42069910257652,,EDINET,,機械
6222.T,島精機製作所,884.0,299.84940032,34.598827,0.36249802,75.21158393514165,74205000000.0,21665000000.0,6115000000.0,33919616.0,54654000000.0,1611.2800333588682,1.822714969862973,82.27149698629731,,EDINET,,機械
6223.T,西部技研,1938.0,376.62900224,8.523552,1.1438866,66.85893312861796,30710000000.0,12837000000.0,501000000.0,19433900.0,16939999999.999998,871.6726956503841,0.4497795127194964,-55.022048728050365,,EDINET,,機械
6224.T,ＪＲＣ,1141.0,147.41420032,10.766182,2.498511,43.86658198085463,7455580000.0,8487700000.0,216862000.0,12919737.0,-1729086600.0,-133.83295650677718,-0.11729444040909481,-111.72944404090947,,EDINET,,機械
6226.T,守谷輸送機工業,2268.0,800.17235968,19.082878,5.2155676,71.37435241800627,12726158000.0,5702753000.0,488131000.0,35280968.0,6794821399.999999,192.59169419614562,0.08491697274962329,-91.50830272503768,,EDINET,,機械
6227.T,ＡＩメカテック,8550.0,1608.39548928,42.824944,11.100033,39.677492748102146,23649107000.0,16512394000.0,0.0,18811644.0,5485473600.0,291.59990482490525,0.03410525202630471,-96.58947479736953,投資有価証券,EDINET,,機械
6228.T,ジェイ・イー・ティ,704.0,92.40317952,,1.0579705,49.81037310373104,24423000000.0,13923000000.0,0.0,13125452.0,9107699999.999998,693.8961035399008,0.98564787434645,-1.4352125653550052,投資有価証券,EDINET,,機械
6229.T,オーケーエム,1490.0,65.0705664,8.372197,0.6018074,80.95541069217748,8744524000.0,2851243000.0,142224000.0,4367152.0,5707713500.0,1306.9646991906855,0.8771575162353593,-12.284248376464063,,EDINET,,機械
6230.T,ＳＡＮＥＩ,2142.0,98.05750272,8.027283,0.6469026,65.21631386955464,15618110000.0,9677714000.0,484999000.0,4577848.0,5312123900.0,1160.397614774453,0.5417355811271956,-45.826441887280446,,EDINET,,機械
6231.T,木村工機,12320.0,434.86961664,13.10722,2.9798696,57.21606127101565,10689494000.0,10425657000.0,67400000.0,3529786.0,-731548700.0,-207.2501562417665,-0.016822252941701827,-101.6822252941702,,EDINET,,機械
6233.T,ＫＬＡＳＳ,396.0,20.67643904,14.296028,0.6510213,31.355006608329305,5660335000.0,7191048000.0,76472000.0,5221323.0,-2196287400.000001,-420.6381026418019,-1.0622174309136412,-206.22174309136412,,EDINET,,機械
6232.T,ＡＣＳＬ,1308.0,256.0049152,,8.60464,30.995800720174106,3877782000.0,4368654000.0,197577000.0,19572242.0,-789433500.0,-40.33434187049189,-0.03083665280618646,-103.08366528061865,,EDINET,,機械
6235.T,オプトラン,2865.0,1142.94841344,60.062893,1.2198995,66.87060438673245,54571573000.0,22437922000.0,430562000.0,39893489.0,30191252199.999996,756.7964837570361,0.26415235035149603,-73.5847649648504,,EDINET,,機械
6237.T,イワキポンプ,4160.0,925.74162944,18.772562,2.1944366,74.28239363278409,37405328000.0,16040845000.0,2161607000.0,22253403.0,21273523400.0,955.9672019600778,0.22979980816348022,-77.02001918365198,,EDINET,,機械
6238.T,フリュー,1420.0,376.1117184,18.537859,1.6178685,77.8877192381,22393180000.0,5686442000.0,14477000.0,26486742.0,16148227700.0,609.6721031223848,0.4293465514946372,-57.065344850536285,,EDINET,,機械
6239.T,ナガオカ,1408.0,98.85215744,29.394571,1.2260131,74.9005801676714,7700966000.0,2515877000.0,152200000.0,7020750.0,5040041300.0,717.8779047822526,0.509856466464668,-49.014353353533195,,EDINET,,機械
6245.T,ヒラノテクシード,1810.0,273.99395328,20.586897,0.6914325,68.1835501436232,48505434000.0,23452749000.0,4481501000.0,15137787.0,25844460799.999996,1707.281308687987,0.9432493418165674,-5.675065818343265,,EDINET,,機械
6240.T,ヤマシンフィルタ,514.0,357.61340416,20.494417,1.6226028,81.33496568417597,14434181000.0,4022966000.0,0.0,69574594.0,10008918400.0,143.85881145062808,0.2798809561296266,-72.01190438703733,,EDINET,,機械
6246.T,テクノスマート,1795.0,205.79774464,11.465253,0.9813913,68.08219975098037,25217324000.0,12987354000.0,1908069000.0,11465055.0,12266882899.999998,1069.9366815074152,0.5960650036253009,-40.3934996374699,,EDINET,,機械
6247.T,日阪製作所,1620.0,425.96139008,12.581548,0.6646301,76.16451216870081,38651000000.0,22677000000.0,12387000000.0,26293913.0,22377199999.999996,851.0410755523529,0.5253339972545389,-47.46660027454612,,EDINET,,機械
6248.T,横田製作所,1770.0,32.83544576,9.706608,1.0720029,84.4612280983068,2816826000.0,707021000.0,250366000.0,1855110.0,2214359100.0,1193.6537995051506,0.6743806776865258,-32.56193223134743,,EDINET,,機械
6249.T,ゲームカードホールディングス,2705.0,379.42431744,11.780846,0.62727207,91.04563139005339,57430000000.0,8413000000.0,7434000000.0,14026777.0,53379500000.0,3805.542784347395,1.4068550034555989,40.68550034555988,,EDINET,,機械
6250.T,やまびこ,4385.0,1794.7049984,9.539452,1.3623911,70.7862516595368,113711000000.0,48425000000.0,3908000000.0,40928279.0,63179099999.99999,1543.653961115736,0.352030549855356,-64.7969450144644,,EDINET,,機械
6254.T,野村マイクロ・サイエンス,3715.0,1426.21769728,36.099503,3.7005198,36.134617589289284,108990341000.0,79769204000.0,846167000.0,38390784.0,21836533500.0,568.7962376595383,0.15310800475357694,-84.6891995246423,,EDINET,,機械
6255.T,エヌ・ピー・シー,766.0,160.46915584,20.591398,1.5767838,83.92194515649066,11958629000.0,5751493000.0,0.0,20948976.0,5631986699.999999,268.84305466768393,0.350970045258073,-64.9029954741927,投資有価証券,EDINET,,機械
6257.T,藤商事,1002.0,209.66402048,,0.49790627,90.02348402247756,32425000000.0,6391000000.0,9719000000.0,20924553.0,32198200000.0,1538.7760015709773,1.535704592386205,53.570459238620494,,EDINET,,機械
6258.T,平田機工,4115.0,1260.24638464,19.734318,1.6097276,58.58311541633261,88035288000.0,61439287000.0,2738741000.0,30625673.0,22369190999.999992,730.4065122095437,0.1774985448868879,-82.25014551131122,,EDINET,,機械
6262.T,ＰＥＧＡＳＵＳ,525.0,125.69299968,40.106953,0.38310513,75.20963824982184,31074543000.0,12754158000.0,513463000.0,23941524.0,17404393300.0,726.954278265661,1.384674815744116,38.46748157441161,,EDINET,,機械
6265.T,コンバム,3175.0,48.95878656,15.553813,0.7923416,94.32107235531662,3657154000.0,390986000.0,579744000.0,1542009.0,3632890200.0,2355.9461715203997,0.7420302902426456,-25.79697097573544,,EDINET,,機械
6264.T,マルマエ,2204.0,625.2238848,34.675896,4.07268,32.06299020203634,10477608000.0,17271927000.0,7000000.0,28367690.0,-8516611700.0,-300.22224932661067,-0.1362169915275003,-113.62169915275004,,EDINET,,機械
6266.T,タツモ,4345.0,629.71805696,30.9826,2.3861997,57.65737939458613,40731106000.0,24557961000.0,26271000.0,14492936.0,13735738599.999996,947.7540368631999,0.21812520986494818,-78.18747901350518,,EDINET,,機械
6268.T,ナブテスコ,4951.0,5755.61531392,28.926151,2.036375,62.24991433023486,108575000000.0,100253000000.0,5194000000.0,116251569.0,1932499999.9999847,16.623431551276393,0.003357590699106523,-99.66424093008935,,EDINET,,機械
6267.T,ゼネラルパッカー,4290.0,72.1996288,8.549393,0.91148984,57.77939659753775,9047356000.0,5024959000.0,89091000.0,1682975.0,3582264800.0,2128.531202186604,0.49616111939081675,-50.38388806091832,,EDINET,,機械
6269.T,三井海洋開発,8736.0,5970.55438848,8.794129,2.232492,30.95054520960523,251881000000.0,285916000000.0,15426000.0,68344260.0,-62615801800.0,-916.182307043781,-0.10487434833376613,-110.4874348333766,,EDINET,,機械
6273.T,ＳＭＣ,75690.0,47289.43542272,28.095142,2.2085738,91.49610590721224,1421842000000.0,172461000000.0,145267000000.0,62477789.0,1333821800000.0,21348.735628272632,0.28205490326691285,-71.79450967330871,,EDINET,,機械
6272.T,レオン自動機,1479.0,398.18993664,10.223973,0.9179949,79.15112887189935,29073703000.0,10527268000.0,1953777000.0,26922915.0,18861352100.0,700.5687199918731,0.4736772954644172,-52.63227045355827,,EDINET,,機械
6276.T,シリウスビジョン,346.0,16.13670656,7.0525885,0.7636873,69.276611966238,2242399000.0,645594000.0,446107000.0,4663788.0,1844520500.0,395.49835884478455,1.143058840591863,14.305884059186285,,EDINET,,電気機器
6277.T,ホソカワミクロン,6620.0,970.7651072,32.07675,1.3513441,65.42916658555103,64608000000.0,36447000000.0,2655000000.0,14664125.0,26374800000.0,1798.593506261028,0.271690861972965,-72.8309138027035,,EDINET,,機械
6278.T,ユニオンツール,16950.0,3302.41376256,32.115654,2.7621162,90.6974898528378,41205000000.0,5726000000.0,10788000000.0,19483267.0,42458000000.0,2179.2033132841634,0.12856656715540787,-87.1433432844592,,EDINET,,機械
6279.T,瑞光,922.0,239.48224512,16.499641,0.6626667,69.26750753975924,35462579000.0,18116147000.0,651675000.0,25974214.0,15990989800.0,615.6486506194182,0.6677317251837507,-33.22682748162492,,EDINET,,機械
6282.T,オイレス工業,2793.0,792.07677952,16.185675,1.015016,81.07694938096532,59319000000.0,16516000000.0,7545000000.0,28359357.0,46432900000.0,1637.3044000962363,0.5862171142485629,-41.3782885751437,,EDINET,,機械
6284.T,日精エー・エス・ビー機械,8390.0,1257.74979072,14.592573,1.9363403,75.1971015232312,55106000000.0,19912000000.0,449000000.0,14991058.0,33517100000.0,2235.806171919287,0.26648464504401514,-73.3515354955985,,EDINET,,機械
6286.T,靜甲,1489.0,96.163584,7.929914,0.5398808,58.69939191225747,15544587000.0,11731422000.0,2736492000.0,6458266.0,4555567199.999998,705.3855013094843,0.47373102841469733,-52.62689715853027,,EDINET,,機械
6287.T,サトー,2627.0,854.48441856,16.70482,0.9674777,61.58642641569102,91558000000.0,59519000000.0,163000000.0,32527004.0,26201199999.999992,805.5214676396262,0.30663169685558667,-69.33683031444133,,EDINET,,機械
6289.T,技研製作所,1982.0,502.75495936,30.412767,1.2847338,84.21096640675627,24271000000.0,7683000000.0,1854000000.0,25366042.0,17117500000.0,674.8195086959172,0.3404740205327534,-65.95259794672467,,EDINET,,機械
6291.T,日本エアーテック,1340.0,134.11960832,13.0961685,1.3923466,74.31891526950496,11865846000.0,4211097000.0,516895000.0,10008926.0,7595465800.0,758.8692133401726,0.5663203084628153,-43.36796915371847,,EDINET,,機械
6292.T,カワタ,826.0,57.70133504,158.84616,0.43584365,55.859632989138895,18524916000.0,11824251000.0,479421000.0,6985634.0,5853834599.999998,837.981863922444,1.0145058885259612,1.4505888525961197,,EDINET,,機械
6294.T,オカダアイヨン,1910.0,153.96586496,10.747243,0.860567,45.224457138323956,24503714000.0,18755786000.0,523395000.0,8061040.0,4238725900.0,525.82866478767,0.27530296585741887,-72.4697034142581,,EDINET,,機械
6298.T,ワイエイシイホールディングス,1271.0,223.05542144,17.356274,1.3883504,38.75961911721051,29760000000.0,23992000000.0,2313000000.0,17549601.0,4987899999.999996,284.2172879030125,0.22361706365303896,-77.63829363469611,,EDINET,,機械
6301.T,小松製作所,7714.0,68463.99643648,17.973392,1.9562628,57.72822321998288,721340000000.0,595872000000.0,3481000000.0,887529061.0,68317500000.0,76.9749442604449,0.009978603093135197,-99.00213969068648,,EDINET,,機械
6302.T,住友重機械工業,6222.0,7378.83521024,18.100891,1.0528829,51.96584393957867,784495000000.0,613824000000.0,21417000000.0,118592652.0,124280500000.0,1047.961217698378,0.16842835385701993,-83.15716461429801,,EDINET,,機械
6305.T,日立建機,5687.0,11848.93894656,16.139286,1.3142588,51.4542181992235,480160000000.0,445822000000.0,11715000000.0,208351315.0,-2043700000.000062,-9.808913373069242,-0.0017247957399453564,-100.17247957399454,,EDINET,,機械
6306.T,日工,1008.0,388.43256832,15.235791,1.0493332,58.046645873097155,40126000000.0,29164000000.0,5565000000.0,38534974.0,11941099999.999996,309.876944512795,0.3074176036833284,-69.25823963166717,,EDINET,,機械
6307.T,サンセイ,453.0,35.20630016,4.6186786,0.6870861,71.74114714291099,3470248000.0,1724834000.0,263029000.0,7771810.0,1757050899.9999998,226.08001224939875,0.49907287472273454,-50.09271252772655,,EDINET,,機械
6309.T,巴工業,1942.0,570.78226944,13.956163,1.3091035,75.79412022854068,42239792000.0,13838457000.0,1522972000.0,29391466.0,28083569700.0,955.500814420077,0.4920189569619346,-50.79810430380655,,EDINET,,機械
6310.T,井関農機,1889.0,427.53216512,16.414667,0.54410017,37.43931256713211,105618000000.0,134294000000.0,9864000000.0,22632725.0,-35200600000.0,-1555.2965893413188,-0.8233438800112858,-182.3343880011286,,EDINET,,機械
6315.T,ＴＯＷＡ,2545.0,1909.55585536,39.80294,2.5283382,66.44708237601895,50652299000.0,21842118000.0,4446381000.0,75031664.0,29738435899.999996,396.34514703019244,0.1557348318389754,-84.42651681610246,,EDINET,,機械
6316.T,丸山製作所,2845.0,109.2950016,9.533224,0.48892027,53.177668090330165,23426000000.0,18876000000.0,3887000000.0,3841652.0,5383300000.0,1401.2981915071953,0.49254769473012133,-50.74523052698786,,EDINET,,機械
6317.T,北川鉄工所,2483.0,234.51193344,7.3407245,0.49936527,54.12544752214057,41500000000.0,40260000000.0,4323000000.0,9444701.0,240100000.0,25.42166236919517,0.01023828528763398,-98.97617147123661,,EDINET,,機械
6322.T,タクミナ,1587.0,109.57691904,8.987428,0.96919286,78.29764540738783,9595059000.0,4432213000.0,1888491000.0,6904658.0,6041568400.0,874.9989355012225,0.5513540866422322,-44.86459133577678,,EDINET,,機械
6323.T,ローツェ,4468.0,7748.93010944,38.34864,5.67085,70.93643247407527,145520000000.0,59021000000.0,1446000000.0,173431740.0,81609100000.0,470.554582454169,0.10531660305599128,-89.46833969440087,,EDINET,,機械
6324.T,ハーモニック・ドライブ・システムズ,6530.0,6181.74152704,379.21024,7.5956726,72.1639978358019,53164779000.0,34678616000.0,409931000.0,94666789.0,15305253100.0,161.67499987772902,0.024758805494292345,-97.52411945057077,,EDINET,,機械
6325.T,タカキタ,421.0,47.54650624,23.493303,0.5699757,85.00860866760802,6193221000.0,1840050000.0,829267000.0,11293707.0,4749652900.0,420.55747506111146,0.9989488718791246,-0.10511281208753898,,EDINET,,機械
6326.T,クボタ,2718.5,30620.97772544,11.3697195,1.0956546,46.30243570050745,770931000000.0,1044444000000.0,78584000000.0,1126392455.0,-322948600000.0,-286.7105497435172,-0.10546645199320111,-110.54664519932011,,EDINET,,機械
6327.T,北川精機,3305.0,269.94538496,35.249573,4.282603,56.49523441705262,6503905000.0,3513639000.0,121719000.0,8167788.0,2724105399.9999995,333.5181324490792,0.10091320195130989,-89.90867980486902,,EDINET,,機械
6328.T,荏原実業,2517.0,592.0837632,12.885885,1.8158195,57.74723571354758,31962000000.0,19535000000.0,6437000000.0,23523393.0,14979400000.0,636.787388622041,0.2529945922217088,-74.70054077782913,,EDINET,,機械
6330.T,東洋エンジニアリング,2585.0,1514.74356224,,3.2512903,16.739040529363113,244209000000.0,226355000000.0,6889000000.0,58597429.0,40799999.99996948,0.6962762820186101,0.00026935252689307934,-99.97306474731069,,EDINET,,建設業
6331.T,三菱化工機,3005.0,684.57177088,9.085137,1.5220516,57.533965912437736,50839000000.0,27947000000.0,4434000000.0,22781090.0,23201099999.999996,1018.4367824366611,0.3389140706943964,-66.10859293056036,,EDINET,,機械
6332.T,月島ホールディングス,2592.0,1026.463744,6.4955893,1.061926,57.858054092926345,111716000000.0,80193000000.0,24363000000.0,39601223.0,40557800000.0,1024.1552388419923,0.3951216199236081,-60.48783800763918,,EDINET,,機械
6333.T,ＴＥＩＫＯＫＵ,3600.0,551.77986048,13.620886,1.7699959,80.18229629014628,31623710000.0,8891852000.0,1147726000.0,15327218.0,22646081000.0,1477.5075946593831,0.4104187762942731,-58.95812237057269,,EDINET,,機械
6334.T,明治機械,494.0,53.19740928,208.43883,2.0044227,52.02174484744311,4850718000.0,3815019000.0,149409000.0,10768706.0,758783399.9999995,70.46189207876968,0.14263540906633537,-85.73645909336646,,EDINET,,機械
6335.T,東京機械製作所,582.0,46.09275904,4.483476,0.51775855,65.66801336889417,11410023000.0,5240764000.0,255778000.0,7919718.0,5824227200.0,735.4084072185399,1.2635883285541922,26.358832855419223,,EDINET,,機械
6336.T,石井表記,1704.0,136.11138048,14.52314,1.2139796,66.86561537978261,10132000000.0,5961000000.0,124000000.0,7987757.0,3661699999.999999,458.4140453947208,0.2690223271095779,-73.09776728904221,,EDINET,,機械
6338.T,タカトリ,1777.0,94.77041152,36.882523,0.9624295,64.52139876762837,14790688000.0,7518080000.0,207024000.0,5333169.0,6665716799.999999,1249.8604113239237,0.7033541988316959,-29.664580116830408,,EDINET,,機械
6337.T,テセック,4055.0,204.47956992,45.710743,1.4508771,89.31177654755913,9300000000.0,1309000000.0,3399000000.0,5042653.0,10239400000.0,2030.5581208939025,0.5007541605163754,-49.924583948362454,,EDINET,,機械
6339.T,新東工業,1141.0,599.21256448,,0.52058095,52.26425052779733,119723000000.0,109638000000.0,32985000000.0,52516442.0,22210699999.999985,422.9284992307739,0.3706647670734215,-62.93352329265785,,EDINET,,機械
6340.T,澁谷工業,5770.0,1596.3439104,15.614852,1.3405417,67.69849334487473,105574000000.0,51496000000.0,3639000000.0,27666271.0,51475699999.99999,1860.5940786165215,0.322459978963002,-67.75400210369979,,EDINET,,機械
6342.T,太平製作所,2870.0,37.33878528,8.499674,0.50464636,75.7771596593263,7704958000.0,3498574000.0,582538000.0,1301003.0,4264303199.9999995,3277.704355793184,1.1420572668268933,14.205726682689331,,EDINET,,機械
6343.T,フリージア・マクロス,151.0,67.95152384,3.9425588,0.40298584,62.47891459915203,8768980000.0,13525810000.0,6383065000.0,45001009.0,-1641265500.000002,-36.47174888900829,-0.24153476085435954,-124.15347608543597,,EDINET,,機械
6346.T,キクカワエンタープライズ,5690.0,68.90976768,20.672115,0.5308662,87.15740336806725,10497859000.0,2231750000.0,1520989000.0,1211068.0,9107626300.0,7520.326108855985,1.3216741843332136,32.16741843332135,,EDINET,,機械
6345.T,アイチ　コーポレーション,1444.0,932.23673856,14.489263,1.2506832,81.2370562377423,71048447000.0,16335376000.0,5395663000.0,64559332.0,56856497500.0,880.6859634173414,0.6098933264663029,-39.010667353369705,,EDINET,,機械
6347.T,プラコー,245.0,23.57963776,28.096329,1.4682176,53.34295009005342,2272702000.0,1468707000.0,22653000.0,9624342.0,672981399.9999998,69.92492577674399,0.2854078603132408,-71.45921396867593,,EDINET,,機械
6349.T,小森コーポレーション,1973.0,1046.92736,14.014775,0.83695817,68.98034329078683,124039000000.0,57447000000.0,13749000000.0,53062716.0,70471600000.0,1328.081284041322,0.673127868241927,-32.687213175807294,,EDINET,,機械
6351.T,鶴見製作所,2609.0,1248.79568896,23.783045,1.1912367,74.90544068617879,81657000000.0,35657000000.0,12662000000.0,47864916.0,51297700000.0,1071.7181661825125,0.4107773730097787,-58.922262699022134,,EDINET,,機械
6356.T,日本ギア工業,1393.0,198.3203328,11.031916,3.6377785,84.18722307048701,10483231000.0,2672166000.0,1060316000.0,14236923.0,8286069600.0,582.0126722607125,0.4178123993257089,-58.21876006742911,,EDINET,,機械
6357.T,三精テクノロジーズ,2627.0,465.60464896,9.495409,0.92027646,53.02743641925569,54169895000.0,42483895000.0,8058452000.0,17723816.0,13078526900.0,737.9069439673714,0.28089339321178963,-71.91066067882103,,EDINET,,機械
6358.T,酒井重工業,2069.0,177.41754368,10.05687,0.5596062,72.09800605003042,26611283000.0,12494096000.0,5661936000.0,8575038.0,16831132599.999998,1962.8055992288312,0.9486735617345728,-5.132643826542718,,EDINET,,機械
6361.T,荏原製作所,4818.0,21940.93244416,27.062855,4.1316004,48.20407669185299,360726000000.0,297059000000.0,2078000000.0,455395051.0,35415700000.0,77.7691806756152,0.016141382456541137,-98.38586175434588,,EDINET,,機械
6360.T,東京自働機械製作所,4825.0,67.7170432,8.213605,2.8172255,58.31623296050522,9860141000.0,6416422000.0,2891296000.0,1403462.0,4825983999.999999,3438.6281922845073,0.7126690553957529,-28.73309446042472,,EDINET,,機械
6363.T,酉島製作所,3005.0,790.81299968,13.080003,1.2823161,50.42088102209209,81190000000.0,59204000000.0,10463000000.0,26316572.0,23389699999.999992,888.7821711733577,0.295767777428738,-70.4232222571262,,EDINET,,機械
6364.T,ＡＩＲＭＡＮ,2525.0,673.01490688,12.172782,1.481305,68.78968026892943,47507097000.0,23164729000.0,3888325000.0,26654056.0,24747722599.999996,928.4786750654383,0.36771432675858945,-63.228567324141046,,EDINET,,機械
6365.T,電業社機械製作所,5600.0,232.41981952,8.880995,0.74747485,73.47858392655976,30815000000.0,12639000000.0,3765000000.0,4150354.0,19547600000.0,4709.863303226664,0.841047018433333,-15.895298156666707,,EDINET,,機械
6366.T,千代田化工建設,669.0,1733.93739776,8.197525,2.706683,22.548689513970928,437274000000.0,435578000000.0,3976000000.0,259183465.0,-39078600000.00006,-150.77582206102562,-0.2253749208684987,-122.53749208684985,,EDINET,,建設業
6368.T,オルガノ,2729.5,6275.44096768,21.246204,4.4228425,63.57580258552833,164367000000.0,73201000000.0,2373000000.0,229911740.0,85507000000.0,371.91228251328096,0.13625656073027329,-86.37434392697267,,EDINET,,機械
6367.T,ダイキン工業,20860.0,58060.91665408,22.276567,1.940145,57.09070377536476,2853654000000.0,2266723000000.0,160032000000.0,278336120.0,472281100000.0,1696.8013350189692,0.08134234587818644,-91.86576541218136,,EDINET,,機械
6369.T,トーヨーカネツ,2323.0,347.77174016,14.175006,0.9142297,57.96665755670949,40140000000.0,28526000000.0,6497000000.0,14970802.0,13309299999.999996,889.0171682185094,0.38270218175570786,-61.72978182442921,,EDINET,,機械
6370.T,栗田工業,7965.0,8578.04570624,21.654026,2.5708492,60.943230419792286,71519000000.0,140135000000.0,7165000000.0,107696743.0,-77614000000.0,-720.6717477054993,-0.09047981766547386,-109.04798176654738,,EDINET,,機械
6371.T,椿本チエイン,2671.0,2697.85612288,8.847301,0.91587245,66.07754945800637,193313000000.0,109348000000.0,39876000000.0,101005474.0,100943399999.99998,999.3854392485697,0.3741615272364544,-62.58384727635457,,EDINET,,機械
6376.T,日機装,3845.0,2512.82997248,14.063128,1.4614065,44.740303075148894,92100000000.0,111921000000.0,16700000000.0,65353182.0,-19323100000.000015,-295.6719077580647,-0.07689776534670084,-107.68977653467009,,EDINET,,精密機器
6378.T,木村化工機,1171.0,225.59309824,10.087871,1.1234155,60.9795049241416,24394000000.0,14776000000.0,2024000000.0,19264997.0,9557199999.999998,496.09143463661053,0.423647681158506,-57.6352318841494,,EDINET,,機械
6379.T,レイズネクスト,966.0,1563.74188032,14.600966,0.5906418,76.43753094570062,87315000000.0,29541000000.0,4711000000.0,161878056.0,58117600000.0,359.0208669172553,0.3716572121296639,-62.83427878703362,,EDINET,,建設業
6380.T,オリエンタルチエン工業,3520.0,62.45243904,44.0055,2.2297237,43.894483144752314,2665127000.0,3274464000.0,223958000.0,1774217.0,-780012800.0000005,-439.6377669698805,-0.1248970928891706,-112.48970928891706,,EDINET,,機械
6382.T,トリニティ工業,1206.0,194.6092544,7.251954,0.571003,79.86620561403409,25699240000.0,9583334000.0,3169053000.0,16136754.0,17375909700.0,1076.790889915035,0.8928614344237438,-10.713856557625622,,EDINET,,機械
6381.T,アネスト岩田,1868.0,720.57667584,13.629067,1.4612448,77.09033908977639,45229000000.0,15641000000.0,3173000000.0,38574767.0,30245000000.0,784.0617676316749,0.41973328031674245,-58.02667196832575,,EDINET,,機械
6383.T,ダイフク,5893.0,21912.48195584,27.078068,4.372258,59.87183957804911,531584000000.0,290282000000.0,13484000000.0,371839156.0,221712600000.0,596.2594213719655,0.10118096408823442,-89.88190359117655,,EDINET,,機械
6384.T,昭和真空,1726.0,106.62453248,12.283824,0.9164122,80.23358242271576,11725302000.0,3861154000.0,173248000.0,6177551.0,7599306200.0,1230.1486786592293,0.7127164998025662,-28.728350019743377,,EDINET,,機械
6387.T,サムコ,9630.0,773.51124992,32.81873,4.9503627,76.32026507777196,11188327000.0,3816232000.0,369068000.0,8032308.0,7248819400.0,902.4578489769068,0.09371317227174525,-90.62868277282547,,EDINET,,機械
6390.T,加藤製作所,1285.0,143.87378176,3.2838414,0.34297305,45.97628972013209,80292000000.0,58144000000.0,2823000000.0,11196403.0,18309699999.999992,1635.3198433461168,1.2726224461837485,27.262244618374854,,EDINET,,機械
6391.T,加地テック,5070.0,83.86611712,10.878661,0.98538506,68.8991694725685,7421054000.0,3740997000.0,0.0,1654164.0,3305957299.9999995,1998.566828923855,0.3941946408133836,-60.58053591866164,投資有価証券,EDINET,,機械
6392.T,ヤマダコーポレーション,7430.0,177.84240128,10.846083,0.96475214,87.07541888131311,11258422000.0,2599388000.0,349903000.0,2393572.0,8644027300.0,3611.3504419336455,0.4860498575953762,-51.39501424046238,,EDINET,,機械
6393.T,油研工業,3005.0,106.87330304,10.8385935,0.44460148,56.934857147791995,29495220000.0,18702423000.0,3613639000.0,3556516.0,11452102000.0,3220.0338758492862,1.0715586941262183,7.155869412621837,,EDINET,,機械
6395.T,タダノ,1354.0,1715.4605056,6.7460513,0.7890944,44.914062142198205,292387000000.0,214524000000.0,11435000000.0,126695755.0,64415099999.99997,508.42350637556854,0.3754974197751614,-62.450258022483865,,EDINET,,機械
6396.T,宇野澤組鐵工所,4670.0,51.5750144,11.8938465,1.2958547,45.25755440216736,5512020000.0,5066982000.0,478689000.0,1104390.0,273422100.0,247.57748621410914,0.05301445100944521,-94.69855489905548,,EDINET,,機械
6400.T,不二精機,319.0,25.8219648,9.82748,0.62326723,37.79601794244846,4783059000.0,5925181000.0,212882000.0,8094660.0,-1585622700.000001,-195.88502790728714,-0.6140596486121854,-161.40596486121854,,EDINET,,機械
6402.T,兼松エンジニアリング,1587.0,77.7142016,7.3848305,3.5570996,62.85308608535173,6706357000.0,4938988000.0,20935000.0,4896925.0,1288124700.0,263.0476676689964,0.1657515234209177,-83.42484765790823,,EDINET,,機械
6407.T,ＣＫＤ,5990.0,4003.4172928,27.963213,2.4947844,67.72067871965984,131473000000.0,74345000000.0,8599000000.0,66835011.0,55712800000.0,833.5870551438976,0.13916311438128506,-86.0836885618715,,EDINET,,機械
6405.T,鈴茂器工,1311.0,146.2765056,26.766027,1.1319084,67.83163431710877,10841277000.0,3502851000.0,47229000.0,11157628.0,7021201200.0,629.2736413151613,0.4799951497445929,-52.00048502554071,,EDINET,,機械
6408.T,小倉クラッチ,4245.0,63.49950976,4.2938643,0.31043518,41.9912870617096,31118000000.0,29311000000.0,1010000000.0,1495866.0,-417100000.0000038,-278.8351363023184,-0.0656855444764001,-106.56855444764003,,EDINET,,機械
6412.T,平和,2011.0,1983.38756608,17.16456,0.785192,23.098973993481668,137807000000.0,859819000000.0,8520000000.0,98626924.0,-802029900000.0001,-8131.956949199795,-4.043737916061559,-504.3737916061559,,EDINET,,機械
6413.T,理想科学工業,1021.0,637.61842176,14.866045,0.94923323,72.25869476160965,41232000000.0,22405000000.0,4288000000.0,62450384.0,19588099999.999996,313.6585997613721,0.30720724756255835,-69.27927524374417,,EDINET,,機械
6417.T,ＳＡＮＫＹＯ,2022.0,3993.72746752,9.185064,1.6030253,87.02314772940743,294541000000.0,51704000000.0,5349000000.0,197513729.0,241410900000.0,1222.2487075822462,0.6044751273898349,-39.55248726101651,,EDINET,,機械
6418.T,日本金銭機械,1268.0,343.94546176,7.3062515,0.9265423,68.63952635405076,41465835000.0,17354006000.0,950992000.0,27125037.0,23042122800.0,849.4780228318214,0.6699353492364521,-33.00646507635478,,EDINET,,機械
6419.T,マースグループホールディングス,3045.0,529.58482432,8.446134,0.6403394,90.9516619871792,52004781000.0,8770634000.0,16113027000.0,17391948.0,53636202500.0,3083.9675061125986,1.0127972105460095,1.2797210546009388,,EDINET,,機械
6420.T,ガリレイホールディングス,3410.0,1367.0162432,11.023827,1.2182117,73.42692663847643,96318000000.0,38356000000.0,11752000000.0,40088451.0,62352800000.0,1555.38062570689,0.4561233506471818,-54.38766493528182,,EDINET,,機械
6425.T,ユニバーサルエンターテインメント,674.0,522.28841472,,0.40682375,34.7096356327315,78856000000.0,263064000000.0,10250000000.0,77490861.0,-203339400000.0,-2624.0436275446727,-3.893239803478743,-489.3239803478742,,EDINET,,機械
6424.T,高見沢サイバネティックス,886.0,36.96009216,7.8469577,0.6203439,40.36690030409354,11853753000.0,10884152000.0,929234000.0,4171568.0,531649599.9999981,127.44598673688121,0.143844228822665,-85.6155771177335,,EDINET,,機械
6428.T,オーイズミ,329.0,74.00913408,12.443268,0.39235097,45.809330653105654,17931210000.0,20651399000.0,400744000.0,22495178.0,-4504808100.0,-200.25661055004767,-0.6086827068390507,-160.86827068390505,,EDINET,,機械
6430.T,ダイコク電機,2295.0,335.47143168,5.8718176,0.6675651,83.78721603196784,36122959000.0,11978843000.0,296151000.0,14617492.0,23153537400.0,1583.9610105481843,0.690179089563479,-30.982091043652098,,EDINET,,機械
6432.T,竹内製作所,7500.0,3464.46856192,12.045677,1.8591696,83.03225204656803,177254000000.0,50718000000.0,168000000.0,46192915.0,121581800000.0,2632.0443297419097,0.35093924396558795,-64.90607560344121,,EDINET,,機械
6433.T,ヒーハイスト,1241.0,77.412352,,3.6810398,50.767966927492004,2394514000.0,2188933000.0,1620000.0,6237901.0,-12178300.0,-1.9523073546694634,-0.0015731727273726537,-100.15731727273727,,EDINET,,機械
6436.T,アマノ,3756.0,2601.4334976,13.203501,1.9866258,72.09367361312508,128119000000.0,57775000000.0,17097000000.0,69260743.0,76534400000.0,1105.0184662327401,0.2942008696040309,-70.5799130395969,,EDINET,,機械
6440.T,ＪＵＫＩ,830.0,245.34059008,13.849491,0.73347664,27.103338474550974,105384000000.0,109985000000.0,5853000000.0,29559107.0,-11502400000.000015,-389.13218860096197,-0.4688339621698337,-146.88339621698336,,EDINET,,機械
6444.T,サンデン,185.0,209.41879296,4.1451936,0.6708343,15.151400882386213,100636000000.0,151877000000.0,22642000000.0,113199354.0,-50579300000.0,-446.81615409218676,-2.415222454552361,-341.5222454552361,,EDINET,,機械
6445.T,ジャノメ,1338.0,220.5958144,40.27694,0.6398479,70.38580826139349,25860000000.0,14187000000.0,1808000000.0,16486981.0,11519899999.999998,698.7270744110155,0.5222175444028516,-47.77824555971484,,EDINET,,機械
6448.T,ブラザー工業,4689.0,11574.03246592,18.611574,1.4453602,75.31916981983971,129126000000.0,99987000000.0,19243000000.0,246833704.0,32610399999.999985,132.11485899834807,0.028175487097109847,-97.18245129028902,,EDINET,,電気機器
6455.T,モリタホールディングス,2453.0,1007.56414464,10.91775,0.9863416,70.1854718299248,87132000000.0,45650000000.0,14298000000.0,41074773.0,46925599999.99999,1142.4433191633218,0.4657331101358833,-53.42668898641166,,EDINET,,輸送用機器
6454.T,マックス,1896.0,3346.94252544,24.537338,3.0120482,83.71118473997493,74246000000.0,20541000000.0,20448000000.0,176526513.0,65964500000.0,373.6804113951993,0.19708882457552707,-80.29111754244728,,EDINET,,機械
6457.T,グローリー,4530.0,2315.36132096,16.167023,1.1061617,64.92737617668594,126929000000.0,127714000000.0,9738000000.0,51111728.0,-6739800000.0,-131.86406063203341,-0.029109064157181768,-102.91090641571816,,EDINET,,機械
6458.T,新晃工業,1207.0,810.43628032,12.195615,1.238063,71.52474058828574,48153000000.0,20716000000.0,13212000000.0,67144678.0,34613800000.0,515.510700639595,0.427100829030319,-57.289917096968104,,EDINET,,機械
6459.T,だいわ,1653.0,811.77731072,16.428144,1.136024,75.4192533918246,69259838000.0,25282321000.0,546569000.0,49109334.0,41831883200.0,851.8112503826666,0.5153123111812865,-48.46876888187135,,EDINET,,機械
6460.T,セガサミーホールディングス,3242.0,6581.39512832,,1.8521925,56.578544696423904,388744000000.0,263173000000.0,51185000000.0,203004172.0,135083200000.0,665.4208072137552,0.20525009476056608,-79.47499052394339,,EDINET,,機械
6463.T,ＴＰＲ,1521.0,967.25549056,10.662461,0.5534703,69.7074117342915,149529000000.0,93143000000.0,35651000000.0,63593390.0,72027399999.99998,1132.6240038469405,0.7446574647251417,-25.534253527485834,,EDINET,,機械
6464.T,ツバキ・ナカシマ,326.0,124.72461312,,0.31911135,24.420076751638558,28650000000.0,138086000000.0,183000000.0,38259085.0,-123116500000.0,-3217.967706232389,-9.871066583534935,-1087.1066583534935,,EDINET,,機械
6465.T,ホシザキ,5250.0,7334.6056192,19.068027,1.8203278,71.9042606046077,390307000000.0,164823000000.0,11272000000.0,139706770.0,216892100000.0,1552.4809570788875,0.2957106584912167,-70.42893415087833,,EDINET,,機械
6467.T,ニチダイ,350.0,31.60994816,,0.30096108,76.93631104531141,8372840000.0,4003267000.0,74283000.0,9031414.0,4021244400.0,445.25081011677685,1.2721451717622196,27.214517176221957,,EDINET,,機械
6466.T,ＴＶＥ,4385.0,102.86267392,9.82633,0.80032897,74.97331473237054,10414513000.0,4061109000.0,1859965000.0,2345785.0,7249268600.0,3090.3380318315617,0.7047521167232752,-29.52478832767248,,EDINET,,機械
6469.T,放電精密加工研究所,2989.0,319.24701184,38.110416,3.663192,50.94587644437512,7794452000.0,9287191000.0,279663000.0,10680730.0,-2225694000.0,-208.3840711262245,-0.06971698599070743,-106.97169859907075,,EDINET,,機械
6470.T,大豊工業,1169.0,331.8704128,,0.5147317,56.2508742481466,63902000000.0,53052000000.0,5063000000.0,28389257.0,9088899999.999992,320.1527958269564,0.2738689442488934,-72.61310557511067,,EDINET,,機械
6471.T,日本精工,1113.5,5448.589312,23.526304,0.79453933,55.82773887716179,360504000000.0,393738000000.0,31453000000.0,489320981.0,-50590700000.00006,-103.38959898390308,-0.09285100941526994,-109.28510094152699,,EDINET,,機械
6472.T,ＮＴＮ,386.6,2298.3614464,17.501131,0.76635337,35.43831856110785,533861000000.0,607726000000.0,23235000000.0,594506284.0,-118373100000.0,-199.11160434428646,-0.515032603063338,-151.5032603063338,,EDINET,,機械
6473.T,ジェイテクト,2174.5,6922.12596736,56.451195,0.85527307,52.30602093178914,339283000000.0,494046000000.0,43208000000.0,318331829.0,-173922000000.00006,-546.3544143429027,-0.2512551916959773,-125.12551916959774,,EDINET,,機械
6474.T,不二越,5900.0,1285.97794816,18.846228,0.7229432,52.59572284519839,170438000000.0,170091000000.0,27102000000.0,21796237.0,2309300000.0,105.94948109620941,0.017957539168849054,-98.2042460831151,,EDINET,,機械
6479.T,ミネベアミツミ,3908.0,15694.35287552,15.512246,1.6935294,50.19905368911919,330807000000.0,637924000000.0,10324000000.0,401595519.0,-363682600000.0,-905.594267848392,-0.23172831828259774,-123.17283182825976,,EDINET,,電気機器
6480.T,日本トムソン,1934.0,1335.61081856,32.094257,1.5492847,66.30293562040188,79602000000.0,45034000000.0,11110000000.0,69059500.0,37841599999.99999,547.9564723173494,0.28332806221165946,-71.66719377883406,,EDINET,,機械
6481.T,ＴＨＫ,6758.0,7573.94767872,29.903976,2.7441926,56.18467119951289,122793000000.0,124959000000.0,4923000000.0,112073804.0,-11215800000.0,-100.07512549498186,-0.014808393828792817,-101.48083938287928,,EDINET,,機械
6482.T,ＹＵＳＨＩＮ,710.0,222.30372352,84.023674,0.66027844,87.33440413807959,26420335000.0,5546994000.0,559944000.0,31310383.0,20710602400.0,661.4611644961353,0.9316354429523033,-6.836455704769673,,EDINET,,機械
6484.T,ＫＶＫ,2214.0,177.73221888,8.164921,0.57157815,84.78700215780468,20813181000.0,7950677000.0,1686605000.0,8027652.0,13248059800.0,1650.303201982348,0.7453944001726955,-25.460559982730445,,EDINET,,機械
6485.T,前澤給装工業,1666.0,334.08057344,12.874807,0.845083,85.61158640405272,29544000000.0,6148000000.0,5512000000.0,20052855.0,26639600000.0,1328.4691880532723,0.7974004730211719,-20.259952697882813,,EDINET,,機械
6488.T,ヨシタケ,1040.0,132.26545152,8.700017,0.7180535,86.74059678998862,10642923000.0,3293903000.0,3827805000.0,12717832.0,9699093200.0,762.6373111391941,0.7333051068646097,-26.669489313539025,,EDINET,,機械
6490.T,ＰＩＬＬＡＲ,12250.0,2800.49876992,30.105677,3.3457167,75.18579178066629,51008000000.0,24196000000.0,6262000000.0,22861214.0,28775799999.999996,1258.717056758228,0.10275241279659003,-89.72475872034099,,EDINET,,機械
6492.T,岡野バルブ製造,15970.0,256.59015168,23.313528,1.858137,78.66995073891626,9245000000.0,3030000000.0,1352000000.0,1606701.0,6858400000.0,4268.622475494818,0.2672900736064382,-73.27099263935618,,EDINET,,機械
6493.T,ＮＩＴＴＡＮ,485.0,139.70628608,6.2962484,0.43757874,60.28958764827716,31532615000.0,28567528000.0,7664081000.0,28805419.0,5473190899.999996,190.00559929366054,0.3917641222549702,-60.823587774502975,,EDINET,,輸送用機器
6494.T,ＮＦＫホールディングス,99.0,48.25672704,53.225807,0.8209704,80.10142440986004,3772110000.0,585516000.0,1490738000.0,48744167.0,4171559000.0,85.58068086382521,0.8644513218568203,-13.554867814317973,,EDINET,,機械
6495.T,宮入バルブ製作所,105.0,50.56309248,82.67717,1.6805916,45.190915876222064,3522617000.0,4922346000.0,296864000.0,48155324.0,-1684158800.0,-34.97347043080844,-0.3330806707696042,-133.30806707696044,,EDINET,,機械
6496.T,中北製作所,5760.0,201.06893312,11.296111,0.71549684,70.72190001866524,23192378000.0,10995764000.0,2675365000.0,3490780.0,12969793099.999998,3715.4427090793456,0.645042136992942,-35.49578630070581,,EDINET,,機械
6497.T,ハマイ,1474.0,98.79462912,9.550962,0.5810001,76.66132274125886,11964159000.0,5534115000.0,3639251000.0,6702485.0,8424108199.999999,1256.8634170759053,0.8526888853974934,-14.731111460250656,,EDINET,,機械
6498.T,キッツ,2130.0,1853.2573184,14.972586,1.4933819,64.98792892987929,106377000000.0,62596000000.0,5512000000.0,87007385.0,41379800000.0,475.58951461419053,0.22328146226018336,-77.67185377398165,,EDINET,,機械
6501.T,日立製作所,5670.0,253197.46568192,31.417965,3.8684773,45.026901361762185,1123104000000.0,2927951000000.0,64117000000.0,4465563424.0,-2052760200000.0005,-459.686719254175,-0.08107349545929012,-108.10734954592903,,EDINET,,電気機器
6503.T,三菱電機,5333.0,109136.4192256,26.37618,2.3878145,62.92878625274413,1923369000000.0,1597703000000.0,156296000000.0,2046435776.0,275302899999.99976,134.52799410011866,0.025225575492240512,-97.47744245077594,,EDINET,,電気機器
6504.T,富士電機,15200.0,22190.65475072,22.01718,2.8060718,59.924260789140874,766672000000.0,581517000000.0,108713000000.0,145991156.0,203102400000.0,1391.1966009776647,0.09152609216958321,-90.84739078304167,,EDINET,,電気機器
6505.T,東洋電機製造,2374.0,227.92503296,7.2546144,0.69975936,56.88136475135658,30086000000.0,25825000000.0,14178000000.0,9600886.0,11603099999.999996,1208.5447113943437,0.5090752785991338,-49.09247214008662,,EDINET,,電気機器
6506.T,安川電機,4870.0,12631.21989632,34.975582,2.6040678,60.76271134280773,157269000000.0,158521000000.0,24100000000.0,259367959.0,-234100000.0000019,-0.9025787182911128,-0.00018533443907415046,-100.01853344390742,,EDINET,,電気機器
6507.T,シンフォニアテクノロジー,14360.0,4051.77171968,27.581438,3.977394,62.30628701020537,77049000000.0,56337000000.0,14086000000.0,28215680.0,24938499999.999992,883.852524553723,0.061549618701512744,-93.84503812984872,,EDINET,,電気機器
6508.T,明電舎,12000.0,5443.674112,22.468964,3.0700479,47.777706413179615,217116000000.0,199134000000.0,23498000000.0,45363953.0,14517199999.999968,320.01620317347493,0.02666801693112291,-97.33319830688771,,EDINET,,電気機器
6513.T,オリジン,1314.0,67.4262016,,0.28721902,56.01274203039486,25268259000.0,18781570000.0,7711534000.0,5131370.0,10006605800.0,1950.084636266728,1.4840826760020762,48.40826760020761,,EDINET,,電気機器
6516.T,山洋電気,5690.0,2020.8058368,22.5293,1.5142426,76.85418382251288,54569000000.0,23500000000.0,7673000000.0,35515041.0,34090099999.999996,959.8778162750817,0.16869557403779994,-83.13044259622,,EDINET,,電気機器
6517.T,デンヨー,3975.0,796.48145408,14.1954155,0.9626719,81.62365365116413,66647000000.0,22444000000.0,10758000000.0,20037270.0,49489200000.0,2469.857420696532,0.6213477787915803,-37.86522212084197,,EDINET,,電気機器
6518.T,三相電機,1743.0,79.78326528,14.207695,0.6189068,63.10205166975834,10829394000.0,6610365000.0,974133000.0,4577353.0,4239885599.999999,926.2745521265235,0.531425445855722,-46.8574554144278,,EDINET,,電気機器
6521.T,オキサイド,3510.0,407.032832,,8.511567,31.78055920500643,8524155000.0,12793202000.0,68171000.0,11596377.0,-5500647500.000002,-474.3419000606829,-0.13514014246743103,-113.5140142467431,,EDINET,,電気機器
6522.T,アスタリスク,1224.0,98.39392768,,5.1859355,62.17528107340215,1532202000.0,1117939000.0,101250000.0,8038720.0,373344100.0,46.44322727996497,0.037943813137226286,-96.20561868627738,,EDINET,,電気機器
6523.T,ＰＨＣホールディングス,1589.0,2010.32957952,410.59433,1.192908,29.6547529077805,69433000000.0,332364000000.0,8405000000.0,126515388.0,-290283900000.0,-2294.455280017005,-1.443961787298304,-244.3961787298304,,EDINET,,電気機器
6524.T,湖北工業,5900.0,1528.602624,33.919743,5.997105,82.76775309862636,18331000000.0,5254000000.0,856000000.0,25908518.0,13150800000.0,507.5859607253491,0.08603151876700832,-91.39684812329918,,EDINET,,電気機器
6525.T,ＫＯＫＵＳＡＩ　ＥＬＥＣＴＲＩＣ,10250.0,23921.84324096,76.4412,10.644562,60.966251272041774,129750000000.0,127114000000.0,1582000000.0,233383846.0,-8968000000.0,-38.42596715112836,-0.003748874844012523,-100.37488748440124,,EDINET,,電気機器
6526.T,ソシオネクスト,2246.0,3936.99393536,44.616608,3.0653245,79.37812829981566,126290000000.0,33266000000.0,0.0,175289136.0,89697400000.0,511.7111193930467,0.2278321991954794,-77.21678008045205,,EDINET,,電気機器
6527.T,ワカ製作所,,,,,,0.0,0.0,0.0,,,,,,"流動資産, 負債合計, 投資有価証券",yfinance,株価または発行済株式数を取得できませんでした,電気機器
6532.T,ベイカレント,8111.0,11921.87527168,32.947437,11.058364,74.31691907165762,58972000000.0,22279000000.0,6029000000.0,146984035.0,38685400000.0,263.1945707572935,0.032449090217888485,-96.75509097821116,,EDINET,,サービス業
6533.T,Ｏｒｃｈｅｓｔｒａ　Ｈｏｌｄｉｎｇｓ,2028.0,189.44294912,280.1105,2.8211925,18.760785098106012,840430000.0,3236627000.0,970629000.0,9341368.0,-2040419400.0000005,-218.42832869875167,-0.1077062764786744,-110.77062764786743,,EDINET,,サービス業
6535.T,アイモバイル,486.0,267.7139456,9.514486,1.5659437,63.83126429271479,21383000000.0,8855000000.0,477000000.0,55085173.0,11976400000.0,217.41603679814168,0.4473581004076989,-55.2641899592301,,EDINET,,サービス業
6537.T,ＷＡＳＨハウス,303.0,20.98386176,,1.284203,41.84510250569476,2367000000.0,2263000000.0,1000000.0,6925367.0,-121600000.0,-17.558636242671326,-0.057949294530268404,-105.79492945302684,,EDINET,,サービス業
6538.T,ディスラプターズ,237.0,48.27154432,7.3442826,1.7709696,63.44111399575171,1642000000.0,1589000000.0,2000000.0,20367741.0,-104500000.00000024,-5.1306622565556115,-0.02164836395171144,-102.16483639517114,,EDINET,,サービス業
6539.T,ＭＳ－Ｊａｐａｎ,964.0,239.58300672,23.273783,2.8001847,89.0597365610801,5778115000.0,1067394000.0,1457114000.0,24853008.0,5623961400.0,226.28896268813818,0.23473958785076576,-76.52604121492342,,EDINET,,サービス業
6540.T,船場,1494.0,159.81302784,13.190888,1.1278263,65.9017510408257,20972813000.0,9696131000.0,265486000.0,10696990.0,10492909100.0,980.9216517917657,0.6565740641176477,-34.342593588235225,,EDINET,,サービス業
6543.T,日宣,1201.0,47.37298944,7.1560507,1.1685494,69.56168989140166,2470443000.0,1478057000.0,344244000.0,3944462.0,1085551099.9999998,275.20891315469635,0.2291498027932526,-77.08501972067474,,EDINET,,サービス業
6544.T,ジャパンエレベーターサービスホールディングス,1483.0,2651.06898944,36.100292,11.646353,62.283806011065145,16717000000.0,15091000000.0,63000000.0,178763918.0,160999999.9999981,0.9006291750665147,0.000607302208406281,-99.93926977915936,,EDINET,,サービス業
6545.T,インターネットインフィニティー,786.0,42.01878272,18.338778,2.3395782,39.36585314317761,3306774000.0,2681922000.0,299000.0,5345901.0,356869100.0,66.75565073127991,0.08493085334768437,-91.50691466523155,,EDINET,,サービス業
6546.T,フルテック,1180.0,62.37065728,91.61491,0.9107862,61.22023534015092,7498316000.0,5546585000.0,518716000.0,5285649.0,1760173699.999999,333.0099482580094,0.28221182055763505,-71.77881794423648,,EDINET,,サービス業
6547.T,グリーンズ,2064.0,283.48106752,5.567394,2.237772,34.60976024485632,14322000000.0,19228000000.0,121000000.0,13734548.0,-6744100000.0,-491.0318126231748,-0.23790300999184827,-123.79030099918484,,EDINET,,サービス業
6548.T,旅工房,122.0,24.11756032,15.782665,3.254635,33.206494711120506,3444176000.0,3101254000.0,0.0,19768491.0,32796599.999999523,1.6590340658778417,0.013598639884244604,-98.64013601157554,投資有価証券,EDINET,,サービス業
6549.T,ディーエムソリューションズ,1118.0,61.72844544,10.079336,0.76206523,40.130846991572845,4341384000.0,4841770000.0,65500000.0,5521328.0,-938713000.0,-170.0158005465352,-0.15207137794860034,-115.20713779486005,,EDINET,,サービス業
6551.T,ツナググループ・ホールディングス,610.0,50.8498176,9.76,2.125443,46.39854582084403,3413240000.0,3097210000.0,0.0,8336036.0,6308999.999999523,0.7568345434208206,0.0012407123662636402,-99.87592876337364,,EDINET,,サービス業
6552.T,ＧａｍｅＷｉｔｈ,171.0,29.86197504,116.32653,1.1023226,76.02971997765027,2778102000.0,671595000.0,233744000.0,17463145.0,2202968300.0,126.14957385969137,0.7377168061970256,-26.228319380297442,,EDINET,,サービス業
6554.T,エスユーエス,1082.0,97.13347584,9.636622,2.0487962,64.28890543559196,4780000000.0,2064000000.0,152000000.0,8977216.0,2616000000.0,291.4043730261141,0.26932012294465263,-73.06798770553473,,EDINET,,サービス業
6555.T,ＭＳ＆Ｃｏｎｓｕｌｔｉｎｇ,422.0,18.989152,10.419753,0.64699024,78.68948771968476,1045753000.0,720041000.0,9278000.0,4499799.0,260202499.99999988,57.82536064388651,0.13702692095707705,-86.2973079042923,,EDINET,,サービス業
6557.T,ＡＩＡＩグループ,657.0,42.58763264,6.988618,1.2258972,12.066938677515882,4651054000.0,9654609000.0,749802000.0,6482136.0,-5444154500.0,-839.870453196292,-1.2783416334798965,-227.83416334798966,,EDINET,,サービス業
6558.T,クックビズ,674.0,18.79103232,,1.9574018,30.35933916440903,2788846000.0,2264285000.0,0.0,2787987.0,298132500.0,106.93468082885609,0.15865679648198233,-84.13432035180176,,EDINET,,サービス業
6560.T,エル・ティー・エス,1803.0,78.4832,8.2373905,1.5518007,47.4728342139368,8281000000.0,6835000000.0,560000000.0,4352923.0,1154499999.999999,265.22408046271414,0.14710154213128904,-85.2898457868711,,EDINET,,サービス業
6561.T,ＨＡＮＡＴＯＵＲ　ＪＡＰＡＮ,837.0,105.08929024,8.058926,2.2340434,39.97447670243773,4653964000.0,7257837000.0,0.0,12555471.0,-3329656700.000001,-265.1956824240207,-0.3168407197419602,-131.684071974196,投資有価証券,EDINET,,サービス業
6562.T,ジーニー,992.0,121.17064704,16.20915,1.1530085,39.585534686210785,4696247000.0,13528529000.0,62328000.0,12214783.0,-10141505300.000002,-830.2648765843816,-0.8369605610729652,-183.6960561072965,,EDINET,,サービス業
6563.T,みらいワークス,448.0,23.45455616,20.531622,1.6681746,42.078641373825064,2749978000.0,1798742000.0,0.0,5235392.0,771361799.9999998,147.336016099654,0.3288750359367277,-67.11249640632724,,EDINET,,サービス業
6564.T,ミダックホールディングス,2003.0,554.45499904,18.192553,3.024341,45.72763543820645,9605214000.0,13040885000.0,255064000.0,27681228.0,-4561214700.000002,-164.77645789413685,-0.08226483169951915,-108.22648316995192,,EDINET,,サービス業
6566.T,要興業,1237.0,196.32809984,12.428413,0.94415736,80.93208586654546,7328392000.0,4551627000.0,1009311000.0,15871309.0,3028120000.0,190.7920764443563,0.1542377335847666,-84.57622664152333,,EDINET,,サービス業
6568.T,神戸天然物化学,1224.0,94.75376128,12.847696,1.959968,65.05489951298485,7475498000.0,6632216000.0,232610000.0,7741320.0,342887399.99999905,44.29314380493237,0.03618720899095782,-96.38127910090421,,EDINET,,サービス業
6570.T,共和コーポレーション,4305.0,257.47288064,24.03685,4.10708,31.658485696027533,6688442000.0,10525363000.0,330733000.0,5980787.0,-4657944200.0,-778.8179381743573,-0.18091009016825954,-118.09100901682596,,EDINET,,サービス業
6571.T,キュービーネットホールディングス,1249.0,169.21879552,21.048197,1.0943373,42.91894419923417,912000000.0,55000000.0,2017000000.0,13548342.0,2263400000.0,167.06103226505502,0.13375583047642514,-86.62441695235749,,EDINET,,サービス業
6573.T,ＣＲＡＶＩＡ,26.0,17.33812096,,3.3057852,64.5140758725892,483964000.0,214635000.0,20191000.0,66685080.0,261999199.99999997,3.9289028370364103,0.15111164757832346,-84.88883524216764,,EDINET,,サービス業
6572.T,オープングループ,265.0,147.66311424,24.134792,1.391098,54.26326065141345,15577862000.0,7984500000.0,1746585000.0,55721930.0,8017521500.0,143.88449036133528,0.5429603409861709,-45.703965901382915,,EDINET,,サービス業
6574.T,コンヴァノ,126.0,628.28122112,,5.1775146,55.092828899191446,995170000.0,737176000.0,171530000.0,498635900.0,304347399.9999999,0.610359984108645,0.004844126858005119,-99.5155873141995,,EDINET,,サービス業
6576.T,揚工舎,,,,,,0.0,0.0,0.0,,,,,,"流動資産, 負債合計, 投資有価証券",yfinance,株価または発行済株式数を取得できませんでした,サービス業
6577.T,ベストワンドットコム,1300.0,19.64149248,8.645342,1.4570838,40.11883805117864,2292578000.0,1718160000.0,209246000.0,1510884.0,549074199.9999998,363.41254523841656,0.2795481117218589,-72.04518882781412,,EDINET,,サービス業
6578.T,コレックホールディングス,479.0,35.20123136,88.703705,3.8014364,34.89468867744745,2719728000.0,1861076000.0,730000.0,7348900.0,673055399.9999998,91.58586999414875,0.19120223380824375,-80.87977661917563,,EDINET,,サービス業
6579.T,ログリー,341.0,12.9682304,,3.495464,45.472902902935786,963603000.0,629422000.0,94966000.0,3803000.0,337715000.0,88.80226137260058,0.26041718877595477,-73.95828112240453,,EDINET,,サービス業
6580.T,ライトアップ,840.0,41.75317504,17.041996,1.3565037,86.87932991485849,3740374000.0,1065764000.0,51159000.0,4970616.0,2603844900.0,523.8475271475406,0.6236280085089769,-37.63719914910231,,EDINET,,サービス業
6584.T,三櫻工業,764.0,273.57743104,17.955347,0.56469446,36.61549084401356,70348000000.0,69051000000.0,6707000000.0,35808565.0,-913200000.0,-25.502278574972216,-0.03337994577875945,-103.33799457787596,,EDINET,,輸送用機器
6586.T,マキタ,5342.0,13763.97426688,17.909948,1.3674512,85.04518767170256,222497000000.0,77517000000.0,32541000000.0,257655822.0,160007000000.0,621.0106131426753,0.11625058276725483,-88.37494172327452,,EDINET,,機械
6588.T,東芝テック,2851.0,1510.67656192,,1.5881964,28.04764342136207,209574000000.0,230686000000.0,37148000000.0,52987605.0,-18177000000.00003,-343.0424907862892,-0.12032356744520842,-112.03235674452085,,EDINET,,電気機器
6590.T,芝浦メカトロニクス,4340.0,2848.73129984,25.220827,5.314303,55.10924303104802,74154000000.0,47926000000.0,0.0,65638970.0,21435399999.999992,326.5651487218644,0.0752454259727798,-92.47545740272201,,EDINET,,電気機器
6592.T,マブチモーター,1756.0,4142.2536704,14.23476,1.2305459,90.29427576500082,238478000000.0,35366000000.0,12415000000.0,235891442.0,208265900000.0,882.888748460828,0.5027840253193782,-49.72159746806219,,EDINET,,電気機器
6594.T,ニデック,2198.0,25232.56061952,,3.1726282,52.48945967311981,452327000000.0,1506142000000.0,22668000000.0,1147978224.0,-1188561600000.0002,-1035.3520434025238,-0.47104278589741755,-147.10427858974177,,EDINET,,電気機器
6596.T,筑波精工,990.0,36.88740096,,26.924854,53.05915510334697,256689000.0,121750000.0,0.0,3726000.0,122763999.99999999,32.94793344068706,0.03328074084917885,-96.67192591508211,投資有価証券,yfinance,,電気機器
6597.T,ＨＰＣシステムズ,3825.0,147.92686592,32.019085,6.130083,52.2081165277957,4170900000.0,1919995000.0,51200000.0,3867369.0,2094745499.9999998,541.6461423774147,0.14160683460847442,-85.83931653915256,,EDINET,,電気機器
6612.T,バルミューダ,585.0,49.79703808,,2.0055194,60.31337196823353,5532000000.0,1832000000.0,0.0,8512314.0,3516800000.0,413.14265427708614,0.7062267594480105,-29.37732405519895,投資有価証券,EDINET,,電気機器
6599.T,エブレン,4510.0,68.05350912,18.221487,1.3132672,80.13897323848217,4645755000.0,1117991000.0,14281000.0,1508947.0,3425961600.0,2270.4320297531985,0.5034217360871838,-49.65782639128163,,EDINET,,電気機器
6613.T,ＱＤレーザ,2417.0,1011.27397376,,20.678799,88.03594720747978,4554880000.0,286602000.0,0.0,41840046.0,4239617800.0,101.32918591915507,0.04192353575471869,-95.80764642452813,投資有価証券,EDINET,,電気機器
6614.T,シキノハイテック,913.0,40.07451904,,1.7802304,39.74946276282995,3546848000.0,2941509000.0,96584000.0,4389323.0,378796899.9999995,86.29961841495819,0.09452313079403964,-90.54768692059604,,EDINET,,電気機器
6615.T,ユー・エム・シー・エレクトロニクス,230.0,64.72138752,27.251186,0.37406892,22.611070071760235,45736000000.0,58308000000.0,36000000.0,28139734.0,-18377600000.000008,-653.0836432213612,-2.83949410096244,-383.949410096244,,EDINET,,電気機器
6616.T,トレックス・セミコンダクター,2024.0,214.38283776,18.139452,1.0959908,52.4055240683966,20836112000.0,16207366000.0,1232434000.0,10592037.0,3870713200.0,365.43614792886393,0.18055145648659285,-81.94485435134071,,EDINET,,電気機器
6617.T,東光高岳,7590.0,1183.33022208,17.946655,1.7006527,61.297749260281265,70255000000.0,47195000000.0,1359000000.0,15590648.0,19291799999.999992,1237.3956489813631,0.16302972977356564,-83.69702702264344,,EDINET,,電気機器
6619.T,ダブル・スコープ,147.0,88.67757056,,0.22555077,78.71317590954541,6761000000.0,10404000000.0,38334000000.0,60324882.0,22150400000.0,367.18513597755566,2.497858067874528,149.78580678745283,,EDINET,,電気機器
6620.T,宮越ホールディングス,622.0,248.88670208,,1.0072712,98.43431675846978,12794000000.0,869000000.0,0.0,40013939.0,11838100000.0,295.84940387898325,0.4756421284228027,-52.43578715771974,,EDINET,,不動産業
6622.T,ダイヘン,2857.0,3372.2335232,23.345318,2.153457,53.32833606621379,193568000000.0,136949000000.0,15980000000.0,118034070.0,54110100000.0,458.42780817436864,0.16045775574881646,-83.95422442511835,,EDINET,,電気機器
6625.T,ＪＡＬＣＯホールディングス,329.0,363.767808,20.48568,2.1603944,20.669474480676655,23293876000.0,58607675000.0,604819000.0,110567722.0,-40751193200.00001,-368.5631978562424,-1.1202528810220134,-212.02528810220133,,EDINET,,不動産業
6626.T,ＳＥＭＩＴＥＣ,2575.0,247.09625856,9.843649,1.0010788,77.40123896291408,23416799000.0,7971059000.0,198782000.0,9595971.0,14787781500.0,1541.0406617527294,0.5984623929136813,-40.15376070863187,,EDINET,,電気機器
6627.T,テラプローブ,2628.0,1195.34944256,24.265926,2.8041422,59.5872597479878,25058988000.0,21433324000.0,0.0,45485140.0,1482331600.0,32.58935995360243,0.012400821900153132,-98.75991780998469,投資有価証券,EDINET,,電気機器
6629.T,テクノホライゾン,1045.0,140.83463168,5.73703,1.1324759,31.15224496394959,28398735000.0,27298973000.0,457291000.0,13476998.0,-1310031600.0000038,-97.205000698227,-0.09301913942414067,-109.30191394241406,,EDINET,,電気機器
6630.T,ヤーマン,772.0,424.76355584,,1.7446249,87.43949227293916,25640000000.0,3539000000.0,1153000000.0,55021182.0,22554200000.0,409.9184928451737,0.5309825036854582,-46.90174963145418,,EDINET,,電気機器
6632.T,ＪＶＣケンウッド,1022.0,1444.58088448,9.206378,0.9920076,43.06554853929029,73001000000.0,118157000000.0,4357000000.0,141348417.0,-53921800000.000015,-381.4814565627574,-0.37326952696942994,-137.32695269694298,,EDINET,,電気機器
6633.T,ＣＧＳホールディングス,309.0,29.35922432,28.426863,0.8940093,49.33834400490199,3933577000.0,2816024000.0,320212000.0,9501367.0,1060098999.9999995,111.5733136084523,0.36107868481699773,-63.89213151830023,,EDINET,,電気機器
6634.T,ＪＮグループ,69.0,31.90248704,,1.2837925,2.2479682298416375,2903001000.0,1609763000.0,795509000.0,46235490.0,1689117999.9999998,36.53293173707037,0.5294627787981213,-47.05372212018787,,EDINET,,電気機器
6635.T,大日光・エンジニアリング,661.0,43.83498752,11.845879,0.5752623,28.549410863680187,23673193000.0,21540208000.0,896929000.0,6631617.0,606814499.9999962,91.50324875516728,0.1384315412332334,-86.15684587667666,,EDINET,,電気機器
6637.T,寺崎電気産業,4220.0,517.56412928,13.095423,0.9196398,68.09915927946324,51199382000.0,22463871000.0,1143456000.0,12264553.0,27289543099.999996,2225.0744156758096,0.5272688188805236,-47.27311811194764,,EDINET,,電気機器
6638.T,ミマキエンジニアリング,2262.0,655.12910848,9.57663,1.5950414,48.38509034273174,57603719000.0,43800346000.0,143815000.0,28962385.0,9524008899.999992,328.84062897444363,0.1453760517128398,-85.46239482871601,,EDINET,,電気機器
6643.T,戸上電機製作所,5780.0,267.9906304,9.914917,1.0907673,73.08966001036549,20807625000.0,9749676000.0,1879209000.0,4636516.0,11398427700.0,2458.4036159909724,0.4253293453271579,-57.467065467284215,,EDINET,,電気機器
6644.T,大崎電気工業,1452.0,630.43674112,11.200247,1.1175532,68.95442842688412,59547000000.0,37170000000.0,8344000000.0,43418507.0,24500800000.0,564.2939311570525,0.3886321839924604,-61.13678160075396,,EDINET,,電気機器
6645.T,オムロン,6480.0,12741.58514176,36.16677,1.5313281,65.98868402117574,143587000000.0,331832000000.0,7081000000.0,196629396.0,-216471500000.0,-1100.9111781027898,-0.1698937003245046,-116.98937003245045,,EDINET,,電気機器
6647.T,森尾電機,3580.0,47.37772032,7.583139,0.76774794,63.464702895721516,5735234000.0,3746320000.0,1279784000.0,1323400.0,2510130799.9999995,1896.7287290312827,0.5298124941428164,-47.01875058571836,,EDINET,,電気機器
6648.T,かわでん,1655.0,265.05627648,9.092907,3.366209,73.26075188312588,19158767000.0,7685196000.0,697038000.0,16015485.0,11192978000.0,698.8847356168109,0.4222868493152936,-57.77131506847064,,EDINET,,電気機器
6651.T,日東工業,4500.0,1707.17003776,14.7870655,1.3856561,67.58536203649237,106841000000.0,67390000000.0,5970000000.0,37937114.0,36891000000.0,972.4250505718489,0.2160944556826331,-78.39055443173667,,EDINET,,電気機器
6652.T,ＩＤＥＣ,4055.0,1201.90459904,29.08478,1.625601,61.562709118444694,51480000000.0,43406000000.0,605000000.0,29640063.0,4156899999.9999924,140.24599070521518,0.03458594098772261,-96.54140590122773,,EDINET,,電気機器
6653.T,正興電機製作所,2127.0,287.96919808,11.067173,1.4681076,52.10427768975947,20060000000.0,14448000000.0,4131000000.0,13538749.0,7058899999.999998,521.3849521842822,0.24512691687084256,-75.48730831291574,,EDINET,,電気機器
6654.T,不二電機工業,1093.0,56.78648832,26.789217,0.5337571,92.55040916179824,6553712000.0,834970000.0,1247691000.0,5195470.0,6508628700.0,1252.7507039786583,1.146158009129605,14.615800912960502,,EDINET,,電気機器
6658.T,シライ電子工業,460.0,68.98093056,5.204209,0.63829845,57.89940057336461,10439000000.0,9399000000.0,634000000.0,14995855.0,543900000.0,36.270022616249626,0.07884787525271658,-92.11521247472835,,EDINET,,電気機器
6656.T,インスペック,813.0,32.62575616,43.780293,2.7859926,27.742073893798562,2229608000.0,2042118000.0,0.0,4013008.0,-16721800.0,-4.166899243659619,-0.005125337323074562,-100.51253373230746,,EDINET,,電気機器
6659.T,メディアリンクス,43.0,33.8253696,,1.3338296,81.89153277497094,3423745000.0,1225229000.0,0.0,78663644.0,2075993100.0,26.39075682789371,0.6137385308812491,-38.62614691187509,,EDINET,,電気機器
6663.T,太洋テクノレックス,312.0,18.89526016,7.778609,0.67822254,59.03357097790142,2538830000.0,2012303000.0,338775000.0,6056173.0,562439200.0,92.87039851734751,0.29766153370944715,-70.23384662905528,,EDINET,,電気機器
6662.T,ユビテック,230.0,34.02067968,68.24926,2.222115,84.98298178717039,1668352000.0,186253000.0,0.0,14791600.0,1463473700.0,98.93951296681901,0.43017179550790874,-56.982820449209136,投資有価証券,EDINET,,電気機器
6664.T,オプトエレクトロニクス,263.0,39.15000064,,0.5100774,45.56196298645192,10836418000.0,8611594000.0,8000000.0,15000000.0,1369264600.0,91.28430666666667,0.347088618504436,-65.29113814955639,,EDINET,,電気機器
6666.T,リバーエレテック,836.0,68.80251392,,1.499947,42.8258506806005,6417722000.0,6291968000.0,165443000.0,8229966.0,-387632700.00000095,-47.10015812945047,-0.05633990206872066,-105.63399020687207,,EDINET,,電気機器
6668.T,アドテック　プラズマ　テクノロジー,4995.0,426.42190336,25.134605,2.9168344,48.425732025423414,20496000000.0,14549000000.0,1000000.0,8536975.0,4492799999.999998,526.2754078581697,0.1053604420136476,-89.46395579863525,,EDINET,,電気機器
6674.T,ジーエス・ユアサ　コーポレーション,5669.0,5687.10332416,12.942923,1.4440968,59.93346693927677,320219000000.0,302751000000.0,78432000000.0,100319344.0,42095300000.0,419.6129910897344,0.07401887300930224,-92.59811269906977,,EDINET,,電気機器
6675.T,サクサ,2053.0,359.10234112,26.531404,0.7590187,61.17924175577657,29476000000.0,14438000000.0,2933000000.0,17491590.0,15647299999.999998,894.5613291873408,0.4357337209875016,-56.42662790124984,,EDINET,,電気機器
6676.T,ＢＵＦＦＡＬＯ,3435.0,815.13611264,11.494446,1.8404473,60.18280051508874,69043000000.0,31749000000.0,2298000000.0,23730309.0,35727700000.0,1505.5724727393983,0.43830348551365306,-56.169651448634696,,EDINET,,電気機器
6678.T,テクノメディカ,1989.0,132.5952512,13.032369,0.966702,80.20752662209696,15678302000.0,3549555000.0,7510000.0,6666428.0,11779048500.0,1766.920530755001,0.8883461693086984,-11.165383069130167,,EDINET,,電気機器
6677.T,エスケーエレクトロニクス,3145.0,326.98271744,11.042449,0.87114096,81.35350981265486,24867824000.0,7506327000.0,855611000.0,10396907.0,17209792000.0,1655.2799789398905,0.5263211379777076,-47.367886202229236,,EDINET,,電気機器
6694.T,ズーム,826.0,35.68127488,,0.6042552,39.588214286362124,14965019000.0,11466020000.0,1390000.0,4319767.0,2353369999.999998,544.7909574752523,0.6595532172823878,-34.04467827176123,,EDINET,,電気機器
6696.T,トラース・オン・プロダクト,303.0,14.6254464,,4.991598,62.1853430325799,435369000.0,213389000.0,0.0,4826880.0,200641099.99999997,41.56745143861044,0.13718630837825227,-86.28136916217478,投資有価証券,EDINET,,電気機器
6695.T,キャストリコ,,,,,,2087087000.0,906056000.0,2000000.0,,,,,,,EDINET,株価または発行済株式数を取得できませんでした,電気機器
6699.T,ダイヤモンドエレクトリックホールディングス,484.0,57.35218176,19.47686,0.3848365,16.875737107322827,50928000000.0,67725000000.0,2802000000.0,11849624.0,-21608100000.0,-1823.5262148402346,-3.767616146364121,-476.76161463641205,,EDINET,,電気機器
6702.T,富士通,4051.0,70060.61068288,23.493593,3.452802,60.139422221372485,921556000000.0,849272000000.0,68881000000.0,1729464526.0,35573499999.99988,20.56908335800111,0.005077532302641597,-99.49224676973584,,EDINET,,電気機器
6701.T,日本電気,4928.0,65362.23522816,24.212646,2.9256985,51.085680435857206,1358528000000.0,1653844000000.0,103414000000.0,1326344017.0,-388310600000.00024,-292.7676342057192,-0.05940901668135536,-105.94090166813555,,EDINET,,電気機器
6703.T,沖電気工業,2726.0,2364.69092352,10.9632015,1.3764833,40.52325751160686,231878000000.0,265219000000.0,38380000000.0,86745814.0,-32996900000.0,-380.3860783414863,-0.13954001406510871,-113.95400140651087,,EDINET,,電気機器
6706.T,電気興業,3325.0,289.92129024,15.548281,0.7767066,70.13214696401305,38343000000.0,15908000000.0,2988000000.0,8719437.0,22935800000.0,2630.4221247312184,0.791104398415404,-20.889560158459595,,EDINET,,電気機器
6707.T,サンケン電気,7193.0,1437.92439296,,1.2066362,50.098974341841505,136955000000.0,111138000000.0,15632000000.0,19990607.0,25645599999.999985,1282.8825057688337,0.17835152311536684,-82.16484768846331,,EDINET,,電気機器
6718.T,アイホン,2711.0,443.70485248,18.066107,0.6288748,87.58707805445427,56333000000.0,10274000000.0,9059000000.0,16366833.0,51372900000.0,3138.8418272490467,1.1578169779598106,15.781697795981064,,EDINET,,電気機器
6721.T,ウインテスト,66.0,38.84040704,,10.317336,37.3627174467539,1171393000.0,495372000.0,0.0,58849100.0,626483800.0,10.645596959001923,0.16129692362124126,-83.87030763787587,投資有価証券,EDINET,,電気機器
6723.T,ルネサスエレクトロニクス,3888.0,71052.78377984,19.332703,2.4933898,58.61516536462666,393035000000.0,2153143000000.0,3507000000.0,1827489239.0,-1972967400000.0,-1079.6054816057936,-0.2776763069973749,-127.76763069973747,,EDINET,,電気機器
6724.T,セイコーエプソン,3313.0,10574.33387008,57.42763,1.2268535,55.616892635858406,393556000000.0,372523000000.0,6972000000.0,319176978.0,-11338900000.000061,-35.52543191257379,-0.010723040118494955,-101.0723040118495,,EDINET,,電気機器
6727.T,ワコム,854.0,1133.77583104,11.641221,3.0796528,57.602721800575765,56498000000.0,39911000000.0,3167000000.0,132760631.0,14812800000.0,111.57524552591197,0.13065017040504914,-86.93498295949507,,EDINET,,電気機器
6728.T,アルバック,8411.0,4136.00874496,23.392479,1.716414,61.6114135796215,270077000000.0,143982000000.0,7996000000.0,49173805.0,117294000000.0,2385.2943655671957,0.2835922441525616,-71.64077558474385,,EDINET,,電気機器
6730.T,アクセル,1718.0,185.02264832,14.622521,1.3240409,85.23185796759576,12411000000.0,2026000000.0,2179000000.0,10769653.0,11707700000.0,1087.1009493063518,0.6327712161270965,-36.72287838729035,,EDINET,,電気機器
6736.T,サン電子,9540.0,2053.78715648,20.521866,4.1669617,89.802126974593,16733345000.0,5519180000.0,10774890000.0,21528168.0,18204670000.0,845.6209557636303,0.08863951318277047,-91.13604868172295,,EDINET,,電気機器
6731.T,ピクセラ,99.0,15.92405248,,3.7222242,75.09370378064348,578957000.0,418941000.0,87000.0,16084902.0,118182799.99999994,7.34743674534044,0.07421653278121657,-92.57834672187833,,EDINET,,電気機器
6737.T,ＥＩＺＯ,3185.0,1253.5894016,17.330503,0.62716776,77.1497954722169,80709000000.0,33403000000.0,50716000000.0,39359165.0,79466900000.0,2019.0189502241726,0.6339148980295676,-36.608510197043245,,EDINET,,電気機器
6740.T,ジャパンディスプレイ,45.0,1919.53698816,,83.95522,-5.96790290386968,100156000000.0,141141000000.0,3110000000.0,4265632395.0,-52922100000.0,-12.40662464539446,-0.2757027698976547,-127.57027698976546,,EDINET,,電気機器
6741.T,日本信号,1811.0,1129.53786368,9.521055,0.9982031,66.38679858788554,110198000000.0,63616000000.0,28282000000.0,62370947.0,60017800000.0,962.2717448878883,0.5313482854157306,-46.86517145842693,,EDINET,,電気機器
6742.T,京三製作所,1178.0,727.0895616,14.00214,1.3401577,46.69736930407355,92833000000.0,74293000000.0,11991000000.0,61722372.0,19504400000.0,316.00211346381826,0.26825306745655203,-73.1746932543448,,EDINET,,電気機器
6744.T,能美防災,3960.0,2330.97019392,16.816715,1.7251369,76.4442195466721,117150000000.0,36846000000.0,9755000000.0,58862885.0,83447900000.0,1417.665817772948,0.3579964186295323,-64.20035813704678,,EDINET,,電気機器
6743.T,大同信号,1076.0,149.71887616,9.337846,0.62371784,64.66861767878976,27439449000.0,16485626000.0,5950234000.0,13914394.0,13470424200.0,968.0927678201436,0.8997144682343342,-10.028553176566575,,EDINET,,電気機器
6745.T,ホーチキ,1962.0,1463.75360512,15.174013,2.1559374,69.91198333605621,66087000000.0,30333000000.0,5280000000.0,74605179.0,36416700000.0,488.1256299914514,0.24878982160624433,-75.12101783937555,,EDINET,,電気機器
6750.T,エレコム,2007.0,1616.41005056,7.72339,1.474638,74.50087806893701,94222000000.0,32048000000.0,2639000000.0,80538614.0,60816500000.0,755.1222572566247,0.37624427367046576,-62.37557263295342,,EDINET,,電気機器
6748.T,星和電機,774.0,99.7221376,9.158679,0.48595166,63.16576001268474,20914854000.0,13107892000.0,3232511000.0,12883997.0,8758930499.999998,679.8302188365923,0.8783336160679487,-12.166638393205131,,EDINET,,電気機器
6752.T,パナソニック　ホールディングス,4717.0,110138.41747968,56.362766,2.0372941,52.90736356333188,165980000000.0,2917453000000.0,38394000000.0,2334925020.0,-3016342500000.0005,-1291.836985840342,-0.2738683455247704,-127.38683455247704,,EDINET,,電気機器
6754.T,アンリツ,3624.0,4638.41427456,37.62849,3.4813247,76.60079188262591,58113000000.0,34772000000.0,337000000.0,127991559.0,20099700000.0,157.03926225322405,0.043333129760823416,-95.66668702391766,,EDINET,,電気機器
6753.T,シャープ,641.1,4162.70385152,8.607679,1.4122295,20.674488343451756,979817000000.0,1286021000000.0,185710000000.0,649306488.0,-304809100000.0,-469.43793976073744,-0.7322382463901691,-173.22382463901693,,EDINET,,電気機器
6757.T,ＯＳＧコーポレーション,920.0,48.07297024,123.15931,2.0164826,43.52239091306036,4137834000.0,3495496000.0,1144000.0,5225323.0,293589199.9999995,56.18584726724061,0.06107157311656588,-93.8928426883434,,EDINET,,電気機器
6758.T,ソニーグループ,3756.0,219550.71705088,20.325775,2.635475,54.28376592199823,2069936000000.0,1986077000000.0,76877000000.0,5845333109.0,-60934800000.000244,-10.4245213854758,-0.0027754316787741745,-100.2775431678774,,EDINET,,電気機器
6762.T,ＴＤＫ,3486.0,66169.6544768,31.408236,2.8782635,49.90844077528071,400485000000.0,998523000000.0,3549000000.0,1898154125.0,-695406000000.0001,-366.35908056201714,-0.10509440062019998,-110.50944006201999,,EDINET,,電気機器
6763.T,帝国通信工業,2899.0,265.82441984,21.20237,0.92919976,84.35369152189979,21249618000.0,5051078000.0,2707875000.0,9169521.0,17588944700.0,1918.1966757042162,0.6616752934474702,-33.832470655252976,,EDINET,,電気機器
6768.T,タムラ製作所,980.0,779.85521664,,1.1979078,47.51059442064949,78607000000.0,60314000000.0,6922000000.0,79577066.0,17106999999.999992,214.9739976590742,0.21936122210109613,-78.06387778989038,,EDINET,,電気機器
6769.T,ザインエレクトロニクス,1317.0,139.23406848,390.8012,1.5916101,92.26009302190842,9557642000.0,736963000.0,415890000.0,10572063.0,9038105700.0,854.9046387635034,0.6491303255607467,-35.08696744392533,,EDINET,,電気機器
6770.T,アルプスアルパイン,2231.5,4311.90278144,16.233812,0.97905314,57.383624124052545,494946000000.0,325200000000.0,60033000000.0,193228900.0,179249100000.0,927.651609050199,0.4157076446561501,-58.42923553438498,,EDINET,,電気機器
6771.T,池上通信機,675.0,45.24047872,11.58003,0.32602933,47.80893806197145,23543000000.0,15183000000.0,403000000.0,6702293.0,7123799999.999998,1062.8899691493639,1.5746518061472057,57.46518061472058,,EDINET,,電気機器
6772.T,東京コスモス電機,1030.0,69.63443712,240.65419,0.90918475,67.06260767239432,7838414000.0,4439061000.0,703799000.0,6760625.0,3448106200.0,510.0277267264491,0.49517255021985346,-50.48274497801465,,EDINET,,電気機器
6775.T,ＴＢグループ,141.0,20.9090112,,4.401848,34.7646543750743,1146445000.0,957691000.0,232446000.0,14829086.0,255697099.99999988,17.24294403579559,0.12229038323259282,-87.77096167674073,,EDINET,,電気機器
6776.T,天昇電気工業,295.0,50.19104768,10.047684,0.4457466,52.393414541301865,8876000000.0,11493000000.0,3983000000.0,17013914.0,-978200000.0000019,-57.49411922500619,-0.19489531940680063,-119.48953194068008,,EDINET,,化学
6777.T,ｓａｎｔｅｃ　Ｈｏｌｄｉｎｇｓ,25100.0,2951.85547264,38.059715,10.236683,71.15823471739232,20268057000.0,8099161000.0,2591694000.0,11760380.0,13173165700.0,1120.1309566527611,0.044626731340747454,-95.53732686592527,,EDINET,,電気機器
6778.T,アルチザネットワークス,626.0,54.04088832,19.044722,0.8192173,78.31889304385376,7688448000.0,1934994000.0,190431000.0,8632730.0,5693256300.0,659.49662505372,1.0535089857088178,5.350898570881786,,EDINET,,電気機器
6779.T,日本電波工業,3635.0,833.49733376,40.344063,2.5369728,41.815918768424496,31873000000.0,38755000000.0,919000000.0,22929775.0,-10114200000.0,-441.0946029780057,-0.12134652076423816,-112.13465207642382,,EDINET,,電気機器
6785.T,鈴木,3495.0,501.85551872,13.307188,1.5738579,70.15304388107081,19463936000.0,11870962000.0,2574562000.0,14359242.0,8208071199.999998,571.6228753579053,0.16355447077479407,-83.64455292252059,,EDINET,,電気機器
6786.T,ＲＶＨ,46.0,11.64767232,39.655174,1.5509626,45.71317610465691,880203000.0,301056000.0,57359000.0,25321026.0,589192700.0,23.268910983306917,0.5058458909414547,-49.41541090585453,,EDINET,,サービス業
6788.T,日本トリム,5280.0,392.646656,19.750132,1.6893967,70.65005420963068,24750348000.0,9807610000.0,1306584000.0,7436490.0,14876585800.0,2000.484879291171,0.3788797119869642,-62.11202880130359,,EDINET,,電気機器
6787.T,メイコー,26710.0,6855.57874688,33.672028,4.8294706,42.88960932443758,114112000000.0,140760000000.0,2145000000.0,25666712.0,-39222500000.0,-1528.1466515851348,-0.05721252907469617,-105.7212529074696,,EDINET,,電気機器
6794.T,フォスター電機,3465.0,778.5095168,15.348837,1.1567918,68.53373008802252,83045000000.0,38094000000.0,2328000000.0,22467806.0,42771200000.0,1903.6660722457725,0.5493985778487078,-45.060142215129225,,EDINET,,電気機器
6797.T,名古屋電機工業,1189.0,139.76402944,9.153195,0.5944185,82.05625604217092,19146575000.0,5137944000.0,1133113000.0,11754754.0,14288015700.0,1215.5095461802093,1.0222956654164923,2.2295665416492283,,EDINET,,電気機器
6798.T,ＳＭＫ,3430.0,217.06682368,384.09854,0.6935365,54.06507592190889,33149000000.0,28462000000.0,4205000000.0,6328479.0,4784299999.999996,755.9952399304788,0.2204067754899355,-77.95932245100646,,EDINET,,電気機器
6800.T,ヨコオ,4920.0,1147.189248,28.125538,1.8385031,67.52501175048681,47556000000.0,24248000000.0,2813000000.0,23316854.0,22852299999.999996,980.0764717229862,0.19920253490304599,-80.07974650969541,,EDINET,,電気機器
6803.T,ティアック,97.0,27.93737728,34.519573,0.68658954,38.42159916926272,5077000000.0,7097000000.0,0.0,28801421.0,-2729700000.000001,-94.77657369752697,-0.9770780793559481,-197.70780793559481,,EDINET,,電気機器
6804.T,ホシデン,2401.0,1182.07643648,7.951121,0.76746315,69.78878767750058,171516000000.0,59962000000.0,7228000000.0,49232672.0,110617400000.0,2246.8290975553796,0.9357888786153185,-6.421112138468156,,EDINET,,電気機器
6806.T,ヒロセ電機,25765.0,8355.0306304,25.445406,2.221826,87.68440802732984,75084000000.0,22578000000.0,16566000000.0,32427831.0,61844400000.0,1907.1395801957892,0.07402055424784744,-92.59794457521527,,EDINET,,電気機器
6807.T,日本航空電子工業,2763.0,1863.04249856,25.543127,1.2928306,62.18693730561466,125279000000.0,81748000000.0,3748000000.0,67428249.0,37979800000.0,563.2624391595873,0.20385900802011847,-79.61409919798815,,EDINET,,電気機器
6809.T,ＴＯＡ,1740.0,603.70804736,16.164995,1.0434482,80.19642066324538,45249000000.0,16071000000.0,9004000000.0,34695866.0,33873700000.0,976.3036322540559,0.5610940415253195,-43.890595847468056,,EDINET,,電気機器
6814.T,古野電気,7990.0,2525.54510336,15.069784,2.7498755,63.503437933278626,91605000000.0,50899000000.0,4548000000.0,31608824.0,38799699999.99999,1227.495841034769,0.15362901639984594,-84.6370983600154,,EDINET,,電気機器
6810.T,マクセル,2644.0,974.61100544,13.586844,1.0761226,49.972017044667446,84191000000.0,70343000000.0,9667000000.0,36861232.0,13580600000.0,368.4250162881154,0.13934380343725997,-86.06561965627401,,EDINET,,電気機器
6817.T,スミダコーポレーション,1287.0,426.00026112,19.283789,0.6697485,39.933152466148506,9026000000.0,20485000000.0,744000000.0,33100254.0,-12986700000.0,-392.3444212845013,-0.3048519201899777,-130.48519201899776,,EDINET,,電気機器
6819.T,伊豆シャボテンリゾート,471.0,87.15305984,10.4434595,1.4357216,81.3153427204573,2485268000.0,1509948000.0,194601000.0,18503834.0,960545899.9999998,51.91064187021996,0.11021367700683644,-88.97863229931636,,EDINET,,サービス業
6820.T,アイコム,3520.0,505.19924736,19.518688,0.6846911,89.16241735184327,48685000000.0,6528000000.0,8447000000.0,14352251.0,47417100000.0,3303.809277025604,0.9385821809731829,-6.141781902681707,,EDINET,,電気機器
6822.T,大井電気,5000.0,58.45844992,4.8420053,0.7602955,38.83256835026554,18145109000.0,14761327000.0,664452000.0,1169169.0,2372765699.999998,2029.446299038033,0.4058892598076066,-59.411074019239344,,EDINET,,電気機器
6823.T,リオン,3475.0,428.47854592,14.598387,1.2158499,80.33149737697947,22683445000.0,7696786000.0,1188399000.0,12330318.0,15048859700.0,1220.476203452336,0.35121617365534846,-64.87838263446515,,EDINET,,電気機器
6824.T,新コスモス電機,3850.0,468.50654208,9.306935,0.8887681,78.21336341951113,42910272000.0,16027166000.0,7568157000.0,12169001.0,30578099300.0,2512.7863248593703,0.6526717726907455,-34.73282273092544,,EDINET,,電気機器
6832.T,アオイ電子,2930.0,328.12886016,429.61874,0.75529146,68.9647352150196,33429242000.0,8677100000.0,2951046000.0,11198937.0,25950164200.0,2317.1988734287906,0.7908528578255258,-20.91471421744742,,EDINET,,電気機器
6834.T,精工技研,7210.0,3222.60729856,51.29847,9.0542965,81.65041010888922,24042144000.0,6238927000.0,503746000.0,44696355.0,17531946500.0,392.24555335664394,0.05440298936985353,-94.55970106301466,,EDINET,,電気機器
6835.T,アライドテレシスホールディングス,270.0,278.13265408,8.609694,1.3127762,43.780298784793864,35420151000.0,27034896000.0,1892000.0,103012097.0,5683089799.999996,55.16914969704962,0.20433018406314674,-79.56698159368533,,EDINET,,電気機器
6836.T,ぷらっとホーム,860.0,40.81482496,181.81818,8.520842,51.68996323670159,811224000.0,416433000.0,1400000.0,4745910.0,354127699.99999994,74.61744955129784,0.08676447622243935,-91.32355237775607,,EDINET,,電気機器
6837.T,京写,446.0,257.235456,80.07181,0.62411666,40.607347462040785,15834000000.0,14654000000.0,592000000.0,57676113.0,128999999.9999981,2.2366278393274888,0.0050148606262948175,-99.49851393737052,,EDINET,,電気機器
6838.T,多摩川ホールディングス,1463.0,133.44304128,5.245984,1.4026201,48.52111159709164,5480530000.0,5157805000.0,229627000.0,9121192.0,-32316600.0,-3.5430237626836494,-0.0024217524010141144,-100.24217524010139,,EDINET,,電気機器
6840.T,ＡＫＩＢＡホールディングス,887.0,81.46722304,9.35654,1.7388952,27.967113255305993,12657642000.0,9649853000.0,0.0,9184580.0,2042803700.0,222.41667011447447,0.2507516010309746,-74.92483989690253,投資有価証券,EDINET,,電気機器
6841.T,横河電機,4669.0,11624.9657344,20.429686,2.312264,66.6015600451473,496313000000.0,242564000000.0,64290000000.0,248981906.0,274495599999.99997,1102.4720808426937,0.23612595434626124,-76.38740456537387,,EDINET,,電気機器
6844.T,新電元工業,3100.0,315.60687616,5.5924377,0.42951983,50.16245886679756,84189000000.0,70352000000.0,14913000000.0,10180867.0,17240900000.0,1693.460881082132,0.5462777035748813,-45.372229642511876,,EDINET,,電気機器
6845.T,アズビル,1472.0,7340.3564032,19.269539,3.167049,77.0518300024079,230770000000.0,74555000000.0,22791000000.0,498665518.0,164713200000.0,330.30798010782047,0.22439400822542152,-77.56059917745786,,EDINET,,電気機器
6848.T,東亜ディーケーケー,844.0,164.60726272,17.742275,0.70102346,78.91027844620145,17750000000.0,6733000000.0,2508000000.0,19503230.0,12099300000.0,620.3741636641726,0.735040478275086,-26.495952172491403,,EDINET,,電気機器
6849.T,日本光電工業,1603.5,2565.15735552,17.796892,1.4476961,70.09565834301351,183085000000.0,76981000000.0,4117000000.0,159972406.0,101287800000.0,633.1579460022624,0.39485996008871993,-60.51400399112801,,EDINET,,電気機器
6850.T,チノー,1801.0,295.0285312,14.943579,1.2862467,64.66710452698922,27268000000.0,12731000000.0,1390000000.0,16381373.0,14236899999.999998,869.090765468804,0.48256011408595445,-51.74398859140455,,EDINET,,電気機器
6853.T,共和電業,792.0,199.08452352,20.771046,1.0663851,76.7121524028362,16513019000.0,5941905000.0,1711584000.0,25136937.0,11175032300.0,444.5661895878563,0.5613209464493135,-43.86790535506865,,EDINET,,電気機器
6855.T,日本電子材料,8560.0,1253.82393856,19.53223,2.7002285,76.74601545933373,28463000000.0,11944000000.0,74000000.0,14647476.0,15376399999.999998,1049.7644781940587,0.12263603717220312,-87.73639628277968,,EDINET,,電気機器
6856.T,堀場製作所,26070.0,10955.01938688,24.57556,2.9995587,67.26840176815962,336801000000.0,166911000000.0,16014000000.0,42021555.0,164408700000.0,3912.4849139923544,0.15007613785931548,-84.99238621406846,,EDINET,,電気機器
6857.T,アドバンテスト,40880.0,295134.36102656,76.33844,28.38534,67.905370809069,547716000000.0,383295000000.0,684000000.0,721952949.0,126570299999.99994,175.31654961076964,0.004288565303590256,-99.57114346964097,,EDINET,,電気機器
6858.T,小野測器,882.0,91.43420928,10.516274,0.5410628,76.21539732819171,11323000000.0,5395000000.0,2102000000.0,10366690.0,6859899999.999999,661.7251986892633,0.7502553273120899,-24.974467268791013,,EDINET,,電気機器
6859.T,エスペック,4250.0,888.25954304,15.224244,1.5018204,74.04548853139094,50589000000.0,19153000000.0,4006000000.0,20900224.0,32324900000.0,1546.6293566997176,0.3639127898116983,-63.60872101883018,,EDINET,,電気機器
6861.T,キーエンス,81170.0,196857.64497408,43.456146,5.5472536,94.5736115216494,1632589000000.0,180672000000.0,1527669000000.0,242525136.0,2503218100000.0,10321.47900743781,0.12715879028505372,-87.28412097149463,,EDINET,,電気機器
6862.T,ミナトホールディングス,5320.0,396.39547904,18.857224,3.378224,25.172477667297592,12523238000.0,11643026000.0,725003000.0,7451043.0,223411499.99999803,29.983923056141006,0.00563607576243252,-99.43639242375674,,EDINET,,電気機器
6863.T,ニレコ,1118.0,240.06715392,16.91121,1.419843,82.92528765724163,13267998000.0,2679663000.0,1560952000.0,21472911.0,11413035100.0,531.508517871657,0.47541012331990784,-52.458987668009215,,EDINET,,電気機器
6864.T,エヌエフホールディングス,1615.0,113.35319552,17.436838,0.8728144,85.01717369480313,12879221000.0,3654748000.0,245134000.0,7018774.0,9030592000.0,1286.6338195246065,0.7966772876313353,-20.33227123686647,,EDINET,,電気機器
6866.T,日置電機,11770.0,1577.81819392,20.448938,3.4473588,85.36377106006566,30471715000.0,8339390000.0,741604000.0,13405422.0,21817508800.0,1627.5137627148179,0.13827644543031586,-86.1723554569684,,EDINET,,電気機器
6867.T,リーダー電子,408.0,17.48578304,25.839138,0.5068342,74.27772016012949,3571280000.0,1327788000.0,155508000.0,4285731.0,2219568800.0,517.8973668669358,1.269356291340529,26.935629134052903,,EDINET,,電気機器
6869.T,シスメックス,1875.5,11291.29443328,32.73124,2.337532,71.47040699219258,165215000000.0,89506000000.0,7989000000.0,602041811.0,72350699999.99998,120.17554043268929,0.06407653448823743,-93.59234655117625,,EDINET,,電気機器
6870.T,日本フェンオール,2118.0,118.76585472,13.441645,0.7629826,75.97057256447067,13842316000.0,5936754000.0,2883727000.0,5607453.0,9330495499.999998,1663.9453776964333,0.7856210470710261,-21.437895292897387,,EDINET,,電気機器
6871.T,日本マイクロニクス,15120.0,5862.17422848,31.173973,6.4192348,66.70167430775756,44537000000.0,30344000000.0,1886000000.0,38770993.0,12478799999.999996,321.8591796191549,0.021286982779044634,-97.87130172209554,,EDINET,,電気機器
6874.T,協立電機,2341.0,188.82445312,9.826638,0.85240376,64.46314456475618,22749422000.0,11581939000.0,2142983000.0,8065974.0,11509377199.999998,1426.9048226537798,0.6095279037393335,-39.047209626066646,,EDINET,,電気機器
6875.T,メガチップス,11420.0,1576.062976,20.01472,0.47834358,72.76538873473415,43602421000.0,31699473000.0,101636005000.0,13800901.0,79878204200.0,5787.89777565972,0.506821171248662,-49.317882875133805,,EDINET,,電気機器
6877.T,ＯＢＡＲＡ　ＧＲＯＵＰ,6200.0,893.66716416,14.027467,1.1607274,71.92333622267168,79806000000.0,27007000000.0,1442000000.0,14413987.0,51107700000.0,3545.7018242072786,0.5718873910011739,-42.811260899882605,,EDINET,,電気機器
6882.T,三社電機製作所,1199.0,159.59263232,41.416233,0.6438044,76.1612272338345,24900000000.0,9230000000.0,88000000.0,13310478.0,14808600000.0,1112.5520811499032,0.9278999842784847,-7.210001572151527,,EDINET,,電気機器
6888.T,アクモス,533.0,53.02314496,16.284754,1.5427141,68.17673070287121,4587275000.0,1711652000.0,19484000.0,9948057.0,2718096600.0,273.22889283806876,0.5126245644241441,-48.7375435575856,,EDINET,,情報・通信業
6890.T,フェローテック,12000.0,6456.45139968,41.66956,1.9954658,52.53207165014116,295367000000.0,277043000000.0,11654000000.0,53803763.0,-1222500000.000001,-22.721459091996984,-0.001893454924333082,-100.18934549243332,,EDINET,,電気機器
6894.T,パルステック工業,2143.0,29.31752704,10.225699,0.755217,79.86509733740446,3609341000.0,1166293000.0,61913000.0,1368060.0,2369757800.0,1732.20311974621,0.8083075687103173,-19.169243128968272,,EDINET,,電気機器
6897.T,ツインバード,563.0,60.04704768,,0.7205441,66.12563101722469,6087988000.0,3124956000.0,238610000.0,10665550.0,2817563399.9999995,264.1742244891262,0.46922597600200033,-53.077402399799965,,EDINET,,電気機器
6898.T,トミタ電機,4940.0,40.35179776,73.3264,0.987804,85.44205804120847,2572154000.0,938638000.0,51974000.0,816838.0,1576034000.0,1929.4327639017774,0.39057343398821404,-60.94265660117859,,EDINET,,電気機器
6899.T,ＡＳＴＩ,2190.0,68.45131776,9.75588,0.2724322,55.613818419404815,29599404000.0,21466031000.0,702729000.0,3125631.0,6478680200.0,2072.7591324759705,0.9464653572949637,-5.353464270503628,,EDINET,,電気機器
6902.T,デンソー,1850.5,46394.638336,11.2718525,0.90736896,65.46721546368775,1786170000000.0,2108392000000.0,457549000000.0,2507140573.0,-212776900000.0,-84.86835652194601,-0.04586239206806053,-104.58623920680606,,EDINET,,輸送用機器
6904.T,原田工業,876.0,185.29091584,41.457645,1.2211084,38.248960205089254,28808765000.0,25551171000.0,244473000.0,21151932.0,873607999.9999962,41.30156999370063,0.04714791095171305,-95.28520890482869,,EDINET,,電気機器
6905.T,コーセル,1528.0,628.5299712,,1.2126291,86.10835974643423,47760000000.0,4162000000.0,3355000000.0,41134162.0,45530300000.0,1106.8731629928427,0.7243934312780385,-27.56065687219616,,EDINET,,電気機器
6907.T,ジオマテック,806.0,63.7568256,9.894427,0.60576636,61.01714386805721,10744295000.0,7253932000.0,2354521000.0,7910276.0,4413134499.999999,557.8989279261557,0.692182292712352,-30.7817707287648,,EDINET,,電気機器
6908.T,イリソ電子工業,2855.0,609.55557888,23.420837,0.80520403,77.92054284776184,51466000000.0,20433000000.0,276000000.0,21350458.0,29182900000.0,1366.8512403808854,0.4787570018847234,-52.12429981152765,,EDINET,,電気機器
6912.T,菊水ホールディングス,2858.0,237.99820288,14.392184,1.5071765,82.08906570698234,11589028000.0,3387885000.0,2099518000.0,8327439.0,9332017100.0,1120.634699335534,0.39210451341341285,-60.78954865865871,,EDINET,,電気機器
6914.T,オプテックスグループ,3405.0,1213.50955008,14.969665,2.0260623,72.97599396924836,58025000000.0,22766000000.0,1264000000.0,35639049.0,33867199999.999996,950.2834938160105,0.2790847265245258,-72.09152734754743,,EDINET,,電気機器
6915.T,千代田インテグレ,3585.0,301.60705536,8.588883,0.7780196,80.06797718192841,34283000000.0,9733000000.0,2996000000.0,8413028.0,25673900000.0,3051.683650642789,0.8512367226339718,-14.876327736602818,,EDINET,,電気機器
6918.T,アバールデータ,4445.0,259.29476096,48.28897,2.8083713,90.00190160126168,16173356000.0,2177299000.0,2677284000.0,5833403.0,15652425900.0,2683.2409658650363,0.6036537605995582,-39.63462394004418,,EDINET,,電気機器
6919.T,ケル,1413.0,102.80052736,48.85892,0.6748541,80.70023758460155,11541717000.0,3380814000.0,1225958000.0,7275338.0,8680992200.0,1193.2080956238735,0.8444501738314746,-15.554982616852545,,EDINET,,電気機器
6920.T,レーザーテック,46260.0,41498.28124672,53.580116,16.796965,63.682452419743875,286861000000.0,119701000000.0,1007000000.0,89706615.0,155894800000.0,1737.8294789074362,0.037566568934445224,-96.24334310655549,,EDINET,,電気機器
6923.T,スタンレー電気,3526.0,4340.86936576,14.576874,0.9403903,70.6738468534372,390038000000.0,150698000000.0,77828000000.0,123110306.0,278749800000.0,2264.2279842923954,0.6421520091583651,-35.78479908416349,,EDINET,,電気機器
6925.T,ウシオ電機,4289.0,3403.42177792,44.663128,1.5231165,59.90612484067198,186560000000.0,96794000000.0,37473000000.0,79352337.0,106317699999.99998,1339.8181328925446,0.31238473604396005,-68.761526395604,,EDINET,,電気機器
6926.T,岡谷電機産業,193.0,43.20065536,,0.71749884,44.20497606850056,8823837000.0,6976498000.0,2121797000.0,22383761.0,2634947099.999999,117.71690646625467,0.6099321578562418,-39.00678421437582,,EDINET,,電気機器
6927.T,ヘリオス　テクノ　ホールディング,994.0,180.4275712,10.909889,1.1373401,81.83203759043319,18022170000.0,5062507000.0,1079200000.0,18151667.0,13208852300.0,727.6936217483496,0.7320861385798286,-26.79138614201714,,EDINET,,電気機器
6928.T,エノモト,3420.0,222.05362176,17.608896,0.9449078,67.84715739071055,17610154000.0,10932175000.0,523139000.0,6492796.0,5950958799.999998,916.5479402094256,0.2679964737454461,-73.2003526254554,,EDINET,,電気機器
6929.T,日本セラミック,3750.0,765.33776384,14.322817,1.6897578,88.779076988591,45772000000.0,6099000000.0,1779000000.0,20409008.0,40308400000.0,1975.0298495644668,0.5266746265505244,-47.33253734494755,,EDINET,,電気機器
6932.T,遠藤照明,2500.0,369.21544704,8.941026,0.72833616,65.31225110655578,43072000000.0,23615000000.0,93000000.0,14768618.0,17160599999.999996,1161.9638343953372,0.4647855337581349,-53.52144662418651,,EDINET,,電気機器
6941.T,山一電機,10050.0,1854.92045824,19.751581,3.780798,73.84018760327663,32112340000.0,13713311000.0,65042000.0,18456920.0,17073227299.999998,925.0312240612192,0.09204290786678798,-90.7957092133212,,EDINET,,電気機器
6942.T,ソフィアホールディングス,1412.0,65.35682048,,2.1749341,41.46927760533895,1258867000.0,1005243000.0,153709000.0,4628670.0,260696000.0,56.32201042632117,0.03988810936708298,-96.0111890632917,,EDINET,,情報・通信業
6943.T,ＮＫＫスイッチズ,6380.0,52.4846848,17.800344,0.37165645,86.21422429218,9413863000.0,2272192000.0,1175166000.0,822644.0,7737068000.0,9405.12299366433,1.4741572090382964,47.41572090382963,,EDINET,,電気機器
6946.T,日本アビオニクス,7250.0,1072.18894848,29.244484,6.2770343,44.63508606591457,19340000000.0,12954000000.0,19000000.0,14788813.0,5103899999.999998,345.118976080095,0.04760261739035793,-95.2397382609642,,EDINET,,電気機器
6947.T,図研,5490.0,1157.0589696,21.322044,2.817834,61.03890507749982,48495961000.0,23325692000.0,3410311000.0,21075756.0,25224917499.999996,1196.8689284503007,0.21800891228602928,-78.19910877139708,,EDINET,,電気機器
6951.T,日本電子,8082.0,3936.03416064,18.02891,2.7952757,59.86836125044417,169492000000.0,85833000000.0,14769000000.0,48701239.0,85414000000.0,1753.8362833027718,0.21700523178702943,-78.29947682129706,,EDINET,,電気機器
6952.T,カシオ計算機,2261.0,4958.48259584,27.449312,2.1246047,66.91542783981791,235883000000.0,112717000000.0,4866000000.0,219304843.0,115300499999.99998,525.7544631606698,0.23253182802329495,-76.74681719767051,,EDINET,,電気機器
6954.T,ファナック,6171.0,57340.98010112,33.95697,3.0428092,90.06299325584732,1085787000000.0,197141000000.0,192214000000.0,929200798.0,1003481700000.0,1079.9406351779737,0.1750025336538606,-82.49974663461394,,EDINET,,電気機器
6955.T,ＦＤＫ,415.0,143.19471616,19.124424,0.7382687,40.489693994159225,31734000000.0,29925000000.0,211000000.0,34504752.0,-1035800000.0000038,-30.019053607456847,-0.07233506893363095,-107.23350689336309,,EDINET,,電気機器
6958.T,日本シイエムケイ,824.0,587.45294848,14.571177,0.7115538,56.78977310225578,62382000000.0,67112000000.0,4041000000.0,71292834.0,-8612500000.0,-120.8045678195371,-0.14660748521788483,-114.66074852178846,,EDINET,,電気機器
6960.T,フクダ電子,11760.0,3177.06797056,17.194994,1.6561855,83.76912939881885,127139000000.0,39669000000.0,14740000000.0,27015884.0,93821100000.0,3472.8125128165343,0.295307186463991,-70.4692813536009,,EDINET,,電気機器
6961.T,エンプラス,11820.0,1067.54834432,20.324644,1.6603009,88.0670542035554,38695000000.0,6559000000.0,746000000.0,9031712.0,32002300000.0,3543.3260050807644,0.2997737736954961,-70.0226226304504,,EDINET,,電気機器
6962.T,大真空,879.0,279.55654656,66.33962,0.7141957,48.527856146910594,48934375000.0,44670701000.0,2759028000.0,31803930.0,1727923499.9999921,54.33050255109957,0.06180944545062522,-93.81905545493747,,EDINET,,電気機器
6963.T,ローム,5340.0,20614.27277824,,2.6629405,59.102386411532315,561245000000.0,551110000000.0,351511000000.0,386035069.0,201081699999.99997,520.8897225863176,0.09754489187009693,-90.24551081299032,,EDINET,,電気機器
6964.T,サンコー,701.0,62.20172288,10.150594,0.3799275,71.221713524511,15143376000.0,6426253000.0,1277957000.0,8873284.0,8969067600.0,1010.7946054696322,1.441932390113598,44.1932390113598,,EDINET,,電気機器
6965.T,浜松ホトニクス,2481.5,7165.00434944,52.429745,2.261938,71.08732154159927,239009000000.0,101623000000.0,4386000000.0,288736847.0,130293899999.99998,451.2548410560152,0.18184760872698577,-81.81523912730142,,EDINET,,電気機器
6966.T,三井ハイテック,940.0,1717.8435584,18.591772,1.3791627,47.1439122965717,108220000000.0,113371000000.0,1548000000.0,182749315.0,-15404500000.000015,-84.29306561285888,-0.08967347405623285,-108.9673474056233,,EDINET,,電気機器
6969.T,松尾電機,1232.0,47.23402752,10.387858,1.388903,45.34736203125831,4252421000.0,3833342000.0,15000000.0,3833931.0,46244799.99999952,12.061980249514017,0.009790568384345793,-99.02094316156543,,EDINET,,電気機器
6971.T,京セラ,3812.0,48699.33498368,35.315914,1.4891032,72.47405147392105,555853000000.0,836195000000.0,1661193000000.0,1277527109.0,798873599999.9999,625.3281001804556,0.16404199899802088,-83.5958001001979,,EDINET,,電気機器
6976.T,太陽誘電,10715.0,14186.27121152,95.875084,3.78993,55.95318551636298,279284000000.0,254017000000.0,20000000.0,132396378.0,-120700000.0,-0.9116563596626488,-8.508225475153045e-05,-100.00850822547515,,EDINET,,電気機器
6977.T,日本抵抗器製作所,1896.0,23.4573696,,1.991287,22.95427943155648,5624775000.0,5831142000.0,308521000.0,1237203.0,-573516500.000001,-463.5589309110962,-0.24449310702062035,-124.44931070206202,,EDINET,,電気機器
6981.T,村田製作所,8877.0,160910.97071616,67.33162,5.85704,84.95548277811972,723418000000.0,690167000000.0,21443000000.0,1812672882.0,-20755600000.000122,-11.450273353843953,-0.0012898809681022815,-100.12898809681023,,EDINET,,電気機器
6982.T,リード,579.0,14.99445504,,0.5945462,29.238176331677806,2569390000.0,5282878000.0,936557000.0,2589716.0,-2586185900.0,-998.6368775572303,-1.7247614465582561,-272.47614465582564,,EDINET,,輸送用機器
6986.T,双葉電子工業,705.0,299.02575616,11.722648,0.35910812,87.42882333492524,58955000000.0,12778000000.0,13343000000.0,42415000.0,54239300000.0,1278.7763762819757,1.8138672003999654,81.38672003999655,,EDINET,,電気機器
6988.T,日東電工,3565.0,23583.32358656,17.84195,2.0642087,79.70150309656898,381590000000.0,286849000000.0,2844000000.0,661523850.0,68046900000.0,102.86386499897169,0.028853819074045356,-97.11461809259546,,EDINET,,化学
6989.T,北陸電気工業,2335.0,183.18292992,9.355718,0.7049563,55.906620178876935,30625000000.0,20482000000.0,1431000000.0,7845093.0,9096500000.0,1159.5146163340576,0.4965801354749711,-50.34198645250289,,EDINET,,電気機器
6993.T,大黒屋ホールディングス,90.0,667.749376,,12.269938,59.213235933343434,4870956000.0,5284469000.0,66199000.0,741943762.0,-895620600.0,-1.2071273401985958,-0.01341252600220662,-101.34125260022067,,EDINET,,小売業
6994.T,指月電機製作所,1377.0,347.75912448,17.253477,1.2457346,61.957760363874705,20112977000.0,14597580000.0,1745251000.0,25254838.0,5277314699.999998,208.96252432900175,0.15175201476325473,-84.82479852367453,,EDINET,,電気機器
6995.T,東海理化電機製作所,3055.0,2648.94726144,8.734561,0.74512595,67.7543249187539,285604000000.0,181194000000.0,32579000000.0,86708584.0,109095899999.99997,1258.1903078938524,0.4118462546297389,-58.81537453702611,,EDINET,,輸送用機器
6996.T,ニチコン,2704.0,1815.96962816,28.02363,1.4531884,63.156414583013756,108254000000.0,78768000000.0,26688000000.0,67158643.0,40290800000.0,599.9346949282462,0.22186933984032775,-77.81306601596722,,EDINET,,電気機器
6997.T,日本ケミコン,2429.0,665.32253696,33.558994,1.0986352,38.03656956953942,86620000000.0,106034000000.0,15007000000.0,27390800.0,-19512500000.000015,-712.374227842926,-0.2932788093219127,-129.32788093219128,,EDINET,,電気機器
6998.T,日本タングステン,4240.0,205.940736,73.56003,1.4858205,70.47699540436322,10145000000.0,5070000000.0,1730000000.0,4857093.0,5779000000.0,1189.8063306591,0.2806147006271462,-71.93852993728537,,EDINET,,電気機器
6999.T,ＫＯＡ,2531.0,939.94500096,22.471811,1.032861,58.446717255031345,57505000000.0,63255000000.0,4942000000.0,37137296.0,-8616100000.0,-232.00665982789914,-0.09166600546341333,-109.16660054634133,,EDINET,,電気機器
7003.T,三井Ｅ＆Ｓ,4127.0,4164.88095744,11.006214,1.8598778,47.27855805432773,239646000000.0,275058000000.0,29674000000.0,100917879.0,-42146000000.0,-417.6266922930475,-0.10119377084881209,-110.1193770848812,,EDINET,,機械
7004.T,カナデビア,1153.0,1939.92884224,17.268234,0.9877589,28.303322943337417,357114000000.0,411771000000.0,27571000000.0,168250550.0,-76534400000.00006,-454.88350558140854,-0.3945216874079866,-139.45216874079867,,EDINET,,機械
7011.T,三菱重工業,3796.0,127553.54517504,53.47232,4.022746,39.03884912060409,2126642000000.0,2874665000000.0,232145000000.0,3360209340.0,-872988000000.0005,-259.8016705709176,-0.06844090373311845,-106.84409037331184,,EDINET,,機械
7012.T,川崎重工業,2341.0,20441.5500288,18.054913,2.210624,28.529340018402088,1289505000000.0,1592262000000.0,13995000000.0,873197387.0,-452186700000.00024,-517.851641257832,-0.22120958618446473,-122.12095861844648,,EDINET,,輸送用機器
7013.T,ＩＨＩ,2700.5,28629.67160832,17.701233,4.109887,28.063184793945712,878111000000.0,1163131000000.0,18604000000.0,1060161928.0,-388310300000.0,-366.2745187733246,-0.13563211211750587,-113.56321121175057,,EDINET,,機械
7014.T,名村造船所,4605.0,3202.54902272,15.2716055,2.3150895,51.64081638787441,141310000000.0,103895000000.0,32552000000.0,69545044.0,49811899999.999985,716.2537707216057,0.155538278115441,-84.4461721884559,,EDINET,,輸送用機器
7018.T,内海造船,13100.0,222.01290752,9.909228,1.5561289,28.653258655804482,28451000000.0,31629000000.0,1014000000.0,1694755.0,-5631100000.0,-3322.66315780157,-0.25363840899248624,-125.36384089924861,,EDINET,,輸送用機器
7021.T,ニッチツ,2496.0,49.03524352,25.471987,0.38600683,71.23223384519311,7562962000.0,4905084000.0,2547843000.0,1964553.0,3950859700.0,2011.0731041616082,0.8057183910903879,-19.42816089096121,,EDINET,,機械
7022.T,サノヤスホールディングス,340.0,113.40246016,8.037826,0.9234212,36.62811178957257,12806000000.0,17504000000.0,4805000000.0,33353663.0,-3084900000.0,-92.49059091350776,-0.27203114974561104,-127.20311497456109,,EDINET,,機械
7030.T,スプリックス,972.0,171.55959808,10.183342,1.681626,44.389593062041364,9806000000.0,10886000000.0,276000000.0,17650165.0,-1975400000.000002,-111.91963361249041,-0.11514365597992841,-111.51436559799284,,EDINET,,サービス業
7031.T,インバウンドテック,716.0,19.80736,,1.052166,67.38916410487361,2064593000.0,860232000.0,40000000.0,2766391.0,1146337800.0,414.3802521046374,0.5787433688612255,-42.12566311387746,,EDINET,,サービス業
7033.T,マネジメントソリューションズ,1589.0,250.39888384,11.607861,3.8182247,69.17000382936847,5975465000.0,2204695000.0,7400000.0,15758268.0,3555480500.0,225.62635056086114,0.14199266869783583,-85.80073313021643,,EDINET,,サービス業
7034.T,プロレド・パートナーズ,301.0,32.90409728,12.652374,0.4817079,82.44207464386555,12376764000.0,1791644000.0,205111000.0,10931594.0,10549533300.0,965.0498637252718,3.2061457266620326,220.61457266620326,,EDINET,,サービス業
7035.T,ａｎｄ　ｆａｃｔｏｒｙ,218.0,24.5504896,,2.8646894,44.188539616799375,1840487000.0,1127644000.0,45832000.0,11261693.0,632161000.0,56.13374472204135,0.25749424184422637,-74.25057581557736,,EDINET,,サービス業
7036.T,イーエムネットジャパン,655.0,25.33242624,,3.0014756,33.25857779152199,2113897000.0,1299416000.0,275570000.0,3867546.0,877438400.0,226.8721302862332,0.34636966455913465,-65.36303354408653,,EDINET,,サービス業
7037.T,テノ．ホールディングス,800.0,36.548608,28.268553,1.9125396,17.297919263591908,4438000000.0,8024000000.0,10000000.0,4568576.0,-4381400000.0,-959.0296845231425,-1.198787105653928,-219.87871056539282,,EDINET,,サービス業
7038.T,フロンティア・マネジメント,575.0,68.0260352,,4.1395793,53.94001418311911,11470340000.0,3415634000.0,296000.0,11830615.0,7713349800.0,651.9821497022767,1.1338819994822205,13.38819994822204,,EDINET,,サービス業
7039.T,ブリッジインターナショナルグループ,1376.0,48.22358528,15.219555,1.0560423,83.54861750036318,4614940000.0,1590782000.0,343156000.0,3504621.0,3105289000.0,886.0555820443923,0.64393574276482,-35.606425723518,,EDINET,,サービス業
7040.T,サン・ライフホールディング,956.0,58.53735936,9.377146,0.8431131,19.199498546976436,12223841000.0,29553524000.0,3800131000.0,6123155.0,-17624943700.000004,-2878.408875816471,-3.010887945414719,-401.08879454147194,,EDINET,,サービス業
7041.T,ＣＲＧホールディングス,322.0,17.95833984,47.35294,0.60303354,32.229721326629715,10079138000.0,10487504000.0,592300000.0,5577124.0,-1042506400.0,-186.92544759628797,-0.5805138124108322,-158.05138124108322,,EDINET,,サービス業
7043.T,アルー,942.0,24.06100736,8.089309,1.5553331,58.913028094260845,1367037000.0,716892000.0,11884000.0,2554247.0,586774599.9999999,229.72508140363868,0.24386951316734468,-75.61304868326553,,EDINET,,サービス業
7044.T,ピアラ,614.0,44.02011648,34.66968,6.4640427,15.496041322522746,3590437000.0,3760930000.0,267704000.0,7169400.0,-359193200.0000005,-50.10087315535477,-0.08159751328233676,-108.15975132823368,,EDINET,,サービス業
7042.T,アクセスグループ・ホールディングス,667.0,23.0502528,13.540399,1.520904,57.33391058729891,2053560000.0,1143904000.0,20869000.0,3455810.0,809873900.0,234.35139663349548,0.3513514192406229,-64.8648580759377,,EDINET,,サービス業
7046.T,ＴＤＳＥ,1309.0,27.39943936,15.822555,1.1541469,79.73572244982905,2465835000.0,522824000.0,36269000.0,2093158.0,1916116900.0,915.4191417943605,0.6993270754731554,-30.06729245268446,,EDINET,,サービス業
7048.T,ベルトラ,142.0,51.97666304,,2.1442378,31.85290527379101,7846681000.0,5696206000.0,9774000.0,36603283.0,1587696199.999999,43.37578681125404,0.30546328740319745,-69.45367125968025,,EDINET,,サービス業
7047.T,ポート,2152.0,282.30690816,10.447617,2.5711026,30.053567959144022,3468000000.0,10195000000.0,2034000000.0,13118351.0,-6322700000.0,-481.9736870891776,-0.22396546797824238,-122.39654679782423,,EDINET,,サービス業
7049.T,識学,753.0,63.35723008,22.673895,2.0281954,76.13239562736757,4150368000.0,1457777000.0,91272000.0,8413975.0,2610703700.0,310.281846570735,0.4120608852200996,-58.79391147799004,,EDINET,,サービス業
7050.T,フロンティアインターナショナル,1455.0,130.34180608,10.591833,1.3616992,61.85230461312491,11861924000.0,5453248000.0,567931000.0,8958200.0,6260902899.999999,698.9018887722979,0.4803449407369745,-51.965505926302555,,EDINET,,サービス業
7057.T,エヌ・シー・エヌ,910.0,27.14485504,18.582806,1.3661222,39.56437441938928,4194291000.0,3456599000.0,573312000.0,2982951.0,793350499.9999995,265.9616265905808,0.29226552372591297,-70.77344762740869,,EDINET,,サービス業
7058.T,共栄セキュリティーサービス,2989.0,43.26111232,6.866529,0.8533746,71.34410879542725,4559313000.0,2105536000.0,53259000.0,1447344.0,2280504700.0,1575.6480145701366,0.5271488840984063,-47.28511159015936,,EDINET,,サービス業
7059.T,コプロ・ホールディングス,933.0,357.56367872,12.74068,3.8332121,20.907656138902606,10778471000.0,4657531000.0,0.0,38324078.0,5655186900.0,147.5622427237519,0.15815888823553256,-84.18411117644673,投資有価証券,EDINET,,サービス業
7060.T,ギークス,595.0,60.44908032,9.407115,2.0808635,38.903011191995965,6452119000.0,4503756000.0,25895000.0,10159509.0,1516113900.0,149.2310209085892,0.25080843850183054,-74.91915614981694,,EDINET,,サービス業
7061.T,日本ホスピスホールディングス,478.0,40.54687488,12.396265,1.1072325,19.43409649914303,3787112000.0,14863927000.0,0.0,8482610.0,-12563207700.000002,-1481.0544985564586,-3.0984403735490766,-409.84403735490764,投資有価証券,EDINET,,サービス業
7062.T,フレアス,695.0,18.1293184,3.5608158,0.83314854,40.43620043689044,3464914000.0,7152502000.0,0.0,2608535.0,-4402838200.000001,-1687.8585872913343,-2.428573506894006,-342.8573506894006,投資有価証券,EDINET,,サービス業
7063.T,Ｂｉｒｄｍａｎ,55.0,19.73652608,,3.031138,-384.889610044156,1809644000.0,1631928000.0,15458000.0,35884592.0,25343799.99999976,0.7062585524171422,0.012841064589402585,-98.71589354105976,,EDINET,,サービス業
7064.T,ハウテレビジョン,1011.0,27.47377408,25.916433,1.6803539,52.95713829910878,1842924000.0,1040671000.0,20000000.0,2717485.0,712185900.0,262.0753748410755,0.2592239118111528,-74.07760881888473,,EDINET,,サービス業
7065.T,ユーピーアール,951.0,72.8418048,10.344828,0.7553854,42.369643328291026,6149858000.0,12444544000.0,120062000.0,7659496.0,-7455097000.000002,-973.3143016198458,-1.0234640395581975,-202.34640395581974,,EDINET,,サービス業
7066.T,ピアズ,436.0,39.25937152,9.8242445,1.394495,61.91258604969918,2882976000.0,1640773000.0,375487000.0,9004443.0,1340966599.9999998,148.92277068109595,0.3415659878006788,-65.84340121993213,,EDINET,,サービス業
7067.T,ブランディングテクノロジー,1079.0,17.0019648,38.535713,1.3896633,58.64617295164105,1906992000.0,890105000.0,11346000.0,1575715.0,935818699.9999999,593.9009909786985,0.5504179712499523,-44.95820287500478,,EDINET,,サービス業
7068.T,フィードフォースグループ,574.0,137.43429632,9.664927,3.552024,44.50717478240414,6425000000.0,4331000000.0,0.0,23943258.0,1660900000.0,69.36817036344846,0.12085047101646072,-87.91495289835393,,EDINET,,サービス業
7069.T,サイバー・バズ,488.0,39.75152384,6.586584,5.2290387,24.209410089449996,1635687000.0,2430036000.0,29048000.0,8145804.0,-1017019000.0,-124.85188693467214,-0.25584403060383637,-125.58440306038364,,EDINET,,サービス業
7071.T,アンビスホールディングス,382.0,374.76012032,13.109129,0.9715281,43.041442815109534,18451000000.0,38586000000.0,0.0,98104743.0,-23993600000.0,-244.5712538077797,-0.6402388843135595,-164.02388843135597,投資有価証券,EDINET,,サービス業
7073.T,ジェイック,2380.0,22.11510272,,2.2911975,33.87271461893308,1904218000.0,1867580000.0,44801000.0,929206.0,-118759300.00000024,-127.80728923403447,-0.053700541694972466,-105.37005416949725,,EDINET,,サービス業
7072.T,インティメート・マージャー,1140.0,35.81571072,19.584265,2.082477,71.0350257062076,2049819000.0,517797000.0,0.0,3141729.0,1480242300.0,471.15530970366956,0.4132941313190084,-58.670586868099164,投資有価証券,EDINET,,サービス業
7074.T,トゥエンティーフォーセブンホールディングス,188.0,15.95385472,,30.678852,8.32952768307663,683349000.0,983593000.0,0.0,8486093.0,-398603300.0,-46.97135654770694,-0.24984764121120712,-124.98476412112072,投資有価証券,EDINET,,サービス業
7077.T,ＡＬｉＮＫインターネット,989.0,17.869568,,1.2800552,75.45223134119539,1506385000.0,173720000.0,0.0,1806832.0,1315293000.0,727.955338404456,0.7360519094079434,-26.39480905920566,,EDINET,,サービス業
7075.T,ＱＬＳホールディングス,1002.0,75.00851712,14.855449,3.2824047,36.364377359284326,3242445000.0,3433400000.0,0.0,7485880.0,-534295000.0000005,-71.37370623093084,-0.07123124374344394,-107.12312437434439,投資有価証券,EDINET,,サービス業
7078.T,ＩＮＣＬＵＳＩＶＥ　Ｈｏｌｄｉｎｇｓ,338.0,33.97783296,,2.1878722,53.824788643207675,2747970000.0,1633878000.0,189121000.0,10052613.0,1083088899.9999998,107.74202687400776,0.31876339311836616,-68.12366068816338,,EDINET,,サービス業
7080.T,スポーツフィールド,893.0,65.51980544,7.8353953,2.3283525,62.55027415481905,2258208000.0,944070000.0,0.0,7337044.0,1219731000.0,166.24283567060522,0.18616219000067774,-81.38378099993221,投資有価証券,EDINET,,サービス業
7079.T,ＷＤＢココ,2592.0,62.33376256,9.28267,1.3285114,83.84940866441359,4895010000.0,1289591000.0,0.0,2404852.0,3476459900.0,1445.6024320831386,0.5577169876863961,-44.22830123136039,投資有価証券,EDINET,,サービス業
7081.T,コーユーレンティア,1300.0,145.88545024,7.692763,1.1000262,61.496016554225655,8241991000.0,7241597000.0,263829000.0,11221958.0,460914599.99999905,41.07256505504646,0.0315942808115742,-96.84057191884257,,EDINET,,サービス業
7084.T,Ｓｍｉｌｅ　Ｈｏｌｄｉｎｇｓ,2818.0,90.28671488,41.447273,1.4820838,36.820827404749686,6741704000.0,8724573000.0,16095000.0,3203929.0,-2844059800.0,-887.6787843925381,-0.315003117243626,-131.5003117243626,,EDINET,,サービス業
7083.T,ＡＨＣグループ,1351.0,27.61747968,318.63208,2.383603,19.384591968080482,3568943000.0,4593319000.0,89177000.0,2044225.0,-1421284000.0,-695.2678888087172,-0.5146320420493836,-151.46320420493836,,EDINET,,サービス業
7085.T,カーブスホールディングス,910.0,810.7425792,18.766756,3.5005925,51.41946180334141,15490000000.0,21965000000.0,0.0,89092592.0,-8671500000.000004,-97.33132469644619,-0.10695749966642439,-110.69574996664244,,EDINET,,サービス業
7087.T,ウイルテック,1361.0,86.10948096,9.768176,0.9943176,45.034522140891866,15120000000.0,10046000000.0,41000000.0,6326927.0,4098100000.0,647.7236105300409,0.4759174214034099,-52.40825785965902,,EDINET,,サービス業
7089.T,フォースタートアップス,1554.0,100.27524096,11.449201,3.3034241,63.52528694278076,2812898000.0,1187273000.0,89283000.0,6452718.0,1569395800.0,243.21468875596298,0.15650880872327091,-84.3491191276729,,EDINET,,サービス業
7090.T,リグア,900.0,14.7650496,,8.572246,7.0944620703762675,2734618000.0,2822391000.0,0.0,1640561.0,-370012100.0000005,-225.5399829692407,-0.2505999810769341,-125.05999810769342,投資有価証券,EDINET,,サービス業
7093.T,アディッシュ,630.0,13.56226176,26.751593,2.3143811,41.27509021757148,1145470000.0,988313000.0,0.0,2152740.0,58325700.0,27.093703837899607,0.04300587910777715,-95.69941208922228,投資有価証券,EDINET,,サービス業
7091.T,リビングプラットフォーム,1177.0,52.78541312,13.358302,1.9899505,19.087592150611414,3868849000.0,10063197000.0,70373000.0,4484742.0,-7151406600.0,-1594.6082517121386,-1.3548073506475264,-235.48073506475262,,EDINET,,サービス業
7094.T,ＮｅｘＴｏｎｅ,1840.0,179.73764096,22.414425,3.1527364,40.816326530612244,12272000000.0,9116000000.0,0.0,9768350.0,2244400000.0,229.76244708676492,0.1248708951558505,-87.51291048441495,投資有価証券,EDINET,,サービス業
7095.T,Ｍａｃｂｅｅ　Ｐｌａｎｅｔ,1128.0,140.48690176,6.766647,1.149553,52.675272923498405,6470000000.0,7009000000.0,1043000000.0,12454513.0,-509800000.00000095,-40.932953380031876,-0.03628807923761691,-103.6288079237617,,EDINET,,サービス業
7096.T,ステムセル研究所,749.0,75.42571008,48.260307,2.7740226,33.01041829618573,5313624000.0,5050360000.0,830135000.0,10070188.0,339322500.0,33.695746295898346,0.04498764525487096,-95.50123547451291,,EDINET,,サービス業
7097.T,さくらさくプラス,2801.0,121.74590976,19.276031,2.0258946,38.766681331573544,4019000000.0,8349000000.0,0.0,4346516.0,-5164900000.0,-1188.285054052487,-0.424236006445015,-142.4236006445015,投資有価証券,EDINET,,サービス業
7098.T,エージェント,,,,,,0.0,0.0,0.0,,,,,,"流動資産, 負債合計, 投資有価証券",yfinance,株価または発行済株式数を取得できませんでした,サービス業
7102.T,日本車輌製造,3530.0,509.35177216,4.3865647,0.6032152,53.909179098607794,74180000000.0,66515000000.0,17511000000.0,14429229.0,13271200000.0,919.7442219539242,0.2605507710917632,-73.94492289082368,,EDINET,,輸送用機器
7110.T,クラシコム,1789.0,131.85470464,13.296172,2.1977346,84.4563552422648,4890432000.0,869945000.0,0.0,7370302.0,3933492500.0,533.6948879435333,0.29832022802880565,-70.16797719711944,投資有価証券,EDINET,,小売業
7111.T,ＩＮＥＳＴ,592.0,43.1451392,102.95652,0.8395746,45.469125902165196,1085000000.0,2492000000.0,370000000.0,7288030.0,-1397200000.0,-191.71161479851207,-0.32383718715964877,-132.38371871596487,,EDINET,,卸売業
7112.T,キューブ,563.0,34.47736576,,3.164646,87.66014621307782,3882309000.0,809180000.0,0.0,6123866.0,2992211000.0,488.6147084211183,0.8678769243714357,-13.212307562856434,投資有価証券,EDINET,,小売業
7114.T,フーディソン,800.0,35.69525504,24.968788,1.5134431,71.23300247269705,2893110000.0,925321000.0,52378000.0,4461907.0,1911921500.0,428.498733837348,0.5356234172966851,-46.4376582703315,,EDINET,,卸売業
7115.T,アルファパーチェス,1424.0,139.93346048,13.984091,2.0204084,33.961231725457125,15925901000.0,12309522000.0,0.0,9826788.0,2385426799.999998,242.74735549398218,0.1704686485210549,-82.95313514789451,投資有価証券,EDINET,,卸売業
7119.T,ハルメクホールディングス,1853.0,204.72205312,20.346987,2.2279882,42.01946701946702,652000000.0,2277000000.0,330000000.0,11048141.0,-1621700000.0,-146.78487539215874,-0.07921471958562264,-107.92147195856225,,EDINET,,小売業
7120.T,ＳＨＩＮＫＯ,984.0,46.28635648,6.8219633,2.3736582,25.931819783589404,5061674000.0,4618804000.0,0.0,4703898.0,-19010400.0,-4.041414163317317,-0.00410712821475337,-100.41071282147533,投資有価証券,EDINET,,卸売業
7122.T,近畿車輛,2380.0,163.74592512,10.625474,0.46106052,49.29322566050153,39687000000.0,25223000000.0,6329000000.0,6880081.0,16371999999.999996,2379.623146878648,0.9998416583523732,-0.01583416476268128,,EDINET,,輸送用機器
7126.T,グローバルスタイル,1446.0,49.23198976,7.605723,1.4047687,32.68737069632235,3810095000.0,5056761000.0,8430000.0,3404702.0,-1746441100.0,-512.9497677036052,-0.35473704543817786,-135.47370454381777,,EDINET,,小売業
7127.T,一家ホールディングス,689.0,50.6539008,64.392525,4.8128304,15.656700441638115,2071732000.0,4812841000.0,188799000.0,7351800.0,-3090233800.0,-420.3370331075383,-0.6100682628556433,-161.00682628556433,,EDINET,,小売業
7128.T,ユニソルホールディングス,2939.0,703.76062976,37.578316,0.9713676,63.129379593231924,86599000000.0,47448000000.0,3116000000.0,23945582.0,36587399999.99999,1527.9394754322527,0.5198841359075375,-48.01158640924625,,EDINET,,卸売業
7129.T,ミアヘルサホールディングス,1120.0,31.38440448,15.717092,0.80679727,25.09996916133253,5458888000.0,9482454000.0,0.0,2802179.0,-4971811400.0,-1774.2661692918261,-1.5841662225819877,-258.41662225819874,投資有価証券,EDINET,,小売業
7130.T,ヤマエグループホールディングス,2666.0,740.2360832,6.651033,0.67183554,26.03112309169552,206280000000.0,307705000000.0,20238000000.0,27765796.0,-118028900000.0,-4250.873988989907,-1.5944763649624558,-259.44763649624554,,EDINET,,卸売業
7131.T,のむら産業,3760.0,49.71561984,6.993918,1.9106691,47.85399457338515,3140171000.0,2201470000.0,140350000.0,1322224.0,816799000.0,617.7463122738659,0.1642942319877303,-83.57057680122696,,EDINET,,卸売業
7132.T,フローバル,,,,,,0.0,0.0,0.0,,,,,,"流動資産, 負債合計, 投資有価証券",yfinance,株価または発行済株式数を取得できませんでした,卸売業
7133.T,ＨＹＵＧＡ　ＰＲＩＭＡＲＹ　ＣＡＲＥ,2105.0,150.12590592,30.774853,5.4295115,32.949509872985786,2703139000.0,4679429000.0,999000.0,7131872.0,-2443533600.0,-342.6216286551413,-0.16276561931360634,-116.27656193136062,,EDINET,,小売業
7134.T,アップガレージグループ,1446.0,114.6194432,14.663827,2.2823484,69.449773777696,4146219000.0,1980924000.0,18849000.0,7926656.0,1980396900.0,249.8401469673971,0.17278018462475594,-82.72198153752441,,EDINET,,小売業
7135.T,ジャパンクラフトホールディングス,170.0,63.44513024,15.525114,1.6037736,26.278729676201003,7624826000.0,7860627000.0,170164000.0,37320666.0,-902748900.0,-24.1889815149601,-0.14228812655858883,-114.22881265585887,,EDINET,,小売業
7137.T,グラントマト,1200.0,24.792,,2.7546692,24.344625566498156,3993943000.0,4989565000.0,0.0,2066000.0,-1494578500.0,-723.4165053242982,-0.6028470877702485,-160.28470877702486,投資有価証券,yfinance,,小売業
7139.T,東京高圧山崎,4700.0,19.25369088,7.8578234,0.52008885,35.0022504002052,6270449000.0,7138372000.0,1322706000.0,409653.0,-655866000.000001,-1601.0281872706923,-0.3406442951639771,-134.06442951639772,,yfinance,,卸売業
7138.T,ＴＯＲＩＣＯ,144.0,23.01752576,,1.5488367,72.99030302543285,1408533000.0,667502000.0,826198000.0,15984393.0,1252619400.0,78.36515280874288,0.5442024500607144,-45.57975499392855,,EDINET,,小売業
7140.T,ペットゴー,796.0,17.65302784,,1.540853,32.84266570227569,3213675000.0,2084466000.0,0.0,2217717.0,920762400.0,415.1848049142429,0.5215889508972901,-47.84110491027099,投資有価証券,EDINET,,小売業
7148.T,ＦＰＧ,1600.0,1339.79152384,8.79846,2.2333767,45.07831652963573,221673000000.0,177290000000.0,37000000.0,83736965.0,26679899999.99997,318.6155600456736,0.19913472502854598,-80.0865274971454,,EDINET,,証券、商品先物取引業
7150.T,島根銀行,510.0,41.92954368,29.842012,0.38096747,2.1972402208249506,0.0,553838000000.0,130888000000.0,8221479.0,-517600200000.0,-62957.06648402313,-123.44522840004535,-12444.522840004534,流動資産,EDINET,,銀行業
7157.T,ライフネット生命保険,1502.0,1206.71158272,14.652228,1.2744755,78.47480998735985,0.0,71796000000.0,74701000000.0,80340321.0,-26684900000.0,-332.1482870350991,-0.22113734156797543,-122.11373415679756,流動資産,EDINET,,保険業
7161.T,じもとホールディングス,669.0,178.64364032,53.22196,0.1987469,3.5368722479035295,1039000000.0,2393977000000.0,350372000000.0,26703086.0,-2387075300000.0,-89393.23717116441,-133.62217813328013,-13462.217813328012,,EDINET,,銀行業
7162.T,アストマックス,296.0,38.72982528,1.9725443,0.5141656,37.1129083172496,8624511000.0,9919460000.0,447223000.0,13084400.0,-1973838900.0,-150.8543685610345,-0.509643137030522,-150.9643137030522,,EDINET,,電気・ガス業
7164.T,全国保証,3025.0,4025.68544256,12.413822,1.6541407,48.94784867550131,160396000000.0,253719000000.0,285124000000.0,133080515.0,80891900000.0,607.841801634146,0.20093943855674248,-79.90605614432575,,EDINET,,その他金融業
7167.T,めぶきフィナンシャルグループ,1710.5,16053.93973248,18.980247,1.4400766,5.087423547433109,4601000000.0,20442371000000.0,3865602000000.0,938552477.0,-19776085700000.0,-21070.836404600956,-12.318524644607399,-1331.8524644607398,,EDINET,,銀行業
7170.T,中央インターナショナルグループ,330.0,10.31850944,1320.0,1.3925109,43.987250472130235,160238000.0,974614000.0,180787000.0,3126821.0,-785286500.0000001,-251.14533259179214,-0.7610464623993701,-176.104646239937,,yfinance,,保険業
7172.T,ジャパンインベストメントアドバイザー,2134.0,1325.20501248,10.503002,1.609372,27.402667284219707,221643000000.0,177211000000.0,10443000000.0,62099579.0,34020999999.99997,547.8459040760964,0.25672254174137604,-74.32774582586241,,EDINET,,証券、商品先物取引業
7173.T,東京きらぼしフィナンシャルグループ,1716.0,4912.13881344,13.412537,1.2427002,5.786775197656749,6053000000.0,6723250000000.0,524000000.0,286255176.0,-7389155200000.001,-25813.175863761502,-15.042643277250292,-1604.2643277250293,,EDINET,,銀行業
7175.T,今村証券,1951.0,99.82611456,9.623162,0.73100567,49.57644565248208,14832027000.0,7617976000.0,2102043000.0,5116664.0,7923683499.999999,1548.6034455262254,0.7937485625454769,-20.62514374545231,,EDINET,,証券、商品先物取引業
7176.T,シンプレクス・ファイナンシャル・ホールディングス,757.0,205.29840128,2.3855293,2.3972843,70.57697851086854,30443692000.0,9348807000.0,738091000.0,27120000.0,20676668000.0,762.41401179941,1.0071519310428136,0.7151931042813727,,yfinance,,証券、商品先物取引業
7177.T,ＧＭＯフィナンシャルホールディングス,1165.0,1374.57647616,12.785337,2.4269469,3.768386468952075,1357691000000.0,1346376000000.0,12390000000.0,117989403.0,-114649600000.0,-971.694042726871,-0.8340721396797176,-183.40721396797176,,EDINET,,証券、商品先物取引業
7180.T,九州フィナンシャルグループ,1747.0,7350.5112064,19.757975,0.94071704,5.628252354944526,3431000000.0,12573645000000.0,56000000.0,420750481.0,-13827539300000.002,-32863.98928680013,-18.811671028506087,-1981.1671028506087,,EDINET,,銀行業
7181.T,かんぽ生命保険,1720.0,18639.17109248,11.321004,0.39969277,7.1072458649714525,0.0,56314265000000.0,44931286000000.0,1083672718.0,-30493791300000.01,-28139.299618318906,-16.36005791762727,-1736.0057917627269,流動資産,EDINET,,保険業
7182.T,ゆうちょ銀行,3465.0,123422.80585216,23.56662,1.3362467,4.0870488899017845,0.0,224510541000000.0,145923667000000.0,3561985721.0,-144815028200000.03,-40655.701494318266,-11.733247184507436,-1273.3247184507436,流動資産,EDINET,,銀行業
7184.T,富山第一銀行,3740.0,2275.80706816,15.40426,1.1811682,11.669820635181834,0.0,1441729000000.0,556039000000.0,60850455.0,-1196674600000.0002,-19665.828299886998,-5.258242860932352,-625.8242860932352,流動資産,EDINET,,銀行業
7183.T,あんしん保証,255.0,44.29686272,15.242081,1.7037255,17.56978103365259,11436584000.0,10495995000.0,572000.0,17371318.0,-108610100.0,-6.252265947811214,-0.024518689991416525,-102.45186899914165,,EDINET,,その他金融業
7185.T,ヒロセ通商,3660.0,225.20825856,10.952182,1.0097666,15.894688803992887,117077409000.0,97856071000.0,0.0,6153231.0,9435730899.999985,1533.4595597012342,0.4189780217762935,-58.10219782237066,投資有価証券,EDINET,,証券、商品先物取引業
7187.T,ジェイリース,1332.0,237.50326272,9.593085,3.2222326,33.36511315066488,11555655000.0,9725499000.0,128680000.0,17830576.0,947682100.0,53.14927010770712,0.03990185443521555,-96.00981455647846,,EDINET,,その他金融業
7189.T,西日本フィナンシャルホールディングス,4989.0,6948.80239616,17.080938,1.0854621,4.5294968686352926,11060000000.0,13024320000000.0,17000000.0,139282463.0,-14315680100000.002,-102781.64093063175,-20.601651820130638,-2160.1651820130637,,EDINET,,銀行業
7186.T,横浜フィナンシャルグループ,1926.5,21383.7479936,20.547142,1.4712081,5.525187359059989,37413000000.0,20418298000000.0,25000000.0,1109979177.0,-22422697300000.0,-20201.007158173023,-10.485858893419685,-1148.5858893419686,,EDINET,,銀行業
7191.T,イントラスト,1148.0,256.84232192,14.885892,3.1706402,63.29507896610432,10004890000.0,4291505000.0,381588000.0,22373023.0,5551346100.0,248.12677750342453,0.2161383079298123,-78.38616920701877,,EDINET,,その他金融業
7196.T,Ｃａｓａ,745.0,67.6620032,,1.0665513,43.47370239629073,9155079000.0,8256963000.0,167152000.0,9082148.0,189426100.0,20.85697128036231,0.027995934604513165,-97.20040653954868,,EDINET,,その他金融業
7192.T,日本モーゲージサービス,675.0,99.23832832,9.120389,1.0566257,38.76745829031031,20128570000.0,13320158000.0,1531000.0,14701975.0,5477467899.999998,372.56680820093885,0.5519508269643538,-44.804917303564615,,EDINET,,その他金融業
7199.T,プレミアグループ,2113.0,818.50703872,13.290144,3.1957483,12.712788681426382,2363000000.0,10501000000.0,7000000.0,38736730.0,-9183200000.0,-237.06699042485002,-0.11219450564356366,-111.21945056435636,,EDINET,,その他金融業
7198.T,ＳＢＩアルヒ,778.0,345.8390016,19.36769,0.8297481,18.410740361353877,85699000000.0,89950000000.0,1143000000.0,44452310.0,-12445900000.000015,-279.9831999731851,-0.3598755783717032,-135.9875578371703,,EDINET,,その他金融業
7201.T,日産自動車,286.8,10027.62469376,,0.20561703,26.45644590404353,12323467000000.0,13578712000000.0,1428641000000.0,3496382520.0,-1613067500000.002,-461.35326749088136,-1.6086236662861972,-260.8623666286197,,EDINET,,輸送用機器
7208.T,カネミツ,1244.0,63.60798208,8.740865,0.50546706,78.51013828786058,8035376000.0,4429847000.0,1123255000.0,5113182.0,3948822800.0,772.2828563505074,0.6208061546225944,-37.91938453774056,,EDINET,,輸送用機器
7203.T,トヨタ自動車,2920.0,345781.54651648,8.20386,0.9268088,38.873352788235884,15707095000000.0,7541895000000.0,7626969000000.0,11841833660.0,12749888800000.0,1076.6819705521855,0.36872670224389914,-63.127329775610086,,EDINET,,輸送用機器
7202.T,いすゞ自動車,2054.5,14119.28686592,10.493386,0.93658185,45.425069980983515,580010000000.0,810570000000.0,151437000000.0,687237114.0,-205611100000.00012,-299.18509319623286,-0.14562428483632653,-114.56242848363264,,EDINET,,輸送用機器
7211.T,三菱自動車工業,348.2,4660.14404608,45.69554,0.5086903,39.83706518839855,1391131000000.0,1272355000000.0,102736000000.0,1338352676.0,63455700000.0,47.41328734788587,0.13616682179174575,-86.38331782082544,,EDINET,,輸送用機器
7212.T,エフテック,722.0,134.09825792,2.7982328,0.22373576,39.25075012593355,81495000000.0,113309000000.0,9242000000.0,18573166.0,-36675500000.000015,-1974.649879293601,-2.734972131985597,-373.4972131985597,,EDINET,,輸送用機器
7213.T,レシップホールディングス,644.0,96.6237184,8.517392,0.88610154,50.55140570336422,16088045000.0,10302849000.0,750496000.0,15003683.0,5280258300.0,351.93080925530086,0.5464764118871132,-45.35235881128868,,EDINET,,輸送用機器
7214.T,ＧＭＢ,1133.0,60.35381248,,0.26814383,35.65525499617369,53918973000.0,54568535000.0,997123000.0,5326903.0,-5408429400.000008,-1015.3046526283673,-0.8961206113224778,-189.6120611322478,,EDINET,,輸送用機器
7215.T,ファルテック,413.0,38.7306112,,0.2041139,32.879808206208864,41921000000.0,46129000000.0,256000000.0,9377872.0,-8641700000.000008,-921.4990351755715,-2.2312325306914564,-323.1232530691456,,EDINET,,輸送用機器
7217.T,テイン,454.0,44.54333952,13.495838,0.64229804,76.03376536344132,3919611000.0,1848438000.0,70704000.0,9811308.0,1935821999.9999998,197.30519111213303,0.4345929319650507,-56.540706803494935,,EDINET,,輸送用機器
7220.T,武蔵精密工業,3195.0,2094.030848,164.35185,1.6740457,43.51621609076502,146908000000.0,161156000000.0,13135000000.0,65540871.0,-21169100000.0,-322.99082506852864,-0.10109259000579926,-110.10925900057993,,EDINET,,輸送用機器
7219.T,エッチ・ケー・エス,2435.0,34.45281536,8.4061165,0.30965012,80.48329311784724,6912473000.0,3022266000.0,670230000.0,1414900.0,4057141399.9999995,2867.4403844794683,1.1775935870552232,17.759358705522313,,EDINET,,輸送用機器
7218.T,田中精密工業,1135.0,98.69305856,9.412058,0.40887094,69.46554680449329,21751186000.0,12661938000.0,3113889000.0,8695424.0,10002776499.999998,1150.349482670425,1.0135237732779074,1.3523773277907494,,EDINET,,輸送用機器
7222.T,日産車体,916.0,1240.74647552,18.059937,0.66626906,66.32700558203645,174219000000.0,93351000000.0,324000000.0,135452678.0,71759699999.99998,529.7769011255723,0.5783590623641619,-42.16409376358381,,EDINET,,輸送用機器
7224.T,新明和工業,1876.0,1240.84912128,10.757498,0.9990835,42.45244142999973,179037000000.0,153377000000.0,14483000000.0,66143345.0,20460400000.0,309.3342194895042,0.16489030889632422,-83.51096911036758,,EDINET,,輸送用機器
7226.T,極東開発工業,2153.0,829.04301568,22.399084,0.7373336,56.5187877833908,96933000000.0,70476000000.0,15379000000.0,38506411.0,30174700000.0,783.6279522389142,0.36397025185272375,-63.60297481472763,,EDINET,,輸送用機器
7228.T,デイトナ,3995.0,97.1673088,7.8255076,0.98516995,81.04042354120182,8436484000.0,2298883000.0,0.0,2432223.0,5907712700.0,2428.935463565635,0.6079938582141765,-39.200614178582356,投資有価証券,EDINET,,輸送用機器
7231.T,トピー工業,3040.0,651.73045248,6.6109953,0.46055865,53.54262863707664,155185000000.0,145038000000.0,30748000000.0,21438502.0,17166800000.0,800.7462461696251,0.2634033704505346,-73.65966295494655,,EDINET,,輸送用機器
7235.T,東京ラヂエーター製造,1538.0,146.43887104,7.1912847,0.596784,78.0511608459047,21122106000.0,8967335000.0,1806728000.0,9521383.0,12522747100.0,1315.2235447308442,0.8551518496299377,-14.48481503700623,,EDINET,,輸送用機器
7236.T,ティラド,1500.0,849.15716096,10.289477,1.5945336,53.215342191025314,61419000000.0,48742000000.0,2841000000.0,56610480.0,9791499999.999992,172.9626740490452,0.11530844936603013,-88.46915506339698,,EDINET,,輸送用機器
7238.T,曙ブレーキ工業,106.0,287.71581952,31.085043,0.56382674,44.71039294667319,64951000000.0,72381000000.0,85000000.0,271430003.0,-14608600000.0,-53.820874032116485,-0.5077440946426084,-150.77440946426083,,EDINET,,輸送用機器
7239.T,タチエス,2296.0,787.99929344,9.01205,0.72758776,62.15927499823914,112786000000.0,73772000000.0,6459000000.0,34320529.0,36158100000.0,1053.541453280047,0.4588595179791146,-54.11404820208854,,EDINET,,輸送用機器
7241.T,フタバ産業,1052.0,939.4679808,5.8859735,0.67469066,43.62460069631384,146439000000.0,190747000000.0,20399000000.0,89303044.0,-49103400000.00003,-549.8513578103791,-0.5226723933558737,-152.26723933558736,,EDINET,,輸送用機器
7242.T,カヤバ,1561.0,1884.00156672,7.2824817,0.8228479,52.6413435792322,137034000000.0,147137000000.0,19874000000.0,120691965.0,-10904900000.0,-90.35315648394655,-0.057881586472739624,-105.78815864727396,,EDINET,,輸送用機器
7244.T,市光工業,554.0,533.52640512,7.173378,0.64336085,61.800664913106196,66512000000.0,59138000000.0,3474000000.0,96304410.0,3891999999.9999924,40.41351792716442,0.07294858831618127,-92.70514116838187,,EDINET,,電気機器
7245.T,大同メタル工業,1288.0,592.83120128,13.406891,0.7297694,43.65193808073188,107585000000.0,114561000000.0,8034000000.0,46027268.0,-12808300000.000015,-278.2763469689319,-0.21605306441687258,-121.60530644168726,,EDINET,,輸送用機器
7246.T,プレス工業,979.0,955.04334848,11.317919,0.7936527,64.9897434659845,87789000000.0,70282000000.0,8001000000.0,97552944.0,16079500000.0,164.8284443368516,0.16836409023171767,-83.16359097682823,,EDINET,,輸送用機器
7247.T,ミクニ,365.0,122.73156096,10.293288,0.29701987,38.83085595665464,60464000000.0,71268000000.0,8740000000.0,33625083.0,-11812800000.0,-351.30917000264355,-0.9624908767195713,-196.24908767195714,,EDINET,,輸送用機器
7254.T,ユニバンス,791.0,165.06878976,17.916195,0.5334265,60.03018384481938,23784526000.0,18249308000.0,4524190000.0,20868367.0,6877220200.0,329.5523890297693,0.4166275461817564,-58.33724538182437,,EDINET,,輸送用機器
7255.T,桜井製作所,530.0,16.87209984,7.577924,0.34829032,67.73659681265583,2971364000.0,2510798000.0,422592000.0,3183415.0,505300600.0,158.72910066705094,0.299488869183115,-70.0511130816885,,EDINET,,輸送用機器
7259.T,アイシン,2200.5,15347.70413568,15.675309,0.72603947,55.31793946910138,1040788000000.0,1522352000000.0,121975000000.0,697464378.0,-548416700000.00024,-786.3006589277026,-0.357328179471803,-135.7328179471803,,EDINET,,輸送用機器
7256.T,河西工業,488.0,188.8216064,19.78111,0.9193774,18.436100158949696,83630000000.0,122493000000.0,2730000000.0,38692951.0,-49201300000.000015,-1271.5830333023712,-2.605702937095023,-360.57029370950227,,EDINET,,輸送用機器
7261.T,マツダ,1086.0,6852.33668096,19.40672,0.35713452,42.97249711072213,2227652000000.0,2280052000000.0,271063000000.0,630970230.0,-90661100000.0,-143.68522584655065,-0.13230683779608715,-113.2306837796087,,EDINET,,輸送用機器
7264.T,ムロコーポレーション,1329.0,80.29812736,11.365774,0.35124505,75.07190372255221,16358366000.0,8423064000.0,1852793000.0,6041996.0,8389950700.0,1388.6058017913285,1.0448501142146942,4.485011421469416,,EDINET,,輸送用機器
7265.T,エイケン工業,3540.0,36.4337152,15.973288,1.1271664,77.80942273297289,4671334000.0,1626070000.0,401077000.0,1029201.0,3163410900.0,3073.6570407529725,0.8682647007776758,-13.173529922232413,,EDINET,,輸送用機器
7266.T,今仙電機製作所,961.0,204.12905472,8.349261,0.35990164,69.15954679389972,52626000000.0,25290000000.0,2246000000.0,21241315.0,26379199999.999996,1241.8816819956767,1.2922806264263025,29.22806264263025,,EDINET,,輸送用機器
7269.T,スズキ,1988.0,38353.96358144,8.659291,1.0836699,62.576838438317175,1096097000000.0,1391588000000.0,276650000000.0,1929273897.0,-240994800000.00024,-124.914767350942,-0.06283439001556439,-106.28343900155643,,EDINET,,輸送用機器
7267.T,本田技研工業,1684.0,65558.39758336,,0.5303446,36.252853500156746,2178414000000.0,1467697000000.0,180512000000.0,3893016583.0,690305699999.9998,177.31897239133846,0.1052963018950941,-89.47036981049058,,EDINET,,輸送用機器
7270.T,ＳＵＢＡＲＵ,2528.5,17587.39955712,19.951866,0.6425169,50.646550507701605,2221368000000.0,1739359000000.0,8692000000.0,695566551.0,314157499999.99976,451.6569975199968,0.17862645739371044,-82.13735426062895,,EDINET,,輸送用機器
7271.T,安永,810.0,83.4569728,4.3163166,0.5699834,34.75410612013064,20758000000.0,25753000000.0,750000000.0,10303330.0,-7045300000.000004,-683.7886392069364,-0.8441835051937486,-184.41835051937485,,EDINET,,輸送用機器
7272.T,ヤマハ発動機,1782.5,17303.26429696,7.7540455,1.3826586,41.28480002645919,420685000000.0,329536000000.0,52813000000.0,970730086.0,95164500000.0,98.03394514342888,0.054998005690563186,-94.50019943094368,,EDINET,,輸送用機器
7273.T,イクヨ,568.0,166.20372992,6.2383304,1.2721506,49.42832381781283,8152616000.0,9184065000.0,349818000.0,29261220.0,-1704982900.0,-58.267662797381654,-0.10258391337567192,-110.25839133756719,,EDINET,,輸送用機器
7276.T,小糸製作所,2737.5,7048.77887488,44.98028,1.149883,74.6061856034147,546361000000.0,210086000000.0,100620000000.0,257489627.0,385700400000.0,1497.9259727616134,0.5471875699585802,-45.28124300414198,,EDINET,,電気機器
7277.T,ＴＢＫ,323.0,102.60538368,,0.32511225,57.30211817168339,26402000000.0,24013000000.0,3364000000.0,31766372.0,2342499999.999996,73.7415024920062,0.2283018653003288,-77.16981346996712,,EDINET,,輸送用機器
7278.T,エクセディ,5690.0,2036.65408,18.543867,1.0795459,65.0640575064901,66718000000.0,83291000000.0,3427000000.0,35793566.0,-22503200000.0,-628.6939948928251,-0.11049103600928385,-111.04910360092839,,EDINET,,輸送用機器
7279.T,ハイレックスコーポレーション,2518.0,918.1478912,2.2268012,0.4290915,69.20363758452258,146659000000.0,85673000000.0,45612000000.0,36463380.0,84347100000.0,2313.200257354091,0.9186657098308542,-8.133429016914583,,EDINET,,輸送用機器
7280.T,ミツバ,1322.0,607.90341632,6.511353,0.4880633,38.27842452297164,210648000000.0,222648000000.0,16201000000.0,45983616.0,-22924100000.00003,-498.52756251270085,-0.3771010306450082,-137.71010306450083,,EDINET,,電気機器
7282.T,豊田合成,1057.0,6197.26569472,10.584819,1.0658487,61.955450006898936,237826000000.0,209057000000.0,10452000000.0,586307055.0,15179699999.99997,25.89035876431671,0.02449418993785876,-97.55058100621412,,EDINET,,輸送用機器
7283.T,愛三工業,2164.0,1240.01746944,Infinity,0.8511117,46.978900461030705,174864000000.0,160644000000.0,6443000000.0,57302099.0,2665700000.0,46.520110895065116,0.021497278602155785,-97.85027213978442,,EDINET,,輸送用機器
7284.T,盟和産業,1169.0,40.90159104,52.46858,0.33340064,52.931362374705785,14404083000.0,12972150000.0,683850000.0,3498853.0,613412999.9999981,175.3183114580687,0.14997289260741548,-85.00271073925845,,EDINET,,輸送用機器
7287.T,日本精機,2809.0,1614.68121088,18.927296,0.6913199,67.34914258563344,114650000000.0,89064000000.0,18210000000.0,57482420.0,29426599999.999985,511.9234715587824,0.18224402689881894,-81.77559731011812,,EDINET,,輸送用機器
7291.T,日本プラスト,452.0,84.98250752,4.264151,0.22510733,43.88648332358105,48015000000.0,49169000000.0,3510000000.0,18801440.0,-3613900000.0000076,-192.21400062973942,-0.42525221378260936,-142.52522137826094,,EDINET,,輸送用機器
7292.T,村上開明堂,6830.0,791.259136,13.01225,0.82843953,80.29267574048762,78598000000.0,23264000000.0,4831000000.0,11585053.0,56389300000.0,4867.418388159294,0.7126527654698821,-28.734723453011796,,EDINET,,輸送用機器
7296.T,エフ・シー・シー,4075.0,1933.45486848,10.455152,0.9499656,78.03883443728651,37945000000.0,26163000000.0,4633000000.0,47446743.0,12408799999.999996,261.53112343243447,0.06417941679323545,-93.58205832067645,,EDINET,,輸送用機器
7294.T,ヨロズ,846.0,174.25866752,9.428285,0.3155659,46.32787976102649,81159000000.0,75397000000.0,7372000000.0,20597952.0,3382700000.0,164.225064705462,0.19411946182678722,-80.58805381732127,,EDINET,,輸送用機器
7297.T,カーメイト,865.0,61.01708288,21.554945,0.39758307,75.22537674120343,17195216000.0,5495000000.0,2073787000.0,7053998.0,12602366900.0,1786.5566307220388,2.0653833881179637,106.5383388117964,,EDINET,,輸送用機器
7309.T,シマノ,17500.0,14757.1474432,26.20702,1.7015427,92.67263522515321,711461000000.0,75339000000.0,25892000000.0,84326564.0,646712500000.0,7669.1432607167535,0.43823675775524307,-56.17632422447569,,EDINET,,輸送用機器
7305.T,新家工業,2685.0,255.98302208,16.94327,0.74475324,58.63980779892811,29180000000.0,20482000000.0,9306000000.0,9533818.0,13164000000.0,1380.7689637037333,0.5142528728877964,-48.57471271122036,,EDINET,,鉄鋼
7299.T,フジオーゼックス,1739.0,171.4618368,8.148634,0.52558976,85.35316386541793,18420106000.0,6065996000.0,140510000.0,9859795.0,11845867400.0,1201.4314090708783,0.6908748758314424,-30.91251241685576,,EDINET,,輸送用機器
7313.T,テイ・エス　テック,1757.5,2052.62389248,29.277029,0.65875787,77.49941449081993,74713000000.0,24562000000.0,6238000000.0,116792253.0,52061400000.0,445.7607303799508,0.25363341700139447,-74.63665829986054,,EDINET,,輸送用機器
7314.T,小田原機器,1345.0,42.85360896,33.34986,1.1081871,56.969297509832494,8647680000.0,5712164000.0,211251000.0,3186142.0,2512175299.999999,788.4693463128759,0.586222562314406,-41.37774376855941,,EDINET,,輸送用機器
7318.T,セレンディップ・ホールディングス,1329.0,238.77138432,5.78002,1.8010424,29.595168342781765,16193903000.0,24109794000.0,2421890000.0,17966244.0,-8631547400.000004,-480.43138009257825,-0.36149840488531093,-136.14984048853108,,EDINET,,輸送用機器
7320.T,Ｓｏｌｖｖｙ,1407.0,155.85809408,9.258407,2.827078,12.21963971929085,9694227000.0,25428648000.0,6207125000.0,11077334.0,-13932298300.000004,-1257.7302715617318,-0.8939092193047135,-189.39092193047134,,EDINET,,その他金融業
7322.T,三十三フィナンシャルグループ,2269.0,2361.15443712,19.080053,1.012475,5.042970416772468,2106000000.0,4304803000000.0,85000000.0,104061452.0,-4733117800000.0,-45483.8723564995,-20.0457789142792,-2104.57789142792,,EDINET,,銀行業
7325.T,アイリックコーポレーション,701.0,57.32310528,14.622445,1.4701996,70.91917989930678,3829792000.0,2107132000.0,43481000.0,8177333.0,1542383500.0,188.61693659778805,0.269068383163749,-73.09316168362511,,EDINET,,保険業
7326.T,ＳＢＩインシュアランスグループ,2069.0,513.53382912,18.141165,1.0219984,20.347395590911013,2084000000.0,175192000000.0,7000000.0,24820388.0,-190622300000.00003,-7680.06930431547,-3.7119716308919624,-471.1971630891962,,EDINET,,保険業
7327.T,第四北越フィナンシャルグループ,2745.0,7204.13720576,16.922506,1.2069728,5.253081930325811,1886000000.0,10498925000000.0,0.0,262445800.0,-11546931500000.0,-43997.39489067838,-16.028194859992123,-1702.8194859992122,,EDINET,,銀行業
7337.T,ひろぎんホールディングス,2420.0,7166.86229504,16.482767,1.189906,4.658423930246117,18496000000.0,11627269000000.0,2066848000000.0,296151325.0,-11324706300000.002,-38239.593559137385,-15.801484941792308,-1680.1484941792307,,EDINET,,銀行業
7343.T,ブロードマインド,1306.0,74.98486272,42.251698,2.009716,75.54240642211444,3591357000.0,1230772000.0,256012000.0,5741567.0,2416716200.0,420.91578832050556,0.32229386548277605,-67.7706134517224,,EDINET,,保険業
7345.T,アイ・パートナーズフィナンシャル,940.0,31.00458496,34.93125,4.174401,54.008484463305486,833648000.0,369877000.0,0.0,3298360.0,426783299.99999994,129.3925769170133,0.13765167757129074,-86.23483224287092,投資有価証券,EDINET,,その他金融業
7347.T,マーキュリアホールディングス,810.0,156.71980032,67.108536,0.8927873,81.83335125070269,20250164000.0,2157083000.0,272461000.0,19348123.0,18068095400.0,933.8422853731083,1.1528917103371707,15.289171033717079,,EDINET,,証券、商品先物取引業
7350.T,おきなわフィナンシャルグループ,7950.0,1697.05783296,14.974571,1.0284967,5.528716190911975,1769000000.0,2825534000000.0,631416000000.0,21346641.0,-2664327200000.0005,-124812.47986509917,-15.699683001899267,-1669.968300189927,,EDINET,,銀行業
7351.T,グッドパッチ,467.0,40.78765312,10.49674,0.92614996,79.02453336505619,3839295000.0,803622000.0,202017000.0,8733973.0,3096722700.0,354.5605991683281,0.7592304050713664,-24.07695949286336,,EDINET,,サービス業
7352.T,ＴＷＯＳＴＯＮＥ＆Ｓｏｎｓ,299.0,132.60510208,53.97112,3.5528834,34.86100039505944,5872328000.0,4216087000.0,24846000.0,44349533.0,1252024500.0,28.230838417171157,0.09441751978987009,-90.55824802101297,,EDINET,,サービス業
7353.T,ＫＩＹＯラーニング,512.0,35.204864,8.833678,2.209611,32.14509872795243,3837219000.0,3063030000.0,27758000.0,6875950.0,487316599.9999995,70.87262123779253,0.13842308835506353,-86.15769116449364,,EDINET,,サービス業
7354.T,ダイレクトマーケティングミックス,362.0,164.89170944,9.166878,1.0623094,54.27775086640104,3016304000.0,8663790000.0,410417000.0,45550196.0,-6226573100.0,-136.69695515689986,-0.3776158982234803,-137.76158982234804,,EDINET,,サービス業
7355.T,一寸房,,,,,,0.0,0.0,0.0,,,,,,"流動資産, 負債合計, 投資有価証券",yfinance,株価または発行済株式数を取得できませんでした,サービス業
7356.T,Ｒｅｔｔｙ,113.0,16.90022656,322.85715,4.3003387,36.39358259401444,991847000.0,753046000.0,0.0,14955953.0,163496399.99999988,10.931861045564926,0.09674213314659226,-90.32578668534077,投資有価証券,EDINET,,サービス業
7357.T,ジオコード,1709.0,47.78526208,,4.3895583,43.33669782915332,1701523000.0,1593208000.0,386271000.0,2796095.0,219383899.99999976,78.46081767608031,0.045910367276817035,-95.40896327231829,,EDINET,,サービス業
7358.T,ポピンズ,1829.0,178.67278336,11.099648,1.8064181,56.11515151515152,12515000000.0,8208000000.0,0.0,9768878.0,3486200000.0,356.8680046981854,0.19511645964908989,-80.48835403509102,投資有価証券,EDINET,,サービス業
7359.T,東京通信グループ,253.0,25.48828672,8.145525,2.755481,24.243845392534784,1689480000.0,2986278000.0,259170000.0,10074422.0,-1414006800.0000005,-140.35612167129793,-0.5547672793331934,-155.47672793331935,,EDINET,,サービス業
7360.T,オンデック,614.0,16.04710528,,1.8214666,82.2525102152896,818500000.0,202734000.0,102725000.0,2613535.0,667400100.0,255.36298538186784,0.4159006276577652,-58.409937234223484,,EDINET,,サービス業
7361.T,ヒューマンクリエイションホールディングス,1198.0,40.64429568,15.476036,2.489392,34.042612352252384,1992423000.0,1690392000.0,94537000.0,3392679.0,199167699.99999976,58.70514127625978,0.04900262210038379,-95.09973778996161,,EDINET,,サービス業
7362.T,Ｔ．Ｓ．Ｉ,867.0,13.29107584,9.174603,0.9004789,24.363616575854998,1761128000.0,3494933000.0,0.0,1532996.0,-2083298300.0000005,-1358.971778139017,-1.5674414972768362,-256.7441497276837,投資有価証券,EDINET,,サービス業
7363.T,ベビーカレンダー,1417.0,12.62195584,41.14402,1.6202767,40.40808348252562,697175000.0,853713000.0,0.0,890752.0,-241909300.00000012,-271.5787334746373,-0.19165753950221406,-119.16575395022141,,EDINET,,サービス業
7364.T,琉球アスティーダスポーツクラブ,,,,,,0.0,0.0,0.0,,,,,,"流動資産, 負債合計, 投資有価証券",yfinance,株価または発行済株式数を取得できませんでした,サービス業
7366.T,ＬＩＴＡＬＩＣＯ,2011.0,686.25260544,23.751034,4.875896,32.788382500684996,8925000000.0,11720000000.0,242000000.0,34124944.0,-3797600000.000002,-111.28516430678984,-0.05533822193276471,-105.53382219327648,,EDINET,,サービス業
7367.T,セルム,332.0,70.4807424,12.609191,2.3965929,44.166126892757184,2866136000.0,4476741000.0,109636000.0,21229140.0,-1981533900.0,-93.3402813302847,-0.2811454256936286,-128.11454256936287,,EDINET,,サービス業
7368.T,表示灯,1717.0,81.045248,10.091097,0.95459634,53.97814705446354,10502518000.0,7267776000.0,410195000.0,4720166.0,2795100899.999999,592.1615680465474,0.34488151895547314,-65.51184810445268,,EDINET,,サービス業
7369.T,メイホーホールディングス,388.0,18.27401984,,0.8433774,33.13848937891653,2844930000.0,4413764000.0,2380000.0,4709799.0,-2008544400.0,-426.4607470509888,-1.0991256367293525,-209.91256367293528,,EDINET,,サービス業
7370.T,Ｅｎｊｉｎ,714.0,48.09302528,20.913885,1.109526,86.38759817587942,4506270000.0,659287000.0,73177000.0,6735718.0,3832278200.0,568.9487297419518,0.7968469604229016,-20.315303957709837,,EDINET,,サービス業
7371.T,Ｚｅｎｋｅｎ,804.0,99.30284032,18.83345,0.76744723,85.61917281250774,5104063000.0,2121357000.0,1013334000.0,12351100.0,3479904100.0,281.748516326481,0.3504334780180112,-64.95665219819888,,EDINET,,サービス業
7372.T,デコルテ・ホールディングス,436.0,22.41022976,8.433269,0.41751054,40.431276864422465,62190000.0,3662132000.0,567268000.0,5139961.0,-3569067600.0000005,-694.376397019355,-1.5926064151820067,-259.2606415182007,,EDINET,,サービス業
7373.T,アイドマ・ホールディングス,871.0,125.59941632,7.0830283,1.6710505,66.12980872870776,7254592000.0,3351783000.0,1068500000.0,14420140.0,4315580700.0,299.27453547607723,0.34359877781409554,-65.64012221859043,,EDINET,,サービス業
7375.T,リファインバースグループ,1271.0,42.56177408,16.525808,7.984772,3.8684246021441995,1432939000.0,3187580000.0,20000000.0,3348684.0,-2059399000.0000005,-614.9875592919489,-0.4838611796160101,-148.38611796160103,,EDINET,,サービス業
7374.T,コンフィデンス・インターワークス,1495.0,93.45937408,11.693391,1.5196657,81.06642706018057,4829268000.0,797488000.0,15000000.0,6251463.0,3962531200.0,633.8566188426613,0.4239843604298738,-57.60156395701262,,EDINET,,サービス業
7376.T,ＢＣＣ,694.0,29.44474624,,6.4139295,55.83099924504147,789835000.0,267575000.0,32333000.0,4242759.0,518135600.0,122.12232653327705,0.1759687702208603,-82.40312297791397,,EDINET,,サービス業
7378.T,アシロ,1544.0,108.5677056,13.138189,3.8772051,64.96648624805493,2241910000.0,1487856000.0,147692000.0,7031587.0,708652799.9999998,100.78134566208166,0.06527289226818761,-93.47271077318125,,EDINET,,サービス業
7377.T,ＤＮホールディングス,1724.0,141.55281408,14.856946,0.8222389,60.6493528092218,16533523000.0,10055929000.0,901714000.0,8210720.0,6103200900.0,743.3210364011926,0.43116069396820916,-56.88393060317908,,EDINET,,サービス業
7380.T,十六フィナンシャルグループ,2896.0,5128.96466944,18.58674,0.9918899,6.288518045000689,548000000.0,7171927000000.0,1113758000000.0,177105130.0,-7108941100000.001,-40139.66789104303,-13.860382559061819,-1486.0382559061818,,EDINET,,銀行業
7383.T,ネットプロテクションズホールディングス,379.0,377.11638528,21.806675,1.7423606,24.775754440826212,9640000000.0,61000000.0,1059000000.0,99502999.0,10314200000.0,103.65717720729201,0.273501786826628,-72.6498213173372,,EDINET,,その他金融業
7381.T,ＣＣＩグループ,1353.0,2978.18980352,24.177984,1.1341214,3.882213675038467,18013000000.0,6172180000000.0,1885641000000.0,220117500.0,-5451436300000.001,-24766.02859836224,-18.30452963663137,-1930.4529636631369,,EDINET,,銀行業
7384.T,プロクレアホールディングス,5910.0,1673.42768128,43.066387,0.9831722,2.7844006367296523,2919000000.0,5903339000000.0,1044637000000.0,28315189.0,-5759508000000.001,-203407.01239889307,-34.41743018593792,-3541.743018593792,,EDINET,,銀行業
7388.T,ＦＰパートナー,2258.0,520.99186688,30.935745,4.7080407,64.24111889133384,11369161000.0,6693055000.0,1007000.0,23073155.0,4007505399.999999,173.68692751381417,0.07692069420452355,-92.30793057954764,,EDINET,,保険業
7389.T,あいちフィナンシャルグループ,2021.0,4925.84763392,23.076044,1.0637581,6.012524243768115,2865000000.0,6445891000000.0,1275976000000.0,243733185.0,-6194431900000.001,-25414.8071794163,-12.575362285708215,-1357.5362285708215,,EDINET,,銀行業
7399.T,ナンシン,622.0,39.79854592,17.776506,0.33293083,83.02897353956126,9890736000.0,2706428000.0,344932000.0,6398480.0,7155117600.0,1118.2527100186294,1.7978339389367033,79.78339389367032,,EDINET,,輸送用機器
7409.T,ＡｅｒｏＥｄｇｅ,1500.0,373.87583488,50.18401,7.753661,47.375893330787285,5118684000.0,7467374000.0,19566000.0,24925056.0,-3081731200.000001,-123.63989071880123,-0.08242659381253416,-108.24265938125342,,EDINET,,輸送用機器
7413.T,創健社,3000.0,20.99019008,118.95322,1.7743185,38.894060293141514,2297555000.0,1783118000.0,125828000.0,699673.0,424204799.99999976,606.290081223657,0.202096693741219,-79.7903306258781,,EDINET,,卸売業
7412.T,アトム,310.0,598.72243712,,5.764653,25.352985742819754,8597000000.0,11686000000.0,199000000.0,193136265.0,-4118300000.000002,-21.323286954938276,-0.06878479662883315,-106.87847966288331,,EDINET,,小売業
7414.T,小野建,1368.0,334.23665152,,0.36060792,47.82810436520683,112648000000.0,105256000000.0,3032000000.0,24432503.0,-1011200000.0000155,-41.387491081041325,-0.030254013948129623,-103.02540139481297,,EDINET,,卸売業
7417.T,南陽,1721.0,207.5052032,9.205177,0.7491471,65.24194888103092,25183000000.0,15538000000.0,3052000000.0,12057246.0,10227599999.999998,848.2534071213275,0.49288402505597184,-50.71159749440282,,EDINET,,卸売業
7416.T,はるやまホールディングス,677.0,106.15392256,,0.48326454,54.69549236920016,23503388000.0,19283558000.0,567654000.0,15680048.0,2688832000.0,171.48110771089478,0.25329558007517694,-74.67044199248231,,EDINET,,小売業
7419.T,ノジマ,1252.0,3666.182144,10.003196,1.4200824,41.89221468246092,396676000000.0,415502000000.0,31412000000.0,292826035.0,-38387800000.00006,-131.09421776653178,-0.10470784166655893,-110.4707841666559,,EDINET,,小売業
7421.T,カッパ・クリエイト,1457.0,719.0634496,,7.6196156,35.33308034636216,13445000000.0,20182000000.0,861000000.0,49352326.0,-8152500000.0,-165.18978254439315,-0.11337665239834809,-111.33766523983482,,EDINET,,小売業
7422.T,東邦レマック,568.0,28.90097664,129.09091,0.5477011,67.43693950995292,3858012000.0,1436481000.0,705039000.0,5088200.0,2771410200.0,544.6739908022483,0.9589330823983245,-4.1066917601675454,,EDINET,,卸売業
7425.T,初穂商事,1111.0,73.32539904,8.715776,0.7186385,50.45678550831568,15501938000.0,11279453000.0,180599000.0,6599946.0,3220958999.999998,488.02808386614043,0.43926920239976636,-56.07307976002337,,EDINET,,卸売業
7433.T,伯東,1857.0,1048.81815552,20.66548,1.516743,42.231826778526745,120853000000.0,71825000000.0,8670000000.0,56479170.0,47914500000.0,848.3570137450674,0.45684276453692374,-54.31572354630762,,EDINET,,卸売業
7427.T,エコートレーディング,825.0,50.1024256,6.437266,0.4172008,31.307746433993618,31990350000.0,22585843000.0,727563000.0,6073021.0,7655216799.999996,1260.5286232338067,1.5279134827076444,52.79134827076445,,EDINET,,卸売業
7434.T,オータケ,1749.0,68.60267008,7.413216,0.40198448,59.038844237473654,17228480000.0,10676471000.0,3269683000.0,3922394.0,7773140000.0,1981.733604528255,1.1330666692557203,13.306666925572042,,EDINET,,卸売業
7438.T,コンドーテック,1633.0,418.61890048,12.813873,1.082066,58.590308370044056,40740000000.0,26896000000.0,280000000.0,25634960.0,11350399999.999996,442.7703417520447,0.271139217239464,-72.8860782760536,,EDINET,,卸売業
7435.T,ナ・デックス,1385.0,108.89027584,17.224226,0.5389623,64.3184367842051,21768377000.0,11846091000.0,2335851000.0,7862114.0,10372772599.999998,1319.3363260822723,0.952589405113554,-4.7410594886445985,,EDINET,,卸売業
7442.T,中山福,472.0,89.3016064,13.764946,0.38452983,71.65228254837923,20783639000.0,10393351000.0,3582469000.0,18919831.0,11858681200.0,626.7857889428293,1.3279359935229433,32.79359935229434,,EDINET,,卸売業
7443.T,横浜魚類,681.0,42.61255936,23.194822,2.5444722,47.716496056640864,3115588000.0,2892772000.0,748313000.0,6257351.0,457357899.99999946,73.09129694019074,0.1073293640825121,-89.26706359174878,,EDINET,,卸売業
7444.T,ハリマ共和物産,1976.0,106.36173312,7.0247784,0.4095959,69.45578866933892,17734816000.0,11490772000.0,3010399000.0,5382679.0,7202246099.999998,1338.041168719145,0.6771463404449114,-32.28536595550886,,EDINET,,卸売業
7446.T,東北化学薬品,4350.0,39.18949888,7.049672,0.44624797,43.531055250098156,11693605000.0,9731904000.0,1789876000.0,900908.0,2241423800.0,2487.9608128687946,0.5719450144525965,-42.80549855474035,,EDINET,,卸売業
7447.T,ナガイレーベン,1716.0,507.29033728,19.97439,1.3061547,92.45110699674498,38285687000.0,4029909000.0,193559000.0,29562374.0,33988278400.0,1149.714106181053,0.669996565373574,-33.000343462642604,,EDINET,,卸売業
7453.T,良品計画,4355.0,23117.57234176,37.902523,5.8225274,59.69250944915051,335447000000.0,212546000000.0,2425000000.0,530828292.0,103343899999.99997,194.68423510478596,0.0447036131124652,-95.52963868875347,,EDINET,,小売業
7456.T,松田産業,6700.0,1731.40770816,10.55883,1.381202,52.26609182029319,116124000000.0,69124000000.0,7894000000.0,25841906.0,45613400000.0,1765.0942620099306,0.2634469047776016,-73.65530952223985,,EDINET,,卸売業
7458.T,第一興商,1760.0,1819.4333696,11.658717,1.4722711,56.86134863571412,67543000000.0,91454000000.0,7044000000.0,103376893.0,-28125600000.000015,-272.0685366312955,-0.15458439581323608,-115.4584395813236,,EDINET,,卸売業
7459.T,メディパルホールディングス,2949.0,6036.56290304,14.238123,0.9290925,41.383879933527645,1282746000000.0,1067037000000.0,199078000000.0,204698639.0,248359900000.0,1213.2953165360323,0.41142601442388343,-58.85739855761165,,EDINET,,卸売業
7460.T,ヤギ,1673.0,408.15931392,11.510147,0.85411394,56.571622210388725,55969000000.0,36020000000.0,10858000000.0,24396852.0,23947600000.0,981.5856570347682,0.5867218511863528,-41.32781488136472,,EDINET,,卸売業
7461.T,キムラ,472.0,70.0100352,9.876543,0.4126004,53.46780971199365,12725881000.0,12293466000.0,1033398000.0,14832635.0,-73553000.0000019,-4.958862670051674,-0.010506064978923037,-101.0506064978923,,EDINET,,卸売業
7462.T,ＣＡＰＩＴＡ,378.0,31.07862272,20.16,1.7057453,36.594960046906586,4032835000.0,3443126000.0,61495000.0,8221858.0,288442899.9999995,35.08244730084119,0.09281070714508251,-90.71892928549175,,EDINET,,小売業
7463.T,アドヴァングループ,936.0,314.31483392,4.0369186,0.5206647,67.08348786719802,27863714000.0,26429503000.0,2591220000.0,33580645.0,605114699.9999962,18.019746196060147,0.019251865594081354,-98.07481344059185,,EDINET,,小売業
7464.T,セフテック,1505.0,26.4297856,18.697975,0.36861625,62.48800549731601,7991334000.0,5197145000.0,503752000.0,1756132.0,2627100900.0,1495.9586750882052,0.9939924751416646,-0.6007524858335446,,EDINET,,卸売業
7466.T,ＳＰＫ,1462.0,295.22634752,10.964452,1.0002928,61.36577609473398,34296000000.0,17110000000.0,430000000.0,20193320.0,15776000000.0,781.2484524585358,0.5343696665243063,-46.56303334756937,,EDINET,,卸売業
7472.T,鳥羽洋行,3785.0,146.5929728,13.473586,0.6744693,74.66813547949295,23284672000.0,9746400000.0,2382540000.0,3872998.0,14231410000.0,3674.520358647229,0.9708111911881715,-2.9188808811828553,,EDINET,,卸売業
7475.T,アルビス,3770.0,314.99515904,24.006624,0.95173323,56.33497301359568,14674000000.0,20567000000.0,1035000000.0,8355309.0,-7225200000.0,-864.7436019421903,-0.22937496072737143,-122.93749607273713,,EDINET,,小売業
7476.T,アズワン,2487.0,1773.76985088,19.280563,2.4209492,69.49356089083294,69957000000.0,33431000000.0,14573000000.0,71321662.0,43384000000.0,608.2864417825821,0.24458642612890313,-75.54135738710968,,EDINET,,卸売業
7477.T,ムラキ,1600.0,22.71393536,35.406063,0.8298845,67.1668048223396,2685065000.0,1262812000.0,222936000.0,1419621.0,1452027000.0,1022.8272193775663,0.6392670121109789,-36.07329878890211,,EDINET,,卸売業
7480.T,スズデン,3790.0,480.5896192,30.850632,2.9027889,59.10964506211758,23369609000.0,10410085000.0,424477000.0,12680465.0,12215649400.0,963.3439625439603,0.25418046505117686,-74.58195349488231,,EDINET,,卸売業
7481.T,尾家産業,2516.0,208.84320256,7.4705305,1.2088401,41.276057502858116,26492000000.0,23121000000.0,811000000.0,8300604.0,1626599999.9999962,195.96164327318786,0.0778861857206629,-92.21138142793372,,EDINET,,卸売業
7482.T,シモジマ,1433.0,335.18780416,12.303597,0.89963967,81.54949784791967,23232000000.0,6665000000.0,515000000.0,23390636.0,16261000000.0,695.1927258412298,0.48513100198271447,-51.48689980172855,,EDINET,,卸売業
7483.T,ドウシシャ,3005.0,1078.58845696,12.395842,1.1331036,87.26004121326054,80665000000.0,12827000000.0,2404000000.0,35893128.0,68238100000.0,1901.1466484615105,0.6326611142966757,-36.73388857033243,,EDINET,,卸売業
7486.T,サンリン,827.0,100.153088,20.072815,0.45749727,70.34026282813353,13713000000.0,8170000000.0,6205000000.0,12110410.0,9069500000.0,748.9011519841195,0.9055636662444008,-9.443633375559921,,EDINET,,卸売業
7487.T,小津産業,1875.0,157.79929088,25.82289,0.8274306,74.96446685195689,13986364000.0,7194845000.0,7812873000.0,8415962.0,11541045600.0,1371.328150008282,0.7313750133377503,-26.862498666224965,,EDINET,,卸売業
7490.T,日新商事,2191.0,146.27992576,3.9976645,0.5525418,62.28468004064155,15637610000.0,16778549000.0,8148730000.0,6676400.0,2885317100.0,432.1666017614283,0.19724628104127262,-80.27537189587274,,EDINET,,卸売業
7494.T,コナカ,229.0,77.3703424,3.7801254,0.45027244,39.34569711879642,19369000000.0,28224000000.0,4144000000.0,33786176.0,-8776600000.000004,-259.7689658634349,-1.1343622963468774,-213.43622963468775,,EDINET,,小売業
7500.T,西川計測,11450.0,388.35421184,11.231767,9.959094,60.44674036398384,22455743000.0,13401261000.0,8314861000.0,3391740.0,13534758599.999998,3990.50593500681,0.34851580218400086,-65.14841978159993,,EDINET,,卸売業
7501.T,ティムコ,1404.0,34.7687552,,0.8051183,79.91236619509503,3716831000.0,1010244000.0,593734000.0,2476407.0,3021176400.0,1219.9837910327342,0.868934324097389,-13.106567590261097,,EDINET,,卸売業
7502.T,プラザホールディングス,1665.0,33.62738944,19.015533,2.4440153,20.768280877235064,7389239000.0,9404247000.0,46183000.0,2019663.0,-2923104600.0,-1447.322944471429,-0.86926302971257,-186.92630297125697,,EDINET,,サービス業
7504.T,高速,4390.0,848.78508032,22.774435,2.0155237,67.29528307317611,32987524000.0,21477246000.0,5931900000.0,19334513.0,13514883399.999996,699.0030418661177,0.15922620543647328,-84.07737945635267,,EDINET,,卸売業
7505.T,扶桑電通,1967.0,229.51958528,6.680705,1.25445,38.79496997710593,19868688000.0,17146405000.0,7217184000.0,11668510.0,6059671300.0,519.3183448443717,0.26401542696714375,-73.59845730328563,,EDINET,,卸売業
7506.T,ハウス　オブ　ローゼ,1375.0,64.65841152,3819.4443,1.203378,68.62512530072173,5383733000.0,2761159000.0,141111000.0,4702430.0,2445235799.9999995,519.9940881629284,0.37817751866394794,-62.18224813360521,,EDINET,,小売業
7508.T,Ｇ‐７ホールディングス,1388.0,607.27074816,12.73862,1.7692572,43.55321235899951,34898000000.0,38118000000.0,123000000.0,43751498.0,-6945700000.0,-158.75342142570753,-0.1143756638513743,-111.43756638513742,,EDINET,,小売業
7509.T,アイエーグループ,4670.0,68.09355264,4.9128933,0.406966,61.227499716593755,11862315000.0,12421465000.0,109948000.0,1458106.0,-1724332900.000002,-1182.5840508166086,-0.25322998946822456,-125.32299894682244,,EDINET,,小売業
7510.T,たけびし,2887.0,462.69919232,15.385026,1.0142907,68.1748832621862,50876000000.0,22845000000.0,5666000000.0,16026990.0,29712699999.999996,1853.9164247310316,0.6421601748288991,-35.78398251711009,,EDINET,,卸売業
7512.T,イオン北海道,846.0,1177.01001216,31.93658,1.5444918,38.430249686018925,37446000000.0,114199000000.0,40000000.0,139126479.0,-88144900000.00002,-633.5594822319913,-0.7488882768699661,-174.8888276869966,,EDINET,,小売業
7513.T,コジマ,1466.0,1129.26130176,22.161753,1.5375128,58.15740234795423,77679000000.0,48181000000.0,9436000000.0,77030101.0,31285099999.999992,406.1412304262718,0.2770404027464337,-72.29595972535664,,EDINET,,小売業
7514.T,ヒマラヤ,852.0,104.29535232,,0.6552707,47.102431707387424,22511000000.0,18265000000.0,1201000000.0,12241239.0,3260200000.0,266.329249841458,0.31259301624584274,-68.74069837541572,,EDINET,,小売業
7515.T,マルヨシセンター,4560.0,42.62751744,32.430126,1.2905698,21.24607154745477,3070406000.0,12966325000.0,289613000.0,934814.0,-10989822400.000002,-11756.159407112005,-2.578105133138598,-357.81051331385976,,EDINET,,小売業
7516.T,コーナン商事,4355.0,1257.94697216,10.075421,0.6882952,34.43906710275301,170496000000.0,313214000000.0,4515000000.0,28885119.0,-170878900000.0,-5915.810836714919,-1.358395140462668,-235.83951404626674,,EDINET,,小売業
7520.T,エコス,2495.0,275.08844544,10.661938,0.9502579,51.751062322946176,23984000000.0,30839000000.0,527000000.0,11025589.0,-9570000000.000004,-867.9808398444749,-0.3478881121621142,-134.78881121621143,,EDINET,,小売業
7521.T,ムサシ,2700.0,183.98488576,6.614729,0.4973476,69.89536225851009,34843000000.0,15845000000.0,3559000000.0,6814255.0,19904800000.0,2921.052998456911,1.081871480909967,8.18714809099671,,EDINET,,卸売業
7522.T,ワタミ,867.0,347.70542592,9.927859,1.1650877,40.89945812543591,56408000000.0,44357000000.0,686000000.0,40104432.0,8095499999.999992,201.86048265189226,0.23282639290875692,-76.71736070912432,,EDINET,,小売業
7523.T,アールビバン,1876.0,171.685632,10.14054,1.0514157,44.33652409009347,29681055000.0,19457617000.0,2336716000.0,9151686.0,9913377500.0,1083.229636593738,0.5774145184401588,-42.258548155984116,,EDINET,,小売業
7524.T,マルシェ,180.0,28.85134848,,0.31334648,24.46096641308177,2583592000.0,3016848000.0,32523000.0,16028237.0,-712174700.0000005,-44.43250371204272,-0.24684724284468176,-124.68472428446817,,EDINET,,小売業
7525.T,リックス,3545.0,287.35561728,9.032537,0.9963969,61.44046830319115,32408401000.0,17760378000.0,3836028000.0,8105941.0,15557204800.0,1919.2348920378276,0.5413920710967074,-45.86079289032926,,EDINET,,卸売業
7527.T,システムソフト,47.0,49.726976,,0.949169,89.42013726095415,4451822000.0,892907000.0,347762000.0,105802071.0,3713057700.0,35.09437636622444,0.7466888588558391,-25.331114114416092,,EDINET,,情報・通信業
7531.T,清和中央ホールディングス,1309.0,51.48808704,14.0255,0.32232434,44.67294108692762,26505841000.0,21519465000.0,1752950000.0,3933391.0,4061494499.999996,1032.5682089576135,0.7888221611593685,-21.11778388406314,,EDINET,,卸売業
7532.T,パン・パシフィック・インターナショナルホールディングス,686.2,20523.16463104,18.485992,2.9026704,41.299421717429084,527990000000.0,887401000000.0,37901000000.0,2990842875.0,-421620400000.0001,-140.97042794332688,-0.2054363566647142,-120.54363566647142,,EDINET,,小売業
7537.T,丸文,1921.0,504.12691456,14.896091,0.87726986,43.3024599830346,130607000000.0,84390000000.0,3723000000.0,26242942.0,40384100000.0,1538.855666411182,0.8010701022442385,-19.892989775576154,,EDINET,,卸売業
7538.T,大水,385.0,46.92089856,7.1707954,0.36838263,45.2574812308343,17912000000.0,13382000000.0,3735000000.0,12187247.0,5806299999.999998,476.4242490531289,1.237465581956179,23.746558195617897,,EDINET,,卸売業
7539.T,アイナボホールディングス,773.0,179.57894144,10.139035,0.6603626,55.38766628560645,32457597000.0,20098217000.0,2222055000.0,23231428.0,11904996800.0,512.4522177457193,0.6629394796193004,-33.70605203806995,,EDINET,,卸売業
7544.T,スリーエフ,559.0,42.3406848,11.021293,1.0143902,84.26536992011116,4485000000.0,673000000.0,38000000.0,7574362.0,3771300000.0,497.90332175832106,0.8907036167411826,-10.929638325881744,,EDINET,,小売業
7545.T,西松屋チェーン,1942.0,1160.28899328,16.524847,1.165739,61.56903857074215,118000000000.0,61582000000.0,14913000000.0,59747116.0,60698899999.99999,1015.9302082463695,0.5231360495604375,-47.68639504395626,,EDINET,,小売業
7550.T,ゼンショーホールディングス,10990.0,17195.19674368,39.66077,4.8504806,35.554093144043605,252006000000.0,572737000000.0,1528000000.0,156462209.0,-376935100000.0,-2409.1127334141115,-0.2192095298829947,-121.92095298829946,,EDINET,,小売業
7551.T,ウェッズ,671.0,107.61555968,11.010831,0.608582,73.73551729687311,16906578000.0,7053484000.0,635005000.0,16038087.0,9592249100.0,598.091848485421,0.8913440364909404,-10.865596350905962,,EDINET,,輸送用機器
7554.T,幸楽苑,1148.0,219.40369408,19.155682,3.0550928,53.45353751553537,6018182000.0,6502330000.0,78300000.0,19111819.0,-1079571000.000001,-56.48708791141235,-0.04920478041063794,-104.92047804106379,,EDINET,,小売業
7552.T,ハピネット,4980.0,2156.96687104,22.272911,3.648119,41.86301674270675,96938000000.0,65780000000.0,9136000000.0,43312589.0,30975200000.0,715.1546632319763,0.14360535406264585,-85.63946459373543,,EDINET,,卸売業
7555.T,大田花き,736.0,37.44528128,45.516388,0.72978514,63.70180575890678,3877000000.0,3185000000.0,825000000.0,5087674.0,950999999.9999995,186.92235390868194,0.2539705895498396,-74.60294104501604,,EDINET,,卸売業
7561.T,ハークスレイホールディングス,676.0,125.00006912,8.416335,0.48197308,35.93956694283924,29557000000.0,48765000000.0,3244000000.0,18491134.0,-21813700000.000008,-1179.6842746366992,-1.7450950808235195,-274.50950808235194,,EDINET,,小売業
7562.T,安楽亭,3745.0,172.95069184,20.16585,2.0618818,32.10318498469928,10659537000.0,16826639000.0,185860000.0,4618176.0,-7719663900.0,-1671.5828716792084,-0.44635056653650423,-144.63505665365042,,EDINET,,小売業
7564.T,ワークマン,5250.0,4284.68928512,20.342531,2.778026,82.8330373481164,121066000000.0,26928000000.0,1000000.0,81613128.0,91445900000.0,1120.4802737128273,0.21342481404053854,-78.65751859594614,,EDINET,,小売業
7565.T,萬世電機,7190.0,116.74359808,10.593314,0.87632185,53.47822806674031,17177140000.0,8672067000.0,1259383000.0,1623694.0,8519434400.0,5246.9457915099765,0.7297560210723194,-27.02439789276806,,EDINET,,卸売業
7567.T,栄電子,641.0,32.55469824,28.387955,0.6270163,65.456969398248,4125519000.0,2218443000.0,785651000.0,5078736.0,2235187400.0,440.10702663024813,0.6865944253201999,-31.340557467980013,,EDINET,,卸売業
7570.T,橋本総業ホールディングス,1351.0,262.8955136,9.415947,0.69258255,42.91714709273596,48674000000.0,53182000000.0,9575000000.0,19459328.0,-3123700000.0000076,-160.52455665478314,-0.11881906488140868,-111.88190648814087,,EDINET,,卸売業
7571.T,ヤマノホールディングス,84.0,29.29549312,14.583333,2.1765041,17.740073818123772,6077215000.0,6628928000.0,121975000.0,34875589.0,-1129223300.000001,-32.3786158851683,-0.38545971291867026,-138.54597129186703,,EDINET,,小売業
7575.T,日本ライフライン,1484.0,1041.09244416,11.172174,1.6152557,82.15082719327773,44336000000.0,15208000000.0,7374000000.0,70154478.0,32769000000.0,467.0977667312983,0.31475590750087484,-68.52440924991251,,EDINET,,卸売業
7578.T,ニチリョク,67.0,12.36266624,,0.44792387,57.42974426854659,536192000.0,2890123000.0,11843000.0,18451740.0,-2634653200.0000005,-142.78616542396546,-2.1311367973726187,-313.11367973726186,,EDINET,,小売業
7581.T,サイゼリヤ,6710.0,3296.52862976,26.267372,2.5105286,65.28760741392954,98158000000.0,57332000000.0,279000000.0,49128591.0,35288099999.99999,718.2803186844906,0.10704624719590024,-89.29537528040998,,EDINET,,小売業
7585.T,かんなん丸,407.0,15.51270784,,1.325897,36.45691801424678,601870000.0,1113554000.0,18178000.0,3811476.0,-610314800.0,-160.12557864722223,-0.39342894016516516,-139.3428940165165,,EDINET,,小売業
7590.T,タカショー,398.0,67.09656064,26.201448,0.51580995,54.84261914850417,15125705000.0,11058379000.0,180245000.0,16858433.0,3087659599.999998,183.15223010347393,0.46018148267204506,-53.98185173279549,,EDINET,,卸売業
7593.T,ＶＴホールディングス,504.0,571.82994432,12.475247,0.8259926,25.717415620968296,18834000000.0,50925000000.0,18741000000.0,113458324.0,-24064800000.000008,-212.10255141791103,-0.4208383956704584,-142.08383956704586,,EDINET,,小売業
7595.T,アルゴグラフィックス,1229.0,844.47772672,4.9226947,1.7858337,63.45674101307828,61792449000.0,26820678000.0,21185887000.0,68712592.0,47119824100.0,685.7523887324757,0.5579759062103138,-44.202409378968625,,EDINET,,情報・通信業
7596.T,魚力,2126.0,296.73562112,23.306292,1.5606167,77.77786736693554,14609327000.0,5215851000.0,5251895000.0,13957461.0,12548217400.0,899.0329544893588,0.422875331368466,-57.71246686315339,,EDINET,,小売業
7599.T,ＩＤＯＭ,1157.0,1161.71169792,9.691741,1.2946744,34.020313466302945,164358000000.0,139208000000.0,0.0,100407228.0,11229200000.0,111.83657017201989,0.09666082123770085,-90.3339178762299,,EDINET,,卸売業
7600.T,日本エム・ディ・エム,629.0,165.7637376,60.306805,0.66826737,71.26744783394848,23866617000.0,8925704000.0,66770000.0,26353536.0,14095081600.0,534.8459349060407,0.8503115022353589,-14.968849776464113,,EDINET,,精密機器
7601.T,ポプラ,167.0,19.6841216,20.390722,2.179872,22.233637031326822,1741232000.0,2999415000.0,61412000.0,11786899.0,-1515136100.0000005,-128.5440810174076,-0.7697250360323807,-176.9725036032381,,EDINET,,小売業
7602.T,レダックス,169.0,35.03166464,30.560577,0.7655511,69.64224045633487,5431973000.0,2214570000.0,62908000.0,20728796.0,3039981600.0,146.6550010912356,0.8677810715457728,-13.221892845422728,,EDINET,,卸売業
7603.T,ジーイエット,34.0,25.33383424,,0.8169346,25.320738756520512,5111000000.0,6069000000.0,0.0,74511283.0,-1564900000.000001,-21.002188353138422,-0.6177114221511301,-161.771142215113,投資有価証券,EDINET,,小売業
7604.T,梅の花グループ,915.0,81.29445376,34.2312,4.056714,9.3729647681791,6845740000.0,21125392000.0,348026000.0,8884640.0,-16148573000.0,-1817.5832673017703,-1.9864298003298035,-298.64298003298035,,EDINET,,小売業
7606.T,ユナイテッドアローズ,2406.0,645.004288,10.930402,1.5751166,58.925699581859114,44816000000.0,32320000000.0,0.0,26808158.0,9264000000.0,345.56645033202204,0.14362695358770658,-85.63730464122933,投資有価証券,EDINET,,小売業
7607.T,進和,3010.0,403.77823232,10.886076,0.87078327,58.60739125130977,53008661000.0,23971667000.0,2857237000.0,13414559.0,28639893199.999996,2134.9858165296373,0.7092976134649958,-29.070238653500425,,EDINET,,卸売業
7608.T,エスケイジャパン,965.0,161.89922304,12.182805,2.403427,77.97718686055575,6325451000.0,1195803000.0,161466000.0,16777122.0,5123093900.0,305.36190295331943,0.3164372051329735,-68.35627948670265,,EDINET,,卸売業
7609.T,ダイトロン,4490.0,920.96708608,15.474221,2.406531,44.87784029139802,65204907000.0,40149751000.0,2190980000.0,20511515.0,22573866900.0,1100.5460542529404,0.24511047978907358,-75.48895202109264,,EDINET,,卸売業
7610.T,テイツー,136.0,84.20183552,9.890909,1.2329004,48.76006063483727,9292060000.0,7233577000.0,661348000.0,61913115.0,1798068899.999999,29.04180963920163,0.2135427179353061,-78.64572820646939,,EDINET,,小売業
7611.T,ハイデイ日高,2937.0,1057.40869632,21.430134,3.9693854,72.75097198589313,17710683000.0,8577899000.0,156361000.0,36003019.0,8384446800.0,232.88177027598712,0.07929239709771438,-92.07076029022858,,EDINET,,小売業
7613.T,シークス,1631.0,769.00655104,19.313204,0.69875395,49.92831782625011,156211000000.0,116451000000.0,2427000000.0,47149393.0,29813799999.999985,632.3262740625311,0.38769238139946727,-61.23076186005327,,EDINET,,卸売業
7614.T,オーエムツーネットワーク,1540.0,102.68704768,9.589639,0.55957186,77.42190268301658,12830576000.0,4825117000.0,2335369000.0,6667990.0,9157705600.0,1373.3832234301492,0.8918072879416553,-10.819271205834466,,EDINET,,小売業
7616.T,コロワイド,1961.0,2084.65657856,123.878716,2.4738111,26.670770037414766,69195000000.0,86857000000.0,154000000.0,106305791.0,-26239900000.000015,-246.8341541243037,-0.12587157273039454,-112.58715727303945,,EDINET,,小売業
7615.T,京都きもの友禅ホールディングス,95.0,19.66453888,7.6366563,0.6349546,37.971015167656226,5305001000.0,5297350000.0,0.0,20699514.0,-522084000.0,-25.222041445031028,-0.2654951731055898,-126.54951731055897,,EDINET,,小売業
7619.T,田中商事,992.0,80.8011264,8.701755,0.5059557,50.692966523127204,16371397000.0,14582167000.0,83499000.0,8145275.0,389462599.9999981,47.81454278707571,0.048200143938584385,-95.17998560614157,,EDINET,,卸売業
7621.T,うかい,3220.0,180.81900544,61.462112,3.7439773,47.8980195732954,6876459000.0,6132218000.0,136230000.0,5615497.0,226380199.99999905,40.31347537003386,0.012519712847836604,-98.74802871521634,,EDINET,,小売業
7624.T,ＮａＩＴＯ,177.0,96.9273856,13.460076,0.7173427,74.70146707608325,14207000000.0,4315000000.0,284000000.0,54761230.0,9659300000.0,176.38939081536336,0.9965502305952731,-0.3449769404726802,,EDINET,,卸売業
7625.T,グローバルダイニング,443.0,46.16356352,5.9703507,0.7486725,50.44349548757906,2043295000.0,4900291000.0,43389000.0,10420669.0,-3316652800.0,-318.2763793764105,-0.7184568383214683,-171.84568383214682,,EDINET,,小売業
7628.T,オーハシテクニカ,1145.0,292.8550912,13.909135,0.71287465,85.30147218334147,37642177000.0,9029774000.0,2566782000.0,25576865.0,29506173000.0,1153.6274285374693,1.007534872085126,0.7534872085126038,,EDINET,,卸売業
7630.T,壱番屋,1060.0,1691.81626368,65.71606,5.3241982,68.26513877644226,21438000000.0,13985000000.0,531000000.0,159605320.0,6426199999.999998,40.2630689252714,0.037984027287991884,-96.20159727120081,,EDINET,,小売業
7634.T,星医療酸器,5100.0,159.36990208,11.603304,0.79158545,76.0022592105738,13783412000.0,5874081000.0,2966992000.0,3124900.0,9398817299.999998,3007.7177829690545,0.589748584895893,-41.0251415104107,,EDINET,,卸売業
7636.T,ハンズマン,791.0,108.83844096,10.303504,0.57772946,68.20021380574221,10033000000.0,7562000000.0,73000000.0,13759600.0,1765899999.999999,128.33948661298285,0.16224966702020588,-83.7750332979794,,EDINET,,小売業
7637.T,白銅,3550.0,402.62926336,18.787045,1.5384002,53.53896773528915,35028630000.0,20990059000.0,1244509000.0,11341669.0,12810721400.0,1129.527003477178,0.3181766206977966,-68.18233793022034,,EDINET,,卸売業
7638.T,ＮＥＷ　ＡＲＴ　ＨＯＬＤＩＮＧＳ,1359.0,233.14325504,10.02952,2.1287727,42.21817740099172,17548747000.0,16656214000.0,1128000.0,17155500.0,-772298800.0,-45.01756288070881,-0.033125506166820314,-103.31255061668203,,EDINET,,小売業
7646.T,ＰＬＡＮＴ,1762.0,121.64790272,9.764478,0.77794904,41.39263422410765,17385000000.0,23997000000.0,32000000.0,6903967.0,-8989300000.000004,-1302.0485179028237,-0.738960566346665,-173.8960566346665,,EDINET,,小売業
7640.T,トップカルチャー,199.0,34.5644544,101.01523,1.367331,5.223855019383753,8748797000.0,14162591000.0,32254000.0,17369072.0,-6807475300.000002,-391.9308584822495,-1.9695018014183392,-296.9501801418339,,EDINET,,小売業
7643.T,ダイイチ,1621.0,182.1582336,16.75106,1.9557005,62.967373842669396,10673905000.0,9351187000.0,66442000.0,11237399.0,434108700.0,38.630709828849184,0.023831406433589872,-97.61685935664102,,EDINET,,小売業
7649.T,スギホールディングス,1234.0,4591.83325184,9.857804,1.519652,47.27035133028367,246479000000.0,244412000000.0,13936000000.0,372109660.0,-12619000000.00003,-33.912046250022186,-0.027481398906014736,-102.74813989060148,,EDINET,,小売業
7673.T,ダイコー通産,1722.0,91.82575616,10.018618,1.0183625,50.94429985641887,13054536000.0,9175125000.0,549000000.0,5332506.0,3346198500.0,627.5095611706766,0.3644074106682211,-63.5592589331779,,EDINET,,卸売業
7670.T,オーウエル,1226.0,123.33955072,6.8449554,0.5171903,53.80643640221619,29945000000.0,24280000000.0,10419000000.0,10060322.0,10530299999.999996,1046.7159997463298,0.8537650895157666,-14.623491048423345,,EDINET,,卸売業
7674.T,ＮＡＴＴＹ　ＳＷＡＮＫＹホールディングス,2764.0,68.16223232,,5.160876,41.66093804076253,1870714000.0,1834905000.0,0.0,2466072.0,-147681500.00000024,-59.885315595003,-0.02166617785636867,-102.16661778563684,,EDINET,,小売業
7678.T,あさくま,3700.0,388.36404224,137.59763,13.748566,68.57014022572704,2601490000.0,1284843000.0,0.0,10496326.0,1188162700.0,113.19796088650448,0.030594043482839048,-96.9405956517161,投資有価証券,EDINET,,小売業
7677.T,ヤシマキザイ,2750.0,79.01121024,16.005121,0.7487086,37.05794717706631,21796823000.0,16030301000.0,2128210000.0,2873135.0,5653238900.0,1967.6203519848527,0.7154983098126737,-28.45016901873263,,EDINET,,卸売業
7679.T,薬王堂ホールディングス,1545.0,300.5177856,7.6236057,0.7390993,38.98985199616178,39064000000.0,42911000000.0,105000000.0,19450990.0,-8064600000.0,-414.6112871375699,-0.26835682015376694,-126.83568201537669,,EDINET,,小売業
7680.T,軽自動車館,3190.0,1.64604,3.671562,0.5755384,13.95272460078115,1151857000.0,1291672000.0,30000.0,51600.0,-268961200.0,-5212.426356589147,-1.6339894534762216,-263.39894534762215,,yfinance,,小売業
7681.T,レオクラン,984.0,58.27014656,133.69565,1.0003457,53.53889261443337,9583190000.0,4918347000.0,105735000.0,5921763.0,4247022800.0,717.1889182326277,0.7288505266591745,-27.114947334082558,,EDINET,,卸売業
7682.T,浜木綿,3725.0,80.80236544,837.0787,5.0282054,34.01610103861141,1552479000.0,2748629000.0,18070000.0,2169191.0,-1458363900.0000005,-672.307740535527,-0.1804852994726247,-118.04852994726247,,EDINET,,小売業
7683.T,ダブルエー,1403.0,267.75130112,109.267914,2.4392025,82.21568431769609,10001640000.0,2385205000.0,204514000.0,19084198.0,7521074300.0,394.09957389878264,0.2808977718451765,-71.91022281548236,,EDINET,,小売業
7685.T,ＢｕｙＳｅｌｌ　Ｔｅｃｈｎｏｌｏｇｉｅｓ,2749.0,1699.64453888,20.524115,6.2176003,39.161351792047924,23820676000.0,33882220000.0,25180000.0,61827734.0,-13432140000.0,-217.25104788734453,-0.07902911891136578,-107.90291189113658,,EDINET,,卸売業
7686.T,ひとまいる,434.0,126.7950592,10.9375,2.5464103,13.032372413074075,22248000000.0,31829000000.0,380000000.0,29215451.0,-12497900000.0,-427.7839147511363,-0.9856772229288855,-198.56772229288856,,EDINET,,小売業
7687.T,ミクリード,470.0,31.08671744,10.643116,1.8690771,58.489208633093526,1975000000.0,931000000.0,0.0,6614195.0,950899999.9999999,143.76655057796148,0.30588627782544997,-69.411372217455,投資有価証券,EDINET,,卸売業
7689.T,コパ・コーポレーション,354.0,10.48858112,,1.4078625,66.62251391202375,1265753000.0,232672000.0,60000.0,2962876.0,1009855800.0,340.836336046463,0.9628145086058276,-3.718549139417239,,EDINET,,卸売業
7690.T,カレント自動車,,,,,,0.0,0.0,0.0,,,,,,"流動資産, 負債合計, 投資有価証券",yfinance,株価または発行済株式数を取得できませんでした,卸売業
7691.T,Ｃ　Ｃｈａｎｎｅｌ,30.0,9.32358016,,1.5722446,40.412219860677254,1165419000.0,787816000.0,0.0,31078600.0,298821399.9999999,9.615021268654312,0.3205007089551437,-67.94992910448563,,yfinance,,小売業
7692.T,アースインフィニティ,76.0,83.698944,14.4486685,5.902454,37.519899352697884,1587676000.0,1478453000.0,76247000.0,110130192.0,14750599.999999762,0.13393783967978337,0.0017623399957866232,-99.82376600042133,,EDINET,,電気・ガス業
7693.T,北海道歯科産業,,,,,,0.0,0.0,0.0,,,,,,"流動資産, 負債合計, 投資有価証券",yfinance,株価または発行済株式数を取得できませんでした,卸売業
7694.T,いつも,678.0,40.30633472,24.18837,1.5856162,26.564331318684424,6731209000.0,6246465000.0,158055000.0,5944887.0,-29264000.000000954,-4.922549410947753,-0.007260397361279872,-100.72603973612799,,EDINET,,小売業
7695.T,交換できるくん,861.0,64.31127552,70.28571,2.9965024,36.47194022113961,2121026000.0,2285106000.0,16188000.0,7469370.0,-381259000.0,-51.042992916403925,-0.05928338317816948,-105.92833831781694,,EDINET,,小売業
7698.T,アイスコ,2725.0,107.15255808,29.475393,2.5481508,19.789745902814367,9668902000.0,13518075000.0,19562000.0,3932204.0,-5187287100.000002,-1319.1805664202575,-0.48410296015422294,-148.4102960154223,,EDINET,,卸売業
7699.T,オムニ・プラス・システム・リミテッド　ＪＤＲ,652.0,147.58820864,8.592515,1.0445188,36.27330216540161,201360689.0,152885661.0,0.0,22636229.0,33186461.899999976,1.466077317913685,0.0022485848434258974,-99.77514151565741,投資有価証券,yfinance,,卸売業
7701.T,島津製作所,4105.0,11860.99232768,18.981781,2.062243,76.58277076010395,454457000000.0,174110000000.0,15182000000.0,288940127.0,273563399999.99997,946.7823069102478,0.23064124407070594,-76.9358755929294,,EDINET,,精密機器
7707.T,プレシジョン・システム・サイエンス,220.0,60.41360384,14.9051485,1.4771049,69.87115184347982,3366940000.0,1176789000.0,34017000.0,27460730.0,2096284000.0,76.33751906813839,0.3469887230369927,-65.30112769630072,,EDINET,,精密機器
7702.T,ＪＭＳ,448.0,109.8966016,,0.26380673,50.308786882877676,45773000000.0,40504000000.0,5437000000.0,24530493.0,5024500000.0,204.82670283063615,0.45720246167552714,-54.279753832447284,,EDINET,,精密機器
7709.T,クボテック,40.0,5.50698176,,-39.331367,6.956862686707911,1485801000.0,1533451000.0,368000.0,13767454.0,-200737500.00000024,-14.580582582661997,-0.3645145645665499,-136.451456456655,,EDINET,,精密機器
7711.T,助川電気工業,5000.0,275.7394432,32.191605,9.402491,64.79968293577515,4412769000.0,2819725000.0,803005000.0,5514789.0,1873174999.9999995,339.6639472516536,0.06793278945033072,-93.20672105496692,,EDINET,,精密機器
7713.T,シグマ光機,2707.0,191.71438592,22.263344,1.0300025,88.33281839211585,11943814000.0,2571042000.0,1031780000.0,7082172.0,9837913800.0,1389.1096968557104,0.5131546719082787,-48.68453280917213,,EDINET,,精密機器
7715.T,長野計器,4435.0,823.70330624,15.130322,1.629434,64.21226540156549,43791727000.0,29750615000.0,9320227000.0,18572791.0,17590209399.999996,947.0956411451567,0.21355031367421798,-78.6449686325782,,EDINET,,精密機器
7717.T,ブイ・テクノロジー,6940.0,656.28393472,26.786058,1.7636827,49.6731847020294,65392000000.0,39619000000.0,1046000000.0,9456541.0,22543300000.0,2383.8843399505167,0.3434991844309102,-65.65008155690897,,EDINET,,精密機器
7716.T,ナカニシ,1527.0,2498.39747072,108.76068,2.0788748,71.22731742219746,84886057000.0,37100181000.0,5847139000.0,163614764.0,48168855200.0,294.4040869074627,0.19279900910770317,-80.72009908922969,,EDINET,,精密機器
7719.T,東京衡機,503.0,36.0486272,27.790054,1.9480343,37.76812787632598,2696622000.0,2149154000.0,73740000.0,7166725.0,384170600.0,53.604763682156076,0.10657010672396834,-89.34298932760316,,EDINET,,精密機器
7721.T,東京計器,7280.0,1196.32134144,30.47683,2.643375,54.4402637383376,56190000000.0,35490000000.0,4577000000.0,16432986.0,20354900000.0,1238.661068657881,0.1701457511892694,-82.98542488107307,,EDINET,,精密機器
7722.T,国際計測器,752.0,101.32573184,6.6737666,0.81674767,62.31309331492252,15864572000.0,9239333000.0,712386000.0,13474166.0,6199975900.0,460.138007799518,0.6118856486695718,-38.81143513304282,,EDINET,,精密機器
7723.T,愛知時計電機,2865.0,439.53836032,Infinity,0.8621898,74.81503613909283,38190000000.0,15931000000.0,9145000000.0,15341653.0,27067400000.0,1764.307926922868,0.6158142851388719,-38.41857148611281,,EDINET,,精密機器
7725.T,インターアクション,1856.0,188.29848576,37.893017,1.7449595,89.47687275940568,12155541000.0,1891359000.0,130429000.0,10145393.0,10166346400.0,1002.0653118119722,0.5399058792090368,-46.00941207909633,,EDINET,,精密機器
7726.T,黒田精工,1506.0,84.2326272,,0.6980411,39.81216194833226,13054229000.0,14577290000.0,2367790000.0,5593136.0,-1323337000.000002,-236.60018279548396,-0.15710503505676227,-115.71050350567621,,EDINET,,機械
7727.T,オーバル,979.0,199.3284608,15.133714,1.269689,65.62018078535911,13452205000.0,8172990000.0,402260000.0,20360414.0,4743498000.0,232.97650037960918,0.23797395340103084,-76.2026046598969,,EDINET,,精密機器
7729.T,東京精密,20245.0,8217.38405888,31.9045,4.307081,77.00143294496135,169341000000.0,61723000000.0,3246000000.0,40589695.0,103717900000.0,2555.2766533476047,0.12621766625574732,-87.37823337442526,,EDINET,,精密機器
7730.T,マニー,1472.0,1449.95827712,25.475945,2.533031,92.36725472950835,31942000000.0,4846000000.0,303000000.0,98502602.0,26823500000.0,272.312603478231,0.18499497518901561,-81.50050248109844,,EDINET,,精密機器
7731.T,ニコン,1919.5,6323.15510784,,1.0657039,54.71555068943738,311317000000.0,394373000000.0,67291000000.0,329416763.0,-75389600000.00006,-228.85781316477832,-0.11922782660316662,-111.92278266031666,,EDINET,,精密機器
7734.T,理研計器,3600.0,1636.40819712,16.058525,1.8729192,84.49610305756323,60548326000.0,15259153000.0,7119804000.0,45455784.0,48747120500.0,1072.4074300423463,0.29789095278954064,-70.21090472104594,,EDINET,,精密機器
7733.T,オリンパス,1986.0,21108.2543104,32.49877,2.8222415,52.82722315539936,420986000000.0,455807000000.0,1294000000.0,1062852661.0,-79495900000.00006,-74.7948449648752,-0.03766104983125639,-103.76610498312564,,EDINET,,精密機器
7735.T,ＳＣＲＥＥＮホールディングス,15935.0,30131.1459328,32.082386,6.061233,67.36819666094978,480046000000.0,250593000000.0,45365000000.0,189087830.0,236149200000.0,1248.886297970631,0.07837378713339385,-92.16262128666061,,EDINET,,電気機器
7741.T,ＨＯＹＡ,24790.0,82689.97459968,32.89238,8.168094,79.56079535889468,176662000000.0,87195000000.0,39418000000.0,333561839.0,108340099999.99998,324.7976456923179,0.013101962311106006,-98.6898037688894,,EDINET,,精密機器
7740.T,タムロン,1461.0,2335.10453248,20.277584,2.6390133,81.01295664145748,72310000000.0,19850000000.0,6699000000.0,159829197.0,55164300000.0,345.14532410495684,0.23623909931893008,-76.37609006810699,,EDINET,,精密機器
7743.T,シード,793.0,240.00768,21.107267,1.2579015,31.362574716345364,20677162000.0,33375855000.0,1031648000.0,30265786.0,-15314124900.0,-505.9880123384207,-0.6380681113977562,-163.80681113977562,,EDINET,,精密機器
7744.T,ノーリツ鋼機,1987.0,2078.30089728,10.47609,0.9055795,75.74238397868773,60721000000.0,39314000000.0,21640000000.0,104594911.0,32623600000.0,311.9042761076588,0.15697245903757362,-84.30275409624262,,EDINET,,精密機器
7745.T,Ａ＆Ｄホロンホールディングス,2980.0,816.14217216,13.284001,1.6409782,65.85544057281773,51668000000.0,26207000000.0,315000000.0,27387321.0,23060799999.999996,842.024672657833,0.28255861498585,-71.744138501415,,EDINET,,精密機器
7746.T,岡本硝子,933.0,271.42465536,,10.667246,20.777666553342932,4191651000.0,6876613000.0,161135000.0,29091602.0,-3259828800.000001,-112.0539460150734,-0.12010069240629517,-112.01006924062953,,EDINET,,精密機器
7747.T,朝日インテック,3411.0,9050.21227008,27.747498,5.2190914,78.34378089623007,103359000000.0,41833000000.0,19389000000.0,265324323.0,70915000000.0,267.2766642657183,0.07835727477740202,-92.1642725222598,,EDINET,,精密機器
7751.T,キヤノン,4621.0,38571.93631744,11.63218,1.1265695,61.51753760853222,736777000000.0,1310601000000.0,10885000000.0,834709720.0,-697264600000.0,-835.3378225905888,-0.18076992481943058,-118.07699248194305,,EDINET,,電気機器
7749.T,メディキット,2713.0,392.79050752,13.300976,0.84208506,87.81536105792394,33243669000.0,7314791000.0,778786000.0,14478087.0,25742549100.0,1778.0352542431883,0.6553760612765162,-34.462393872348386,,EDINET,,精密機器
7752.T,リコー,1666.0,9324.36574208,17.069672,0.79803455,46.747180614294805,374339000000.0,714477000000.0,14319000000.0,559685833.0,-401562400000.0001,-717.4782285404035,-0.43065920080456394,-143.0659200804564,,EDINET,,電気機器
7762.T,シチズン時計,2454.0,5987.60095744,18.75,2.010037,64.51592238358499,271950000000.0,151405000000.0,36993000000.0,243993521.0,131299600000.0,538.1274038010214,0.2192858206198131,-78.07141793801868,,EDINET,,精密機器
7769.T,リズム,3775.0,300.55221248,13.208538,0.8769071,69.31026735565041,28363000000.0,13784000000.0,3512000000.0,7961648.0,15658999999.999998,1966.8038576937838,0.5210076444221944,-47.899235557780564,,EDINET,,精密機器
7771.T,日本精密,253.0,60.64474624,16.186821,2.6739383,33.86688522008164,3208865000.0,4169671000.0,27840000.0,23970255.0,-1358285100.0,-56.665442232466866,-0.22397407997022475,-122.39740799702248,,EDINET,,精密機器
7774.T,ジャパン・ティッシュエンジニアリング,834.0,338.68699648,,6.586013,89.570478091386,4824949000.0,687954000.0,150000000.0,40609950.0,4173199600.0,102.7629829635348,0.12321700595148057,-87.67829940485194,,EDINET,,精密機器
7775.T,大研医器,415.0,119.22300928,12.984982,1.563171,68.42279547544767,6985015000.0,3665091000.0,8797000.0,28728437.0,2959572799.9999995,103.01892859677676,0.24823838216090785,-75.17616178390922,,EDINET,,精密機器
7776.T,セルシード,218.0,85.94358272,,3.773389,76.60039617354334,2312219000.0,269880000.0,20536000.0,39423663.0,2029726200.0,51.48497236291818,0.2361695979950375,-76.38304020049625,,EDINET,,精密機器
7777.T,スリー・ディー・マトリックス,437.0,559.27799808,13.6094675,7.750563,69.38186183002824,6418787000.0,4296926000.0,7688000.0,127981235.0,1697550000.0,13.264053906027709,0.030352526100749906,-96.96474738992501,,EDINET,,精密機器
7779.T,ＣＹＢＥＲＤＹＮＥ,225.0,475.04478208,304.05405,1.1847967,80.70128970477374,15884000000.0,1036000000.0,3910000000.0,133431005.0,17481400000.0,131.0145269459673,0.5822867864265213,-41.771321357347865,,EDINET,,精密機器
7780.T,メニコン,1817.0,1349.23091968,23.011652,1.4027898,48.86097410604192,82669000000.0,101460000000.0,822000000.0,74255964.0,-28361600000.000015,-381.94373181930564,-0.21020568619664592,-121.02056861966462,,EDINET,,精密機器
7781.T,平山ホールディングス,891.0,136.56583168,10.707848,2.4447865,36.32778661750761,10579973000.0,7351555000.0,144859000.0,15327254.0,2594663799.999999,169.28432190136596,0.18999362727426033,-81.00063727257397,,EDINET,,精密機器
7760.T,ＩＭＶ,2178.0,,15.7597685,2.6414857,50.99343432176114,13204000000.0,9067000000.0,169000000.0,,,,,,,EDINET,株価または発行済株式数を取得できませんでした,精密機器
7782.T,シンシア,509.0,33.50318848,14.281706,1.1801065,52.361254605280514,4615209000.0,2799092000.0,0.0,6582159.0,1536207799.9999995,233.3896522402451,0.45852583937179786,-54.147416062820206,,EDINET,,精密機器
7791.T,ドリームベッド,814.0,33.05369856,6.953699,0.676505,42.07737643705066,4456970000.0,6759736000.0,172628000.0,4060651.0,-2857900000.000001,-703.8034049220189,-0.8646233475700478,-186.46233475700478,,EDINET,,その他製品
7792.T,コラントッテ,1480.0,134.63350272,10.064604,2.2600873,76.93634518930298,3898209000.0,1321926000.0,100341000.0,9096858.0,2514329100.0,276.3953334217155,0.1867536036633213,-81.32463963366786,,EDINET,,その他製品
7793.T,イメージ・マジック,1600.0,39.23486464,10.682334,1.9318982,58.60165554041651,1871941000.0,1214399000.0,10000.0,2452179.0,536109100.0,218.62559788661432,0.13664099867913396,-86.3359001320866,,EDINET,,その他製品
7795.T,ＫＹＯＲＩＴＳＵ,204.0,85.67582208,7.5611567,0.48327947,43.29398256077922,19329971000.0,24626795000.0,3342501000.0,41997950.0,-5419752800.000004,-129.0480321063291,-0.6325883926780838,-163.25883926780836,,EDINET,,その他製品
7794.T,イーディーピー,1072.0,176.5228544,,7.1582627,68.10575354579912,2721889000.0,958897000.0,0.0,16466684.0,1667102300.0,101.240923794979,0.09444116025651025,-90.55588397434897,投資有価証券,EDINET,,その他製品
7800.T,アミファ,969.0,31.18785536,6.125545,1.0931612,58.332586496629425,3553187000.0,1925634000.0,10000.0,3218561.0,1434996599.9999998,445.8503660486782,0.46011389685106113,-53.98861031489389,,EDINET,,その他製品
7803.T,ブシロード,460.0,619.16073984,13.82627,2.136931,50.64951205717716,39250764000.0,24575173000.0,5005088000.0,134600166.0,15721635299.999996,116.80249562247937,0.25391846874452034,-74.60815312554797,,EDINET,,その他製品
7804.T,ビーアンドピー,2560.0,59.6631296,12.354616,1.4953166,81.14499590046107,4235261000.0,885365000.0,10000.0,2330591.0,3261366500.0,1399.3731632877668,0.5466301419092839,-45.33698580907161,,EDINET,,その他製品
7805.T,プリントネット,702.0,33.94342656,8.194234,0.75640357,55.69143224965545,2757469000.0,3382479000.0,71778000.0,4835246.0,-913013300.0000005,-188.82458100373807,-0.2689808846207095,-126.89808846207096,,EDINET,,その他製品
7806.T,ＭＴＧ,9070.0,3567.6372992,30.302017,5.9095764,67.816061383795,38182000000.0,13959000000.0,3212000000.0,39334482.0,25075500000.0,637.4940948758394,0.0702860082553296,-92.97139917446704,,EDINET,,その他製品
7807.T,幸和製作所,882.0,36.65147392,8.51598,1.009961,69.44707347054684,3849238000.0,1883293000.0,122933000.0,4155496.0,1863668799.9999998,448.48287665299154,0.508483987134911,-49.15160128650889,,EDINET,,その他製品
7808.T,シー・エス・ランバー,2675.0,49.48137472,6.941741,0.41640475,39.24550381698625,9569614000.0,15649286000.0,311658000.0,1849771.0,-7426440000.0,-4014.7888576477844,-1.500855647718798,-250.08556477187977,,EDINET,,その他製品
7809.T,壽屋,1325.0,107.06634752,21.474878,1.2904218,59.95825655343777,8633843000.0,4584893000.0,12330000.0,8080479.0,3599091700.0,445.40573646686045,0.3361552728051777,-66.38447271948223,,EDINET,,その他製品
7810.T,クロスフォー,151.0,26.49584896,102.721085,1.3695897,34.315127087527046,3603377000.0,3427526000.0,456000.0,17546919.0,-166582400.00000048,-9.493541287789638,-0.06287113435622277,-106.28711343562227,,EDINET,,その他製品
7811.T,中本パックス,2270.0,200.86515712,9.189912,0.94551456,54.520801525902826,24714356000.0,19661000000.0,1111226000.0,8848685.0,3865114200.0,436.8009709917349,0.19242333523864974,-80.75766647613503,,EDINET,,その他製品
7812.T,クレステック,2095.0,62.13755392,6.387,0.63933194,46.68095129384921,10304049000.0,8852959000.0,105547000.0,2965993.0,639677000.0,215.67043482570594,0.10294531495260427,-89.70546850473957,,EDINET,,その他製品
7814.T,日本創発グループ,632.0,295.8836736,5.228326,1.4918749,25.020574196430672,34857000000.0,59111000000.0,5745000000.0,46817035.0,-26143600000.000008,-558.4206688868701,-0.8835770077323893,-188.35770077323895,,EDINET,,その他製品
7813.T,プラッツ,926.0,31.31515392,12.836152,0.92482084,50.91617029088981,4122619000.0,3153689000.0,1165989000.0,3381766.0,1469753399.9999995,434.6112060976423,0.46934255518103923,-53.06574448189608,,EDINET,,その他製品
7818.T,トランザクション,1177.0,665.51332864,15.998369,3.047754,82.62548411808622,14801280000.0,4172078000.0,4150574000.0,56543188.0,13117396000.0,231.988970979139,0.19710192946400934,-80.28980705359906,,EDINET,,その他製品
7815.T,東京ボード工業,338.0,8.76055104,,1.4408792,19.177195352055172,4765693000.0,10123557000.0,112001000.0,2591879.0,-6291819000.0,-2427.5126269397606,-7.181990020531836,-818.1990020531837,,EDINET,,その他製品
7819.T,粧美堂,925.0,116.89571328,10.704779,1.615698,47.85552362786763,10331835000.0,7851954000.0,1176241000.0,12637374.0,2518054300.0,199.25455240938504,0.21541032692906492,-78.4589673070935,,EDINET,,その他製品
7820.T,ニホンフラッシュ,676.0,153.83568384,10.96157,0.48094916,73.42090315385923,25638713000.0,11272648000.0,2405901000.0,22756758.0,14922930899.999998,655.7582103742544,0.9700565242222698,-2.994347577773015,,EDINET,,その他製品
7821.T,前田工繊,1949.0,1299.71044352,13.747619,1.7061725,80.30910010963987,54862000000.0,18513000000.0,935000000.0,66686015.0,35152200000.0,527.1300136917763,0.2704617822943952,-72.95382177056048,,EDINET,,その他製品
7822.T,永大産業,251.0,110.93041152,,0.26250124,45.515972775767985,46443000000.0,46922000000.0,5957000000.0,44195382.0,-1001300000.0000081,-22.65621326680711,-0.09026379787572554,-109.02637978757257,,EDINET,,その他製品
7826.T,フルヤ金属,11660.0,2868.27872256,18.141085,3.6572132,52.137021249111925,99708000000.0,59284000000.0,52000000.0,24599305.0,34531999999.99999,1403.779497022375,0.12039275274634434,-87.96072472536557,,EDINET,,その他製品
7823.T,アートネイチャー,765.0,250.28933632,13.360112,0.9045836,54.06741487249962,27870000000.0,22623000000.0,2092000000.0,32717560.0,4449099999.999996,135.9850795719484,0.17775827395025934,-82.22417260497407,,EDINET,,その他製品
7827.T,オービス,1775.0,31.62462464,15.887934,0.552897,45.38911825950878,6375531000.0,7052326000.0,188658000.0,1781669.0,-1249967000.000001,-701.5708304965742,-0.39525117211074606,-139.52511721107462,,EDINET,,その他製品
7831.T,ウイルコホールディングス,66.0,10.2446848,,0.552292,17.869762746087833,4556000000.0,5723000000.0,947000000.0,15522250.0,-1076400000.000001,-69.3456167759185,-1.0506911632714924,-205.06911632714923,,EDINET,,その他製品
7832.T,バンダイナムコホールディングス,5717.0,36666.89130496,26.45657,4.139433,72.35828152010846,704942000000.0,309420000000.0,173350000000.0,641365963.0,485925000000.0,757.6407667894905,0.13252418520019074,-86.74758147998092,,EDINET,,その他製品
7833.T,アイフィスジャパン,688.0,66.28669952,11.678832,1.1049618,82.97931345190878,5608895000.0,1303418000.0,2754000.0,9634695.0,4177063000.0,433.54387450770366,0.6301509803891041,-36.984901961089584,,EDINET,,その他製品
7836.T,アビックス,72.0,25.29328896,10.698365,1.3446634,53.63290856853135,2566492000.0,1445793000.0,56098000.0,35129566.0,1015388299.9999998,28.904094630716468,0.4014457587599509,-59.8554241240049,,EDINET,,その他製品
7837.T,アールシーコア,351.0,14.52835328,,1.0265889,28.271057829359403,4948543000.0,4088315000.0,0.0,4139132.0,451396500.0,109.05583586123853,0.3107003870690557,-68.92996129309444,投資有価証券,EDINET,,その他製品
7839.T,ＳＨＯＥＩ,2216.0,,17.563604,3.4958692,85.1714782278956,26536162000.0,5539870000.0,0.0,,,,,,投資有価証券,EDINET,株価または発行済株式数を取得できませんでした,その他製品
7841.T,遠藤製作所,1082.0,95.35198208,22.122265,0.41066357,83.27607774853973,17166328000.0,4280095000.0,791004000.0,8812568.0,13011926300.0,1476.5192506883352,1.3646203795640806,36.46203795640806,,EDINET,,その他製品
7840.T,フランスベッドホールディングス,1286.0,429.17093376,17.347902,1.076075,59.28232984486398,38483000000.0,30281000000.0,326000000.0,33372544.0,5402099999.999996,161.8725860395898,0.12587292849112738,-87.41270715088726,,EDINET,,その他製品
7844.T,マーベラス,520.0,290.9007872,15.980331,1.130988,78.21740354829625,22636000000.0,6716000000.0,2908000000.0,55942459.0,17284000000.0,308.9603193881771,0.594154460361879,-40.5845539638121,,EDINET,,情報・通信業
7846.T,パイロットコーポレーション,2136.5,2243.53058816,15.840005,1.545344,81.19573555078763,108294000000.0,35122000000.0,8937000000.0,105009627.0,75915700000.0,722.9403833612322,0.33837602778433523,-66.16239722156647,,EDINET,,その他製品
7847.T,グラファイトデザイン,716.0,46.43564544,33.949738,2.2280517,71.55574981742835,5052667000.0,1740497000.0,40520000.0,6485425.0,3166484300.0,488.24622904435716,0.6819081411234038,-31.809185887659613,,EDINET,,その他製品
7849.T,スターツ出版,3030.0,115.3175552,9.939967,1.0675029,83.49767611438078,10615845000.0,2214370000.0,180375000.0,3805860.0,8306300500.0,2182.5029034173617,0.720297987926522,-27.9702012073478,,EDINET,,情報・通信業
7850.T,総合商研,795.0,23.84513536,7.6003823,0.69036305,39.75592945509919,3137020000.0,4775871000.0,932358000.0,2999388.0,-1463787500.0,-488.02872452647006,-0.613872609467258,-161.3872609467258,,EDINET,,その他製品
7851.T,カワセコンピュータサプライ,170.0,7.97434112,8.538423,0.3207408,72.37382521504982,1635638000.0,1031822000.0,589732000.0,4690789.0,913446200.0,194.7318883880729,1.1454816964004289,14.548169640042877,,EDINET,,その他製品
7856.T,萩原工業,2045.0,288.52344832,21.55127,0.89845043,72.4595746990998,21948716000.0,13484294000.0,157235000.0,14108726.0,7226057099.999998,512.1693553337132,0.2504495625103732,-74.95504374896268,,EDINET,,その他製品
7857.T,セキ,1276.0,53.1510528,21.352076,0.319821,84.86851820743726,7631013000.0,2958532000.0,4804270000.0,4165443.0,7739616800.0,1858.0537052121467,1.4561549413888297,45.61549413888297,,EDINET,,その他製品
7859.T,アルメディオ,261.0,52.292864,,0.66530377,93.60938263838624,7514795000.0,1483210000.0,0.0,20035579.0,5883264000.0,293.64082764965264,1.1250606423358338,12.506064233583386,投資有価証券,EDINET,,その他製品
7860.T,エイベックス,1230.0,524.97350656,14.6167555,1.0244007,47.73586778948128,77774000000.0,54848000000.0,9839000000.0,42680771.0,24328499999.999992,570.0107901049864,0.4634234065894199,-53.657659341058014,,EDINET,,情報・通信業
7863.T,平賀,948.0,27.25471488,14.4556265,2.5286,59.174998430651385,3981806000.0,3057480000.0,687355000.0,2874970.0,1099726499.9999995,382.51755670493935,0.4034995323891765,-59.65004676108234,,EDINET,,その他製品
7864.T,フジシールインターナショナル,3380.0,1803.02266368,8.632799,1.0957835,71.32987146256667,133075000000.0,64553000000.0,3530000000.0,53343865.0,64537700000.0,1209.8429688212507,0.35794170675184933,-64.20582932481507,,EDINET,,その他製品
7865.T,ピープル,335.0,12.81759616,,0.6530138,92.81924078554974,1968800000.0,171542000.0,28000.0,3826148.0,1780123400.0,465.252102114189,1.388812245116982,38.8812245116982,,EDINET,,その他製品
7867.T,タカラトミー,4173.0,3587.08576256,31.97701,3.299709,68.0484818805093,114402000000.0,59372000000.0,3890000000.0,85959401.0,51815799999.99999,602.7938700968843,0.14445096335894664,-85.55490366410532,,EDINET,,その他製品
7868.T,広済堂ホールディングス,524.0,774.90290688,16.656073,1.5689797,68.81999833254594,38021000000.0,29317000000.0,1758000000.0,147882240.0,7002899999.999996,47.3545707719872,0.09037131826715114,-90.96286817328489,,EDINET,,その他製品
7871.T,フクビ化学工業,1001.0,192.300032,11.780628,0.49369588,73.86177530298067,35454000000.0,15717000000.0,5845000000.0,19210792.0,22256800000.0,1158.5571276811493,1.157399727953196,15.739972795319607,,EDINET,,化学
7872.T,エステールホールディングス,613.0,64.22750208,140.59633,0.57167315,40.82494100442051,23921000000.0,17634000000.0,226000000.0,10477570.0,4681800000.0,446.8402501725114,0.7289400492210626,-27.105995077893734,,EDINET,,その他製品
7874.T,レック,962.0,311.49510656,10.713888,0.83363664,41.36666488993124,55449000000.0,52943000000.0,9026000000.0,32379948.0,3529899999.9999924,109.0149990358228,0.11332120481894262,-88.66787951810574,,EDINET,,化学
7875.T,竹田ｉＰホールディングス,913.0,149.48419584,13.448225,0.7394988,57.701852599988456,15617000000.0,13143000000.0,2872000000.0,16372858.0,3170099999.999998,193.61922029739696,0.21206924457546217,-78.79307554245378,,EDINET,,その他製品
7877.T,永大化工,2150.0,26.44637696,8.2950735,0.3549373,73.22419970600083,5813964000.0,2647534000.0,234512000.0,1230064.0,3065835000.0,2492.4190936406562,1.1592646947165843,15.92646947165843,,EDINET,,化学
7878.T,光・彩,1030.0,15.41296128,4.4989953,1.3642492,45.26624647897008,2324658000.0,1550436000.0,71842000.0,1496404.0,669467799.9999998,447.3843961924719,0.4343537827111378,-56.56462172888622,,EDINET,,その他製品
7879.T,ノダ,675.0,98.85181952,,0.29331145,54.322169772701024,47180184000.0,35260132000.0,9302231000.0,14644714.0,14905600500.0,1017.814379987209,1.5078731555366058,50.7873155536606,,EDINET,,その他製品
7883.T,サンメッセ,457.0,70.9844736,15.279171,0.3883165,62.82383619863047,7488970000.0,7773172000.0,4201538000.0,15532708.0,1879557399.999999,121.00642077350575,0.26478429053283536,-73.52157094671647,,EDINET,,その他製品
7885.T,タカノ,1064.0,161.95761152,26.23274,0.49724483,85.70490563869151,24405180000.0,6563287000.0,3607813000.0,15221580.0,19711033400.0,1294.9400390761011,1.21704890890611,21.704890890611008,,EDINET,,その他製品
7887.T,南海プライウッド,1473.0,71.3809152,4.05305,0.2672442,56.69097649507433,17842100000.0,8019643000.0,876922000.0,4845955.0,9634338100.0,1988.1195966532912,1.3497078049241624,34.97078049241624,,EDINET,,その他製品
7886.T,ヤマト　モビリティ　＆　Ｍｆｇ．,556.0,9.16486464,,1.7194884,11.097378140767859,5863684000.0,6123058000.0,44180000.0,1648357.0,-840753800.000001,-510.05564935265903,-0.917366275814135,-191.73662758141347,,EDINET,,化学
7888.T,三光合成,919.0,280.14579712,37.041515,0.8066158,40.050699953600486,40097000000.0,43272000000.0,22000000.0,30483763.0,-7486800000.000008,-245.5996000231339,-0.2672465723864351,-126.72465723864352,,EDINET,,化学
7896.T,セブン工業,501.0,22.36180992,,0.46359614,55.67631747191525,6782000000.0,4628000000.0,11000000.0,4463435.0,1698900000.0,380.62613211573597,0.7597327986342035,-24.026720136579645,,EDINET,,その他製品
7893.T,プロネクサス,1053.0,259.611648,12.898089,1.0307472,64.93122794702369,12999254000.0,7465537000.0,4721912000.0,24654478.0,8092501699.999999,328.23658647325647,0.3117156566697592,-68.82843433302408,,EDINET,,その他製品
7897.T,ホクシン,116.0,32.88843264,,0.6024691,45.07446314328251,7603727000.0,7906813000.0,407337000.0,28352098.0,-808631400.0,-28.521042781384292,-0.2458710584602094,-124.58710584602095,,EDINET,,その他製品
7898.T,ウッドワン,929.0,86.47550976,,0.19529386,43.444187585730596,29453000000.0,56492000000.0,3276000000.0,9308451.0,-30395000000.000008,-3265.312348961176,-3.514867975200405,-451.48679752004045,,EDINET,,その他製品
7901.T,マツモト,993.0,11.24134528,6.9353266,1.2299072,42.09345473808898,605736000.0,1260420000.0,142885000.0,1132059.0,-680706500.0,-601.2994905742545,-0.6055382583829351,-160.5538258382935,,EDINET,,その他製品
7902.T,ソノコム,1110.0,40.38519552,13.355793,0.4209447,92.1086506583961,5067927000.0,614994000.0,2162939000.0,3638306.0,5905490900.0,1623.1429956688635,1.4622909870890661,46.22909870890662,,EDINET,,その他製品
7906.T,ヨネックス,2377.0,2033.58896128,16.40555,2.381167,62.7740631317058,73216000000.0,40124000000.0,276000000.0,85552753.0,29272800000.0,342.1608186004254,0.1439464949938685,-85.60535050061314,,EDINET,,その他製品
7908.T,きもと,240.0,104.79816704,19.215372,0.547278,81.65627016562702,16901000000.0,4210000000.0,1185000000.0,43665906.0,13099500000.0,299.9937754640886,1.2499740644337025,24.997406443370263,,EDINET,,化学
7911.T,ＴＯＰＰＡＮホールディングス,2444.0,13752.38356992,20.743507,0.9939655,55.119803735775065,1406905000000.0,1096479000000.0,310633000000.0,562699814.0,418221200000.0,743.2403380890402,0.304108157974239,-69.5891842025761,,EDINET,,その他製品
7912.T,大日本印刷,3022.0,12929.99983104,12.686818,1.054244,62.292845519662166,824692000000.0,709059000000.0,393125000000.0,427862341.0,319914599999.9999,747.7045052675012,0.2474204186854736,-75.25795813145264,,EDINET,,その他製品
7914.T,共同印刷,1689.0,467.29633792,12.083274,0.6707859,52.71362913062092,47780000000.0,63255000000.0,17501000000.0,27667042.0,-9549800000.0,-345.16881132431865,-0.20436282494038996,-120.43628249403899,,EDINET,,その他製品
7915.T,ＮＩＳＳＨＡ,1094.0,519.05118208,,0.4520179,47.12577962577962,67848000000.0,80290000000.0,6417000000.0,47445263.0,-15979100000.0,-336.7902081183531,-0.30785210979739774,-130.78521097973976,,EDINET,,その他製品
7916.T,光村印刷,1885.0,57.7425664,16.357168,0.2918945,69.02811382698857,10377351000.0,9944573000.0,5158886000.0,3063266.0,3049540900.0,995.519455378671,0.5281270320311252,-47.18729679688749,,EDINET,,その他製品
7917.T,ＺＡＣＲＯＳ,1215.0,870.0162048,11.310743,0.90206677,66.54591143624316,86783000000.0,53231000000.0,2667000000.0,71606270.0,30095799999.999992,420.2955970196464,0.34592230207378305,-65.40776979262169,,EDINET,,化学
7918.T,ヴィア・ホールディングス,105.0,47.9069696,,3.7281637,18.88229023907416,1936000000.0,5206000000.0,371000000.0,45625683.0,-3530900000.0,-77.38843054689175,-0.7370326718751595,-173.70326718751596,,EDINET,,小売業
7919.T,野崎印刷紙業,217.0,35.02940928,9.904154,0.734831,45.82130602510809,4852639000.0,6043733000.0,263666000.0,16142585.0,-1610901100.000001,-99.79201596274704,-0.4598710413029818,-145.98710413029815,,EDINET,,その他製品
7921.T,ＴＡＫＡＲＡ　＆　ＣＯＭＰＡＮＹ,4125.0,532.44284928,15.679046,1.6420754,77.14307414586223,26111519000.0,9456782000.0,3206222000.0,12907705.0,17953414200.0,1390.9067646030026,0.337189518691637,-66.28104813083631,,EDINET,,その他製品
7928.T,旭化学工業,615.0,18.69151616,25.851196,0.33161703,79.22818893952011,3583729000.0,1420172000.0,219734000.0,3039271.0,2175353600.0,715.7484804744296,1.1638186674380968,16.381866743809688,,EDINET,,化学
7927.T,ムトー精工,2339.0,162.4666112,8.173178,0.77140975,67.34279733237365,19910168000.0,11717344000.0,303414000.0,6945986.0,7233479399.999998,1041.3898617129373,0.44522867110429126,-55.47713288957087,,EDINET,,化学
7931.T,未来工業,3570.0,576.97558528,12.263826,1.0431288,81.89877287217783,42478000000.0,13135000000.0,1774000000.0,16161781.0,29271300000.0,1811.1432149711718,0.5073230294036896,-49.26769705963105,,EDINET,,化学
7932.T,ニッピ,11250.0,314.9922304,11.353774,0.78897965,59.785243704189604,27574000000.0,29603000000.0,4789000000.0,2799931.0,-1637000000.0000038,-584.6572647683117,-0.05196953464607215,-105.19695346460722,,EDINET,,その他製品
7936.T,アシックス,4387.0,31099.92267776,23.736609,8.665713,46.60909152912291,369143000000.0,284054000000.0,3513000000.0,708910903.0,59142700000.0,83.42755027425498,0.019016993452075446,-98.09830065479245,,EDINET,,その他製品
7937.T,ツツミ,2418.0,377.85219072,10.27537,0.54621863,95.11559752523608,56415000000.0,1837000000.0,52000000.0,15626641.0,54430700000.0,3483.1989805102708,1.4405289414848101,44.05289414848101,,EDINET,,その他製品
7938.T,リーガルコーポレーション,2092.0,60.35495424,26.387487,0.46539858,49.5290878794465,14958000000.0,13512000000.0,3815000000.0,2885036.0,2765299999.999998,958.4975716074247,0.458172835376398,-54.182716462360204,,EDINET,,その他製品
7939.T,研創,604.0,22.91965696,11.070381,2.737156,60.82653532648492,2665122000.0,2287779000.0,28079000.0,3794645.0,168220400.0,44.33099802484817,0.07339569209411949,-92.66043079058804,,EDINET,,その他製品
7942.T,ＪＳＰ,3030.0,794.07374336,11.874902,0.7143521,68.85858487819083,78694000000.0,48080000000.0,1728000000.0,26207054.0,27015599999.999992,1030.8522278009575,0.340215256699986,-65.9784743300014,,EDINET,,化学
7943.T,ニチハ,2802.0,911.85184768,37.772984,0.75982136,71.98281241642448,86002000000.0,53297000000.0,10210000000.0,32542891.0,34522299999.99999,1060.8246206521724,0.3785955105825026,-62.14044894174974,,EDINET,,ガラス・土石製品
7944.T,ローランド,3675.0,970.5050112,65.00973,2.2330992,49.548977562681934,57993000000.0,34903000000.0,724000000.0,26408301.0,20106500000.0,761.3704493901369,0.20717563248711207,-79.2824367512888,,EDINET,,その他製品
7946.T,光陽社,322.0,7.9892224,10.09088,0.46327135,60.56703537700654,2089839000.0,1392975000.0,113349000.0,2481125.0,636910799.9999998,256.7024232958838,0.7972124947077137,-20.278750529228628,,EDINET,,その他製品
7947.T,エフピコ,2736.0,2212.7886336,15.092674,1.3495083,54.32082930454973,98847000000.0,138111000000.0,10274000000.0,80876774.0,-45883300000.0,-567.3235680740678,-0.20735510529022946,-120.73551052902293,,EDINET,,化学
7949.T,小松ウオール工業,2746.0,483.31972608,15.928998,1.2596289,80.72135464888999,31322000000.0,8965000000.0,475000000.0,17600864.0,21793000000.0,1238.177853087212,0.45090234999534307,-54.9097650004657,,EDINET,,その他製品
7951.T,ヤマハ,1203.5,5294.15995392,22.698982,1.0735844,77.68051453443184,120383000000.0,83357000000.0,45927000000.0,439896956.0,60839200000.0,138.30329846610715,0.11491757246872218,-88.50824275312777,,EDINET,,その他製品
7952.T,河合楽器製作所,3455.0,297.21358336,26.044022,0.6461305,59.26165392563293,48518000000.0,29449000000.0,7232000000.0,8602419.0,21186499999.999996,2462.853762412642,0.7128375578618356,-28.716244213816438,,EDINET,,その他製品
7953.T,菊水化学工業,403.0,50.52949504,18.90244,0.4901496,61.10923402395265,10348348000.0,6538897000.0,1750100000.0,12538336.0,4380631299.999999,349.37900053085184,0.8669454107465306,-13.305458925346938,,EDINET,,その他製品
7955.T,クリナップ,905.0,319.14575872,9.483391,0.52888626,64.68642979452055,55467000000.0,33388000000.0,4811000000.0,35264724.0,22107900000.0,626.9126053559926,0.6927211108905995,-30.72788891094005,,EDINET,,その他製品
7956.T,ピジョン,2042.5,2439.8143488,26.563923,2.8555892,78.01667756703729,73462000000.0,23701000000.0,553000000.0,119452348.0,47778000000.0,399.97539437232325,0.19582638647359768,-80.41736135264023,,EDINET,,その他製品
7957.T,フジコピアン,2017.0,31.20169984,,0.36259964,57.44206992714198,8180107000.0,5876661000.0,1265449000.0,1546936.0,2601594199.999999,1681.7723551588424,0.8337988870395847,-16.620111296041525,,EDINET,,その他製品
7962.T,キングジム,777.0,218.80440832,22.005096,0.8341448,70.23086475009723,24063443000.0,11460879000.0,2977800000.0,28160155.0,13540936099.999998,480.85445907524297,0.6188603076901454,-38.11396923098546,,EDINET,,その他製品
7963.T,興研,1799.0,87.04826368,10.467823,0.6323381,61.47481000490388,10017998000.0,7830577000.0,186454000.0,4838703.0,1534881100.0,317.2091984153605,0.17632529094794913,-82.36747090520508,,EDINET,,その他製品
7965.T,象印マホービン,1424.0,904.1731584,15.178,0.9932869,75.70733191359903,84644000000.0,27464000000.0,9272000000.0,63495309.0,60924000000.0,959.5039532762963,0.6738089559524553,-32.619104404754474,,EDINET,,電気機器
7966.T,リンテック,5950.0,3572.02362368,22.316406,1.4958565,75.34816543876286,192767000000.0,94345000000.0,2109000000.0,60034012.0,90463799999.99998,1506.8758023368484,0.25325643736753756,-74.67435626324624,,EDINET,,その他製品
7970.T,信越ポリマー,2490.0,2001.25579264,19.924782,1.5336119,84.67219597001366,99414000000.0,29834000000.0,929000000.0,80371721.0,67246900000.0,836.6985198686986,0.3360235019553006,-66.39764980446994,,EDINET,,化学
7971.T,東リ,654.0,371.11226368,8.639366,0.7120041,52.37306677104346,52734000000.0,45685000000.0,8276000000.0,56744993.0,8273699999.999992,145.804934719086,0.22294332525854127,-77.70566747414588,,EDINET,,化学
7972.T,イトーキ,2438.0,1206.05270016,11.79145,1.9496171,43.45950246320492,70624000000.0,71178000000.0,6548000000.0,49468937.0,-3088200000.0,-62.427053971262815,-0.025605846583782944,-102.56058465837829,,EDINET,,その他製品
7974.T,任天堂,7824.0,90200.80390144,21.777494,3.0913405,77.6592826028457,2752352000000.0,673068000000.0,369373000000.0,1152873205.0,2270538300000.0,1969.4605531230122,0.25172041834394326,-74.82795816560568,,EDINET,,その他製品
7975.T,リヒトラブ,1175.0,39.86725632,58.926777,0.35518983,81.22740039155761,7205604000.0,2794971000.0,1110475000.0,3392958.0,4908468400.0,1446.6634718142695,1.2312029547355485,23.120295473554854,,EDINET,,その他製品
7976.T,三菱鉛筆,3450.0,1725.31859456,25.230364,1.2556994,76.73670118302779,95205000000.0,46173000000.0,26130000000.0,50009235.0,62705699999.99999,1253.882407919257,0.3634441762084803,-63.655582379151966,,EDINET,,その他製品
7979.T,松風,2271.0,808.23345152,16.542831,1.5839714,84.3707760024954,27521000000.0,7257000000.0,8709000000.0,35589321.0,25634600000.0,720.2891002050868,0.3171682519617291,-68.28317480382708,,EDINET,,精密機器
7980.T,重松製作所,851.0,60.5177088,8.397474,0.6203126,43.709393642609584,10433841000.0,9480660000.0,1931600000.0,7111364.0,1357235000.0,190.85438461594708,0.22427072222790492,-77.57292777720951,,EDINET,,その他製品
7981.T,タカラスタンダード,3035.0,1917.61563648,13.253275,0.9803703,68.84889462462127,160391000000.0,82405000000.0,14745000000.0,63183386.0,80067000000.0,1267.216036823351,0.41753411427458026,-58.24658857254198,,EDINET,,その他製品
7983.T,ミロク,1166.0,34.23441408,,0.29793686,49.145831741480436,10490484000.0,9299465000.0,4308756000.0,2936056.0,3277201700.0,1116.1918233167214,0.9572828673385261,-4.271713266147391,,EDINET,,その他製品
7984.T,コクヨ,861.3,3569.5722496,16.75355,1.4238623,71.94942655640928,252884000000.0,98896000000.0,22362000000.0,414440071.0,159751800000.0,385.46417486739597,0.44753764642679206,-55.24623535732079,,EDINET,,その他製品
7986.T,日本アイ・エス・ケイ,1908.0,29.2609536,6.0377836,0.60099334,71.64306048143533,2808132000.0,1851659000.0,215922000.0,1533593.0,922452499.9999998,601.4975942117627,0.3152503114317415,-68.47496885682585,,EDINET,,その他製品
7985.T,ネポン,704.0,6.74077184,,0.2759184,41.500766008906766,4577858000.0,3691133000.0,80156000.0,957496.0,573720899.9999995,599.1888216765392,0.8511204853359932,-14.887951466400684,,EDINET,,金属製品
7987.T,ナカバヤシ,542.0,147.01273088,7.752825,0.47084743,57.224482248520715,29789000000.0,27206000000.0,3081000000.0,27124121.0,2019099999.9999962,74.4392786037194,0.13734184244228673,-86.26581575577133,,EDINET,,その他製品
7988.T,ニフコ,2435.0,4542.44794368,13.368837,0.7591852,76.1127061155009,259565000000.0,101090000000.0,684000000.0,186548170.0,148844800000.0,797.8893601582905,0.32767530191305566,-67.23246980869445,,EDINET,,化学
7989.T,立川ブラインド工業,2623.0,527.24764672,16.117733,0.9140752,83.19584630538614,39563568000.0,10854049000.0,3626611000.0,20100941.0,30162741800.0,1500.5636701286771,0.5720791727520691,-42.7920827247931,,EDINET,,金属製品
7990.T,グローブライド,2352.0,498.81042944,9.975823,0.7722327,54.27439376081451,73233000000.0,52689000000.0,6692000000.0,21207926.0,19959499999.999992,941.1339892453412,0.4001420022301621,-59.9857997769838,,EDINET,,その他製品
7991.T,マミヤ・オーピー,1051.0,108.5451264,6.385952,0.42333916,65.40845045730944,26490269000.0,15505325000.0,5991783000.0,10327795.0,13628659599.999998,1319.6098102257063,1.255575461680025,25.5575461680025,,EDINET,,機械
7992.T,セーラー万年筆,101.0,29.93960704,,3.008997,24.30857992554062,3886829000.0,3498936000.0,12159000.0,29643177.0,46510699.99999952,1.569018732371349,0.015534838934369792,-98.44651610656302,,EDINET,,その他製品
7994.T,オカムラ,2212.0,2094.16617984,9.375265,1.0251302,68.2688644712913,139618000000.0,102349000000.0,43971000000.0,94672975.0,57813799999.999985,610.6684616174783,0.2760707331001258,-72.39292668998742,,EDINET,,その他製品
7995.T,バルカー,7290.0,1285.52353792,23.830538,2.2910192,64.16521791259517,46430000000.0,27302000000.0,3949000000.0,17634067.0,19162099999.999996,1086.652330401149,0.14906067632388872,-85.09393236761113,,EDINET,,化学
7997.T,くろがね工作所,1174.0,19.59602048,4.874403,0.41402963,56.758962685351754,4138242000.0,3478725000.0,1313701000.0,1669167.0,1231235199.9999995,737.6345206920574,0.6283087910494527,-37.16912089505473,,EDINET,,その他製品
8001.T,伊藤忠商事,2181.5,152484.93903872,16.942373,2.2531013,42.95905381132822,2157233000000.0,3396284000000.0,279879000000.0,6989912686.0,-1382764100000.0005,-197.82280010013855,-0.09068200783870664,-109.06820078387065,,EDINET,,卸売業
8002.T,丸紅,4774.0,77571.64445696,14.221878,1.7406346,42.85889809152579,1317031000000.0,2968849000000.0,159662000000.0,1624877314.0,-1836939500000.0005,-1130.5096601281002,-0.23680554254882702,-123.68055425488271,,EDINET,,卸売業
8005.T,スクロール,1733.0,570.417152,21.6625,1.5279478,63.85613607101715,38679000000.0,19561000000.0,2368000000.0,32915013.0,18819500000.0,571.760369652596,0.3299251988762816,-67.00748011237184,,EDINET,,小売業
8006.T,ユアサ・フナショク,1485.0,262.28764672,11.587983,0.5915908,61.65847493329588,33314000000.0,25004000000.0,11927000000.0,17662469.0,14158499999.999996,801.6149950496726,0.5398080774745271,-46.0191922525473,,EDINET,,卸売業
8007.T,高島,774.0,263.7136896,21.692825,1.1543107,40.581537922578384,41351000000.0,36152000000.0,2567000000.0,34071534.0,3380700000.0,99.2235923395759,0.12819585573588618,-87.18041442641137,,EDINET,,卸売業
8008.T,ヨンドシーホールディングス,2150.0,461.70775552,25.78556,1.150421,59.65628450229531,19939000000.0,27559000000.0,21475000000.0,21474780.0,4656599999.999994,216.8404053499032,0.10085600248832707,-89.9143997511673,,EDINET,,小売業
8011.T,三陽商会,1342.0,394.36054528,10.31118,1.031833,68.3383433533734,38218000000.0,17715000000.0,6298000000.0,29386032.0,23140100000.0,787.4523515117659,0.586775224673447,-41.3224775326553,,EDINET,,繊維製品
8013.T,ナイガイ,380.0,29.69285888,18.618324,0.43506184,55.58883043302306,8548000000.0,5326000000.0,2921000000.0,7813910.0,4734100000.0,605.8554552074442,1.5943564610722214,59.43564610722214,,EDINET,,繊維製品
8012.T,長瀬産業,1195.0,4879.48320768,15.008791,1.0905901,49.80035019035577,560126000000.0,401683000000.0,72028000000.0,408324973.0,168694299999.99994,413.1373566514628,0.34572163736524086,-65.42783626347591,,EDINET,,卸売業
8015.T,豊田通商,7378.0,69182.06652416,20.672457,2.6737144,38.729176069407686,1556987000000.0,1884080000000.0,298520000000.0,937680488.0,-306537000000.00024,-326.9098631387969,-0.04430873721046312,-104.43087372104631,,EDINET,,卸売業
8014.T,蝶理,4145.0,1021.5550976,8.370187,0.9793044,66.79337301871907,121566000000.0,53974000000.0,10382000000.0,24645478.0,69462000000.0,2818.4480739225264,0.6799633471465685,-32.00366528534315,,EDINET,,卸売業
8016.T,オンワードホールディングス,706.0,962.14310912,9.566395,1.0168749,49.45751837778706,80101000000.0,94931000000.0,13789000000.0,136280898.0,-14670800000.000015,-107.65118380713939,-0.15248043032172717,-115.24804303217273,,EDINET,,繊維製品
8018.T,三共生興,845.0,313.25640704,15.815085,0.51758754,71.42093881185599,16212000000.0,18645000000.0,31166000000.0,37071763.0,17518700000.0,472.5618255597933,0.5592447639760868,-44.07552360239133,,EDINET,,卸売業
8020.T,兼松,2256.0,3754.22681088,11.521373,1.7619425,30.48721093465428,214064000000.0,302076000000.0,27214000000.0,166410767.0,-99169800000.0,-595.9337955578319,-0.2641550512224432,-126.41550512224433,,EDINET,,卸売業
8022.T,美津濃,4350.0,3308.51909632,17.787773,1.8565878,69.30341868446064,147421000000.0,61358000000.0,9569000000.0,76057914.0,86625500000.0,1138.9413072780303,0.261825587880007,-73.8174412119993,,EDINET,,その他製品
8023.T,ＤＡＩＫＯ　ＸＴＥＣＨ,1028.0,129.19348224,8.991516,0.9761499,49.051128634430555,21490511000.0,14120256000.0,2359370000.0,12567459.0,7609788399.999998,605.5152756018538,0.5890226416360446,-41.09773583639555,,EDINET,,情報・通信業
8025.T,ツカモトコーポレーション,1459.0,58.8642304,66.49954,0.33929467,51.48577719274691,6126087000.0,14843848000.0,8066425000.0,4034560.0,-4555648300.000002,-1129.1561657281095,-0.7739247194846536,-177.39247194846536,,EDINET,,卸売業
8029.T,ルックホールディングス,2740.0,206.07023104,11.126904,0.49385342,63.16948252709159,29826000000.0,23633000000.0,6186000000.0,7520811.0,8159899999.999996,1084.9760750536075,0.395976669727594,-60.40233302724061,,EDINET,,繊維製品
8030.T,中央魚類,3900.0,155.7737984,5.2826915,0.4092848,46.30237846031689,29590000000.0,40948000000.0,12514000000.0,3994200.0,-6693000000.0,-1675.6797356166442,-0.4296614706709344,-142.96614706709346,,EDINET,,卸売業
8031.T,三井物産,4925.0,139975.44833024,16.85374,1.5546067,43.31056299038188,2230960000000.0,5445802000000.0,1329567000000.0,2842141126.0,-2828725300000.0,-995.2796763407448,-0.2020872439270548,-120.20872439270549,,EDINET,,卸売業
8032.T,日本紙パルプ商事,1254.0,1376.97591296,31.666668,1.0534513,35.69966354534031,233953000000.0,246670000000.0,37017000000.0,109806692.0,-11472100000.00003,-104.47541758201795,-0.08331373012920092,-108.33137301292011,,EDINET,,卸売業
8035.T,東京エレクトロン,12725.0,289046.34974208,9.642855,2.699816,72.35219051260802,1800756000000.0,770771000000.0,200013000000.0,2271484280.0,1092916999999.9999,481.14662717366457,0.03781112983683022,-96.21888701631698,,EDINET,,電気機器
8037.T,カメイ,4680.0,1433.6647168,11.918101,0.7956174,53.87164299026463,187829000000.0,154247000000.0,21859000000.0,30633860.0,33458600000.0,1092.209731323444,0.23337814771868462,-76.66218522813153,,EDINET,,卸売業
8039.T,築地魚市場,3490.0,77.60001024,20.097898,1.0789768,39.14411927112093,7175000000.0,10065000000.0,2291000000.0,2223496.0,-2292800000.0,-1031.1689339670502,-0.29546387792752155,-129.54638779275217,,EDINET,,卸売業
8040.T,東京ソワール,1045.0,36.34961408,109.08142,0.33492687,76.07364512404405,8524874000.0,4137653000.0,1563397000.0,3478432.0,5067833600.0,1456.9304790204321,1.3941918459525666,39.41918459525666,,EDINET,,繊維製品
8041.T,ＯＵＧホールディングス,4300.0,232.09623552,4.3303995,0.56040865,42.8330714521998,68521000000.0,54714000000.0,7108000000.0,5397587.0,13311199999.999992,2466.1390358321214,0.5735207060074701,-42.647929399252995,,EDINET,,卸売業
8045.T,横浜丸魚,2014.0,121.37991168,20.931198,0.50492907,68.19178348251218,7326266000.0,7850429000.0,13675446000.0,6026808.0,8263606300.0,1371.1414566384062,0.6808050926705096,-31.919490732949047,,EDINET,,卸売業
8043.T,スターゼン,1448.0,813.4807552,9.964903,0.86468047,47.36115646056576,111416000000.0,83168000000.0,21597000000.0,56179608.0,35049100000.0,623.8758376526941,0.43085347904191584,-56.914652095808414,,EDINET,,卸売業
8046.T,丸藤シートパイル,942.0,162.42199552,8.716573,0.49979255,71.23055162659124,32854000000.0,13043000000.0,1290000000.0,17242250.0,19409700000.0,1125.7057518595311,1.1950167217192476,19.501672171924746,,EDINET,,卸売業
8052.T,椿本興業,2986.0,548.7294464,10.838475,1.0710583,50.165893827950114,81082000000.0,56655000000.0,15459000000.0,18376740.0,29582799999.999992,1609.7958615075358,0.5391144881137092,-46.088551188629076,,EDINET,,卸売業
8051.T,山善,1991.0,1701.45824768,20.076637,1.2280201,39.8167561578454,229411000000.0,164332000000.0,24063000000.0,85457476.0,65489900000.0,766.3448894746201,0.3849045150550578,-61.50954849449421,,EDINET,,卸売業
8050.T,セイコーグループ,11000.0,8993.18611968,39.037548,4.732858,46.23854788332843,174183000000.0,211221000000.0,53123000000.0,81756242.0,-20974000000.00003,-256.5431028495663,-0.023322100259051484,-102.33221002590514,,EDINET,,精密機器
8056.T,ＢＩＰＲＯＧＹ,4686.0,4527.41791744,14.733069,2.5597408,47.563106005479824,131174000000.0,69762000000.0,17934000000.0,96615835.0,66989600000.0,693.3604620816039,0.1479642471364925,-85.20357528635074,,EDINET,,情報・通信業
8053.T,住友商事,1725.0,81539.4717696,13.729704,1.7262931,34.71943575529511,1739839000000.0,3577066000000.0,237437000000.0,4726925815.0,-2028727700000.0005,-429.1854324352244,-0.24880314923781124,-124.88031492378113,,EDINET,,卸売業
8057.T,内田洋行,2222.0,1097.529344,8.878766,1.2787503,42.97493250548911,106354000000.0,85965000000.0,20264000000.0,49393761.0,25977299999.999985,525.9226969981084,0.23668888253740256,-76.33111174625975,,EDINET,,卸売業
8058.T,三菱商事,4710.0,172512.89792512,22.380613,1.7904409,42.442462112907606,2756374000000.0,4447435000000.0,800698000000.0,3662694127.0,-1575315900000.0,-430.0975853777593,-0.09131583553667925,-109.13158355366792,,EDINET,,卸売業
8059.T,第一実業,3530.0,1110.2756864,11.270753,1.2161443,51.640011614732494,149940000000.0,91521000000.0,12709000000.0,31452570.0,58163199999.999985,1849.2352135294504,0.5238626667222239,-47.61373332777761,,EDINET,,卸売業
8060.T,キヤノンマーケティングジャパン,3741.0,7702.6492416,17.682926,1.978941,73.31589969278524,332185000000.0,140889000000.0,17771000000.0,205898127.0,189646800000.0,921.071030432443,0.24620984507683585,-75.37901549231641,,EDINET,,卸売業
8065.T,佐藤商事,2945.0,609.88121088,9.449097,0.77688724,42.46170147013377,125596000000.0,102688000000.0,17927000000.0,20709041.0,25188099999.999985,1216.285196402865,0.4130000666902768,-58.69999333097232,,EDINET,,卸売業
8066.T,三谷商事,3480.0,2897.9396608,12.236716,1.5433303,66.40554555434979,240898000000.0,106827000000.0,13627000000.0,83274126.0,132927199999.99998,1596.260523947138,0.458695552858373,-54.13044471416271,,EDINET,,卸売業
8061.T,西華産業,3035.0,1066.33428992,14.1445675,2.031432,27.734912920210615,105833000000.0,81865000000.0,16922000000.0,35134572.0,27626900000.0,786.3166797648767,0.25908292578743874,-74.09170742125613,,EDINET,,卸売業
8070.T,東京産業,1009.0,263.55499008,10.4940195,1.0076004,24.733930582072748,62646000000.0,63593000000.0,7197000000.0,26120417.0,-2268400000.0,-86.84394280535415,-0.08606931893493969,-108.60693189349398,,EDINET,,卸売業
8074.T,ＹＵＡＳＡ,6090.0,1282.42663424,10.800553,1.0439643,40.01390412741716,210333000000.0,178682000000.0,13082000000.0,21057907.0,22940199999.99997,1089.3865188026507,0.17888120177383426,-82.11187982261659,,EDINET,,卸売業
8075.T,神鋼商事,3070.0,811.16635136,9.900032,0.7932548,26.322978549252785,337539000000.0,293893000000.0,32574000000.0,26422358.0,37058500000.0,1402.543255223474,0.4568544805288189,-54.314551947118105,,EDINET,,卸売業
8076.T,カノークス,2045.0,200.5141504,9.425266,0.6002473,39.92332336270196,68500662000.0,56033697000.0,12038450000.0,9805093.0,15290510299.999992,1559.4457186688583,0.7625651436033537,-23.743485639664634,,EDINET,,卸売業
8077.T,トルク,210.0,47.49339648,6.319591,0.32738277,41.97894897879511,16654955000.0,20413904000.0,8225069000.0,22615905.0,-42791100.0,-1.8920799322423754,-0.009009904439249407,-100.90099044392495,,EDINET,,卸売業
8078.T,阪和興業,1848.0,3551.47579392,9.742725,0.8182828,35.70244635355936,903705000000.0,776335000000.0,116299000000.0,192179419.0,131145799999.99988,682.4133441677221,0.36927129013404875,-63.07287098659512,,EDINET,,卸売業
8079.T,正栄食品工業,4305.0,713.68523776,18.67922,1.2015104,57.90773557018333,59147841000.0,35736536000.0,4489232000.0,16578055.0,22980113800.0,1386.176713733909,0.32199226799858516,-67.80077320014148,,EDINET,,卸売業
8081.T,カナデン,2655.0,591.94978304,14.91573,1.1566541,51.97525571139829,72011000000.0,41100000000.0,4358000000.0,22295661.0,29851600000.0,1338.897285888945,0.5042927630466836,-49.570723695331644,,EDINET,,卸売業
8084.T,ＲＹＯＤＥＮ,2470.0,1053.19743488,19.67657,1.1157166,61.26258076641413,125802000000.0,52782000000.0,6850000000.0,42639572.0,72536800000.0,1701.1615407396678,0.6887293687205133,-31.127063127948674,,EDINET,,卸売業
8085.T,ナラサキ産業,4625.0,231.4397696,10.489907,0.78051895,47.16598219850109,39001000000.0,29778000000.0,3952000000.0,5004103.0,9011599999.999996,1800.842228866991,0.3893712927279981,-61.062870727200206,,EDINET,,卸売業
8088.T,岩谷産業,1993.0,4587.39286016,9.62616,0.9639223,49.90097491364479,328458000000.0,475835000000.0,211938000000.0,230175259.0,-46603900000.00006,-202.47136987038238,-0.10159125432532984,-110.15912543253296,,EDINET,,卸売業
8086.T,ニプロ,1327.0,2164.28101632,17.96399,0.77880204,27.592001912156206,574418000000.0,858942000000.0,15287000000.0,163095782.0,-359717300000.0001,-2205.558571710948,-1.6620637315078735,-266.20637315078733,,EDINET,,精密機器
8089.T,ナイス,1927.0,224.34461696,8.858955,0.37385163,37.56132148889439,106717000000.0,109376000000.0,10514000000.0,11642170.0,-6236800000.000015,-535.7076902330077,-0.2780008771318151,-127.80008771318153,,EDINET,,卸売業
8091.T,ニチモウ,2310.0,194.07579136,9.036498,0.55551803,37.851571993548525,56501000000.0,52869000000.0,14434000000.0,8401549.0,8448899999.999992,1005.6359845071418,0.4353402530333947,-56.465974696660524,,EDINET,,卸売業
8093.T,極東貿易,1772.0,209.70442752,11.663266,0.6442952,53.476960306523715,43688000000.0,28653000000.0,9405000000.0,11834336.0,18753199999.999996,1584.6431941766734,0.8942681682712604,-10.573183172873959,,EDINET,,卸売業
8097.T,三愛オブリ,2366.0,1464.13666304,16.142456,1.2622087,57.86755828868936,96390000000.0,87086000000.0,15516000000.0,61882363.0,11456599999.999985,185.13514100940174,0.07824815765401595,-92.1751842345984,,EDINET,,卸売業
8095.T,アステナホールディングス,546.0,220.75076608,9.660297,0.77647144,36.31447091104307,39141000000.0,39293000000.0,4137000000.0,40430543.0,-1185400000.0,-29.31941824278739,-0.05369856821023331,-105.36985682102333,,EDINET,,卸売業
8098.T,稲畑産業,4385.0,2340.7968256,11.461656,0.9694944,49.370857071735145,359977000000.0,225416000000.0,36230000000.0,53381913.0,137380399999.99997,2573.5383443452088,0.5868958595998196,-41.310414040018046,,EDINET,,卸売業
8101.T,ＧＳＩクレオス,2482.0,299.36664576,11.97183,0.8939763,36.067409439561054,68587000000.0,49879000000.0,5978000000.0,12061509.0,17904699999.999992,1484.4494167355008,0.598085985791902,-40.1914014208098,,EDINET,,卸売業
8103.T,明和産業,1008.0,372.7026176,11.851851,0.9537903,49.76826672972334,57418000000.0,35726000000.0,14453000000.0,36974468.0,28236500000.0,763.6756261104284,0.7576147084428854,-24.238529155711465,,EDINET,,卸売業
8104.T,クワザワホールディングス,783.0,115.83157248,11.179326,0.6802816,38.98997652158208,32188000000.0,25154000000.0,1530000000.0,14793304.0,5589599999.999996,377.846625743647,0.4825627404133423,-51.74372595866578,,EDINET,,卸売業
8105.T,Ｂｉｔｃｏｉｎ　Ｊａｐａｎ,70.0,49.2058624,,0.9484581,86.2654581511731,3112522000.0,654773000.0,51318000.0,70294091.0,2428194300.0,34.54336296915768,0.49347661384510966,-50.652338615489036,,EDINET,,卸売業
8107.T,キムラタン,30.0,82.60951552,,5.1466804,16.72377538712664,2117547000.0,8958616000.0,451000.0,275365060.0,-7736614900.0,-28.09584810796257,-0.9365282702654191,-193.6528270265419,,EDINET,,繊維製品
8111.T,ゴールドウイン,2119.5,2899.66915584,11.994906,2.2932627,77.57197120557342,93438000000.0,39674000000.0,33014000000.0,136809128.0,72906400000.0,532.9059622395956,0.25143003644236644,-74.85699635576336,,EDINET,,繊維製品
8113.T,ユニ・チャーム,928.6,15979.35058944,24.902117,1.9688829,72.86433023538721,203454000000.0,104692000000.0,107787000000.0,1720800317.0,163743700000.0,95.15554964882075,0.10247205432782765,-89.75279456721724,,EDINET,,化学
8115.T,ムーンバット,1327.0,59.81010432,10.490119,0.9739471,59.00309005097362,5981295000.0,4464904000.0,253880000.0,4507167.0,1247616600.0,276.80727161873523,0.20859628607289768,-79.14037139271024,,EDINET,,卸売業
8117.T,中央自動車工業,2155.0,1197.87544576,12.082305,1.8789847,88.3619615104114,31449434000.0,7790939000.0,17769678000.0,55585869.0,35318175700.0,635.3804723283179,0.29484012637044915,-70.51598736295509,,EDINET,,卸売業
8118.T,キング,1167.0,186.05228032,30.023155,0.79628646,86.44657144993644,12818000000.0,3242000000.0,3100000000.0,15942784.0,11421800000.0,716.4244337751801,0.6139026853257755,-38.60973146742244,,EDINET,,繊維製品
8119.T,三栄コーポレーション,780.0,74.14180864,12.989176,0.4976524,59.80977423973049,17204840000.0,10278090000.0,4370475000.0,9505360.0,8958273500.0,942.4444208320358,1.2082620779897895,20.82620779897895,,EDINET,,卸売業
8123.T,川辺,1390.0,25.36399616,13.796526,0.33603597,58.40132111925143,6912100000.0,5319755000.0,1154883000.0,1824748.0,1868787600.0,1024.1346202324924,0.7367874965701384,-26.321250342986165,,EDINET,,卸売業
8125.T,ワキタ,1903.0,946.33893888,27.623749,0.97310936,70.24927315189935,50036000000.0,44097000000.0,4899000000.0,49728793.0,4958599999.999992,99.71285649342006,0.05239771754777723,-94.76022824522228,,EDINET,,卸売業
8127.T,ヤマトインターナショナル,516.0,105.05580544,72.57384,0.6046346,74.30728797608253,10981670000.0,6658789000.0,5861536000.0,20359651.0,7760077299.999998,381.1498193166473,0.7386624405361383,-26.133755946386177,,EDINET,,繊維製品
8129.T,東邦ホールディングス,3667.0,2372.60849152,13.757785,0.9005845,36.65820262668724,548946000000.0,465907000000.0,64095000000.0,64701623.0,81314799999.99994,1256.7660010630636,0.34272320727108363,-65.72767927289165,,EDINET,,卸売業
8130.T,サンゲツ,3135.0,1843.1131648,12.5868225,1.5163667,64.7191475170322,117011000000.0,70113000000.0,8203000000.0,58791486.0,45628800000.0,776.1123779045149,0.24756375690734128,-75.24362430926588,,EDINET,,卸売業
8131.T,ミツウロコグループホールディングス,2381.0,1302.67897856,15.0126095,1.2309777,51.14271844660194,94208000000.0,87035000000.0,25008000000.0,54711422.0,15975099999.999985,291.9883895541956,0.12263267095934295,-87.73673290406569,,EDINET,,卸売業
8132.T,シナネンホールディングス,7410.0,805.32209664,18.471432,1.3529389,55.62669429975112,62862000000.0,50704000000.0,8243000000.0,10868044.0,12857699999.999992,1183.0739735687482,0.15965910574477035,-84.03408942552296,,EDINET,,卸売業
8133.T,伊藤忠エネクス,2247.0,2537.17430272,15.799465,1.355958,46.50754379376615,141823000000.0,143940000000.0,5531000000.0,112913854.0,-12639300000.0,-111.93754842519148,-0.0498164434469032,-104.98164434469031,,EDINET,,卸売業
8135.T,ゼット,429.0,83.97566976,8.552631,0.54807264,45.462633451957295,26348000000.0,18205000000.0,3622000000.0,19574747.0,8857900000.0,452.5167043027427,1.0548174925471858,5.48174925471858,,EDINET,,卸売業
8136.T,サンリオ,1181.0,14318.80073216,26.432407,8.775385,66.45830137546659,151698000000.0,94798000000.0,7558000000.0,1212430166.0,52710799999.999985,43.47532870606585,0.036812302037312325,-96.31876979626878,,EDINET,,卸売業
8137.T,サンワテクノス,4840.0,756.39996416,22.234474,1.336268,52.39579429112501,82875000000.0,43966000000.0,6399000000.0,15628099.0,38991699999.99999,2494.9739568452947,0.5154904869515071,-48.45095130484928,,EDINET,,卸売業
8138.T,三京化成,4220.0,37.98514944,4.9703197,0.40398037,59.57754751506658,10974124000.0,7466244000.0,3424920000.0,900122.0,5158699599.999999,5731.111560432918,1.3580833081594592,35.80833081594592,,EDINET,,卸売業
8139.T,ナガホリ,2283.0,350.0990464,32.674965,2.512914,45.4167140050673,19031894000.0,13243967000.0,1345782000.0,15335043.0,5405577699.999998,352.4983725184206,0.15440138962699104,-84.55986103730089,,EDINET,,卸売業
8141.T,新光商事,1565.0,446.80593408,41.033035,0.8348572,66.26565671567899,71517000000.0,27511000000.0,6103000000.0,28549899.0,45527000000.0,1594.6466220423406,1.0189435284615596,1.8943528461559487,,EDINET,,卸売業
8143.T,ラピーヌ,155.0,3.6638,,0.512417,22.994258310728743,1325836000.0,2196964000.0,517418000.0,2363742.0,-728631800.0,-308.25352343868326,-1.9887324092818275,-298.8732409281827,,EDINET,,繊維製品
8142.T,トーホー,1390.0,443.39032064,8.667997,1.227242,35.81292636904638,46383000000.0,57202000000.0,2369000000.0,31898585.0,-14880900000.000008,-466.50658642068316,-0.3356162492235131,-133.5616249223513,,EDINET,,卸売業
8144.T,デンキョーグループホールディングス,1265.0,79.4399744,23.99924,0.2919514,76.38101589418696,19527000000.0,9310000000.0,4497000000.0,6279840.0,12433900000.0,1979.9708272822238,1.5651943298673705,56.51943298673706,,EDINET,,卸売業
8147.T,トミタ,1439.0,74.64262656,11.324467,0.54571307,61.806979418632814,13746457000.0,6435678000.0,2307805000.0,5187118.0,8282674699.999999,1596.7777675387372,1.1096440358156616,10.964403581566168,,EDINET,,卸売業
8150.T,三信電気,3380.0,413.80048896,8.310794,0.9114728,50.52231510265057,74878000000.0,43497000000.0,2242000000.0,12242618.0,28600699999.999992,2336.1588183181075,0.6911712480231087,-30.88287519768913,,EDINET,,卸売業
8151.T,東陽テクニカ,1890.0,394.73831936,15.684648,1.4030524,70.41003483332243,18423413000.0,11006550000.0,2414795000.0,20885626.0,8006564499.999998,383.3528619156542,0.20283220207177471,-79.71677979282254,,EDINET,,卸売業
8152.T,ソマール,7450.0,144.365056,9.579899,0.61821634,63.41647263540226,22733389000.0,10799274000.0,2388151000.0,1937786.0,12525893299.999998,6464.023013893174,0.8676540958245871,-13.234590417541291,,EDINET,,卸売業
8153.T,モスフードサービス,3790.0,1165.42513152,25.630623,2.0031087,68.26040163953195,43730000000.0,26250000000.0,9645000000.0,30750005.0,21606499999.999996,702.6502922519849,0.18539585547545775,-81.46041445245422,,EDINET,,卸売業
8154.T,加賀電子,5470.0,2606.94900736,8.720467,1.3643637,45.45844129464396,257164000000.0,139292000000.0,12556000000.0,47659032.0,112732000000.0,2365.385851731105,0.4324288577204945,-56.757114227950545,,EDINET,,卸売業
8157.T,都築電気,4275.0,778.75863552,11.928014,1.6638217,55.72977290882118,65063000000.0,35433000000.0,4538000000.0,18216575.0,29263300000.0,1606.4106452502735,0.3757685719883681,-62.42314280116319,,EDINET,,情報・通信業
8158.T,ソーダニッカ,1312.0,299.44641536,127.00871,0.82107615,43.39680826459024,51247000000.0,43664000000.0,13794000000.0,22823660.0,12872399999.999992,563.9936802423447,0.429873231892031,-57.012676810796904,,EDINET,,卸売業
8159.T,立花エレテック,4300.0,945.00151296,12.909424,0.8633777,58.545590425146266,130240000000.0,70423000000.0,25794000000.0,21976781.0,70830500000.0,3222.9697333745103,0.7495278449708164,-25.04721550291837,,EDINET,,卸売業
8160.T,木曽路,2276.0,640.91705344,37.27481,2.0586872,65.13052084622046,19503000000.0,16440000000.0,2994000000.0,28159799.0,3514800000.0,124.81623182040468,0.054840172153077626,-94.51598278469224,,EDINET,,小売業
8163.T,ＳＲＳホールディングス,1390.0,574.82928128,38.10307,3.2513251,39.11580296648111,18090516000.0,28922366000.0,1188514000.0,41354626.0,-12892126800.000004,-311.74569925986043,-0.22427748148191398,-122.4277481481914,,EDINET,,小売業
8165.T,千趣会,100.0,46.77573632,0.7825338,0.27225256,65.15736739454664,13829000000.0,12337000000.0,1096000000.0,46775737.0,1025499999.9999981,21.923759319922592,0.21923759319922592,-78.0762406800774,,EDINET,,小売業
8166.T,タカキュー,78.0,32.49853184,6.4356437,0.31804022,32.84684323134333,3507309000.0,4615959000.0,655383000.0,41664785.0,-1111477800.0,-26.67667191850384,-0.3420086143397928,-134.2008614339793,,EDINET,,小売業
8167.T,リテールパートナーズ,1424.0,590.61374976,12.006745,0.67092246,67.30646428020933,38398000000.0,42354000000.0,12081000000.0,41475685.0,265299999.99999905,6.396518827838505,0.004491937379100074,-99.55080626208999,,EDINET,,小売業
8173.T,Ｊｏｓｈｉｎ,4275.0,1106.35614208,33.398438,1.0382273,46.047208856140166,125169000000.0,126837000000.0,6032000000.0,25879676.0,-10129300000.0,-391.39979959563635,-0.09155550867734184,-109.15555086773419,,EDINET,,小売業
8174.T,日本瓦斯,934.5,2985.67696384,20.633694,4.647612,41.24518613607189,57403000000.0,88572000000.0,2130000000.0,319494597.0,-38535200000.000015,-120.61299427858562,-0.1290668745624244,-112.90668745624244,,EDINET,,小売業
8179.T,ロイヤルホールディングス,1282.0,1263.22327552,21.593397,2.248527,39.69505520058957,36154000000.0,77263000000.0,8817000000.0,98535364.0,-42663400000.0,-432.9755152677977,-0.3377344112853336,-133.77344112853336,,EDINET,,小売業
8181.T,東天紅,1000.0,25.6817792,4.1993866,0.274716,65.43715995837807,2039215000.0,4210382000.0,254317000.0,2568178.0,-2414183300.0,-940.037372798926,-0.940037372798926,-194.00373727989256,,EDINET,,小売業
8194.T,ライフコーポレーション,2581.0,2233.020416,11.933053,1.4168458,46.39399127804657,96348000000.0,167592000000.0,2356000000.0,86517652.0,-86354000000.0,-998.1084553704717,-0.38671385330122887,-138.6713853301229,,EDINET,,小売業
8185.T,チヨダ,986.0,334.73875968,11.889545,0.67178756,65.79746067074713,51090000000.0,27045000000.0,2621000000.0,33949164.0,23175199999.999996,682.6442029618165,0.6923369198395705,-30.76630801604295,,EDINET,,小売業
8198.T,マックスバリュ東海,3310.0,1055.42795264,10.3453665,1.0987351,63.679013155736364,58686000000.0,46972000000.0,679000000.0,31886042.0,7492099999.999992,234.96487898999794,0.07098636827492386,-92.90136317250762,,EDINET,,小売業
8202.T,ラオックスホールディングス,150.0,137.12421888,39.16449,0.6397516,53.48705616070165,33206000000.0,21070000000.0,295000000.0,91416147.0,10235500000.0,111.96599655419736,0.7464399770279824,-25.35600229720176,,EDINET,,小売業
8203.T,ＭｒＭａｘＨＤ,731.0,243.60718336,8.994709,0.634308,44.23655542106174,19325000000.0,47141000000.0,572000000.0,33325196.0,-32129700000.000008,-964.1263625276205,-1.3189143126232838,-231.8914312623284,,EDINET,,小売業
8200.T,リンガーハット,2282.0,591.36663552,34.049538,3.8507814,48.93692204274905,5556507000.0,15556861000.0,933001000.0,25914402.0,-10902939400.000002,-420.7289599042263,-0.18436851880115088,-118.4368518801151,,EDINET,,小売業
8207.T,テンアライド,290.0,116.09593856,,4.3579535,40.33210999606101,4057355000.0,4649606000.0,504658000.0,40033085.0,-703951000.0,-17.58423064322922,-0.06063527808010075,-106.06352780801006,,EDINET,,小売業
8217.T,オークワ,771.0,313.82382592,,0.4253183,57.75984151428152,30364000000.0,54101000000.0,2766000000.0,40703480.0,-27210900000.000008,-668.5153210487164,-0.8670756433835491,-186.70756433835493,,EDINET,,小売業
8214.T,ＡＯＫＩホールディングス,1680.0,1414.987776,14.930679,1.0098666,64.40575724645716,79819000000.0,90835000000.0,760000000.0,84225464.0,-19567500000.000015,-232.32285191091395,-0.1382874118517345,-113.82874118517346,,EDINET,,小売業
8218.T,コメリ,3750.0,1738.33601024,12.136315,0.6700286,65.19074364399256,181484000000.0,140345000000.0,1699000000.0,46355628.0,28293800000.0,610.3638591629046,0.16276369577677458,-83.72363042232254,,EDINET,,小売業
8219.T,青山商事,721.0,1023.50053376,15.118474,0.58669114,59.083424807903405,193876000000.0,136915000000.0,4729000000.0,141955689.0,46579800000.0,328.12915303450785,0.4551028474819804,-54.48971525180196,,EDINET,,小売業
8225.T,タカチホ,3645.0,25.49086976,7.764405,0.9710807,57.897545992303655,2191464000.0,2034688000.0,54477000.0,699338.0,-8558900.0,-12.238574194452468,-0.0033576335238552726,-100.33576335238554,,EDINET,,卸売業
8230.T,はせがわ,300.0,54.5711616,18.726591,0.43646204,60.16661959898334,7546000000.0,7373000000.0,664000000.0,18190387.0,-99500000.00000095,-5.469922107759497,-0.018233073692531656,-101.82330736925316,,EDINET,,小売業
8226.T,理経,392.0,59.2679424,7.961007,0.98779863,46.80515444754892,10292445000.0,5698766000.0,31630000.0,15119373.0,4045943399.999999,267.5999461088763,0.6826529237471334,-31.734707625286664,,EDINET,,卸売業
8227.T,しまむら,3251.0,6750.29712896,15.054411,1.3373812,88.33312174685794,370429000000.0,66168000000.0,33226000000.0,207637572.0,320902400000.0,1545.4929322714293,0.4753900130025928,-52.46099869974071,,EDINET,,小売業
8233.T,高島屋,2118.0,6206.04489728,,1.3655275,35.48779590990834,333501000000.0,795663000000.0,119967000000.0,293014400.0,-457751400000.0001,-1562.2146897899902,-0.7375895608073608,-173.75895608073608,,EDINET,,小売業
8237.T,松屋,2196.0,1114.25626112,51.3324,4.2659082,36.08710499356432,18551000000.0,46907000000.0,9233000000.0,50740268.0,-26583600000.000008,-523.9152461709506,-0.2385770702053509,-123.85770702053509,,EDINET,,小売業
8242.T,エイチ・ツー・オー　リテイリング,2782.5,3135.48079104,10.859384,1.0407355,45.53461618644791,169516000000.0,417079000000.0,97048000000.0,112685747.0,-221337300000.00006,-1964.199607249354,-0.7059118085352575,-170.59118085352574,,EDINET,,小売業
8244.T,近鉄百貨店,1873.0,755.37022976,19.931892,1.6268269,36.73215817361262,27883000000.0,75812000000.0,4082000000.0,40329430.0,-52652800000.0,-1305.5676710531243,-0.6970462739205149,-169.70462739205146,,EDINET,,小売業
8247.T,大和,339.0,19.01352064,,0.34313443,19.69920913703141,5631134000.0,22072920000.0,3444715000.0,5608708.0,-16237777500.000004,-2895.1012425678077,-8.540121659492058,-954.0121659492058,,EDINET,,小売業
8252.T,丸井グループ,2742.5,4773.06683392,17.274504,2.0781097,21.451515671932118,737587000000.0,806716000000.0,46523000000.0,174040715.0,-117234500000.00012,-673.6038748174536,-0.2456167273719065,-124.56167273719065,,EDINET,,小売業
8253.T,クレディセゾン,4367.0,6274.22920704,10.171663,0.81403077,15.660574603391918,286215000.0,2404109000.0,82076000000.0,143673658.0,55094895100.0,383.47248804648655,0.08781142387141895,-91.2188576128581,,EDINET,,その他金融業
8255.T,アクシアル　リテイリング,1270.0,1102.88912384,12.863364,1.1783011,66.05570779423498,39605000000.0,46001000000.0,3778000000.0,86841663.0,-8351500000.000008,-96.16927764269101,-0.07572384066353623,-107.5723840663536,,EDINET,,小売業
8254.T,さいか屋,326.0,20.85226112,48.802395,1.4471138,6.658722060759252,2590170000.0,11189788000.0,221110000.0,6396399.0,-9563819800.000002,-1495.188120691033,-4.586466627886604,-558.6466627886604,,EDINET,,小売業
8260.T,井筒屋,374.0,41.55803904,8.482649,0.34218,28.169859219939998,7056000000.0,32574000000.0,1399000000.0,11111775.0,-27796100000.0,-2501.4995354027596,-6.688501431558181,-768.850143155818,,EDINET,,小売業
8267.T,イオン,1230.5,34043.3174528,45.98281,2.8144884,14.341665897835853,8693526000000.0,11698047000000.0,326209000000.0,2766624836.0,-3945979400000.002,-1426.2791791116567,-1.1591053873316999,-215.91053873317,,EDINET,,小売業
8273.T,イズミ,945.0,1986.43187712,11.962026,0.67209846,51.72065712322992,119765000000.0,276359000000.0,4667000000.0,210204435.0,-180963000000.0,-860.8904945321444,-0.9109952323091476,-191.09952323091474,,EDINET,,小売業
8275.T,フォーバル,1045.0,272.88492032,18.637417,1.4839576,51.14117836725741,28565996000.0,22425579000.0,2596057000.0,26113390.0,5715098999.999996,218.85703081828885,0.20943256537635296,-79.0567434623647,,EDINET,,卸売業
8276.T,平和堂,2536.0,1254.22559232,15.827249,0.62942284,63.22681614206551,64602000000.0,115842000000.0,3871000000.0,49456844.0,-60114500000.000015,-1215.4940578092694,-0.4792957641203744,-147.92957641203742,,EDINET,,小売業
8278.T,フジ,1974.0,1710.4003072,20.930973,0.7596007,54.725056115911876,78744000000.0,193780000000.0,24481000000.0,86646419.0,-117277300000.00003,-1353.5158331240443,-0.685671647985838,-168.56716479858383,,EDINET,,小売業
8281.T,ゼビオホールディングス,1077.0,445.6833024,,0.3722621,57.4336394881454,130727000000.0,81827000000.0,2733000000.0,41381923.0,42630400000.0,1030.1696226151694,0.9565177554458397,-4.3482244554160285,,EDINET,,小売業
8282.T,ケーズホールディングス,1731.5,2675.34860288,18.952496,1.0520949,58.907835126703624,224686000000.0,171423000000.0,1044000000.0,154510458.0,36851500000.0,238.50489136469972,0.13774466726231574,-86.22553327376843,,EDINET,,小売業
8285.T,三谷産業,800.0,492.56124416,13.836043,0.860129,56.10404703982035,46060000000.0,45924000000.0,27440000000.0,61570157.0,14751599999.999992,239.59009882011495,0.2994876235251437,-70.05123764748564,,EDINET,,卸売業
8291.T,日産東京販売ホールディングス,544.0,323.4709504,11.971831,0.55309284,57.71458403104746,36305000000.0,40436000000.0,6216000000.0,59461571.0,-3823400000.0,-64.3003529119673,-0.1181991781469987,-111.81991781469986,,EDINET,,小売業
8303.T,ＳＢＩ新生銀行,1529.5,13566.66503168,11.0713,1.1083847,4.983719770607588,0.0,19370612000000.0,4746405000000.0,887000000.0,-17985189700000.0,-20276.425817361895,-13.25689821337816,-1425.6898213378158,流動資産,EDINET,,銀行業
8304.T,あおぞら銀行,3433.0,4753.19107584,18.466919,0.9515347,5.715283526820887,0.0,7302748000000.0,1989550000000.0,138455906.0,-6640337800000.001,-47959.946179543986,-13.970272700129328,-1497.0272700129328,流動資産,EDINET,,銀行業
8306.T,三菱ＵＦＪフィナンシャル・グループ,3655.0,411398.22395392,15.456506,1.8123416,5.499748885620006,1359600000000.0,391385368000000.0,105820366000000.0,11255764758.0,-355090048600000.06,-31547.394267246116,-8.631298021134368,-963.1298021134368,,EDINET,,銀行業
8308.T,りそなホールディングス,2573.5,57387.34288896,21.97319,1.9184608,3.838064097498264,78860000000.0,74618000000000.0,27448000000.0,2229933517.0,-81981726400000.0,-36764.20206028949,-14.285681779789972,-1528.5681779789973,,EDINET,,銀行業
8309.T,三井住友トラストグループ,1784.0,49130.30496256,13.419587,1.3402791,4.369940326827323,124998000000.0,75119785000000.0,642000000.0,2753940937.0,-82506316100000.0,-29959.362959279035,-16.79336488748825,-1779.3364887488249,,EDINET,,銀行業
8316.T,三井住友フィナンシャルグループ,3401.0,257888.06070272,15.010813,1.6047487,4.850106683595164,1827704000000.0,291440506000000.0,107820000000.0,7582712788.0,-318681378600000.0,-42027.35716224519,-12.357352885105907,-1335.7352885105906,,EDINET,,銀行業
8331.T,千葉銀行,2854.5,19732.15297536,19.39989,1.5328093,5.927366495062343,0.0,20486102000000.0,3535836000000.0,691264743.0,-20059627000000.0,-29018.73298635744,-10.165960058279012,-1116.596005827901,流動資産,EDINET,,銀行業
8334.T,群馬銀行,3070.0,11619.9391232,19.622883,1.8374255,5.704904133899992,0.0,9994237000000.0,2011525000000.0,378499650.0,-9585593200000.0,-25325.236628356197,-8.249262745392898,-924.9262745392898,流動資産,EDINET,,銀行業
8336.T,武蔵野銀行,2996.0,2907.4358272,19.02464,1.0594794,4.965674275348272,0.0,5206983000000.0,966416000000.0,97043916.0,-5051190100000.0,-52050.55925401856,-17.37335088585399,-1837.335088585399,流動資産,EDINET,,銀行業
8337.T,千葉興業銀行,2807.0,1613.21992192,26.280312,0.94811064,5.676571640547487,0.0,3072056000000.0,592035000000.0,57471318.0,-2964837100000.0005,-51588.117397968854,-18.378381687911954,-1937.8381687911954,流動資産,EDINET,,銀行業
8338.T,筑波銀行,834.0,687.3022464,24.371712,0.61824447,3.732838113670122,0.0,2798133000000.0,422994000000.0,82410346.0,-2781850500000.0005,-33756.083247120456,-40.47491996057609,-4147.491996057609,流動資産,EDINET,,銀行業
8341.T,七十七銀行,4180.0,9325.50803456,17.068888,1.2313871,6.63198312783894,0.0,9848811000000.0,2972491000000.0,223098270.0,-8752948400000.0,-39233.60051155932,-9.386028830516585,-1038.6028830516584,流動資産,EDINET,,銀行業
8343.T,秋田銀行,1985.0,1766.42899968,23.488344,0.94335765,5.012892747937622,0.0,3303246000000.0,909823000000.0,88988865.0,-2996694500000.0005,-33674.93787003577,-16.964704216642705,-1796.4704216642706,流動資産,EDINET,,銀行業
8344.T,山形銀行,5700.0,1753.08242944,27.060387,1.1348311,4.596833655200702,0.0,3028249000000.0,854522000000.0,30755833.0,-2732908500000.0005,-88858.21756152729,-15.589160975706541,-1658.916097570654,流動資産,EDINET,,銀行業
8345.T,岩手銀行,2777.0,1917.03416832,21.651335,0.96273184,4.976041932558672,0.0,3618129000000.0,1138030000000.0,69032560.0,-3183320900000.0005,-46113.325364147015,-16.605446656156648,-1760.5446656156648,流動資産,EDINET,,銀行業
8346.T,東邦銀行,1143.0,2856.2128896,22.651606,1.2648913,3.2295109904020585,0.0,6456005000000.0,1410398000000.0,249887384.0,-6114326900000.001,-24468.329701670737,-21.407112599886908,-2240.711259988691,流動資産,EDINET,,銀行業
8349.T,東北銀行,1614.0,152.68862976,15.384615,0.45780337,3.2699095694004097,0.0,974237000000.0,210920000000.0,9460262.0,-924016700000.0001,-97673.47881062915,-60.51640570670951,-6151.640570670951,流動資産,EDINET,,銀行業
8354.T,ふくおかフィナンシャルグループ,7950.0,15024.00217088,17.448751,1.3350596,3.2083775061393967,5051000000.0,31333029000000.0,5495519000000.0,188981148.0,-30614417600000.004,-161997.20408090655,-20.377006802629754,-2137.7006802629753,,EDINET,,銀行業
8358.T,スルガ銀行,2991.0,5035.2586752,15.478963,1.5398262,9.1274514368923,0.0,3166449000000.0,549485000000.0,168346994.0,-3098454400000.0005,-18405.16617718758,-6.15351594021651,-715.351594021651,流動資産,EDINET,,銀行業
8359.T,八十二長野銀行,2836.0,12891.18941184,19.801704,1.0739604,8.529742434406785,0.0,12547657000000.0,3494931000000.0,454555342.0,-11355971000000.002,-24982.592768649065,-8.809094770327597,-980.9094770327597,流動資産,EDINET,,銀行業
8360.T,山梨中央銀行,1567.0,2404.13458432,23.865366,1.0025162,5.1007971223272826,0.0,4313769000000.0,1164768000000.0,153422750.0,-3929808300000.0,-25614.247561069005,-16.346041838589027,-1734.6041838589026,流動資産,EDINET,,銀行業
8361.T,大垣共立銀行,1891.0,3884.42619904,19.786545,0.929195,5.410080639116243,0.0,6312601000000.0,1062983000000.0,205416515.0,-6199773000000.001,-30181.472994028747,-15.960588574314514,-1696.0588574314513,流動資産,EDINET,,銀行業
8362.T,福井銀行,8380.0,1982.38388224,22.534151,1.2232934,3.5456219145213326,0.0,4150345000000.0,978465000000.0,23656133.0,-3880454000000.0,-164035.85488803263,-19.574684354180505,-2057.4684354180504,流動資産,EDINET,,銀行業
8364.T,清水銀行,3250.0,367.8595072,18.420904,0.45508167,4.466250755300334,0.0,1734013000000.0,268007000000.0,11318754.0,-1719809400000.0002,-151943.34994823637,-46.751799984072726,-4775.179998407272,流動資産,EDINET,,銀行業
8365.T,富山銀行,2362.0,126.0146176,12.169612,0.39732698,5.701464159396999,0.0,519066000000.0,135592000000.0,5335081.0,-476058200000.0,-89231.67239635163,-37.778015409124315,-3877.8015409124314,流動資産,EDINET,,銀行業
8366.T,滋賀銀行,3120.0,7172.23624704,33.209156,1.1107867,6.637350692729406,0.0,7083406000000.0,1722702000000.0,229879370.0,-6585855200000.001,-28649.17891501095,-9.182429139426587,-1018.2429139426587,流動資産,EDINET,,銀行業
8367.T,南都銀行,2058.0,3232.3403776,18.887665,1.0571585,4.494659167356073,0.0,6575432000000.0,1373476000000.0,157062215.0,-6271542000000.001,-39930.30405180521,-19.40248010291798,-2040.248010291798,流動資産,EDINET,,銀行業
8368.T,百五銀行,2679.0,6466.82640384,23.951721,1.2346748,6.770760640866616,0.0,6997770000000.0,1604546000000.0,241389561.0,-6574364800000.001,-27235.497561553628,-10.166292482849432,-1116.6292482849433,流動資産,EDINET,,銀行業
8370.T,紀陽銀行,1775.0,3430.00645632,15.596169,0.4610404,4.062212827698172,0.0,5690163000000.0,795229000000.0,193239810.0,-5702519000000.001,-29510.06316969573,-16.62538770123703,-1762.5387701237032,流動資産,EDINET,,銀行業
8377.T,ほくほくフィナンシャルグループ,887.2,10569.36230912,18.556787,1.4093053,4.318163664535951,1320000000.0,15782539000000.0,2117484000000.0,1191316730.0,-15877234100000.002,-13327.46674345789,-15.021941775764077,-1602.1941775764076,,EDINET,,銀行業
8381.T,山陰合同銀行,2616.0,3897.39544576,17.151848,1.2061691,3.5535021289798427,0.0,8236870000000.0,1728111000000.0,148983014.0,-7850879300000.0,-52696.47249853597,-20.143911505556563,-2114.391150555656,流動資産,EDINET,,銀行業
8383.T,鳥取銀行,1934.0,181.00658176,11.363103,0.3495056,4.486569264517197,0.0,1058366000000.0,128656000000.0,9359182.0,-1074143400000.0,-114768.94027704558,-59.342781942629564,-6034.278194262956,流動資産,EDINET,,銀行業
8386.T,百十四銀行,3285.0,3714.96026112,19.538452,0.9552968,6.5760683348378315,0.0,5425309000000.0,1068126000000.0,113087540.0,-5220151700000.0,-46160.27282934972,-14.051833433592,-1505.1833433592,流動資産,EDINET,,銀行業
8387.T,四国銀行,4690.0,1964.3580416,11.228154,0.991279,5.439754018506723,0.0,3214935000000.0,885286000000.0,41883969.0,-2916728300000.0005,-69638.29765034924,-14.848251098155488,-1584.8251098155488,流動資産,EDINET,,銀行業
8388.T,阿波銀行,2269.0,4410.54101504,28.193338,0.21287301,9.578546449056685,0.0,3690684000000.0,1179135000000.0,194382595.0,-3234357900000.0005,-16639.133251616488,-7.3332451527617835,-833.3245152761783,流動資産,EDINET,,銀行業
8392.T,大分銀行,3390.0,2566.7887104,23.658316,0.9730388,5.459499732100305,0.0,4298139000000.0,1289763000000.0,75716480.0,-3825118800000.0,-50518.9728841066,-14.902351883217287,-1590.2351883217286,流動資産,EDINET,,銀行業
8393.T,宮崎銀行,2983.0,2503.14932224,17.481247,1.0772119,5.454275603638081,0.0,3882137000000.0,765176000000.0,83913820.0,-3734727500000.0005,-44506.703425013904,-14.920115127393196,-1592.0115127393196,流動資産,EDINET,,銀行業
8395.T,佐賀銀行,7200.0,1216.86925312,14.120416,0.9252492,3.9296491591039135,0.0,3061412000000.0,498868000000.0,16900962.0,-3018345600000.0005,-178590.16545922065,-24.80418964711398,-2580.418964711398,流動資産,EDINET,,銀行業
8399.T,琉球銀行,3280.0,1345.01072896,14.817492,0.91742605,4.6818507343984965,0.0,2837687000000.0,709135000000.0,41006424.0,-2625061200000.0005,-64015.85273565919,-19.517028273066824,-2051.7028273066826,流動資産,EDINET,,銀行業
8411.T,みずほフィナンシャルグループ,8759.0,212021.03959552,15.225366,1.8515378,3.7731234830889813,473977000000.0,272796651000000.0,9000000.0,2420607718.0,-299602332800000.0,-123771.53496294025,-14.130783761038959,-1513.078376103896,,EDINET,,銀行業
8410.T,セブン銀行,341.4,3987.5444736,28.12191,1.4205704,18.51950809416572,0.0,1213488000000.0,167855000000.0,1167997856.0,-1217338300000.0,-1042.2436083649798,-3.0528518112623897,-405.2851811262389,流動資産,EDINET,,銀行業
8416.T,高知銀行,1219.0,123.5926528,37.89245,0.27364093,4.277522816798143,0.0,1099333000000.0,297267000000.0,10138856.0,-1001179400000.0,-98746.78168819046,-81.00638366545567,-8200.638366545567,流動資産,EDINET,,銀行業
8418.T,山口フィナンシャルグループ,3562.0,7178.55916032,22.406744,1.0518572,5.0850106642679656,6346000000.0,12371302000000.0,9958000000.0,201531702.0,-13595115600000.002,-67458.94301036569,-18.938501687357018,-1993.8501687357018,,EDINET,,銀行業
8424.T,芙蓉総合リース,4271.0,3852.50525184,17.98013,0.75379896,14.785344945332978,2166425000000.0,2912998000000.0,158182000000.0,90201481.0,-927145400000.0005,-10278.605070797013,-2.406603856426367,-340.6603856426367,,EDINET,,その他金融業
8425.T,みずほリース,1289.0,3611.60802304,7.613254,0.80098426,10.884793650976132,2542515000000.0,3496565000000.0,377214000000.0,280186810.0,-1039656700000.0005,-3710.584020711041,-2.878653235617565,-387.8653235617565,,EDINET,,その他金融業
8439.T,東京センチュリー,2619.0,12800.67239936,11.388937,1.1028645,17.36134423498332,3076059000000.0,5685971000000.0,451367000000.0,488761866.0,-2862552200000.001,-5856.742105162519,-2.236251281085345,-323.6251281085345,,EDINET,,その他金融業
8473.T,ＳＢＩホールディングス,3119.0,20160.95633408,4.968064,1.0808784,6.30272334106809,550972000000.0,1638584000000.0,52175000000.0,646391692.0,-1214947900000.0002,-1879.5846466417768,-0.6026241252458406,-160.26241252458405,,EDINET,,証券、商品先物取引業
8508.T,Ｊトラスト,795.0,1031.94918912,7.297595,0.6553382,13.808419858809831,37702000000.0,54507000000.0,2245000000.0,129804924.0,-20684200000.000008,-159.34834644639525,-0.20043817163068586,-120.04381716306858,,EDINET,,その他金融業
8511.T,日本証券金融,2321.0,1867.69391616,18.189655,1.335842,0.8859865427579865,13178942000000.0,13635242000000.0,544475000000.0,80469359.0,-1438691700000.002,-17878.751836459913,-7.7030382750796695,-870.3038275079668,,EDINET,,その他金融業
8518.T,日本アジア投資,146.0,40.13011968,,0.5101007,45.79528158295282,9882000000.0,8260000000.0,117000000.0,27486383.0,877900000.0,31.93945161864331,0.21876336725098158,-78.12366327490183,,EDINET,,証券、商品先物取引業
8522.T,名古屋銀行,7220.0,3552.01777664,17.694344,1.1278181,5.004032553121853,0.0,5493827000000.0,1047380000000.0,49196924.0,-5310043700000.0,-107934.46557756334,-14.949371963651434,-1594.9371963651433,流動資産,EDINET,,銀行業
8537.T,大光銀行,3320.0,316.39267328,11.769294,0.3895679,4.78361944585224,0.0,1603290000000.0,325879000000.0,9529900.0,-1535503700000.0002,-161124.84915896287,-48.53158107197677,-4953.158107197677,流動資産,EDINET,,銀行業
8524.T,北洋銀行,1377.0,5151.59228416,20.387918,1.305321,2.9509226182470196,0.0,13062325000000.0,2550437000000.0,374117080.0,-12583251600000.002,-33634.52852780739,-24.42594664328787,-2542.594664328787,流動資産,EDINET,,銀行業
8541.T,愛媛銀行,3585.0,1400.86738944,19.499592,0.96783966,4.68475277844459,0.0,2826951000000.0,634611000000.0,39075801.0,-2665418400000.0005,-68211.48464749323,-19.026913430263104,-2002.6913430263103,流動資産,EDINET,,銀行業
8542.T,トマト銀行,1962.0,226.46736896,19.684961,0.38771668,4.135082530993677,0.0,1308165000000.0,159013000000.0,11542679.0,-1327672400000.0,-115022.89893013572,-58.62533074930465,-5962.533074930465,流動資産,EDINET,,銀行業
8544.T,京葉銀行,2995.0,3477.454848,22.53235,1.0896226,4.967379123601018,0.0,6250986000000.0,1130351000000.0,116108677.0,-6084838900000.001,-52406.40972939517,-17.497966520666168,-1849.7966520666168,流動資産,EDINET,,銀行業
8550.T,栃木銀行,1210.0,1260.0041472,15.029188,0.76440233,4.824084626783566,0.0,3180813000000.0,420322000000.0,104132576.0,-3204668900000.0005,-30774.893151591685,-25.43379599305098,-2643.379599305098,流動資産,EDINET,,銀行業
8551.T,北日本銀行,2977.0,718.73118208,17.170376,0.76084226,6.0772392302939675,0.0,1439875000000.0,284698000000.0,24142800.0,-1384573900000.0002,-57349.350531007185,-19.26414193181296,-2026.4141931812962,流動資産,EDINET,,銀行業
8558.T,東和銀行,1565.0,554.58172928,,0.6504747,3.74692188308329,0.0,2291582000000.0,411313000000.0,35436531.0,-2232821100000.0,-63009.02026781346,-40.26135480371467,-4126.135480371467,流動資産,EDINET,,銀行業
8562.T,福島銀行,409.0,142.62654976,19.439163,0.59161496,3.0143051985587754,0.0,781038000000.0,161305000000.0,34872014.0,-746228300000.0001,-21399.05942914568,-52.320438702067676,-5332.043870206768,流動資産,EDINET,,銀行業
8563.T,大東銀行,1308.0,165.76566272,9.588739,0.587829,3.4481848033249904,0.0,818344000000.0,120240000000.0,12673216.0,-816010400000.0001,-64388.58139875467,-49.22674418865036,-5022.6744188650355,流動資産,EDINET,,銀行業
8566.T,リコーリース,6470.0,1994.34125312,15.675729,0.8270287,16.49045452157294,1119425000000.0,1142141000000.0,43452000000.0,30824441.0,-106513700000.0,-3455.4949431199743,-0.5340795893539373,-153.40795893539374,,EDINET,,その他金融業
8570.T,イオンフィナンシャルサービス,1495.5,3228.54780928,15.193539,0.67706877,7.519970035925136,7423813000000.0,7170726000000.0,14926000000.0,215884173.0,-453537400000.001,-2100.836729703205,-1.404772136210769,-240.47721362107688,,EDINET,,その他金融業
8572.T,アコム,459.4,7197.02392832,9.006078,1.0054585,48.40776822762483,1408775000000.0,777374000000.0,1454000000.0,1566613908.0,554681399999.9999,354.0638808116594,0.7707093618016094,-22.92906381983905,,EDINET,,その他金融業
8584.T,ジャックス,3455.0,1547.0821376,9.164942,0.51604146,8.05807985246854,3701379000000.0,3550976000000.0,33542000000.0,44778066.0,-181215200000.0005,-4046.963528974219,-1.1713353195294411,-217.1335319529441,,EDINET,,その他金融業
8585.T,オリエントコーポレーション,791.0,1354.08009216,10.464348,0.5546697,9.041579114080916,2584626000000.0,2635138000000.0,21921000000.0,171185864.0,-298681100000.0,-1744.7766598298092,-2.205785916346156,-320.5785916346156,,EDINET,,その他金融業
8591.T,オリックス,5872.0,61067.9914496,10.362292,1.3653572,25.68387786416939,3248697000000.0,4417310000000.0,185290000000.0,1039986258.0,-1480641000000.0,-1423.7120813955985,-0.24245777952922318,-124.24577795292234,,EDINET,,その他金融業
8593.T,三菱ＨＣキャピタル,1316.5,18875.97232128,13.772362,0.9394103,15.346409355182914,6018651000000.0,9957809000000.0,550198000000.0,1433799716.0,-4549800300000.0,-3173.2467577082434,-2.410365938251609,-341.0365938251609,,EDINET,,その他金融業
8595.T,ジャフコ　グループ,2213.0,1165.35640064,20.65329,0.8697894,84.95844313804987,157449000000.0,26292000000.0,2897000000.0,52659578.0,130555700000.0,2479.2393892712166,1.1203069992188055,12.030699921880553,,EDINET,,証券、商品先物取引業
8600.T,トモニホールディングス,1205.0,2316.20460544,14.572499,0.766438,5.714172067540645,4996000000.0,4750604000000.0,773829000000.0,192216142.0,-4678988100000.0,-24342.326566933178,-20.201100885421724,-2120.1100885421724,,EDINET,,銀行業
8596.T,九州リースサービス,1512.0,342.41247232,8.679679,0.742004,20.719444773346208,150252000000.0,159302000000.0,10494000000.0,22646329.0,-17634400000.0,-778.6869121260228,-0.5150045715119198,-151.500457151192,,EDINET,,その他金融業
8601.T,大和証券グループ本社,1768.0,24549.89570048,14.204226,1.3612062,5.372727085072433,34275746000000.0,34101059000000.0,618456000000.0,1388568756.0,-2802499700000.0,-2018.2649853602209,-1.1415525935295368,-214.15525935295366,,EDINET,,証券、商品先物取引業
8604.T,野村ホールディングス,1529.5,44701.04129536,11.320406,1.1658281,6.153496815634855,5501732000000.0,8506434000000.0,103586000000.0,2922591697.0,-3782835200000.0,-1294.3426903877912,-0.8462521676285003,-184.62521676285002,,EDINET,,証券、商品先物取引業
8609.T,岡三証券グループ,1219.0,2447.7114368,11.37339,1.0382872,16.485022375436266,1271956000000.0,1171505000000.0,75520000000.0,200796666.0,36164500000.0,180.10508202362286,0.14774822151240596,-85.22517784875942,,EDINET,,証券、商品先物取引業
8613.T,丸三証券,1205.0,799.04178176,16.101017,1.5532273,58.14345133143451,53737000000.0,23873000000.0,13475000000.0,66310521.0,36909200000.0,556.6115217221713,0.461918275288109,-53.808172471189096,,EDINET,,証券、商品先物取引業
8614.T,東洋証券,691.0,469.29973248,11.938493,1.6433755,42.58234885337039,53473000000.0,39264000000.0,7050000000.0,67916023.0,15217600000.0,224.06494561673614,0.3242618605162607,-67.57381394837392,,EDINET,,証券、商品先物取引業
8616.T,東海東京フィナンシャル・ホールディングス,890.0,2258.9677568,13.633578,1.1484331,13.727851435250582,1322176000000.0,1214600000000.0,56226000000.0,253816605.0,25474200000.0,100.3645919856189,0.11276920447822349,-88.72307955217765,,EDINET,,証券、商品先物取引業
8617.T,光世証券,604.0,56.91825152,26.988384,0.34272674,72.80623209169055,12837000000.0,6060000000.0,4607000000.0,9423552.0,9395900000.0,997.0656499799651,1.650770943675439,65.07709436754389,,EDINET,,証券、商品先物取引業
8622.T,水戸証券,857.0,516.20704256,16.926723,1.185129,58.46830961851259,46500000000.0,23383000000.0,12602000000.0,60234191.0,29600099999.999996,491.4169097083083,0.5734152972092279,-42.65847027907721,,EDINET,,証券、商品先物取引業
8624.T,いちよし証券,1636.0,526.14467584,11.76809,1.7089447,56.25476320087098,35927000000.0,14438000000.0,731000000.0,32160433.0,20556900000.0,639.1984834283792,0.3907081194549995,-60.92918805450005,,EDINET,,証券、商品先物取引業
8628.T,松井証券,1116.0,2874.7579392,18.461538,3.5194387,6.081566608249714,1100470000000.0,1045228000000.0,7698000000.0,257594793.0,-43892200000.0,-170.39241938403623,-0.15268137937637655,-115.26813793763766,,EDINET,,証券、商品先物取引業
8697.T,日本取引所グループ,2312.5,23551.279104,39.63833,7.346611,0.49945693804903785,74610000000.0,108404000000.0,1122000000.0,1018433633.0,-43849000000.000015,-43.05533377843582,-0.018618522714999274,-101.86185227149993,,EDINET,,その他金融業
8630.T,ＳＯＭＰＯホールディングス,6646.0,58935.7121536,26.279161,1.114906,28.44062128702972,19304000000.0,166219000000.0,294424000000.0,886784719.0,42559900000.0,47.99349728082087,0.007221410966118096,-99.27785890338819,,EDINET,,保険業
8698.T,マネックスグループ,691.0,1736.92305408,16.058565,1.3331815,17.404334411758406,23439000000.0,14448000000.0,9312000000.0,251363684.0,14064599999.999998,55.953190119540096,0.08097422593276425,-91.90257740672358,,EDINET,,証券、商品先物取引業
8700.T,丸八証券,2061.0,76.92022784,12.194545,0.9842788,65.94821917290953,7524152000.0,2323835000.0,1718597000.0,3732180.0,6170951400.0,1653.4442068710512,0.8022533754832853,-19.774662451671464,,EDINET,,証券、商品先物取引業
8699.T,ＨＳホールディングス,1127.0,339.18246912,2.3071568,0.32751632,76.24094669535441,36400000000.0,28633000000.0,4567000000.0,30096049.0,8100599999.999996,269.1582539621728,0.23882719961151092,-76.11728003884892,,EDINET,,証券、商品先物取引業
8704.T,トレイダーズホールディングス,1390.0,366.68649472,8.856324,1.7716802,11.991722773232945,123381000000.0,107633000000.0,316000000.0,26380323.0,5205899999.999985,197.34026759262898,0.14197141553426545,-85.80285844657345,,EDINET,,証券、商品先物取引業
8705.T,日産証券グループ,213.0,105.42273536,11.601307,0.83496666,4.653142943853229,131382060000.0,124694861000.0,3970472000.0,49494241.0,-3002956700.0000153,-60.67285080702652,-0.28484906482172073,-128.48490648217208,,EDINET,,証券、商品先物取引業
8707.T,岩井コスモホールディングス,4615.0,1084.00459776,10.36869,1.4565059,34.87586080637666,168237000000.0,117750000000.0,13871000000.0,23488725.0,48421699999.999985,2061.486947460962,0.4466927296773482,-55.33072703226518,,EDINET,,証券、商品先物取引業
8706.T,極東証券,1725.0,543.34590976,11.605221,1.0388825,65.14640198511165,46295000000.0,26988000000.0,28903000000.0,31498314.0,36840300000.0,1169.5959345633548,0.6780266287323796,-32.19733712676204,,EDINET,,証券、商品先物取引業
8714.T,池田泉州ホールディングス,1160.0,3229.9597824,18.539236,1.2853543,3.8496472321554593,799000000.0,6191073000000.0,869859000000.0,278444793.0,-6200480000000.001,-22268.256242809326,-19.19677262311149,-2019.677262311149,,EDINET,,銀行業
8713.T,フィデアホールディングス,2812.0,504.92104704,12.540135,0.5513442,2.946560979390707,930000000.0,2844575000000.0,404997000000.0,17955940.0,-2844604600000.0005,-158421.36919593185,-56.3376135120668,-5733.76135120668,,EDINET,,銀行業
8708.T,アイザワ証券グループ,1637.0,510.5463296,18.572725,1.06666,40.60841028280943,70047000000.0,61929000000.0,25208000000.0,31187924.0,19570699999.999992,627.5089037667269,0.38332859118309526,-61.66714088169047,,EDINET,,証券、商品先物取引業
8729.T,ソニーフィナンシャルグループ,149.6,10042.5433088,19.291237,1.1461779,,175408000000.0,22701168000000.0,350000000.0,6708445898.0,-24795631800000.004,-3696.181228411243,-24.707093772802427,-2570.7093772802427,,EDINET,,保険業
8715.T,アニコム　ホールディングス,1038.0,755.88419584,34.405037,2.5980527,37.73747278108823,6343000000.0,44427000000.0,42631000000.0,72821220.0,-12685000000.000008,-174.19373089327544,-0.16781669642897443,-116.78166964289744,,EDINET,,保険業
8725.T,ＭＳ＆ＡＤインシュアランスグループホールディングス,4903.0,70015.4380288,9.168256,1.0593092,16.847076453655387,31438000000.0,317707000000.0,162311000000.0,1428012108.0,-204422000000.0,-143.15144728450719,-0.02919670554446404,-102.91967055444641,,EDINET,,保険業
8737.T,あかつき本社,575.0,174.03990016,4.347826,0.8260485,20.889776125788313,84874066000.0,73182486000.0,3772268000.0,30267807.0,7013919000.0,231.728681235479,0.4030064021486591,-59.69935978513408,,EDINET,,証券、商品先物取引業
8739.T,スパークス・グループ,2660.0,1052.27411456,16.499193,2.5889916,68.06076388888889,26631000000.0,16432000000.0,19468000000.0,39559178.0,22183400000.0,560.7649380378936,0.2108138864804111,-78.91861135195889,,EDINET,,証券、商品先物取引業
8746.T,ｕｎｂａｎｋｅｄ,121.0,22.00172032,,0.4628443,12.279135513149573,6833000000.0,1640000000.0,397000000.0,18183240.0,5306900000.0,291.8566768078736,2.4120386513047407,141.20386513047404,,EDINET,,証券、商品先物取引業
8747.T,豊トラスティ証券,2156.0,122.759424,2.802402,0.71342725,6.348179973436572,119790116000.0,112060766000.0,2012878000.0,5693851.0,-2067712000.0000153,-363.1482453615339,-0.16843610638290069,-116.84361063829007,,EDINET,,証券、商品先物取引業
8750.T,第一ライフグループ,1834.0,66064.1939456,15.057471,1.4443413,5.736600403003834,413389000000.0,65764753000000.0,8433000000.0,3602191615.0,-71921936200000.0,-19966.160573054356,-10.886674249211753,-1188.6674249211753,,EDINET,,保険業
8742.T,小林洋行,576.0,67.49860864,25.657015,0.6725499,41.92461167140304,14437334000.0,11110419000.0,2198450000.0,11718508.0,3754788099.999998,320.4152013208506,0.5562763911820323,-44.372360881796766,,EDINET,,証券、商品先物取引業
8766.T,東京海上ホールディングス,522.0,147960.50137088,1.862224,1.8148568,24.399161146175803,69481000000.0,14287000000.0,22640777000000.0,28344924225.0,15902309199999.998,561.0284604668051,1.0747671656452205,7.4767165645220475,,EDINET,,保険業
8769.T,アドバンテッジリスクマネジメント,499.0,78.36069376,11.691659,1.8367265,51.03944303214435,3700785000.0,4764129000.0,557579000.0,15703546.0,-1149451600.0,-73.19694545423053,-0.14668726543933974,-114.66872654393399,,EDINET,,サービス業
8771.T,イー・ギャランティ,1730.0,769.6539648,22.444214,3.9208043,76.27770145939976,18907097000.0,6622796000.0,11288851000.0,44488667.0,19524217100.0,438.8582175321189,0.2536752702497797,-74.63247297502203,,EDINET,,その他金融業
8772.T,アサックス,917.0,302.38992384,7.573505,0.5677938,40.55053732469868,121566899000.0,77391775000.0,0.0,32976000.0,36435946500.0,1104.92317139738,1.204932575133457,20.49325751334569,投資有価証券,EDINET,,その他金融業
8783.T,ａｂｃ,44.0,21.94016256,,0.1986698,35.905269040656435,4415188000.0,4990068000.0,1763639000.0,49864008.0,160660500.0,3.2219732517289827,0.07322666481202234,-92.67733351879777,,EDINET,,その他金融業
8789.T,フィンテック　グローバル,153.0,291.70649088,7.4199805,1.9723358,44.61033730704925,14027246000.0,9917131000.0,533513000.0,190657847.0,3491861000.0,18.31480348144286,0.11970459791792717,-88.0295402082073,,EDINET,,その他金融業
8793.T,ＮＥＣキャピタルソリューション,4040.0,870.41122304,9.480898,0.6632614,11.447868160435014,1002303000000.0,1082412000000.0,85090000000.0,21544831.0,-128787200000.0,-5977.6379772948785,-1.479613360716554,-247.9613360716554,,EDINET,,その他金融業
8795.T,Ｔ＆Ｄホールディングス,4849.0,23008.81928192,17.193817,1.3901367,9.340595157881571,22471000000.0,15303878000000.0,12869591000000.0,474506449.0,-7803081100000.002,-16444.626024461053,-3.391343787267695,-439.13437872676946,,EDINET,,保険業
8798.T,アドバンスクリエイト,71.0,26.24822272,,5.870194,5.438229938553897,7582462000.0,10035499000.0,119164000.0,36969328.0,-3373172100.0,-91.242451039413,-1.2851049442170845,-228.51049442170844,,EDINET,,保険業
8801.T,三井不動産,1427.5,38430.92381696,14.194094,1.1839998,33.50175395116571,3168436000000.0,6589133000000.0,1334510000000.0,2692183909.0,-3145453300000.001,-1168.3649432286986,-0.8184693122442722,-181.8469312244272,,EDINET,,不動産業
8802.T,三菱地所,3478.0,41673.87840512,19.312567,1.5382411,33.59212032994145,2125111000000.0,5255717000000.0,358442000000.0,1198213927.0,-3405268300000.0,-2841.9535303899033,-0.8171229242064126,-181.71229242064126,,EDINET,,不動産業
8803.T,平和不動産,2241.0,1480.634368,13.688004,1.1969951,28.054523966554385,60036000000.0,301541000000.0,37027000000.0,66070258.0,-245740200000.0,-3719.37703043327,-1.6596952389260464,-265.9695238926047,,EDINET,,不動産業
8804.T,東京建物,3212.0,6653.30581504,10.936329,1.0963475,26.53802492167975,730727000000.0,1533702000000.0,139265000000.0,207139048.0,-858859700000.0002,-4146.2954874640545,-1.2908765527596684,-229.08765527596682,,EDINET,,不動産業
8818.T,京阪神ビルディング,978.0,933.05757696,20.25264,1.1047852,43.854592084137025,15020000000.0,100781000000.0,22399000000.0,95404662.0,-80159800000.00002,-840.2084166494926,-0.8591088104800538,-185.91088104800536,,EDINET,,不動産業
8830.T,住友不動産,3061.0,28271.89485568,13.547845,1.1043055,34.383749593462895,1117715000000.0,4554314000000.0,842125000000.0,923616325.0,-3302542900000.0,-3575.665360830429,-1.1681363478701172,-216.81363478701178,,EDINET,,不動産業
8835.T,太平洋興発,780.0,60.67834368,17.667044,0.38540617,36.107159272472586,19451000000.0,31647000000.0,1110000000.0,7779275.0,-14583700000.0,-1874.6862657509857,-2.4034439304499817,-340.3443930449981,,EDINET,,卸売業
8836.T,ＲＩＳＥ,26.0,24.96343296,,1.4693416,91.63969795037757,496000000.0,177000000.0,6000000.0,96013211.0,305500000.0,3.1818537971821397,0.12237899219931306,-87.76210078006869,,EDINET,,不動産業
8844.T,コスモスイニシア,1164.0,392.2092032,5.606396,0.69895804,31.373573965198553,164599000000.0,126531000000.0,1543000000.0,33694947.0,26495000000.0,786.319681701829,0.675532372596073,-32.44676274039269,,EDINET,,不動産業
8841.T,テーオーシー,969.0,854.8274176,36.942432,0.8197741,85.67489732135553,30633000000.0,14071000000.0,23027000000.0,88217483.0,31273799999.999996,354.5079607406164,0.3658492886900066,-63.41507113099934,,EDINET,,不動産業
8848.T,レオパレス２１,1004.0,3190.13978112,24.169476,6.624046,26.27283745058729,103215000000.0,128356000000.0,4616000000.0,317743014.0,-34745400000.0,-109.35063390567574,-0.10891497400963719,-110.89149740096371,,EDINET,,不動産業
8850.T,スターツコーポレーション,4545.0,2154.48190976,8.658957,1.1289645,54.59168920412988,157435000000.0,155408000000.0,13920000000.0,47403345.0,-3769800000.0,-79.52603344763962,-0.017497477106191334,-101.74974771061913,,EDINET,,不動産業
8860.T,フジ住宅,704.0,251.79168768,5.394636,0.4267484,30.207408634247912,119108467000.0,128535501000.0,872711000.0,35765863.0,-21669686400.0,-605.8762345536021,-0.8606196513545484,-186.06196513545484,,EDINET,,不動産業
8869.T,明和地所,785.0,184.06432768,4.828986,0.4904849,24.40641187639342,140112000000.0,118118000000.0,96000000.0,23447684.0,10249399999.999985,437.1177980733613,0.5568379593291227,-44.31620406708773,,EDINET,,不動産業
8864.T,空港施設,909.0,448.86880256,13.2237425,0.72885597,57.46593008415961,39421000000.0,45986000000.0,10554000000.0,49380509.0,-3775800000.0000076,-76.46336735816165,-0.08411811590556836,-108.41181159055684,,EDINET,,不動産業
8871.T,ゴールドクレスト,2936.0,975.78123264,16.856127,0.69629526,42.09609014642603,173595000000.0,88918000000.0,15078000000.0,33235057.0,86339799999.99998,2597.8532246838026,0.884827392603475,-11.5172607396525,,EDINET,,不動産業
8876.T,リログループ,2342.5,3553.66436864,17.847618,4.5400896,26.697873495164792,43255000000.0,51948000000.0,26216000000.0,151703915.0,4463399999.999992,29.42178519255744,0.012559993678786527,-98.74400063212136,,EDINET,,サービス業
8877.T,エスリード,4980.0,768.38043648,6.9058285,0.9268986,30.372163030476614,213514900000.0,153569228000.0,499971000.0,15429326.0,44938728900.0,2912.5529462531285,0.5848499892074556,-41.515001079254446,,EDINET,,不動産業
8881.T,日神グループホールディングス,633.0,295.64024832,7.0916424,0.42048544,49.36032965829359,116407506000.0,63924041000.0,4426309000.0,46704621.0,49189477200.0,1053.2036476647568,1.6638288272744972,66.38288272744973,,EDINET,,不動産業
8887.T,シーラホールディングス,359.0,134.75864576,40.1566,0.009920131,26.71178456910984,48863000000.0,51651000000.0,453000000.0,37537228.0,-7636000000.000008,-203.42471745649434,-0.5666426670097335,-156.66426670097334,,EDINET,,不動産業
8891.T,ＡＭＧホールディングス,2108.0,59.0482432,5.0872407,0.4802622,37.491608505816515,26233050000.0,18343414000.0,84718000.0,2801150.0,6114597200.0,2182.8881709297966,1.0355256977845335,3.5525697784533494,,EDINET,,不動産業
8892.T,エスコン,1052.0,1008.75370496,8.198254,1.2245786,16.89399007009002,335103000000.0,381166000000.0,19546000000.0,95889133.0,-70497400000.00006,-735.1969696086423,-0.6988564349892038,-169.88564349892036,,EDINET,,不動産業
8894.T,ＲＥＶＯＬＵＴＩＯＮ,16.0,24.14947328,,2.788428,3.2295847353219247,33833862000.0,32573730000.0,786238000.0,150934206.0,-1446874400.0,-9.586126553711754,-0.5991329096069846,-159.91329096069848,,EDINET,,不動産業
8897.T,ＭＩＲＡＲＴＨホールディングス,426.0,569.21563136,12.452499,0.6858931,21.48114952611606,215263000000.0,283401000000.0,3125000000.0,133618692.0,-94290600000.0,-705.6692337625936,-1.6565005487384827,-265.6500548738483,,EDINET,,不動産業
8898.T,センチュリー２１・ジャパン,1131.0,116.0603648,13.600288,1.6945547,84.6630297170222,6485196000.0,1311438000.0,715500000.0,10261748.0,5543464200.0,540.2066197688737,0.47763626858432684,-52.23637314156731,,EDINET,,不動産業
8904.T,ＡＶＡＮＴＩＡ,822.0,119.21830912,8.843465,0.4284729,39.42296700090056,58536610000.0,39625082000.0,437672000.0,14503444.0,15255390200.0,1051.846044291273,1.2796180587485073,27.961805874850736,,EDINET,,不動産業
8908.T,毎日コムネット,877.0,150.16700928,8.167256,1.0743862,50.59764920688613,22476157000.0,17545038000.0,214190000.0,17122806.0,3326548200.0,194.27587978278794,0.2215232380647525,-77.84767619352475,,EDINET,,不動産業
8912.T,エリアクエスト,156.0,22.995648,19.402985,1.8405342,35.12222780282304,621123000.0,2565381000.0,695360000.0,14740800.0,-1714044100.0,-116.27890616520135,-0.7453776036230856,-174.53776036230857,,EDINET,,不動産業
8918.T,ランド,10.0,153.78829312,34.48276,1.6131635,88.769011142969,9932167000.0,1114353000.0,45000000.0,1537882893.0,8737878700.0,5.681758175328113,0.5681758175328113,-43.18241824671887,,EDINET,,不動産業
8917.T,ファースト住建,1073.0,149.2927488,9.934265,0.36030275,68.20355241447305,45643533000.0,19623198000.0,200491000.0,13913583.0,24198358900.0,1739.1896034256597,1.6208663592037835,62.086635920378356,,EDINET,,不動産業
8914.T,エリアリンク,822.0,418.2945792,10.538462,1.3518158,45.61236454804556,22558058000.0,29149738000.0,36591000.0,50887417.0,-9481040100.000004,-186.31403712237946,-0.22665941255763924,-122.66594125576391,,EDINET,,不動産業
8920.T,東祥,664.0,232.64241664,7.0608253,0.62172574,62.733514566898705,22430939000.0,29912045000.0,500000.0,35036507.0,-10471960500.000004,-298.8871150882708,-0.45013119742209456,-145.01311974220945,,EDINET,,サービス業
8919.T,カチタス,3440.0,2692.19856384,21.333334,5.028762,56.901710547482445,81050000000.0,37610000000.0,0.0,78261580.0,39679000000.0,507.00484196715684,0.14738512847882465,-85.26148715211754,投資有価証券,EDINET,,不動産業
8921.T,シーズクリエイト,,,,,,0.0,0.0,0.0,,,,,,"流動資産, 負債合計, 投資有価証券",yfinance,株価または発行済株式数を取得できませんでした,不動産業
8923.T,トーセイ,1661.0,1611.27120896,10.359882,1.4490832,33.45055393455173,148443733000.0,162997715000.0,8610046000.0,97006100.0,-24826721300.0,-255.92948587769223,-0.15408156886074187,-115.4081568860742,,EDINET,,不動産業
8928.T,穴吹興産,2323.0,247.78979328,5.370353,0.5201734,29.46802283683797,116046548000.0,104485662000.0,3797692000.0,10666801.0,3770704199.9999847,353.49906687112514,0.15217351135218474,-84.78264886478152,,EDINET,,不動産業
8927.T,明豊エンタープライズ,490.0,149.91814656,5.4797587,1.2111415,32.73847757279358,25301180000.0,20114125000.0,17850000.0,30595540.0,3188137500.0,104.20268771199986,0.2126585463510201,-78.73414536489798,,EDINET,,不動産業
8929.T,青山財産ネットワークス,1320.0,317.66114304,12.118987,2.5671647,44.56199101910343,15415000000.0,13464000000.0,2845000000.0,24065238.0,2596099999.999998,107.87759506055988,0.08172545080345446,-91.82745491965456,,EDINET,,不動産業
8934.T,サンフロンティア不動産,2188.0,1251.18611456,7.5903697,0.9235208,45.519789157651545,183706000000.0,112298000000.0,0.0,57184006.0,60178199999.999985,1052.3606898054675,0.4809692366569778,-51.90307633430222,投資有価証券,EDINET,,不動産業
8931.T,和田興産,1286.0,140.91370496,5.321086,0.39934602,30.706068301975144,79771937000.0,77726017000.0,266881000.0,10957520.0,-5539865000.0,-505.57653556644203,-0.39313883014497825,-139.31388301449783,,EDINET,,不動産業
8935.T,ＦＪネクストホールディングス,1942.0,636.04740096,6.302944,0.7594143,71.24414897821181,92778000000.0,32555000000.0,299000000.0,32752185.0,57176800000.0,1745.7400170400845,0.8989392466735759,-10.106075332642405,,EDINET,,不動産業
8938.T,グローム・ホールディングス,320.0,33.30515456,,0.39761233,92.12159594680178,4339000000.0,806000000.0,814000000.0,10407861.0,4022200000.0,386.4578898584445,1.207680905807639,20.768090580763907,,EDINET,,不動産業
8944.T,ランドビジネス,271.0,53.78297344,38.169014,0.30305403,28.49106552421653,40854772000.0,35533727000.0,15767000.0,19846115.0,1778709200.0,89.62505759943444,0.3307197697396105,-66.92802302603894,,EDINET,,不動産業
8945.T,サンネクスタグループ,1091.0,102.05502464,17.51204,1.2509259,72.59185165017844,9494717000.0,2730285000.0,198346000.0,9354264.0,6630245700.0,708.7939468032974,0.6496736450992644,-35.03263549007356,,EDINET,,不動産業
8995.T,誠建設工業,1997.0,40.17416704,156.7504,0.96735317,61.71908204998995,5601995000.0,2963349000.0,474568000.0,2011726.0,2674508699.9999995,1329.4597276169814,0.6657284564932305,-33.42715435067694,,EDINET,,不動産業
8946.T,ＡＳＩＡＮ　ＳＴＡＲ,73.0,19.50925056,,0.8212028,58.500051455954946,2199583000.0,1043608000.0,417810000.0,26725000.0,1344081200.0,50.293028999064546,0.6889456027269116,-31.10543972730884,,EDINET,,不動産業
8996.T,ハウスフリーダム,1109.0,42.50952192,4.6463885,1.07483,22.692092752826905,11974990000.0,12739425000.0,47808000.0,3833140.0,-2004911900.000002,-523.0468754076297,-0.4716383006380791,-147.16383006380792,,EDINET,,不動産業
9001.T,東武鉄道,2778.0,5431.86059264,9.803091,0.8660581,33.38896156929579,176839000000.0,1192447000000.0,99253000000.0,195531351.0,-1065375600000.0,-5448.617802471993,-1.9613455012498175,-296.13455012498173,,EDINET,,陸運業
8999.T,グランディハウス,553.0,160.34712576,17.583466,0.6479682,36.514878114638925,54008846000.0,43904395000.0,377850000.0,28995865.0,5978506499.999992,206.18479565965671,0.37284773175344793,-62.715226824655204,,EDINET,,不動産業
9003.T,相鉄ホールディングス,2493.0,2392.50898944,9.606196,1.1426435,24.99382266057087,141683000000.0,575184000000.0,23387000000.0,95969073.0,-474648500000.0,-4945.84854435345,-1.983894321842539,-298.3894321842539,,EDINET,,陸運業
9005.T,東急,1587.5,8869.16907008,10.490319,0.95818514,32.827932399716985,459501000000.0,1826685000000.0,272657000000.0,558687839.0,-1358992600000.0002,-2432.4721340497986,-1.5322659112124715,-253.22659112124714,,EDINET,,陸運業
9006.T,京浜急行電鉄,1520.0,4035.06495488,15.06442,1.0718757,34.59033241193564,191544000000.0,667121000000.0,114136000000.0,265464801.0,-462393900000.0,-1741.827535169154,-1.1459391678744435,-214.59391678744436,,EDINET,,陸運業
9007.T,小田急電鉄,1708.5,5852.872704,15.812123,1.1503835,36.510465217244665,173118000000.0,841402000000.0,76269000000.0,342573752.0,-699035900000.0001,-2040.54133137439,-1.1943466967365466,-219.43466967365467,,EDINET,,陸運業
9008.T,京王電鉄,747.4,4326.57268736,10.321778,0.9514995,37.021661748024975,266341000000.0,707831000000.0,85963000000.0,578883130.0,-452099000000.0001,-780.9849286850009,-1.044935681944074,-204.49356819440737,,EDINET,,陸運業
9009.T,京成電鉄,1295.5,6247.4092544,13.113675,1.1103407,48.7054081017024,119084000000.0,569462000000.0,236626000000.0,482239218.0,-341686000000.0,-708.5404654915478,-0.5469243268942863,-154.6924326894286,,EDINET,,陸運業
9012.T,秩父鉄道,2088.0,31.0102656,8.091768,0.5447086,31.19605980796373,2030781000.0,11896257000.0,111793000.0,1485166.0,-10976846600.000002,-7390.989694081336,-3.5397460220696053,-453.9746022069606,,EDINET,,陸運業
9010.T,富士急行,2618.0,1396.703232,24.166897,3.3243768,41.829854949618216,33083628000.0,64315216000.0,8720974000.0,53350009.0,-31558427800.0,-591.5355665638219,-0.22594941427189533,-122.59494142718953,,EDINET,,陸運業
9017.T,新潟交通,1984.0,76.20506112,6.6358953,0.37209135,35.485965673213954,4908092000.0,37388440000.0,179873000.0,3840981.0,-36093280900.0,-9396.891288970188,-4.736336335166425,-573.6336335166425,,EDINET,,陸運業
9020.T,東日本旅客鉄道,3312.0,37394.7498496,15.087463,1.2214925,28.279895452486276,1250033000000.0,7302007000000.0,506182000000.0,1129068483.0,-6427847300000.001,-5693.053518703171,-1.71891712521231,-271.891712521231,,EDINET,,陸運業
9021.T,西日本旅客鉄道,2867.5,13049.52832,10.476417,1.0660299,33.541474309338426,617309000000.0,2472194000000.0,138844000000.0,455083814.0,-2004913600000.0,-4405.591977393421,-1.5363877863621347,-253.63877863621346,,EDINET,,陸運業
9022.T,東海旅客鉄道,3619.0,34358.06588928,6.427493,0.66325927,47.22836767482328,1942917000000.0,5664794000000.0,458717000000.0,949380107.0,-3967254500000.001,-4178.784104226023,-1.154679221946953,-215.4679221946953,,EDINET,,陸運業
9024.T,西武ホールディングス,3548.0,9018.22808064,23.502914,1.5711364,33.19756577571253,359816000000.0,1266992000000.0,86672000000.0,254177788.0,-973204800000.0,-3828.8349570498267,-1.0791530318629725,-207.91530318629725,,EDINET,,陸運業
9023.T,東京地下鉄,1434.5,8328.6622208,14.270792,1.1270711,35.8909967330478,316446000000.0,1313215000000.0,5240000000.0,580596893.0,-1124422500000.0,-1936.66640927064,-1.3500637220429696,-235.00637220429698,,EDINET,,陸運業
9025.T,鴻池運輸,2786.0,1479.35526912,10.340348,0.9162988,54.46641265689329,140129000000.0,139278000000.0,13005000000.0,53099618.0,-3973300000.0,-74.82728030171516,-0.02685832028058692,-102.6858320280587,,EDINET,,陸運業
9031.T,西日本鉄道,2841.0,2146.11050496,6.7094917,0.73660654,35.699901687395155,217683000000.0,526086000000.0,64666000000.0,75540670.0,-315745400000.0,-4179.806718685444,-1.4712448851409519,-247.12448851409516,,EDINET,,陸運業
9029.T,ヒガシホールディングス,1869.0,244.37129216,9.223253,1.4971895,44.00658089354995,14017562000.0,18087105000.0,1307229000.0,13074975.0,-4963193200.0,-379.594851997805,-0.20310050936212146,-120.31005093621215,,EDINET,,陸運業
9028.T,ゼロ,3175.0,533.50354944,7.6150045,1.1093163,53.54360765130844,23172000000.0,21475000000.0,916000000.0,16803262.0,190699999.9999962,11.348986881237476,0.0035744840570826695,-99.64255159429173,,EDINET,,陸運業
9034.T,南総通運,1638.0,154.80803328,11.399541,0.6724643,66.51439132323127,6058294000.0,11490786000.0,505748000.0,9451040.0,-6227547000.000002,-658.9271656875859,-0.4022754369277081,-140.2275436927708,,EDINET,,陸運業
9036.T,東部ネットワーク,1197.0,65.3826048,22.76098,0.31333095,82.67741970170572,5959653000.0,4372422000.0,2235934000.0,5462206.0,2715142600.0,497.0780303782025,0.41526986664845655,-58.473013335154334,,EDINET,,陸運業
9033.T,広島電鉄,616.0,187.19639552,16.202,0.4103384,41.870090690016745,16444000000.0,61319000000.0,9329000000.0,30389024.0,-44476600000.00001,-1463.5744800491127,-2.375932597482326,-337.5932597482326,,EDINET,,陸運業
9037.T,ハマキョウレックス,1785.0,1321.68753152,12.206798,1.3316512,64.46333255975864,45758000000.0,57549000000.0,3331000000.0,74044122.0,-15214200000.000008,-205.47478434547455,-0.11511192400306697,-111.5111924003067,,EDINET,,陸運業
9041.T,近鉄グループホールディングス,3414.0,6491.66389248,11.885531,1.0447562,26.680604063540343,761176000000.0,1893531000000.0,70080000000.0,190148337.0,-1272652100000.0002,-6692.943625376015,-1.9604404292255462,-296.0440429225546,,EDINET,,陸運業
9039.T,サカイ引越センター,2955.0,1189.67492608,13.864127,1.1807338,76.90009365977505,44663000000.0,31234000000.0,6215000000.0,40259728.0,14656099999.999996,364.0387237588887,0.12319415355630751,-87.68058464436925,,EDINET,,陸運業
9042.T,阪急阪神ホールディングス,4467.0,10303.64135424,13.422072,0.9373094,33.90187180285299,618119000000.0,2150993000000.0,456686000000.0,230661330.0,-1428293100000.0,-6192.165370762407,-1.3862022320936662,-238.6202232093666,,EDINET,,陸運業
9044.T,ＮＡＮＫＡＩ,2985.5,3230.30155264,13.317424,0.938923,33.244202422307765,120200000000.0,651149000000.0,60055000000.0,108199677.0,-554025400000.0,-5120.397910245148,-1.715088899763908,-271.5088899763908,,EDINET,,陸運業
9045.T,京阪ホールディングス,3128.0,3156.16559104,9.413181,0.922691,38.43262290485902,235252000000.0,545351000000.0,56000000000.0,100900435.0,-325434100000.0,-3225.299276460007,-1.0311059067966775,-203.11059067966775,,EDINET,,陸運業
9046.T,神戸電鉄,2358.0,186.55668224,12.88595,0.7241852,27.04373589466591,5163000000.0,67141000000.0,1824000000.0,7911649.0,-67415300000.0,-8521.017552725101,-3.6136630842769724,-461.3663084276973,,EDINET,,陸運業
9048.T,名古屋鉄道,1838.0,3604.87452672,17.725914,0.7256811,32.6356191973711,256417000000.0,950597000000.0,147074000000.0,196130264.0,-686287900000.0001,-3499.143304064487,-1.9037776409491225,-290.37776409491227,,EDINET,,陸運業
9049.T,京福電気鉄道,6490.0,128.9665536,7.002665,0.87010217,59.04804838649085,5566000000.0,11597000000.0,470000000.0,1987158.0,-6861700000.000002,-3453.0218533201696,-0.532052673855188,-153.2052673855188,,EDINET,,陸運業
9051.T,センコン物流,1149.0,56.76886016,35.738724,0.9814808,34.54571441406632,6394200000.0,12712696000.0,389946000.0,4940719.0,-7316803400.000002,-1480.9187488703571,-1.2888761957096233,-228.88761957096233,,EDINET,,陸運業
9052.T,山陽電気鉄道,1905.0,423.28252416,10.530098,0.6567306,47.75634876171326,19139000000.0,65118000000.0,11281000000.0,22219557.0,-44594100000.0,-2006.9752065714001,-1.0535302921634646,-205.35302921634647,,EDINET,,陸運業
9057.T,遠州トラック,3230.0,241.39505664,10.794012,0.9696139,62.169298863293434,13126000000.0,16873000000.0,357000000.0,7473531.0,-5184400000.0,-693.7015448253309,-0.2147682801316814,-121.47682801316815,,EDINET,,陸運業
9059.T,カンダホールディングス,913.0,195.61592832,7.973799,0.68740886,58.43718143424803,20512000000.0,21717000000.0,1581000000.0,21425622.0,-2270000000.000004,-105.94791600449237,-0.11604371961061596,-111.60437196106162,,EDINET,,陸運業
9060.T,日本ロジテム,4170.0,56.46722048,8.246974,0.33798915,32.38349909765758,16042119000.0,33232291000.0,1963786000.0,1354130.0,-19138750900.0,-14133.614128628713,-3.3893559061459744,-438.93559061459746,,EDINET,,陸運業
9063.T,岡山県貨物運送,4085.0,82.78628352,3.0635052,0.30157837,52.36230708512176,13051574000.0,23984778000.0,3786679000.0,2026592.0,-10681006500.000004,-5270.427644044782,-1.2901903657392366,-229.0190365739237,,EDINET,,陸運業
9064.T,ヤマトホールディングス,1969.0,6235.36177152,48.10652,1.1109105,45.46708640258716,521160000000.0,667077000000.0,48689000000.0,316676561.0,-178542400000.0,-563.8004891685052,-0.2863384911978188,-128.63384911978187,,EDINET,,陸運業
9065.T,山九,1589.0,3984.00847872,13.005402,1.3016322,54.802211475465434,280256000000.0,248126000000.0,32541000000.0,250724260.0,30096099999.99997,120.03664902630472,0.07554225866979529,-92.44577413302046,,EDINET,,陸運業
9068.T,丸全昭和運輸,3555.0,1370.71730688,10.89722,0.94479346,70.56920106557176,72113000000.0,59936000000.0,27186000000.0,38557448.0,25213599999.999992,653.9229463526733,0.18394457000075198,-81.6055429999248,,EDINET,,陸運業
9069.T,センコーグループホールディングス,2317.5,3879.9261696,20.096254,1.6795876,32.1376608841634,229227000000.0,475523000000.0,27045000000.0,167418605.0,-274916800000.00006,-1642.0922871744156,-0.7085619362133401,-170.856193621334,,EDINET,,陸運業
9072.T,ニッコンホールディングス,4555.0,5649.67899136,32.220417,2.2532651,55.63835515988955,87015000000.0,180638000000.0,28031000000.0,124032471.0,-92065100000.00003,-742.2661119119366,-0.16295633631436587,-116.29563363143657,,EDINET,,陸運業
9073.T,京極運輸商事,1257.0,36.13499136,20.936043,0.76350576,52.439497926956804,2532212000.0,3927798000.0,1797449000.0,2794662.0,-530151500.0,-189.70147373814794,-0.1509160491154717,-115.09160491154718,,EDINET,,陸運業
9074.T,日本石油輸送,2530.0,165.2619776,11.249445,0.57386625,60.176687017345245,12111000000.0,17331000000.0,7309000000.0,6532094.0,-1836800000.0,-281.1961983400729,-0.11114474242690628,-111.11447424269063,,EDINET,,陸運業
9075.T,福山通運,6070.0,2137.99452672,16.096525,0.7527831,57.33511622295504,74045000000.0,212901000000.0,58005000000.0,35222315.0,-119542600000.00003,-3393.945003330986,-0.5591342674350883,-155.91342674350884,,EDINET,,陸運業
9076.T,セイノーホールディングス,2611.5,4246.61712896,17.661978,0.9237561,59.648814149703945,233579000000.0,347269000000.0,71142000000.0,162612172.0,-98617500000.00006,-606.4582914494252,-0.23222603540089037,-123.22260354008905,,EDINET,,陸運業
9081.T,神奈川中央交通,3730.0,457.71149312,13.020105,0.6873841,37.57389747130404,31874000000.0,102042000000.0,17864000000.0,12271086.0,-67867400000.000015,-5530.675932024274,-1.4827549415614674,-248.27549415614678,,EDINET,,陸運業
9082.T,大和自動車交通,2493.0,125.73919232,48.45481,1.1408426,32.38726700720544,8742000000.0,20769000000.0,1114000000.0,5043690.0,-13324100000.0,-2641.7365064070154,-1.0596616551973588,-205.96616551973588,,EDINET,,陸運業
9083.T,神姫バス,1935.0,233.65261312,7.5647993,0.43694618,71.97575237379968,14364000000.0,17610000000.0,4526000000.0,12075070.0,-1838800000.0,-152.28069071235197,-0.07869803137589249,-107.86980313758924,,EDINET,,陸運業
9087.T,タカセ,2050.0,39.89997056,26.041666,0.52552366,78.19246450754056,3051456000.0,2166989000.0,497270000.0,1946340.0,1015857100.0,521.9319851618936,0.2546009683716554,-74.53990316283445,,EDINET,,陸運業
9090.T,ＡＺ－ＣＯＭ丸和ホールディングス,836.0,1125.95197952,15.932914,1.8352612,41.98996537347184,66573000000.0,78119000000.0,10935000000.0,134683245.0,-11703400000.0,-86.89573821895961,-0.10394227059684163,-110.39422705968416,,EDINET,,陸運業
9101.T,日本郵船,7077.0,28559.66605312,14.409627,0.91693777,60.431265343630024,696334000000.0,1350539000000.0,1992649000000.0,403556142.0,605595400000.0,1500.6472135418521,0.21204567098231625,-78.79543290176838,,EDINET,,海運業
9104.T,商船三井,7115.0,24448.57442304,11.641605,0.8207502,49.126981531285615,570022000000.0,2260230000000.0,1779474000000.0,343620164.0,-670599200000.0,-1951.5711540141167,-0.2742896913582736,-127.42896913582736,,EDINET,,海運業
9107.T,川崎汽船,3281.0,19459.3816576,15.703073,1.1430881,78.5834319188358,403375000000.0,532599000000.0,1230101000000.0,593092993.0,678586800000.0,1144.1490761297866,0.3487196208868597,-65.12803791131404,,EDINET,,海運業
9110.T,ＮＳユナイテッド海運,10520.0,2479.08941824,10.289012,1.3109798,63.16586865343281,116172000000.0,125210000000.0,5506000000.0,23565487.0,-17704800000.0,-751.3021054901178,-0.07141654995153211,-107.14165499515322,,EDINET,,海運業
9115.T,明海グループ,999.0,340.2228736,8.000961,0.6143424,33.37212099258059,56294405000.0,202064271000.0,26692735000.0,34056345.0,-147291378600.00003,-4324.932067724826,-4.32926132905388,-532.926132905388,,EDINET,,海運業
9119.T,飯野海運,1656.0,1752.0943104,11.404959,1.0445913,45.658582455492606,41139000000.0,160787000000.0,25660000000.0,105802797.0,-117764700000.0,-1113.0584761383955,-0.6721367609531373,-167.21367609531373,,EDINET,,海運業
9130.T,共栄タンカー,1664.0,127.25710848,32.074017,0.45850164,33.69385872294345,10648605000.0,52231372000.0,1779467000.0,7647663.0,-45560277300.00001,-5957.411734800554,-3.5801753213945635,-458.0175321394564,,EDINET,,海運業
9127.T,玉井商船,3490.0,53.39595264,8.716284,0.6694578,66.38528474511271,4886082000.0,3340942000.0,1126569000.0,1529970.0,1999644099.9999995,1306.9825552135005,0.37449356882908325,-62.55064311709167,,EDINET,,海運業
9142.T,九州旅客鉄道,3371.0,5185.73981696,11.424795,1.0390646,40.48239981021408,214146000000.0,681888000000.0,53217000000.0,153833866.0,-498678900000.0,-3241.6717655655875,-0.9616350535643986,-196.16350535643986,,EDINET,,陸運業
9145.T,ビーイングホールディングス,538.0,129.654016,10.398144,1.5305614,42.731668804894895,8676000000.0,10724000000.0,67000000.0,24099260.0,-3073500000.0,-127.53503634551434,-0.237053970902443,-123.70539709024429,,EDINET,,陸運業
9143.T,ＳＧホールディングス,1430.0,8533.34687744,14.633647,1.5674978,44.64291380835253,370565000000.0,456026000000.0,28009000000.0,596737549.0,-111457300000.00006,-186.77775545845543,-0.13061381500591288,-113.06138150059128,,EDINET,,陸運業
9146.T,五健堂ホールディングス,,,,,,0.0,0.0,0.0,,,,,,"流動資産, 負債合計, 投資有価証券",yfinance,株価または発行済株式数を取得できませんでした,陸運業
9149.T,大友ロジスティクスサービス,,,,,,0.0,0.0,0.0,,,,,,"流動資産, 負債合計, 投資有価証券",yfinance,株価または発行済株式数を取得できませんでした,陸運業
9147.T,ＮＩＰＰＯＮ　ＥＸＰＲＥＳＳホールディングス,5729.0,13613.4721536,72.73997,1.6413442,35.158603469586765,56832000000.0,238299000000.0,36943000000.0,237623893.0,-179436800000.00003,-755.1294515657145,-0.1318082477859512,-113.18082477859512,,EDINET,,陸運業
9156.T,はなホールディングス,,,,,,0.0,0.0,0.0,,,,,,"流動資産, 負債合計, 投資有価証券",yfinance,株価または発行済株式数を取得できませんでした,サービス業
9159.T,Ｗ　ＴＯＫＹＯ,1870.0,48.77259264,19.593462,2.669518,58.87021490305702,2066936000.0,1014682000.0,14026000.0,2608160.0,960604000.0,368.3071590699957,0.19695570003743085,-80.30442999625691,,EDINET,,サービス業
9158.T,シーユーシー,767.0,224.84840448,7.795508,0.67267424,34.56360780794257,25011000000.0,32608000000.0,1738000000.0,29315309.0,-9641200000.0,-328.87935788089425,-0.4287866465200707,-142.87866465200707,,EDINET,,サービス業
9160.T,オンザページ,335.0,127.96107776,12.120116,0.92357236,27.452783699584987,3190551000.0,19247893000.0,1131894000.0,38197336.0,-17189805500.0,-450.02629240950205,-1.343362066894036,-234.3362066894036,,EDINET,,サービス業
9163.T,ナレルグループ,2377.0,208.07919616,10.827678,1.3876054,58.94762924218544,2489679000.0,5732557000.0,322197000.0,8753858.0,-3590595800.000001,-410.1729545989895,-0.17255908901934772,-117.25590890193477,,EDINET,,サービス業
9162.T,ブリーチ,224.0,57.6504064,,0.62459743,71.57069114745072,12516338000.0,3699508000.0,213766000.0,25736788.0,8596515400.0,334.0166379736275,1.4911457052394084,49.11457052394085,,EDINET,,サービス業
9166.T,ＧＥＮＤＡ,643.0,1171.48557312,35.861683,1.8069817,29.35371873357797,45619000000.0,79325000000.0,769000000.0,182190606.0,-41100200000.0,-225.58901856882787,-0.3508382870432782,-135.08382870432783,,EDINET,,サービス業
9168.T,ライズ・コンサルティング・グループ,420.0,100.58344448,8.507191,1.4841881,75.74727503181916,3475922000.0,2452346000.0,122411000.0,23948440.0,864029100.0,36.0787216202809,0.08590171814352596,-91.4098281856474,,EDINET,,サービス業
9165.T,クオルテック,1828.0,42.95799808,11.185218,1.2016221,76.21788911617034,2522985000.0,1068995000.0,0.0,2350000.0,1347090500.0,573.23,0.3135831509846827,-68.64168490153173,,EDINET,,サービス業
9173.T,東海汽船,2824.0,61.9760128,21.628244,1.3254066,33.38076630170646,7823085000.0,16147795000.0,547171000.0,2194618.0,-9556469800.0,-4354.502605920484,-1.541962679150313,-254.1962679150313,,EDINET,,海運業
9169.T,大伸社,,,,,,0.0,0.0,0.0,,,,,,"流動資産, 負債合計, 投資有価証券",yfinance,株価または発行済株式数を取得できませんでした,サービス業
9171.T,栗林商船,1473.0,175.03674368,4.940632,0.53113616,43.8840460136077,23429729000.0,46556615000.0,18893177000.0,11883010.0,-14557323600.000008,-1225.0535512466965,-0.831672471993684,-183.1672471993684,,EDINET,,海運業
9201.T,日本航空,3030.0,13023.7792256,9.850776,0.8998436,41.727614820381795,996513000000.0,1692309000000.0,62533000000.0,429827709.0,-821253800000.0002,-1910.6581144120707,-0.6305802357795613,-163.05802357795613,,EDINET,,空運業
9202.T,ＡＮＡホールディングス,2950.5,12669.2032512,9.221177,0.920579,37.99201947446454,1693726000000.0,2480202000000.0,150654000000.0,429391744.0,-929038400000.0,-2163.6149576271314,-0.7333045102955876,-173.33045102955876,,EDINET,,空運業
9193.T,東京汽船,864.0,85.99542784,1.7084891,0.3066447,77.46618860465165,10930324000.0,6466815000.0,2593958000.0,9953175.0,5632598099.999999,565.9096820863693,0.6549880579703349,-34.50119420296651,,EDINET,,倉庫・運輸関連業
9206.T,スターフライヤー,1920.0,72.64575488,56.990208,2.0040207,19.57393755420642,16326000000.0,20238000000.0,37000000.0,3783633.0,-5909900000.0,-1561.9643871379703,-0.8135231183010262,-181.35231183010262,,EDINET,,空運業
9204.T,スカイマーク,425.0,255.63353088,15.619258,0.9099142,28.028207393706182,39424000000.0,76769000000.0,2718000000.0,60149066.0,-43119300000.0,-716.873974402196,-1.6867622927110495,-268.6762292711049,,EDINET,,空運業
9211.T,エフ・コード,1469.0,180.37512192,11.066747,2.14095,25.482473244991994,5971860000.0,8050168000.0,873598000.0,12278769.0,-2271806200.0,-185.01905199128674,-0.12594898025274795,-112.59489802527479,,EDINET,,サービス業
9212.T,Ｇｒｅｅｎ　Ｅａｒｔｈ　Ｉｎｓｔｉｔｕｔｅ,264.0,29.98845696,41.971382,1.7496189,70.97296302736453,2636062000.0,761169000.0,0.0,11359264.0,1798776100.0,158.35322605408237,0.5998228259624332,-40.01771740375668,投資有価証券,EDINET,,サービス業
9213.T,セイファート,1050.0,13.86795904,,1.8564882,57.83784260599386,1315716000.0,663128000.0,18327000.0,1320758.0,599104100.0,453.6062624644333,0.43200596425184123,-56.79940357481588,,EDINET,,サービス業
9214.T,Ｒｅｃｏｖｅｒｙ　Ｉｎｔｅｒｎａｔｉｏｎａｌ,1271.0,16.58016896,15.593179,2.20188,57.4489252377356,1195884000.0,573557000.0,0.0,1304498.0,564971300.0,433.0947996853962,0.3407512192646705,-65.92487807353295,,EDINET,,サービス業
9215.T,ＣａＳｙ,1002.0,18.76644736,60.47073,6.976355,42.17250976914039,509348000.0,429387000.0,41038000.0,1872899.0,65748899.99999994,35.10541678969338,0.03503534609749838,-96.49646539025015,,EDINET,,サービス業
9216.T,ビーウィズ,1622.0,233.21356288,40.78451,2.6822553,53.47003154574133,10603000000.0,5541000000.0,147000000.0,14378148.0,4610799999.999999,320.68107798027944,0.19770719974123271,-80.22928002587673,,EDINET,,サービス業
9218.T,メンタルヘルステクノロジーズ,813.0,85.42383104,36.16548,5.3091106,29.181911440878217,1808977000.0,3353490000.0,10026000.0,10507236.0,-1872843800.0000005,-178.24324113401474,-0.21924137900862822,-121.92413790086283,,EDINET,,サービス業
9219.T,ギックス,905.0,50.64921088,,3.0023255,85.52031755856028,1873027000.0,294284000.0,52500000.0,5596598.0,1586064600.0,283.39798570488716,0.31314694553026207,-68.6853054469738,,EDINET,,サービス業
9220.T,エフビー介護サービス,1306.0,31.82330112,7.04233,0.7965785,42.124331427678186,3845844000.0,5217361000.0,48765000.0,2436700.0,-1859117600.0,-762.9653219518201,-0.5842000933781165,-158.42000933781165,,EDINET,,サービス業
9221.T,フルハシＥＰＯ,1138.0,131.92824832,15.161205,2.1295907,44.795579694616904,2580754000.0,6577605000.0,282406000.0,11592992.0,-4456927300.000001,-384.45013159674403,-0.33782964112191916,-133.78296411219193,,EDINET,,サービス業
9222.T,ｍａｎａｂｙ,50.0,0.7855,,0.96974397,8.944728468496729,756527000.0,830150000.0,0.0,1571000.0,-156638000.00000012,-99.70591979630817,-1.9941183959261632,-299.41183959261633,投資有価証券,yfinance,,サービス業
9225.T,ブリッジコンサルティンググループ,969.0,20.11159552,21.180328,1.5128994,74.85056109709419,1402489000.0,414980000.0,18716000.0,2075500.0,959112200.0,462.11139484461575,0.4768951443184889,-52.31048556815111,,EDINET,,サービス業
9226.T,アイガー,,,,,,0.0,0.0,0.0,,,,,,"流動資産, 負債合計, 投資有価証券",yfinance,株価または発行済株式数を取得できませんでした,サービス業
9227.T,マイクロ波化学,811.0,128.98541568,,84.743996,50.08178244786281,1214259000.0,1060531000.0,0.0,15904490.0,47674900.0,2.9975748986606927,0.0036961466074731104,-99.6303853392527,,EDINET,,サービス業
9229.T,サンウェルズ,106.0,34.3784576,,0.5357432,15.276225538535709,9967000000.0,30377000000.0,0.0,32432508.0,-23447700000.000004,-722.9690654820776,-6.820462881906392,-782.0462881906392,,EDINET,,サービス業
9233.T,アジア航測,1120.0,203.82357504,14.333248,0.92638695,56.14489441992927,22788472000.0,15206395000.0,4851933000.0,18198534.0,9457790599.999998,519.7006857805138,0.46401846944688735,-53.59815305531127,,EDINET,,空運業
9235.T,売れるネット広告社グループ,395.0,38.03272448,,-25.58953,48.510290704348385,507089000.0,735617000.0,100000000.0,9628538.0,-232089700.00000012,-24.104355199096698,-0.06102368404834607,-106.1023684048346,,EDINET,,サービス業
9236.T,ジャパンＭ＆Ａソリューション,1522.0,22.50436864,42.716812,3.3143373,87.43426270970832,688237000.0,67988000.0,500000.0,1478605.0,613800200.0,415.12114459236915,0.27274713836555137,-72.72528616344486,,EDINET,,サービス業
9237.T,笑美面,817.0,32.51021824,42.86464,4.137337,59.041044090952965,1006461000.0,564336000.0,50000.0,3979219.0,385726400.0,96.9352026113667,0.11864773881440233,-88.13522611855977,,EDINET,,サービス業
9239.T,ケーイーティ,,,,,,0.0,0.0,0.0,,,,,,"流動資産, 負債合計, 投資有価証券",yfinance,株価または発行済株式数を取得できませんでした,サービス業
9240.T,デリバリーコンサルティング,375.0,18.15524224,17.029972,1.4674461,74.95765777783167,1302298000.0,420147000.0,3000.0,4841398.0,840138400.0,173.53219049538995,0.46275250798770656,-53.72474920122935,,EDINET,,サービス業
9241.T,フューチャーリンクネットワーク,1248.0,10.8089408,22.596415,5.4710207,30.17117850006888,660261000.0,648594000.0,53018000.0,866101.0,-16079800.0,-18.56573309579368,-0.014876388698552626,-101.48763886985526,,EDINET,,サービス業
9238.T,バリュークリエーション,360.0,8.28218176,,1.3232375,2.0729061082815514,1568231000.0,1407474000.0,50030000.0,2300606.0,55030599.99999976,23.92004541412122,0.06644457059478116,-93.35554294052189,,EDINET,,サービス業
9242.T,メディア総研,1990.0,24.5199232,15.828826,1.3892311,84.19147694103911,1187426000.0,245073000.0,110000000.0,1232157.0,994845700.0,807.4017353308061,0.4057295152416111,-59.42704847583889,,EDINET,,サービス業
9243.T,富士テクノホールディングス,480.0,3.85248,,5.873428,,0.0,0.0,0.0,802600.0,0.0,0.0,0.0,-100.0,"流動資産, 負債合計, 投資有価証券",yfinance,,サービス業
9244.T,デジタリフト,1102.0,15.78032,9.281563,1.9725384,34.72072447183216,2047368000.0,1661148000.0,56449000.0,1431971.0,259619499.99999976,181.30220514242242,0.16452105729802396,-83.5478942701976,,EDINET,,サービス業
9245.T,リベロ,2045.0,109.22684416,14.670015,3.4473982,35.50930644496153,4166720000.0,3575498000.0,1650000.0,5341166.0,234827199.99999952,43.965531121856074,0.021499037223401504,-97.85009627765986,,EDINET,,サービス業
9246.T,プロジェクトホールディングス,2194.0,116.48091136,85.73662,5.1012816,48.787868256319804,3683060000.0,3298525000.0,18050000.0,5309066.0,67317499.99999952,12.679725586383654,0.005779273284586898,-99.42207267154132,,EDINET,,サービス業
9247.T,ＴＲＥホールディングス,1783.0,838.44415488,5.736624,1.0151267,49.7871669556992,55227000000.0,86621000000.0,7301000000.0,47024347.0,-34945400000.000015,-743.1341896145844,-0.41678866495489875,-141.6788664954899,,EDINET,,サービス業
9248.T,人・夢・技術グループ,1559.0,138.94772736,5.744289,0.6299199,50.82270020658646,25515000000.0,17164000000.0,1833000000.0,8912619.0,7917700000.0,888.369625134879,0.5698329859749064,-43.01670140250937,,EDINET,,サービス業
9249.T,日本エコシステム,1586.0,138.18559488,30.2614,2.2360137,40.774732480261186,3255675000.0,3785634000.0,181986000.0,8712837.0,-781132200.0000005,-89.65302575957756,-0.0565277589909064,-105.65277589909063,,EDINET,,サービス業
9250.T,ＧＲＣＳ,1088.0,16.2843904,,407.18564,-5.598070685139012,1332592000.0,1508053000.0,0.0,1496727.0,-326266300.00000024,-217.98651323855336,-0.20035525113837624,-120.03552511383764,投資有価証券,EDINET,,サービス業
9251.T,ＡＢ＆Ｃｏｍｐａｎｙ,1532.0,218.24946176,18.885601,2.3208148,33.227462421981755,435000000.0,7368000000.0,736000000.0,14246049.0,-7154600000.000001,-502.21643909830726,-0.3278175189936732,-132.78175189936732,,EDINET,,サービス業
9252.T,ラストワンマイル,4260.0,114.80278016,11.432252,2.1850882,38.924165539893664,3201844000.0,3252681000.0,135017000.0,2694901.0,-281593200.0000005,-104.49111117625489,-0.02452842985358096,-102.4528429853581,,EDINET,,サービス業
9253.T,スローガン,721.0,17.97928832,8.094757,0.96425307,70.2424347177041,1918952000.0,589664000.0,146544000.0,2493660.0,1372902400.0,550.5571729907044,0.7636021816792017,-23.63978183207983,,EDINET,,サービス業
9254.T,ラバブルマーケティンググループ,1010.0,16.2001472,9.560773,1.9204186,24.209762513038353,1483140000.0,1453943000.0,52176000.0,1603975.0,-79674100.00000024,-49.67290637322916,-0.04918109541903877,-104.91810954190387,,EDINET,,サービス業
9257.T,ＹＣＰホールディングス（グローバル）リミテッド　ＪＤＲ,499.0,111.52196608,15.339687,0.87018543,57.42111509427037,65959000.0,69602000.0,6400000.0,22349092.0,-6123200.0,-0.27397981090238477,-0.0005490577372793282,-100.05490577372794,,yfinance,,サービス業
9256.T,サクシード,960.0,34.37952,13.969732,1.3100418,77.38922721406249,2609046000.0,766813000.0,12255000.0,3581200.0,1774130200.0,495.40103875795825,0.5160427487062065,-48.39572512937934,,EDINET,,サービス業
9258.T,ＣＳ－Ｃ,302.0,20.12002176,,0.99653524,67.68735085572482,2290175000.0,1058352000.0,30000000.0,6662259.0,1146987800.0,172.16199490293008,0.5700728308044042,-42.99271691955958,,EDINET,,サービス業
9259.T,タカヨシホールディングス,823.0,46.17382912,9.518853,1.3485348,53.39396374976821,4307602000.0,4884445000.0,28201000.0,5610429.0,-1045546800.0,-186.35772772456437,-0.22643709322547312,-122.64370932254731,,EDINET,,サービス業
9262.T,シルバーライフ,675.0,73.80163584,8.917954,1.0017617,65.05079354342054,3585719000.0,3451259000.0,0.0,10933576.0,-210665900.00000048,-19.267794909917896,-0.02854488134802651,-102.85448813480266,投資有価証券,EDINET,,小売業
9264.T,ポエック,1606.0,72.64195072,24.556574,1.6638107,28.211630432945217,5632283000.0,7236494000.0,273311000.0,4523160.0,-2136542700.000001,-472.3562067227339,-0.2941196804002079,-129.4119680400208,,EDINET,,卸売業
9267.T,Ｇｅｎｋｙ　ＤｒｕｇＳｔｏｒｅｓ,3435.0,1048.10438656,13.349137,1.7074482,42.15167790766357,41210000000.0,73897000000.0,62000000.0,30512499.0,-40033300000.0,-1312.0295391078914,-0.3819591089105943,-138.1959108910594,,EDINET,,小売業
9265.T,ヤマシタヘルスケアホールディングス,3565.0,90.66611712,13.953033,1.0034344,34.55277049724981,21766000000.0,18560000000.0,1139000000.0,2543229.0,2147300000.0,844.3203502319295,0.23683600287010645,-76.31639971298935,,EDINET,,卸売業
9268.T,オプティマスグループ,419.0,286.77787648,12.69697,0.6751204,21.29630982827914,21440000000.0,46418000000.0,72000000.0,68443408.0,-29569400000.000008,-432.02699666854704,-1.0310906841731433,-203.10906841731432,,EDINET,,卸売業
9270.T,バリュエンスホールディングス,1901.0,250.43546112,9.297662,2.3240006,24.811467787855634,17600815000.0,19792680000.0,0.0,13173880.0,-4171133000.0,-316.6214509316921,-0.16655520827548242,-116.65552082754824,,EDINET,,卸売業
9271.T,和心,1002.0,84.33014272,10.12019,4.1774893,67.93224793687851,841050000.0,707110000.0,0.0,8416182.0,63228999.99999988,7.512789053278539,0.007497793466345847,-99.25022065336542,,EDINET,,小売業
9272.T,ブティックス,1522.0,147.5540992,25.328674,6.6924634,53.532256857154216,3720797000.0,2524267000.0,0.0,9694750.0,944103300.0,97.38294437711133,0.06398353769849627,-93.60164623015038,投資有価証券,EDINET,,サービス業
9273.T,コーア商事ホールディングス,774.0,325.99721984,8.561,1.0455673,78.87232876268791,26527666000.0,7994094000.0,89928000.0,42118504.0,17797112200.0,422.54853591191176,0.5459283409714623,-45.40716590285378,,EDINET,,卸売業
9274.T,ＫＰＰグループホールディングス,1126.0,680.80418816,13.143457,0.77943134,23.872722226373604,231312000000.0,265818000000.0,19603000000.0,60462186.0,-47365700000.0,-783.3937727623676,-0.6957315921513033,-169.57315921513032,,EDINET,,卸売業
9278.T,ブックオフグループホールディングス,2926.0,513.58625792,18.641691,2.428534,35.16910907986937,33517000000.0,38513000000.0,296000000.0,17552505.0,-8640100000.0,-492.24312996919815,-0.16823073478099732,-116.82307347809973,,EDINET,,小売業
9279.T,ギフトホールディングス,2078.0,1666.54803968,28.364727,6.640505,47.15527330449706,4368424000.0,8722123000.0,33295000.0,80199616.0,-5202604800.0,-64.87069464272747,-0.031217851127395318,-103.12178511273953,,EDINET,,小売業
9301.T,三菱倉庫,1457.0,4933.96721664,9.445093,1.3073279,60.10056487638054,125881000000.0,246782000000.0,163716000000.0,338638779.0,-30978000000.00003,-91.47800524050446,-0.0627851786139358,-106.27851786139357,,EDINET,,倉庫・運輸関連業
9302.T,三井倉庫ホールディングス,3268.0,2444.6042112,22.063192,1.7935014,50.5596930860685,83240000000.0,150625000000.0,17148000000.0,74804285.0,-70443900000.0,-941.7094221273554,-0.2881607778847477,-128.81607778847476,,EDINET,,倉庫・運輸関連業
9304.T,澁澤倉庫,2151.0,1176.43862016,19.301867,1.6985865,57.36833723103746,28884000000.0,52117000000.0,27822000000.0,54692635.0,-8969300000.000008,-163.99465851297907,-0.0762411243667964,-107.62411243667964,,EDINET,,倉庫・運輸関連業
9303.T,住友倉庫,4115.0,3108.51403776,17.748545,0.9932297,63.35417405641807,83787000000.0,165701000000.0,155645000000.0,75541046.0,10467400000.0,138.56572756485264,0.0336733238310699,-96.632667616893,,EDINET,,倉庫・運輸関連業
9305.T,ヤマタネ,2032.0,429.26313472,7.9896197,0.6851791,35.769945385957996,24878000000.0,108660000000.0,26316000000.0,21125154.0,-76226800000.00002,-3608.342926162811,-1.7757593140565016,-277.5759314056502,,EDINET,,卸売業
9306.T,東陽倉庫,2000.0,150.3709184,9.106224,0.5118623,57.83947040847101,12708907000.0,21941286000.0,8708425000.0,7518546.0,-5330610100.000004,-708.9948109647802,-0.3544974054823901,-135.44974054823902,,EDINET,,倉庫・運輸関連業
9307.T,杉村倉庫,964.0,157.15613696,16.739017,0.8852369,78.1211313141201,8930884000.0,5577858000.0,865679000.0,16302504.0,3401215499.999999,208.63147771655196,0.21642269472671366,-78.35773052732864,,EDINET,,倉庫・運輸関連業
9308.T,乾汽船,2271.0,571.87115008,66.267876,1.4952811,47.542504256779075,24511000000.0,38028000000.0,5192000000.0,25181468.0,-13685400000.0,-543.4710954897466,-0.23930915697478936,-123.93091569747892,,EDINET,,海運業
9310.T,日本トランスシティ,1383.0,838.91265536,13.122687,0.8253361,60.65463994230835,46825000000.0,69837000000.0,25366000000.0,60658904.0,-12239500000.0,-201.775818435493,-0.1458971933734584,-114.58971933734583,,EDINET,,倉庫・運輸関連業
9311.T,アサガミ,7450.0,105.38256384,5.9199343,0.44336134,51.88189166712205,13327998000.0,22936106000.0,2894090000.0,1414531.0,-9875855600.000004,-6981.717332458606,-0.9371432661018263,-193.7143266101826,,EDINET,,倉庫・運輸関連業
9312.T,ケイヒン,3025.0,197.48827136,7.719988,0.56125355,56.53505102894428,15817000000.0,20850000000.0,8303000000.0,6528538.0,-1305900000.0,-200.02947061041846,-0.0661254448298904,-106.61254448298905,,EDINET,,倉庫・運輸関連業
9313.T,丸八倉庫,1047.0,59.90038016,15.200349,0.47425714,62.808745066375806,2598855000.0,6687129000.0,1904744000.0,5721144.0,-3423666100.000001,-598.4233398075631,-0.5715600189183984,-157.15600189183982,,EDINET,,倉庫・運輸関連業
9319.T,中央倉庫,1750.0,311.21549312,15.5004425,0.6143958,77.10863365902789,13594596000.0,12850803000.0,12008628000.0,17783742.0,7864752299.999997,442.2439495579725,0.2527108283188414,-74.72891716811586,,EDINET,,倉庫・運輸関連業
9322.T,川西倉庫,2320.0,178.29773312,28.417442,0.8369215,63.487727501329985,9615350000.0,13955262000.0,1638208000.0,7685247.0,-4588692600.000002,-597.0780900080377,-0.25736124569311974,-125.73612456931195,,EDINET,,倉庫・運輸関連業
9325.T,ファイズホールディングス,1041.0,111.92144896,11.004229,2.3802936,35.07849797849817,7116158000.0,6207708000.0,70787000.0,10751340.0,337230099.99999905,31.366332010707414,0.030130962546308756,-96.98690374536912,,EDINET,,倉庫・運輸関連業
9324.T,安田倉庫,2567.0,733.02704128,11.012441,0.70699835,46.31824513129897,34559000000.0,116135000000.0,63949000000.0,28555789.0,-48425200000.000015,-1695.8102610997726,-0.6606195017918864,-166.06195017918864,,EDINET,,倉庫・運輸関連業
9326.T,関通ホールディングス,480.0,48.64275456,24.36548,2.299897,19.181867774085358,4941932000.0,8227921000.0,2676000.0,10133907.0,-4106907900.0,-405.26402107301755,-0.8443000439021199,-184.430004390212,,EDINET,,倉庫・運輸関連業
9327.T,イー・ロジット,183.0,28.9926912,,-0.64204216,49.773573065156576,1208253000.0,2318561000.0,149520000.0,15843000.0,-1237500100.0,-78.11021271223885,-0.42683176345485707,-142.68317634548572,,EDINET,,倉庫・運輸関連業
9330.T,揚羽,887.0,12.7147456,,,68.83077134439543,1228003000.0,336567000.0,315000.0,1433455.0,857999800.0,598.5537041623211,0.6748068818064499,-32.519311819355,,EDINET,,サービス業
9331.T,キャスター,667.0,13.07600128,,1.8787357,37.91804624486781,2055529000.0,1352070000.0,0.0,1960420.0,568251999.9999998,289.86237642954046,0.4345762765060577,-56.542372349394235,投資有価証券,EDINET,,サービス業
9332.T,ＮＩＳＳＯホールディングス,657.0,221.2298752,11.78264,1.2323402,54.27683189028997,20408000000.0,14481000000.0,1636000000.0,33672734.0,5624099999.999998,167.02237483894234,0.25421974861330643,-74.57802513866935,,EDINET,,サービス業
9334.T,アイビスホールディングス,,,,,,0.0,0.0,0.0,,,,,,"流動資産, 負債合計, 投資有価証券",yfinance,株価または発行済株式数を取得できませんでした,サービス業
9335.T,テクノクリエイティブ,1406.0,28.12,7.451375,3.0901098,13.358440432223286,2072762000.0,5461131000.0,30000.0,2000000.0,-3934461100.000001,-1967.2305500000004,-1.3991682432432435,-239.91682432432432,,yfinance,,サービス業
9336.T,大栄環境,3635.0,3630.50074112,22.128202,3.2727582,43.83818041361923,69781000000.0,90223000000.0,7763000000.0,99876224.0,-24030200000.000015,-240.59980481440724,-0.06618976748676952,-106.61897674867696,,EDINET,,サービス業
9337.T,トリドリ,1460.0,48.23139328,17.288338,2.6396244,28.16250229942992,3567677000.0,3351457000.0,0.0,3303520.0,-118925700.00000048,-35.99969123843672,-0.024657322766052547,-102.46573227660525,投資有価証券,EDINET,,サービス業
9339.T,コーチ・エィ,1485.0,35.40649984,34.875526,1.1233023,71.13536589213938,3660310000.0,1279827000.0,34800000.0,2384276.0,2276860300.0,954.9482945766346,0.6430628246307304,-35.69371753692697,,EDINET,,サービス業
9340.T,アソインターナショナル,805.0,79.39513856,15.246212,2.4474483,86.75790126104312,2627353000.0,400820000.0,228112000.0,9862750.0,2346129400.0,237.87781298319433,0.29550038879899915,-70.44996112010008,,EDINET,,サービス業
9341.T,ＧＥＮＯＶＡ,610.0,105.7619968,38.4373,1.7184793,67.26484460065637,7727631000.0,1527539000.0,50192000.0,17338032.0,6082472500.0,350.8167766676172,0.5751094699469135,-42.489053005308655,,EDINET,,サービス業
9343.T,アイビス,785.0,145.12125952,16.48467,4.5769396,69.23452567269976,2846236000.0,1288359000.0,64719000.0,18486785.0,1474344400.0,79.7512601569175,0.1015939619833344,-89.84060380166656,,EDINET,,サービス業
9342.T,スマサポ,859.0,20.66029824,28.681135,3.1834033,68.77190153455147,438943000.0,248265000.0,0.0,2405157.0,165851500.0,68.95662112701999,0.08027546114903375,-91.97245388509663,投資有価証券,EDINET,,サービス業
9344.T,アクシスコンサルティング,1422.0,70.74532352,23.955524,2.0969677,73.62126245847176,4592000000.0,2290000000.0,26000000.0,4975058.0,2091200000.0,420.3368081336941,0.2955955050166625,-70.44044949833375,,EDINET,,サービス業
9345.T,ビズメイツ,580.0,18.84729728,11.290637,0.9909194,71.34009122632364,1812114000.0,939998000.0,0.0,3249534.0,778116199.9999999,239.45470335131125,0.4128529368126056,-58.71470631873944,投資有価証券,EDINET,,サービス業
9346.T,ココルポート,1845.0,67.92657408,11.744112,2.0630453,73.49711676944099,3034049000.0,941775000.0,0.0,3681657.0,1998096500.0,542.7166354714739,0.2941553579791186,-70.58446420208814,投資有価証券,EDINET,,サービス業
9347.T,日本管財ホールディングス,2848.0,1034.4206336,14.478902,1.3499953,70.90768037238169,64916000000.0,30765000000.0,11951000000.0,36320947.0,39440199999.99999,1085.880277295633,0.38127818725268015,-61.872181274731986,,EDINET,,サービス業
9348.T,ｉｓｐａｃｅ,403.0,589.63521536,,6.806283,31.806932843768536,19067950000.0,20181542000.0,531245000.0,146311471.0,-2759874700.0,-18.863009722593794,-0.04680647573844614,-104.68064757384461,,EDINET,,サービス業
9351.T,東洋埠頭,1901.0,135.16366848,9.593742,0.43127084,55.07132527539233,10777000000.0,23460000000.0,8741000000.0,7110135.0,-8910300000.000004,-1253.1829564417558,-0.6592230175916654,-165.92230175916654,,EDINET,,倉庫・運輸関連業
9353.T,櫻島埠頭,3000.0,45.65264896,15.61768,0.5087096,66.15619224303619,2113094000.0,4127641000.0,4718877000.0,1521755.0,875902800.0,575.5872660185115,0.1918624220061705,-80.81375779938296,,EDINET,,倉庫・運輸関連業
9355.T,リンコーコーポレーション,2211.0,58.2586112,5.415799,0.28754067,50.037906961264746,3635319000.0,20518705000.0,5667692000.0,2634944.0,-14967872100.0,-5680.527593755313,-2.5692119374741353,-356.92119374741355,,EDINET,,倉庫・運輸関連業
9360.T,鈴与シンワート,2790.0,79.37388032,7.3562374,1.453468,40.51679586563308,5908000000.0,7651000000.0,308000000.0,2844942.0,-2292500000.000001,-805.8160763910129,-0.2888229664483917,-128.88229664483916,,EDINET,,情報・通信業
9361.T,伏木海陸運送,1990.0,51.65934592,6.255698,0.39044374,52.91617252326489,5879587000.0,10633845000.0,2710900000.0,2595947.0,-3920012500.0,-1510.051052660166,-0.7588196244523447,-175.88196244523448,,EDINET,,倉庫・運輸関連業
9362.T,兵機海運,3940.0,47.23441664,11.740167,1.0073996,43.344579052292595,3907000000.0,7693000000.0,2078000000.0,1198843.0,-3100700000.000001,-2586.4103973581205,-0.656449339430995,-165.64493394309952,,EDINET,,倉庫・運輸関連業
9363.T,大運,517.0,25.07351808,7.550752,1.8529404,66.3196503306123,2738011000.0,1963306000.0,1668889000.0,4849810.0,1746596700.0,360.1371393930896,0.6965902115920496,-30.340978840795042,,EDINET,,倉庫・運輸関連業
9364.T,上組,4698.0,4579.38436096,15.260678,1.1906663,73.8953988339676,156362000000.0,106574000000.0,96863000000.0,97475189.0,106934699999.99997,1097.0453209380282,0.23351326541890766,-76.64867345810923,,EDINET,,倉庫・運輸関連業
9365.T,トレーディア,1613.0,23.64817664,6.5063934,0.37299964,44.399109380267845,3921439000.0,6141341000.0,2177823000.0,1466099.0,-1309560000.000001,-893.2275378402147,-0.5537678473900898,-155.37678473900897,,EDINET,,倉庫・運輸関連業
9366.T,サンリツ,1260.0,71.0423296,10.863006,0.5709881,46.06045865467546,8515553000.0,12877026000.0,516829000.0,5638280.0,-5287395300.000002,-937.7674219797531,-0.7442598587140897,-174.42598587140898,,EDINET,,倉庫・運輸関連業
9367.T,大東港運,2009.0,173.64690944,20.0,1.6306089,68.14211864443273,7519413000.0,5620552000.0,1455081000.0,8643450.0,2355362499.999999,272.5025886654055,0.13564091023663788,-86.43590897633622,,EDINET,,倉庫・運輸関連業
9368.T,キムラユニティー,917.0,377.12613376,11.693446,0.847608,64.90096858748826,29169000000.0,23378000000.0,6634000000.0,41126078.0,8096999999.999996,196.88237716224717,0.21470270137649636,-78.52972986235037,,EDINET,,倉庫・運輸関連業
9369.T,キユーソー流通システム,2883.0,716.61297664,28.516321,1.5334797,41.853807121466176,32365000000.0,75982000000.0,4107000000.0,24856503.0,-48340300000.0,-1944.7747738288044,-0.6745663454140841,-167.4566345414084,,EDINET,,倉庫・運輸関連業
9376.T,ユーラシア旅行社,780.0,28.7817984,50.518135,1.7888021,57.295184177515225,2452967000.0,1182685000.0,206339000.0,3689974.0,1296450800.0,351.34415581248,0.4504412254006154,-54.95587745993846,,EDINET,,サービス業
9380.T,東海運,448.0,122.02676224,17.164751,0.66640985,42.241509020078176,12857602000.0,23577754000.0,3756655000.0,27238117.0,-10448268900.000004,-383.5899853135958,-0.8562276457892762,-185.62276457892764,,EDINET,,倉庫・運輸関連業
9381.T,エーアイテイー,2218.0,521.08787712,16.548534,2.583865,75.5725467459052,20353000000.0,6059000000.0,2492000000.0,23493592.0,15432500000.0,656.8812465969444,0.29615926356940686,-70.38407364305931,,EDINET,,倉庫・運輸関連業
9385.T,ショーエイコーポレーション,735.0,56.795392,6.6799965,1.1082028,46.652420087077836,6632794000.0,6156816000.0,582080000.0,7727264.0,267752399.99999905,34.6503497227478,0.04714333295611945,-95.28566670438805,,EDINET,,化学
9399.T,ビート・ホールディングス・リミテッド,12.0,22.0002688,,1.7279999,27.159685863874344,10354000.0,4761000.0,2584000000.0,183335567.0,1813916900.0,9.893971637265562,0.8244976364387968,-17.55023635612032,,EDINET,,情報・通信業
9401.T,ＴＢＳホールディングス,5970.0,9119.48054528,17.782146,0.57219344,69.73185441770768,202958000000.0,346892000000.0,756458000000.0,152755116.0,350897399999.9999,2297.1237179381924,0.38477784220070227,-61.52221577992978,,EDINET,,情報・通信業
9405.T,朝日放送グループホールディングス,801.0,332.14021632,7.5751843,0.41262692,62.64217428150879,49526000000.0,50312000000.0,17354000000.0,41465695.0,6330599999.999992,152.6707800267183,0.1906002247524573,-80.93997752475427,,EDINET,,情報・通信業
9404.T,日本テレビホールディングス,2853.5,6945.46530304,12.598234,0.6559638,80.39237089513021,351813000000.0,241125000000.0,567732000000.0,243401639.0,483987900000.0,1988.4332003203972,0.6968400912284552,-30.31599087715447,,EDINET,,情報・通信業
9408.T,ＢＳＮメディアホールディングス,2662.0,158.41947648,11.524308,0.5791668,75.83089110459127,16054457000.0,7824655000.0,6304074000.0,5951145.0,11860188300.0,1992.925445439491,0.7486571921260298,-25.134280787397028,,EDINET,,情報・通信業
9412.T,スカパーＪＳＡＴ,1981.0,5615.91549952,24.220564,1.8337023,75.29766357088377,228554000000.0,119239000000.0,37769000000.0,283488918.0,123829399999.99998,436.80508174220756,0.22049726488753538,-77.95027351124646,,EDINET,,情報・通信業
9409.T,テレビ朝日ホールディングス,2989.0,3005.12018432,10.170471,0.63047606,80.48128664329755,176941000000.0,111715000000.0,209180000000.0,100539313.0,200480500000.0,1994.0508246759157,0.6671297506443344,-33.287024935566556,,EDINET,,情報・通信業
9413.T,テレビ東京ホールディングス,3255.0,869.68041472,11.391873,0.8183361,69.0409094702246,90436000000.0,45943000000.0,20661000000.0,26718293.0,54361399999.99999,2034.613513670203,0.6250732760891561,-37.49267239108439,,EDINET,,情報・通信業
9414.T,日本ＢＳ放送,957.0,170.67131904,15.023548,0.68788594,90.809211536943,17041584000.0,2295522000.0,1414517000.0,17833994.0,15506671700.0,869.5007803636134,0.9085692584781749,-9.143074152182503,,EDINET,,情報・通信業
9416.T,ビジョン,1013.0,483.50605312,19.350527,2.3795764,70.55820948421898,19232446000.0,7370866000.0,115026000.0,47730113.0,11205011600.0,234.75770107646719,0.23174501587015517,-76.8254984129845,,EDINET,,情報・通信業
9417.T,スマートバリュー,337.0,33.49075712,,2.4470472,53.470119874188946,5410720000.0,21904680000.0,1593000.0,9937910.0,-18683312900.000004,-1880.0042363032069,-5.578647585469457,-657.8647585469457,,EDINET,,情報・通信業
9418.T,Ｕ－ＮＥＸＴ　ＨＯＬＤＩＮＧＳ,1773.0,3198.0470272,16.971378,2.9906182,41.845085494760994,150218000000.0,136928000000.0,1128000000.0,180374910.0,386800000.0,2.1444224144034223,0.001209488107390537,-99.87905118926095,,EDINET,,情報・通信業
9419.T,ワイヤレスゲート,297.0,32.31530496,10.803928,1.8908887,36.191539625371334,3044716000.0,2815533000.0,42358000.0,10880574.0,-22719700.00000048,-2.088097558088432,-0.007030631508715258,-100.70306315087151,,EDINET,,情報・通信業
9421.T,エヌジェイホールディングス,540.0,28.58103296,,1.9156204,44.639927481898454,2603485000.0,2035785000.0,201994000.0,5292784.0,505517300.0,95.51066130792415,0.17687159501467437,-82.31284049853257,,EDINET,,情報・通信業
9423.T,フォーバル・リアルストレート,105.0,25.45385984,15.19537,3.6835644,39.80130160732178,1778046000.0,1128303000.0,75000.0,24241772.0,536965200.0,22.15041045679334,0.2109562900646985,-78.90437099353016,,EDINET,,情報・通信業
9424.T,日本通信,122.0,204.59307008,26.406927,4.2446594,38.69948278663467,5507208000.0,3470050000.0,166341000.0,167699235.0,1806591699.9999995,10.77280823612582,0.08830170685349033,-91.16982931465097,,EDINET,,情報・通信業
9425.T,ＲｅＹｕｕ　Ｊａｐａｎ,256.0,20.08487168,,1.0868043,60.341702757475936,1801832000.0,1021424000.0,160000.0,7845653.0,678377600.0,86.4654095713894,0.33775550613823985,-66.22444938617602,,EDINET,,情報・通信業
9432.T,ＮＴＴ,170.5,137990.78756352,13.596491,1.4082762,21.869130281784575,211610000000.0,5503952000000.0,769083000000.0,80933011314.0,-5304379100000.001,-65.5403649744395,-0.3844009675920205,-138.44009675920205,,EDINET,,情報・通信業
9428.T,クロップス,1345.0,127.18462976,13.814708,0.94448733,38.95992342994576,21067000000.0,21761000000.0,1074000000.0,9456106.0,-2118300000.0000038,-224.0139863068375,-0.16655314967051116,-116.65531496705113,,EDINET,,情報・通信業
9433.T,ＫＤＤＩ,2888.0,106739.39546112,15.734132,2.1446033,29.337371934984823,2613725000000.0,3445237000000.0,236433000000.0,3695962728.0,-1010532600000.0005,-273.4152572330812,-0.09467287300314446,-109.46728730031445,,EDINET,,情報・通信業
9434.T,ソフトバンク,241.4,115470.59421184,21.325089,3.9660892,25.23192543579336,1600950000000.0,4369551000000.0,38243000000.0,47833719783.0,-3178786000000.0,-66.45491955090922,-0.2752896418844624,-127.52896418844624,,EDINET,,情報・通信業
9435.T,光通信,36360.0,15964.05055488,10.532292,1.2702643,42.66668442036171,334788000000.0,1208155000000.0,34268000000.0,43905528.0,-970194900000.0,-22097.329065260303,-0.607737323026961,-160.7737323026961,,EDINET,,情報・通信業
9436.T,沖縄セルラー電話,4135.0,3783.00563456,29.466257,3.8407521,84.60446466373894,71233000000.0,19073000000.0,981000000.0,91487436.0,50939400000.0,556.7912079206154,0.1346532546361827,-86.53467453638174,,EDINET,,情報・通信業
9438.T,エムティーアイ,616.0,342.12753408,9.665777,1.7446619,67.30925267110942,20152552000.0,10541679000.0,4466864000.0,55540186.0,11683509900.0,210.36137509514282,0.34149573879081624,-65.85042612091837,,EDINET,,情報・通信業
9439.T,エム・エイチ・グループ,220.0,34.45497344,,6.1631556,30.263030378732736,1536526000.0,1267999000.0,66617000.0,15661352.0,188359000.0,12.026994859703045,0.054668158453195656,-94.53318415468043,,EDINET,,サービス業
9444.T,トーシンホールディングス,263.0,17.00123776,,1.5994163,10.069841705251035,6119232000.0,20653324000.0,58126000.0,6464349.0,-16558736200.0,-2561.5473731384245,-9.739723852237356,-1073.9723852237355,,EDINET,,情報・通信業
9441.T,ベルパーク,3030.0,370.89357824,7.430477,1.2504839,61.81707400177914,41680688000.0,16496775000.0,4076371000.0,12240712.0,26387695200.0,2155.732052187814,0.711462723494328,-28.85372765056719,,EDINET,,情報・通信業
9445.T,フォーバルテレコム,535.0,89.64438016,9.095546,2.3405886,36.733801007271424,7729064000.0,7042199000.0,6000000.0,16755959.0,-13154900.000000954,-0.7850878603845327,-0.0014674539446439864,-100.1467453944644,,EDINET,,情報・通信業
9449.T,ＧＭＯインターネットグループ,3972.0,3725.3627904,22.201107,2.483869,11.784092677894428,174807000000.0,305901000000.0,33991000000.0,93790602.0,-137890400000.0,-1470.194209863372,-0.37013952917003323,-137.0139529170033,,EDINET,,情報・通信業
9446.T,サカイホールディングス,674.0,50.8990976,6.612381,1.0207992,22.943472516560966,5455447000.0,16392885000.0,334556000.0,7551795.0,-12342537300.0,-1634.3845800898991,-2.4249029378188416,-342.49029378188413,,EDINET,,情報・通信業
9450.T,ファイバーゲート,749.0,150.70897152,14.013096,2.157606,44.62373814622209,4707000000.0,5641000000.0,11000000.0,20121358.0,-1490400000.000001,-74.07054732588134,-0.09889258654990833,-109.88925865499081,,EDINET,,情報・通信業
9466.T,アイドママーケティングコミュニケーション,236.0,30.92310016,17.378498,0.9127229,77.33689400899048,3072012000.0,1248351000.0,501121000.0,13103009.0,2049610600.0,156.42289492436433,0.6628088767981539,-33.71911232018461,,EDINET,,情報・通信業
9467.T,アルファポリス,1053.0,306.01416704,13.313947,1.9527048,78.2721814074958,17102350000.0,4335418000.0,21195000.0,29061174.0,12348226700.0,424.9046064002783,0.403518144729609,-59.64818552703911,,EDINET,,情報・通信業
9468.T,ＫＡＤＯＫＡＷＡ,3688.0,5420.0942592,466.24527,2.2675655,70.08640949795372,272447000000.0,132621000000.0,38397000000.0,146965684.0,153441800000.0,1044.0654976300455,0.28309801996476286,-71.6901980035237,,EDINET,,情報・通信業
9474.T,ゼンリン,901.0,481.01302272,17.546251,1.0019616,67.90485183436554,29092000000.0,24125000000.0,12404000000.0,53386572.0,11237299999.999996,210.48925935907621,0.23361737997677715,-76.63826200232229,,EDINET,,情報・通信業
9470.T,学研ホールディングス,1013.0,421.6481792,13.154136,0.787818,42.72526114631378,63112000000.0,77061000000.0,17574000000.0,41623707.0,-9353300000.0,-224.71088411226805,-0.22182713140401583,-122.18271314040159,,EDINET,,情報・通信業
9475.T,昭文社ホールディングス,532.0,95.37760256,7.825831,0.6765014,75.82977631455378,10227143000.0,5396261000.0,2885006000.0,17928121.0,6310760099.999999,352.0034308112936,0.6616605842317549,-33.833941576824515,,EDINET,,情報・通信業
9476.T,中央経済社ホールディングス,987.0,38.220352,12.04834,0.85943717,71.54128166900358,3384217000.0,1669378000.0,319348000.0,3872376.0,1771444799.9999998,457.456817209899,0.46348208430587534,-53.65179156941247,,EDINET,,情報・通信業
9501.T,東京電力ホールディングス,520.9,8348.47571968,,0.24584927,21.946824270419853,2463599000000.0,11200862000000.0,914396000000.0,1602702047.0,-9217272000000.002,-5751.082690168924,-11.040665559932664,-1204.0665559932663,,EDINET,,電気・ガス業
9478.T,ＳＥホールディングス・アンド・インキュベーションズ,498.0,74.68713472,12.391143,0.63230866,60.09630818619583,13711000000.0,6499000000.0,115000000.0,14997417.0,6642599999.999999,442.9162701817252,0.8893901007665165,-11.060989923348348,,EDINET,,情報・通信業
9503.T,関西電力,2594.0,28898.63135232,7.6813736,0.81009537,35.544036792392134,1971023000000.0,6545202000000.0,868461000000.0,1114056720.0,-4620776500000.001,-4147.703090018613,-1.5989603276864353,-259.8960327686435,,EDINET,,電気・ガス業
9502.T,中部電力,2601.0,19647.64954624,8.652983,0.6200506,41.982607445738104,1142746000000.0,4266281000000.0,269608000000.0,755388311.0,-3361437500000.0,-4449.94640643837,-1.7108598256202885,-271.08598256202885,,EDINET,,電気・ガス業
9504.T,中国電力,982.1,3531.399168,5.218107,0.45554143,16.77937452656639,695835000000.0,3655094000000.0,119182000000.0,359576341.0,-3241341000000.0005,-9014.333342915908,-9.1786308348599,-1017.86308348599,,EDINET,,電気・ガス業
9506.T,東北電力,1247.0,6244.91954176,7.356064,0.54871315,19.81433239076488,1141952000000.0,4389404000000.0,159379000000.0,500795481.0,-3574827100000.0,-7138.297440028218,-5.724376455515813,-672.4376455515813,,EDINET,,電気・ガス業
9505.T,北陸電力,1064.5,2223.796224,4.1447654,0.47209704,24.4995431762254,431670000000.0,1458982000000.0,133111000000.0,208905235.0,-1080032500000.0002,-5169.9637876475435,-4.856706235460351,-585.6706235460351,,EDINET,,電気・ガス業
9507.T,四国電力,2086.5,4265.5236096,8.553683,0.87237203,27.53353113947639,346400000000.0,1246640000000.0,61363000000.0,204434408.0,-981949900000.0,-4803.251613104189,-2.3020616405963046,-330.20616405963045,,EDINET,,電気・ガス業
9511.T,沖縄電力,1147.0,622.99377664,10.169341,0.50684464,25.429392782909265,71091000000.0,376860000000.0,14182000000.0,54315065.0,-333527600000.00006,-6140.60942392318,-5.3536263504125365,-635.3626350412536,,EDINET,,電気・ガス業
9509.T,北海道電力,1076.5,2210.59465216,5.3664007,0.46917933,19.167350248942654,411594000000.0,1836667000000.0,115591000000.0,205350180.0,-1527826000000.0002,-7440.100612524422,-6.9113800395024825,-791.1380039502483,,EDINET,,電気・ガス業
9513.T,電源開発,3956.0,6962.88804864,12.541212,0.48617876,41.031970202965425,673708000000.0,2205238000000.0,449524000000.0,176008295.0,-1437387000000.0,-8166.58669411007,-2.064354573839755,-306.4354573839755,,EDINET,,電気・ガス業
9514.T,エフオン,342.0,72.35175424,6.0929985,0.36708158,40.28323980380893,9616000000.0,25891000000.0,0.0,21155484.0,-18864100000.000004,-891.6884151645977,-2.607276067732742,-360.7276067732742,投資有価証券,EDINET,,電気・ガス業
9517.T,イーレックス,796.0,622.33452544,11.731762,0.87835354,45.65801463887828,49973000000.0,64528000000.0,3615000000.0,78182728.0,-18477300000.0,-236.33480786191038,-0.2969030249521487,-129.69030249521487,,EDINET,,電気・ガス業
9519.T,レノバ,816.0,737.62316288,22.672964,0.5562027,30.39900959009852,27884000000.0,43820000000.0,210041000000.0,90395000.0,126710700000.0,1401.7445655180043,1.7178242224485347,71.78242224485346,,EDINET,,電気・ガス業
9531.T,東京瓦斯,6083.0,19871.08405248,9.650042,1.1645353,46.15733037910031,1047130000000.0,2053623000000.0,383571000000.0,326665859.0,-943355600000.0,-2887.8304053194615,-0.47473786048322564,-147.47378604832258,,EDINET,,電気・ガス業
9532.T,大阪瓦斯,5635.0,21270.83339776,14.779553,1.1723081,55.8205939956133,812779000000.0,1461234000000.0,569252000000.0,377477090.0,-396102000000.00024,-1049.3405043469002,-0.18621836811834963,-118.62183681183495,,EDINET,,電気・ガス業
9533.T,東邦瓦斯,1244.0,4399.40415488,15.235762,0.89972025,58.99260489169242,187725000000.0,310370000000.0,170019000000.0,353649841.0,-34668700000.0,-98.03114827358286,-0.07880317385336243,-107.88031738533623,,EDINET,,電気・ガス業
9534.T,北海道瓦斯,844.0,745.54138624,6.620127,0.7538299,50.30777303504577,51086000000.0,106945000000.0,9435000000.0,88334291.0,-59949000000.000015,-678.6605668233644,-0.8041001976580148,-180.41001976580148,,EDINET,,電気・ガス業
9536.T,西部ガスホールディングス,2417.0,869.91511552,12.456837,0.7110361,26.474041795017655,124388000000.0,336064000000.0,59430000000.0,35991524.0,-203681400000.0,-5659.149081878278,-2.341393910582655,-334.1393910582655,,EDINET,,電気・ガス業
9535.T,広島ガス,417.0,286.62734848,13.640824,0.40003797,56.747223739304566,40643000000.0,58000000000.0,14473000000.0,68735573.0,-13025900000.000008,-189.50740397552235,-0.4544542061763126,-145.44542061763127,,EDINET,,電気・ガス業
9537.T,北陸瓦斯,4255.0,198.57063936,6.242481,0.36321682,79.60530317026505,15738860000.0,13039350000.0,3852248000.0,4666760.0,4092148599.999998,876.8714482853196,0.20608024636552752,-79.39197536344724,,EDINET,,電気・ガス業
9539.T,京葉瓦斯,1300.0,418.00466432,10.421678,0.39352357,58.709485377949264,35768000000.0,69374000000.0,31078000000.0,32154203.0,-18788800000.0,-584.3341848653503,-0.4494878345118079,-144.94878345118082,,EDINET,,電気・ガス業
9543.T,静岡ガス,1289.0,971.98497792,9.930662,0.68734276,70.81169941747969,77533000000.0,44683000000.0,21513000000.0,75406129.0,43440799999.99999,576.0911026211144,0.4469287064554805,-55.307129354451945,,EDINET,,電気・ガス業
9552.T,クオンツ総研ホールディングス,1084.0,549.5384064,18.852175,14.643899,62.840061803846524,2085815000.0,2080311000.0,709369000.0,50695424.0,294031199.99999994,5.799955435820005,0.005350512394667901,-99.46494876053322,,EDINET,,サービス業
9551.T,メタウォーター,3175.0,1388.93197312,14.712697,1.5744978,42.738274653641525,160178000000.0,111433000000.0,2319000000.0,43745886.0,39224999999.999985,896.6557449539366,0.2824112582532084,-71.75887417467915,,EDINET,,電気・ガス業
9553.T,マイクロアド,625.0,165.813504,23.020258,4.2663574,42.591959500222956,4925603000.0,4497207000.0,604685000.0,26530159.0,401954800.0,15.150862835009772,0.024241380536015635,-97.57586194639843,,EDINET,,サービス業
9554.T,ＡＶｉＣ,1809.0,115.05629184,18.2267,3.972934,59.226261250842896,2017664000.0,923685000.0,3000000.0,6360215.0,1003710499.9999999,157.8107815537682,0.08723647404851753,-91.27635259514825,,EDINET,,サービス業
9556.T,ＩＮＴＬＯＯＰ,2527.0,237.95636224,49.365112,3.5770757,41.82157740028402,9684979000.0,7062453000.0,620303000.0,9416556.0,2350492799.999999,249.61278836976055,0.09877830960417909,-90.1221690395821,,EDINET,,サービス業
9557.T,エアークローゼット,261.0,21.62176256,,7.089116,20.139477136908297,1566946000.0,2198557000.0,0.0,8284200.0,-851466700.0,-102.78200671157143,-0.39380079199835794,-139.3800791998358,投資有価証券,EDINET,,サービス業
9558.T,ジャパニアス,1978.0,77.9569152,11.56387,2.3237836,58.40510704749119,4567585000.0,1952640000.0,20000000.0,3941199.0,2433681000.0,617.4976193792803,0.312182820717533,-68.78171792824669,,EDINET,,サービス業
9560.T,プログリット,870.0,99.22316288,14.093634,4.0617194,50.841082995504685,3293377000.0,2089935000.0,11267000.0,11404961.0,1002335400.0,87.88591210439036,0.10101828977516134,-89.89817102248387,,EDINET,,サービス業
9561.T,グラッドキューブ,428.0,36.10825472,67.40157,4.7761993,33.0034226868805,1921483000.0,1456522000.0,81676000.0,8436508.0,376481999.99999976,44.625335506112215,0.10426480258437433,-89.57351974156256,,EDINET,,サービス業
9562.T,ビジネスコーチ,572.0,24.27726336,78.142075,1.85181,76.90142109199701,779141000.0,540123000.0,67680000.0,4244277.0,232381700.0,54.75177515510887,0.09571988663480571,-90.42801133651945,,EDINET,,サービス業
9563.T,Ａｔｌａｓ　Ｔｅｃｈｎｏｌｏｇｉｅｓ,353.0,24.92152832,14.532729,1.5047401,86.30595477582084,1913187000.0,283288000.0,0.0,7059923.0,1601570200.0,226.85377730040398,0.6426452614742322,-35.735473852576774,投資有価証券,EDINET,,サービス業
9564.T,ＦＣＥ,561.0,123.83364096,17.702745,2.7821586,66.33529609893135,3825455000.0,1706632000.0,626674000.0,22073732.0,2386831600.0,108.12995283262477,0.19274501396189797,-80.7254986038102,,EDINET,,サービス業
9601.T,松竹,10800.0,1484.31798272,28.400126,1.4063314,47.21925530013384,38949000000.0,115747000000.0,41992000000.0,13743685.0,-58978300000.000015,-4291.301786966161,-0.3973427580524223,-139.73427580524222,,EDINET,,情報・通信業
9565.T,ＧＬＯＥ,650.0,18.043168,16.705217,3.8464952,31.396386548740967,1087240000.0,1107734000.0,0.0,2775872.0,-131267400.0,-47.288707836672586,-0.07275185821026552,-107.27518582102655,投資有価証券,EDINET,,サービス業
9602.T,東宝,1562.0,12993.51732224,25.796862,2.5923977,75.82333476542605,202050000000.0,158253000000.0,153764000000.0,831851262.0,135606500000.0,163.01772467588083,0.10436474050952678,-89.56352594904733,,EDINET,,情報・通信業
9605.T,東映,5820.0,3636.73944064,15.683527,1.2315165,77.27781795888437,170851000000.0,109315000000.0,150364000000.0,62486932.0,155859300000.0,2494.270321993085,0.4285687838476091,-57.14312161523909,,EDINET,,情報・通信業
9603.T,エイチ・アイ・エス,1086.0,788.71298048,20.642464,1.5035471,17.39549090156084,202316000000.0,349857000000.0,3302000000.0,72625505.0,-180215300000.00006,-2481.432659229014,-2.284928783820455,-328.4928783820455,,EDINET,,サービス業
9610.T,ウィルソン・ラーニング　ワールドワイド,106.0,11.82426624,,1.7942685,55.20864726855037,1238337000.0,817674000.0,50000000.0,11154968.0,373895599.9999999,33.51830323493531,0.3162104078767482,-68.37895921232519,,EDINET,,サービス業
9612.T,ラックランド,1228.0,141.85424896,7.3326564,1.0324932,44.088769334229994,16887000000.0,16177000000.0,377000000.0,11551649.0,-643800000.0,-55.73230280802334,-0.04538461140718513,-104.53846114071852,,EDINET,,サービス業
9616.T,共立メンテナンス,3194.0,2905.37111552,15.271337,1.978477,45.95790371224203,69576000000.0,202109000000.0,16506000000.0,90963400.0,-141189700000.00003,-1552.1594399505739,-0.4859610018630475,-148.59610018630477,,EDINET,,サービス業
9619.T,イチネンホールディングス,2697.0,638.57700864,8.337971,0.81584126,34.09308941744682,96914000000.0,139975000000.0,6055000000.0,23677308.0,-52820000000.0,-2230.8279302697756,-0.8271516241267244,-182.71516241267244,,EDINET,,サービス業
9625.T,セレスポ,909.0,49.82930944,6.557968,0.5257918,77.41646520796073,8907328000.0,3884135000.0,23842000.0,5481772.0,4651468900.0,848.5338135186943,0.9334805429248562,-6.651945707514381,,EDINET,,サービス業
9622.T,スペース,1397.0,343.16949504,8.955129,0.9626615,77.36352494850046,27680426000.0,8263930000.0,927262000.0,24564746.0,19239186400.0,783.2031481212955,0.5606321747468114,-43.93678252531886,,EDINET,,サービス業
9621.T,建設技術研究所,3305.0,899.05487872,13.967544,1.3273625,69.34733870298099,56967000000.0,26019000000.0,5029000000.0,27202871.0,31866399999.999996,1171.435176823799,0.35444332127800277,-64.55566787219972,,EDINET,,サービス業
9627.T,アインホールディングス,5296.0,1863.15505664,10.744791,1.1805123,31.231617178164495,112808000000.0,169288000000.0,3233000000.0,35180421.0,-71145700000.0,-2022.3095113045974,-0.38185602554845116,-138.1856025548451,,EDINET,,小売業
9628.T,燦ホールディングス,1298.0,304.90124288,6.1162944,0.6829052,58.951992767988834,11835000000.0,4708000000.0,120000000.0,23490081.0,6740200000.0,286.9381335892371,0.22106173620126127,-77.89382637987387,,EDINET,,サービス業
9629.T,ピー・シー・エー,1551.0,311.00547072,19.494722,1.7977189,53.81203920793198,26426000000.0,15691000000.0,3115000000.0,20051931.0,11346400000.0,565.8507402603769,0.3648296197681347,-63.51703802318654,,EDINET,,情報・通信業
9632.T,スバル興業,4765.0,614.89668096,30.202192,1.6130129,84.52968712021323,20525360000.0,5199136000.0,262455000.0,12904442.0,14990028900.0,1161.6177514688352,0.24378126998296645,-75.62187300170335,,EDINET,,サービス業
9633.T,東京テアトル,1717.0,116.31296512,14.589174,0.5945558,55.754870957802204,8879876000.0,13352408000.0,3378265000.0,6774197.0,-3442987300.000002,-508.25024722487433,-0.29601062738781264,-129.60106273878128,,EDINET,,不動産業
9635.T,武蔵野興業,2529.0,26.45533696,7.2953324,0.66237706,62.76075764848602,950481000.0,2456283000.0,447628000.0,1046079.0,-1438090700.0,-1374.7438768964869,-0.5435918848938264,-154.35918848938263,,EDINET,,サービス業
9636.T,きんえい,4225.0,117.78809856,76.29108,6.205825,45.82426932767053,908084000.0,3342446000.0,23831000.0,2787884.0,-2751924900.0000005,-987.1016512882173,-0.23363352693212244,-123.36335269321224,,EDINET,,サービス業
9639.T,三協フロンテア,2271.0,504.73091072,9.173162,0.96331877,74.96360158725628,18646000000.0,16533000000.0,87000000.0,22225053.0,520600000.0,23.424016131705063,0.010314406046545602,-98.96855939534544,,EDINET,,サービス業
9640.T,セゾンテクノロジー,1930.0,312.64796672,29.00075,2.3087285,66.2323988956111,16701799000.0,6944304000.0,747525000.0,16199377.0,9586332100.0,591.7716526999773,0.30661743663211255,-69.33825633678875,,EDINET,,情報・通信業
9644.T,タナベコンサルティンググループ,682.0,218.09747968,20.171547,2.1452813,74.96861369437056,9091754000.0,3187668000.0,17746000.0,31979104.0,5597741400.0,175.04372230066232,0.25666234941446087,-74.33376505855391,,EDINET,,サービス業
9647.T,協和コンサルタンツ,6830.0,39.93801472,6.151047,0.81522787,55.01687046142541,5896451000.0,3423857000.0,111807000.0,584744.0,2208473199.9999995,3776.8206257781176,0.5529752014316424,-44.70247985683576,,EDINET,,サービス業
9651.T,日本プロセス,1932.0,170.236928,16.653736,1.7899015,79.66358005467744,11909262000.0,3384960000.0,1587423000.0,8811435.0,9297002100.0,1055.1064724417758,0.546121362547503,-45.387863745249696,,EDINET,,情報・通信業
9656.T,グリーンランドリゾート,601.0,62.12791296,12.647306,0.5811233,52.44286390456728,848491000.0,8832438000.0,341241000.0,10337423.0,-8628322100.0,-834.6685726220162,-1.3887996216672482,-238.87996216672485,,EDINET,,サービス業
9658.T,ビジネスブレイン太田昭和,1145.0,371.64044288,12.333047,1.2285804,64.41835948335964,12253458000.0,7566265000.0,1173507000.0,32457682.0,4752021399.999999,146.40667808625395,0.12786609439847507,-87.21339056015249,,EDINET,,情報・通信業
9661.T,歌舞伎座,4085.0,495.08745216,173.97786,4.460649,46.73017575777781,2188298000.0,13055443000.0,5843345000.0,12119644.0,-8082347800.000002,-666.8799677614295,-0.16325091010071713,-116.32509101007172,,EDINET,,サービス業
9663.T,ナガワ,4770.0,739.28425472,16.93411,1.2448,87.28475986385983,23974000000.0,8085000000.0,17199000000.0,15498622.0,27119800000.0,1749.8200807787944,0.3668385913582378,-63.31614086417622,,EDINET,,サービス業
9672.T,東京都競馬,4705.0,1225.22525696,11.748109,1.2482556,75.44844094154462,23889771000.0,31263750000.0,2258269000.0,26040920.0,-8919565700.0,-342.5211436462306,-0.07279939291099481,-107.27993929109947,,EDINET,,サービス業
9678.T,カナモト,5360.0,1818.44901888,14.510016,1.1842556,48.58587790970354,126675000000.0,173140000000.0,11450000000.0,33926289.0,-55764000000.00003,-1643.6810993386289,-0.3066569215184009,-130.6656921518401,,EDINET,,サービス業
9679.T,ホウライ,2112.0,88.5381632,15.42056,1.2670271,50.0589592841463,3122310000.0,10419831000.0,741300000.0,4192148.0,-7820594100.0,-1865.5338742811562,-0.8833020238073656,-188.33020238073658,,EDINET,,サービス業
9682.T,ＤＴＳ,1097.0,1704.68442112,15.18129,2.8680413,75.88565127627628,57798000000.0,21042000000.0,7447000000.0,155395114.0,39864700000.0,256.5376669436338,0.23385384406894602,-76.6146155931054,,EDINET,,情報・通信業
9684.T,スクウェア・エニックス・ホールディングス,2855.0,10297.28632832,35.334156,2.906021,79.72777374445799,344515000000.0,79792000000.0,5553000000.0,360675534.0,260630900000.0,722.6187401998828,0.2531063888616052,-74.68936111383948,,EDINET,,情報・通信業
9685.T,ＫＹＣＯＭホールディングス,582.0,29.56235264,5.5582085,0.5611683,59.916719264235155,3356294000.0,3474298000.0,1373206000.0,5079442.0,495810399.9999994,97.6111943004762,0.16771682869497628,-83.22831713050238,,EDINET,,情報・通信業
9687.T,ＫＳＫ,1492.0,271.39868672,12.710854,1.4933171,71.26771351972424,14520000000.0,6224000000.0,6002000000.0,18190260.0,11874999999.999998,652.8218947942469,0.43754818685941477,-56.24518131405852,,EDINET,,情報・通信業
9691.T,両毛システムズ,5160.0,180.51971072,8.373362,1.0989207,58.65098960035296,13783684000.0,11105759000.0,415078000.0,3498444.0,1857903699.999998,531.0657252195542,0.10291971418983609,-89.70802858101638,,EDINET,,情報・通信業
9692.T,シーイーシー,2214.0,671.095808,12.166841,1.5774063,68.47773669828003,39114000000.0,12234000000.0,2231000000.0,30311464.0,27218300000.0,897.9539886295165,0.40557994066373826,-59.44200593362618,,EDINET,,情報・通信業
9697.T,カプコン,4409.0,18443.23680256,34.046333,6.4289503,78.90022899615981,262082000000.0,86678000000.0,15000000.0,418308843.0,166746700000.0,398.6210255660314,0.09041075653572951,-90.95892434642705,,EDINET,,情報・通信業
9698.T,クレオ,1272.0,96.94391296,12.566687,1.33706,73.3465984460868,8499000000.0,2658000000.0,133000000.0,7621377.0,5668300000.0,743.7369913599603,0.5846988925785851,-41.53011074214149,,EDINET,,情報・通信業
9699.T,ニシオホールディングス,4280.0,1178.13747712,10.399709,0.82026154,47.19253450671296,112732000000.0,156370000000.0,2753000000.0,27526575.0,-57347900000.0,-2083.3648937435914,-0.4867674985382223,-148.67674985382223,,EDINET,,サービス業
9686.T,東洋テック,1624.0,171.26407168,8.677068,0.7381271,59.23074253511962,15719840000.0,17060342000.0,4166451000.0,10545817.0,-130020500.0,-12.329106412523563,-0.00759181429342584,-100.75918142934258,,EDINET,,サービス業
9701.T,東京會舘,4555.0,150.26985984,15.0216,2.029787,43.51859136850175,7765141000.0,16540443000.0,4419745000.0,3299009.0,-7335524800.0,-2223.5540430474725,-0.48815676027386884,-148.81567602738687,,EDINET,,サービス業
9702.T,アイ・エス・ビー,2440.0,280.07170048,16.96801,1.8791709,67.19574271170754,16257000000.0,6437000000.0,545000000.0,11478348.0,9557800000.0,832.6808004078636,0.3412626231179769,-65.87373768820231,,EDINET,,情報・通信業
9704.T,アゴーラ　ホスピタリティー　グループ,26.0,69.34299136,7.3239436,1.2011458,42.16828344048961,5382835000.0,14006261000.0,119750000.0,266703813.0,-9940227100.000002,-37.27065986866862,-1.4334869180257164,-243.3486918025716,,EDINET,,サービス業
9706.T,日本空港ビルデング,5406.0,5018.07054848,17.194109,2.3416677,46.72704950688251,130933000000.0,271608000000.0,22766000000.0,92824093.0,-151899600000.0,-1636.4242848028691,-0.3027051951170679,-130.2705195117068,,EDINET,,不動産業
9708.T,帝国ホテル,946.0,1119.38256896,25.839933,2.2882853,59.94454555448338,27785000000.0,23686000000.0,5822000000.0,118327967.0,5805799999.999996,49.06532366942463,0.05186609267381039,-94.81339073261896,,EDINET,,サービス業
9709.T,ＮＣＳ＆Ａ,1220.0,180.99392512,9.5746355,1.3321759,64.8215065574143,17250339000.0,7094055000.0,1100280000.0,14835567.0,10217074500.0,688.6878337713684,0.564498224402761,-43.5501775597239,,EDINET,,情報・通信業
9713.T,ロイヤルホテル,911.0,139.13711616,14.714909,0.5801971,60.62531774275547,15339000000.0,15325000000.0,197000000.0,15273009.0,-1380600000.000002,-90.39476111092463,-0.09922586290990629,-109.92258629099064,,EDINET,,サービス業
9715.T,トランス・コスモス,3425.0,1283.4402304,10.6353245,1.0173976,62.22098139503719,154658000000.0,78916000000.0,3363000000.0,37472708.0,70204500000.0,1873.4834963088335,0.547002480674112,-45.2997519325888,,EDINET,,サービス業
9716.T,乃村工藝社,1199.0,1337.99755776,14.722495,2.2945085,65.07085689110801,88356000000.0,48218000000.0,2502000000.0,111592789.0,37067599999.99999,332.16841636604306,0.2770378785371502,-72.29621214628497,,EDINET,,サービス業
9720.T,ホテル、ニューグランド,6500.0,76.74218496,20.723076,1.8078254,42.02862693516492,3110796000.0,4937290000.0,79675000.0,1180649.0,-2264450500.0,-1917.970963427742,-0.2950724559119603,-129.50724559119604,,EDINET,,サービス業
9722.T,藤田観光,3065.0,1837.10908416,14.055764,4.26778,37.25135074974199,23703000000.0,68389000000.0,10472000000.0,59938303.0,-44194500000.0,-737.3331874277455,-0.24056547713792678,-124.05654771379268,,EDINET,,サービス業
9726.T,ＫＮＴ－ＣＴホールディングス,2020.0,551.84535552,6.678348,1.6035486,42.36816625983554,123774000000.0,85412000000.0,4481000000.0,27319077.0,32957500000.0,1206.3914165182082,0.5972234735238654,-40.27765264761346,,EDINET,,サービス業
9723.T,京都ホテル,639.0,77.09636096,9.809641,3.4447997,20.216923810378447,4122135000.0,13967375000.0,5314000.0,12065158.0,-11238257700.000002,-931.4637819082022,-1.4576897995433524,-245.76897995433526,,EDINET,,サービス業
9729.T,トーカイ,2514.0,776.4406272,13.975207,0.918526,73.61175290989145,56311000000.0,28447000000.0,8257000000.0,30884672.0,30799199999.999996,997.232543055662,0.39667165594895065,-60.33283440510493,,EDINET,,サービス業
9731.T,白洋舎,3340.0,125.26923776,4.421733,0.8918499,36.50757683047727,11818000000.0,22207000000.0,2544000000.0,3750576.0,-10828900000.000004,-2887.2631830417527,-0.8644500548029199,-186.445005480292,,EDINET,,サービス業
9733.T,ナガセ,2222.0,530.58220032,14.812346,1.9767593,37.74442696307799,25396000000.0,58934000000.0,19360000000.0,23878586.0,-25879400000.000008,-1083.7911424068413,-0.48775478956203483,-148.7754789562035,,EDINET,,サービス業
9735.T,セコム,6294.0,25108.60582912,22.876457,1.9312673,67.24639448784755,968815000000.0,697840000000.0,435635000000.0,398929240.0,506135499999.9999,1268.7350267932225,0.2015784917053102,-79.84215082946898,,EDINET,,サービス業
9739.T,ＮＳＷ,2616.0,389.76770048,10.402831,1.0475938,76.87313599383229,36858000000.0,11735000000.0,1001000000.0,14899377.0,24650200000.0,1654.4450147143737,0.6324331096002958,-36.756689039970425,,EDINET,,情報・通信業
9740.T,セントラル警備保障,2627.0,367.82501888,15.228104,0.88632053,61.599275539011835,38078844000.0,21490820000.0,3743492000.0,14001714.0,17059386399.999996,1218.3784356686615,0.46379080154878627,-53.62091984512137,,EDINET,,サービス業
9742.T,アイネス,2290.0,476.83407872,,1.3049623,74.88705658313243,24764000000.0,17535000000.0,11836000000.0,20822447.0,13760700000.0,660.8589278676036,0.2885846846583422,-71.14153153416578,,EDINET,,情報・通信業
9743.T,丹青社,1381.0,654.62534144,14.763738,1.7089808,67.58725886047556,45251000000.0,20824000000.0,2457000000.0,47402268.0,24064500000.0,507.6655825835169,0.36760722851811506,-63.2392771481885,,EDINET,,サービス業
9744.T,メイテックグループホールディングス,3243.0,2503.81369344,16.836258,5.674878,54.29331730019818,77050000000.0,44828000000.0,27000000.0,77206709.0,27758099999.999992,359.5296362133502,0.1108632859122264,-88.91367140877735,,EDINET,,サービス業
9746.T,ＴＫＣ,4050.0,1984.62472192,15.070329,1.8148373,83.5768813021407,46672000000.0,22705000000.0,21700000000.0,49003081.0,36886499999.99999,752.7383839395729,0.18586132936779579,-81.41386706322042,,EDINET,,情報・通信業
9753.T,アイエックス・ナレッジ,1433.0,137.14443264,7.973071,1.18228,70.85207467699136,10819581000.0,5010617000.0,2905513000.0,9570442.0,7341761400.0,767.1287700191904,0.5353306141096932,-46.466938589030676,,EDINET,,情報・通信業
9755.T,応用地質,2790.0,621.90379008,18.756302,0.8108933,72.62129659494079,76466000000.0,28078000000.0,5451000000.0,22290458.0,49395900000.0,2216.010994480239,0.7942691736488311,-20.573082635116887,,EDINET,,サービス業
9757.T,船井総研ホールディングス,1162.0,1084.95347712,13.340987,3.8908422,74.76306019829094,17756843000.0,6449436000.0,2264909000.0,93369492.0,12247899700.0,131.17667706706598,0.1128887065981635,-88.71112934018365,,EDINET,,サービス業
9759.T,ＮＳＤ,2978.0,2252.34075648,17.696695,3.295593,76.76053447178835,54432000000.0,22233000000.0,1785000000.0,75632665.0,31225199999.999996,412.85336170555405,0.1386344397936716,-86.13655602063284,,EDINET,,情報・通信業
9760.T,進学会ホールディングス,116.0,19.3122304,,0.30830482,36.81247980917853,15700104000.0,14303282000.0,534862000.0,16648474.0,340897199.9999981,20.47618298229604,0.1765188188128969,-82.34811811871032,,EDINET,,サービス業
9761.T,東海リース,2357.0,81.64049408,11.341545,0.46651706,44.82832138082234,15079983000.0,19579477000.0,314427000.0,3463746.0,-6237342800.0,-1800.7506324078036,-0.7640011168467559,-176.4001116846756,,EDINET,,サービス業
9763.T,丸建リース,1235.0,117.54131456,8.643012,0.6455798,46.02125263209441,22369000000.0,20653000000.0,5179000000.0,9517515.0,3276000000.0,344.20749533885686,0.2787105225415845,-72.12894774584154,,EDINET,,卸売業
9765.T,オオバ,1173.0,184.93755392,13.427197,1.2587755,71.17241348685089,9473920000.0,4733367000.0,1626501000.0,15766203.0,5405767000.0,342.8705694072314,0.2923022757094897,-70.76977242905103,,EDINET,,サービス業
9767.T,日建工学,1750.0,31.88804608,11.189974,0.63489985,77.65782065924968,4731562000.0,1934073000.0,980182000.0,1822174.0,3290209100.0,1805.650338551642,1.0318001934580812,3.18001934580812,,EDINET,,サービス業
9768.T,いであ,3625.0,258.78679552,10.770419,0.82162356,81.16579508248343,17261143000.0,8726737000.0,1802699000.0,7138946.0,8923621600.0,1249.9914693289459,0.3448252329183299,-65.51747670816702,,EDINET,,サービス業
9766.T,コナミグループ,22145.0,30018.98237952,26.7976,5.17766,75.39788852310137,182881000000.0,62696000000.0,723000000.0,135556483.0,114421500000.0,844.087257707918,0.03811638102090395,-96.18836189790962,,EDINET,,情報・通信業
9769.T,学究社,2498.0,271.48746752,14.692389,3.583047,65.05001010252853,3517752000.0,4818545000.0,493094000.0,10868193.0,-1437481700.0,-132.26501406443555,-0.052948364317228,-105.2948364317228,,EDINET,,サービス業
9778.T,昴,5540.0,32.78450176,78.70436,0.9587429,52.676925475962264,916466000.0,3354725000.0,143700000.0,591778.0,-2673141500.0000005,-4517.135648841289,-0.8153674456392219,-181.53674456392218,,EDINET,,サービス業
9780.T,ハリマビステム,1113.0,99.21982464,9.994612,0.9688084,57.803193330231906,9467116000.0,5596296000.0,1065121000.0,8914629.0,4056775099.999999,455.0694257719529,0.40886740860013737,-59.11325913998626,,EDINET,,サービス業
9782.T,ディーエムエス,3225.0,175.00420096,16.239489,1.3025382,78.30098865715472,12083666000.0,3894291000.0,1144810000.0,5426487.0,8601312900.0,1585.0609980269003,0.49149178233392254,-50.850821766607744,,EDINET,,サービス業
9788.T,ナック,504.0,204.83301376,12.942989,0.9674949,59.455218889860596,23736000000.0,15796000000.0,1096000000.0,40641473.0,7127600000.0,175.3775016963583,0.3479712335245205,-65.20287664754795,,EDINET,,サービス業
9790.T,福井コンピュータホールディングス,3035.0,627.49196288,14.596259,2.0919883,81.69817470664928,23077000000.0,5942000000.0,4698000000.0,20675187.0,19829400000.0,959.0916880219753,0.3160104408639128,-68.39895591360873,,EDINET,,情報・通信業
9791.T,ビケンテクノ,1164.0,87.80932096,6.1659074,0.38019276,58.86134067479619,20677154000.0,18700643000.0,1791651000.0,7543756.0,1360602400.0,180.36140087245664,0.15494965710692152,-84.50503428930784,,EDINET,,サービス業
9795.T,ステップ,2177.0,337.30934784,12.504308,1.2161603,89.70125350535653,10157983000.0,2698040000.0,1165350000.0,15494228.0,8005884000.0,516.7010579681672,0.23734545611766983,-76.26545438823301,,EDINET,,サービス業
9793.T,ダイセキ,3585.0,1695.18596096,18.651474,2.0453866,79.29850916558911,46650000000.0,19784000000.0,7169000000.0,47285524.0,29905900000.0,632.4536025021104,0.1764166255236012,-82.35833744763988,,EDINET,,サービス業
9799.T,旭情報サービス,940.0,143.37466368,11.3417,1.180823,79.94854548818677,10435076000.0,2961790000.0,2285406000.0,15252624.0,8776891200.0,575.4348366549913,0.6121647198457354,-38.78352801542646,,EDINET,,情報・通信業
9812.T,テーオーホールディングス,238.0,15.2524608,,4.045761,2.9814913175785485,8034781000.0,16403238000.0,74442000.0,6408597.0,-9956671400.0,-1553.6429268371844,-6.527911457299094,-752.7911457299094,,EDINET,,小売業
9816.T,ストライダーズ,248.0,22.06847744,10.881966,0.7921196,51.012868077553584,3497253000.0,3034750000.0,10000000.0,8898580.0,166027999.99999952,18.65780832447419,0.07523309808255721,-92.47669019174428,,EDINET,,不動産業
9818.T,大丸エナウィン,1550.0,118.95648256,12.391079,0.7343445,68.85553686322446,9624002000.0,7220695000.0,774200000.0,7674612.0,2223177499.999999,289.67946522899126,0.18688997756709114,-81.31100224329087,,EDINET,,卸売業
9820.T,エムティジェネックス,3850.0,41.43624192,13.211172,0.91673106,77.94023139662009,4563167000.0,992694000.0,30000000.0,1076266.0,3492203600.0,3244.740240795491,0.8427896729338937,-15.721032706610623,,EDINET,,不動産業
9823.T,マミーマートホールディングス,982.0,491.55432448,9.101019,1.067923,48.86855931422251,12061000000.0,35472000000.0,346000000.0,50056450.0,-26716000000.0,-533.7174330181225,-0.5435004409553182,-154.3500440955318,,EDINET,,小売業
9824.T,泉州電業,8270.0,1408.10338304,18.760067,2.2489192,53.081926451775644,79442000000.0,56856000000.0,3139000000.0,17026643.0,19097699999.999992,1121.6362497293208,0.13562711604949465,-86.43728839505053,,EDINET,,卸売業
9827.T,リリカラ,652.0,80.30648832,13.887114,1.0598713,39.981372846146115,16506251000.0,12009745000.0,318303000.0,12316946.0,3518343599.999998,285.65064749005137,0.4381144900154162,-56.188550998458375,,EDINET,,卸売業
9828.T,Ｇｅｎｋｉ　Ｇｌｏｂａｌ　Ｄｉｎｉｎｇ　Ｃｏｎｃｅｐｔｓ,3340.0,589.82817792,16.255415,2.9691818,32.64743460426333,15834000000.0,17753000000.0,37000000.0,17659526.0,-3668400000.0,-207.72924482797558,-0.062194384679034605,-106.21943846790344,,EDINET,,小売業
9831.T,ヤマダホールディングス,711.8,4733.2950016,32.45782,0.74553937,49.27935700837101,655250000000.0,679704000000.0,15423000000.0,664975433.0,-81628300000.0,-122.75385818651739,-0.1724555467638626,-117.24555467638626,,EDINET,,小売業
9832.T,オートバックスセブン,1526.0,1198.33960448,14.458973,0.8836342,56.94765757541652,127028000000.0,96206000000.0,9145000000.0,78528152.0,27602899999.999985,351.5032417928284,0.23034288453003174,-76.96571154699681,,EDINET,,卸売業
9830.T,トラスコ中山,2376.0,1566.5733632,9.587991,0.81043416,60.40037748209068,137971000000.0,96294000000.0,2616000000.0,65933219.0,33878799999.999985,513.8350669637408,0.21626055006891448,-78.37394499310855,,EDINET,,卸売業
9835.T,ジュンテンドー,510.0,41.3597056,,0.3724996,30.469349966159132,15940381000.0,25943925000.0,396884000.0,8109746.0,-12320117700.000004,-1519.1742996636397,-2.978773136595372,-397.8773136595372,,EDINET,,小売業
9837.T,モリト,1818.0,450.46136832,13.368629,1.1189187,71.77187660301621,32049501000.0,13200463000.0,6386750000.0,24777851.0,21999716700.0,887.8783192295409,0.48838191376762424,-51.16180862323757,,EDINET,,卸売業
9842.T,アークランズ,1853.0,1164.11047936,14.422479,0.9116192,37.07370895951336,87237000000.0,213178000000.0,2785000000.0,62823018.0,-145309300000.00003,-2312.994577879083,-1.248243161294702,-224.8243161294702,,EDINET,,小売業
9845.T,パーカーコーポレーション,1336.0,334.37964288,7.043442,0.6436814,70.46451965776347,47896000000.0,22375000000.0,5400000000.0,25028415.0,27063499999.999996,1081.3109819379292,0.8093645074385698,-19.063549256143023,,EDINET,,化学
9843.T,ニトリホールディングス,3159.0,17850.17008128,19.278652,1.7701584,62.91466087607333,19024000000.0,226111000000.0,22986000000.0,565057598.0,-213607900000.00003,-378.02854214518504,-0.11966715484178064,-111.96671548417807,,EDINET,,小売業
9846.T,天満屋ストア,981.0,112.70576128,8.353202,0.4032893,60.98144540585084,5620630000.0,15711149000.0,1263736000.0,11488865.0,-10777018700.0,-938.0403286138361,-0.9562082860487626,-195.62082860487627,,EDINET,,小売業
9849.T,共同紙販ホールディングス,4480.0,30.28296192,80.18615,0.7768846,41.699136713324066,6785005000.0,5622402000.0,582456000.0,675959.0,1008081999.999999,1491.3360129830346,0.3328875028979988,-66.71124971020012,,EDINET,,卸売業
9850.T,グルメ杵屋,927.0,211.96525568,94.20731,2.3907156,30.850626636873745,9436877000.0,22045381000.0,914834000.0,22865725.0,-14172658300.000004,-619.8210771799278,-0.668631151218908,-166.86311512189081,,EDINET,,小売業
9853.T,銀座ルノアール,904.0,55.22063872,34.51699,1.7027657,57.035906624430055,2428008000.0,2786185000.0,89630000.0,6108478.0,-574054500.0000005,-93.97668289875162,-0.10395650763136241,-110.39565076313625,,EDINET,,小売業
9854.T,愛眼,269.0,52.20406784,32.566586,0.4228416,85.93028139437212,7393000000.0,1843000000.0,604000000.0,19406715.0,5788500000.0,298.2730462110666,1.1088217331266417,10.882173312664174,,EDINET,,小売業
9856.T,ケーユーホールディングス,1182.0,370.62705152,7.0453596,0.5278987,73.00518026486192,43695000000.0,24772000000.0,1100000000.0,31355927.0,17215799999.999996,549.0445235441451,0.4645046730491922,-53.549532695080785,,EDINET,,小売業
9861.T,吉野家ホールディングス,3671.0,2351.98496768,51.486675,3.423594,55.047106325706594,38301000000.0,54299000000.0,2878000000.0,64069328.0,-19413300000.000008,-303.0045827856975,-0.08254006613612026,-108.25400661361202,,EDINET,,小売業
9857.T,英和,2583.0,163.46771456,8.048735,0.8490064,57.926455016674836,28615569000.0,16166865000.0,1426989000.0,6328599.0,11830909800.0,1869.4358419612304,0.7237459705618391,-27.62540294381609,,EDINET,,卸売業
9867.T,ソレキア,10500.0,90.70498816,5.335827,0.6983753,53.07132748361943,19974578000.0,11164743000.0,596453000.0,863857.0,8110877799.999998,9389.144036570866,0.8942041939591301,-10.579580604086992,,EDINET,,卸売業
9869.T,加藤産業,6590.0,1989.001216,13.642762,1.1512556,37.958934219696566,305532000000.0,291795000000.0,58082000000.0,30182113.0,25214900000.0,835.4252732404785,0.12677166513512572,-87.32283348648743,,EDINET,,卸売業
9872.T,北恵,965.0,89.59945728,17.022404,0.73672444,51.20830191389278,25565000000.0,15333000000.0,553000000.0,9284918.0,9085799999.999998,978.5546840585989,1.0140463047239368,1.404630472393671,,EDINET,,卸売業
9876.T,コックス,226.0,62.42986496,5.859476,0.5926516,70.650453615572,8073374000.0,4334954000.0,2890321000.0,27623834.0,5328149300.0,192.88232401049035,0.8534616106658865,-14.65383893341135,,EDINET,,小売業
9880.T,イノテック,3940.0,458.21202432,11.91232,1.8250711,56.42966520672199,29711605000.0,20875791000.0,2648107000.0,11629747.0,8601909800.0,739.6471995478491,0.18772771562128152,-81.22722843787184,,EDINET,,電気機器
9878.T,セキド,381.0,12.21719168,,1.1025964,2.0190733013503976,3551968000.0,4536169000.0,124088000.0,3206612.0,-1350956300.0,-421.30332575316254,-1.1057830072261483,-210.57830072261484,,EDINET,,小売業
9882.T,イエローハット,1623.0,1362.67096064,11.976091,1.108561,59.90629442311598,76789000000.0,65346000000.0,11341000000.0,83960010.0,12847100000.0,153.0145125042267,0.09427881238707744,-90.57211876129226,,EDINET,,卸売業
9885.T,シャルレ,331.0,49.1320576,,0.38755605,76.85136012273558,12234000000.0,2407000000.0,2325000000.0,14843522.0,11213800000.0,755.4676039823971,2.282379468224765,128.23794682247646,,EDINET,,卸売業
9887.T,松屋フーズホールディングス,5080.0,1046.212608,26.023256,1.8052466,40.96109971960511,33968372000.0,58539645000.0,102940000.0,20594737.0,-30353179500.000008,-1473.8318581101573,-0.2901243815177475,-129.01243815177475,,EDINET,,小売業
9888.T,ＵＥＸ,1209.0,124.51946496,20.23431,0.67436033,36.43874875924642,39960632000.0,34421333000.0,2882646000.0,10299377.0,4115017900.0,399.540467350598,0.3304718505794855,-66.95281494205145,,EDINET,,卸売業
9889.T,ＪＢＣＣホールディングス,1703.0,1027.40017152,20.108631,4.1977453,52.50031649575896,37532000000.0,20284000000.0,2226000000.0,60328841.0,16777800000.0,278.10579023057977,0.16330345873786245,-83.66965412621376,,EDINET,,情報・通信業
9890.T,マキヤ,1403.0,99.21324032,9.62277,0.6173649,54.847562659609096,12905928000.0,19032049000.0,1420989000.0,7071507.0,-7034633600.0,-994.7856376299989,-0.7090417944618667,-170.90417944618665,,EDINET,,小売業
9895.T,コンセック,1251.0,21.99932416,,0.2824611,65.83757242408933,5270478000.0,3822215000.0,1460645000.0,1758539.0,2088492999.9999995,1187.6296175404693,0.9493442186574494,-5.06557813425505,,EDINET,,卸売業
9900.T,サガミホールディングス,1030.0,620.5657088,38.78012,3.138646,72.48085005535458,8869242000.0,7472715000.0,757896000.0,60249096.0,1179782699.999999,19.581749409152945,0.019011407193352373,-98.09885928066477,,EDINET,,小売業
9896.T,ＪＫホールディングス,1344.0,359.17910016,9.267048,0.55082893,30.447406019009815,149625000000.0,157261000000.0,4454000000.0,26724634.0,-20244300000.0,-757.5145837357398,-0.5636269224224255,-156.36269224224256,,EDINET,,卸売業
9902.T,日伝,3230.0,935.12146944,18.538713,0.99745756,71.9968034848283,80310000000.0,35101000000.0,15945000000.0,28951128.0,52860400000.0,1825.8494107725267,0.5652784553475315,-43.47215446524685,,EDINET,,卸売業
9904.T,ベリテ,230.0,62.40873472,19.36027,0.78529114,49.734826163818504,6321000000.0,3084000000.0,0.0,27134232.0,2928599999.9999995,107.9300862467749,0.4692612445511952,-53.07387554488048,,EDINET,,小売業
9903.T,カンセキ,884.0,65.9117312,22.03939,0.58839273,27.21739180568038,8959735000.0,18113007000.0,2566309000.0,7456078.0,-9168156400.0,-1229.621846767161,-1.3909749397818565,-239.09749397818564,,EDINET,,小売業
9906.T,藤井産業,4055.0,342.91367936,7.177499,0.8258005,63.38761097370942,50413000000.0,26625000000.0,4061000000.0,8456564.0,23968199999.999996,2834.2716971100785,0.6989572619260367,-30.104273807396336,,EDINET,,卸売業
9908.T,日本電計,2862.0,324.92521472,8.976571,0.97487295,42.42665489207672,65501852000.0,43296184000.0,1649038000.0,11353082.0,19030376199.999992,1676.229961168253,0.5856848222111297,-41.431517778887034,,EDINET,,卸売業
9913.T,日邦産業,3740.0,339.09772288,23.599194,1.9797305,49.26337696478449,18759000000.0,15945000000.0,2166000000.0,9066784.0,2735700000.0,301.72771293547964,0.08067585907365767,-91.93241409263423,,EDINET,,卸売業
9928.T,ミロク情報サービス,2128.0,637.2063232,12.253124,1.9668082,68.456458427335,24629000000.0,15693000000.0,2023000000.0,29943906.0,8782800000.0,293.3084280988592,0.13783290794119324,-86.21670920588068,,EDINET,,情報・通信業
9930.T,北沢産業,386.0,71.75694336,32.907078,0.6445429,66.8552670498059,8729858000.0,7304432000.0,2687007000.0,18589882.0,2575887699.999999,138.56396183687443,0.3589739943960477,-64.10260056039523,,EDINET,,卸売業
9929.T,平和紙業,470.0,43.47980288,57.038837,0.4159951,57.64826048161238,11807459000.0,8054473000.0,3073949000.0,9251022.0,5099303000.0,551.2150981805038,1.1727980812351144,17.279808123511444,,EDINET,,卸売業
9932.T,杉本商事,1342.0,234.55830016,11.719501,0.67139983,77.94420179432282,25661307000.0,6921600000.0,4280783000.0,17478265.0,21044095100.0,1204.015106762599,0.8971796622672125,-10.282033773278757,,EDINET,,卸売業
9934.T,因幡電機産業,3172.0,3561.97040128,15.240475,1.715751,62.9959307428389,215720000000.0,105959000000.0,19974000000.0,112294152.0,113146899999.99998,1007.5938771949583,0.3176525464044635,-68.23474535955366,,EDINET,,卸売業
9936.T,王将フードサービス,2860.0,1502.3939584,20.531227,2.3407626,76.47114130243163,43092000000.0,22394000000.0,4894000000.0,52531261.0,21884399999.999996,416.5976522056076,0.14566351475720546,-85.43364852427946,,EDINET,,小売業
9941.T,太洋物産,1078.0,26.16333056,13.416304,1.8344908,11.873416855832941,7382006000.0,7188169000.0,10000.0,2427025.0,-524972900.00000095,-216.30304591011668,-0.2006521761689394,-120.06521761689395,,EDINET,,卸売業
9946.T,ミニストップ,1779.0,516.04983808,,2.164002,39.353455146131886,52242000000.0,41904000000.0,101000000.0,29007859.0,6218300000.0,214.36604473291186,0.12049805774756148,-87.95019422524385,,EDINET,,小売業
9955.T,ヨンキュウ,2710.0,332.11183104,8.864611,0.80809724,73.755944633051,32170688000.0,13482472000.0,11902726000.0,12255049.0,25671877000.0,2094.8000289513325,0.7729889405724474,-22.70110594275526,,EDINET,,卸売業
9950.T,ハチバン,3335.0,98.04983296,163.24033,2.5304048,67.89480816102386,2066519000.0,1879653000.0,452154000.0,2940025.0,315408499.99999976,107.28089046861838,0.03216818304906098,-96.7831816950939,,EDINET,,小売業
9948.T,アークス,3545.0,1888.78848,15.439223,0.96407104,65.22509760104285,116286000000.0,98624000000.0,10461000000.0,53280352.0,15122299999.999985,283.82507683132394,0.08006349134875146,-91.99365086512486,,EDINET,,小売業
9956.T,バローホールディングス,1625.0,1887.34881792,10.326639,0.4520963,39.488169553546804,134948000000.0,272523000000.0,11930000000.0,116144542.0,-156476300000.0,-1347.2548714342513,-0.8290799208826162,-182.9079920882616,,EDINET,,小売業
9960.T,東テク,4205.0,1724.31097856,13.118487,2.3100004,63.99322446143155,60285000000.0,44000000000.0,15055000000.0,41006207.0,22423499999.999992,546.8318491393264,0.1300432459308743,-86.99567540691257,,EDINET,,卸売業
9959.T,アシードホールディングス,917.0,113.12139264,12.571977,1.3844247,32.86808863118658,7505000000.0,12431000000.0,1650000000.0,12336030.0,-5014100000.000002,-406.4597767677285,-0.44324948393427316,-144.32494839342732,,EDINET,,小売業
9962.T,ミスミグループ本社,4053.0,10608.04165632,26.16527,2.7735178,82.26505422942174,317805000000.0,67510000000.0,1224000000.0,261733073.0,244400800000.0,933.7788197672672,0.2303920107987336,-76.96079892012663,,EDINET,,卸売業
9969.T,ショクブン,234.0,35.89015552,,1.4892223,53.259520987604915,1710669000.0,2780121000.0,7504000.0,15337673.0,-1342211300.0000005,-87.51075211995982,-0.37397757316222147,-137.39775731622214,,EDINET,,小売業
9972.T,アルテック,287.0,39.51809024,,0.43412167,56.94939073849358,12377930000.0,8328733000.0,232103000.0,13769369.0,3378795800.0,245.38494102380434,0.8549997945080291,-14.500020549197092,,EDINET,,卸売業
9973.T,ＫＯＺＯホールディングス,19.0,56.45171712,,12.032932,7.015671613409361,3492437000.0,5870693000.0,16010000.0,297114299.0,-2954118300.000001,-9.942699863125743,-0.5232999927960917,-152.32999927960918,,EDINET,,小売業
9974.T,ベルク,6520.0,1358.17445376,10.778641,1.1170025,54.47338464874241,40017000000.0,90797000000.0,157000000.0,20830896.0,-59749800000.000015,-2868.3259711920223,-0.43992729619509546,-143.99272961950953,,EDINET,,小売業
9976.T,セキチュー,1062.0,57.8200576,12.457478,0.5393771,50.56488173523955,9856383000.0,11983483000.0,699649000.0,5444450.0,-2835694000.000002,-520.8412236314048,-0.4904342972047126,-149.04342972047127,,EDINET,,小売業
9978.T,文教堂グループホールディングス,45.0,19.71980672,,1.6529533,12.093757280230026,7716424000.0,8739029000.0,69313000.0,43821792.0,-1847988800.0,-42.170543824405904,-0.937123196097909,-193.7123196097909,,EDINET,,小売業
9979.T,大庄,1004.0,210.6901504,25.37917,1.8114537,38.22443518612607,14615000000.0,23121000000.0,381000000.0,20985074.0,-10551400000.000004,-502.80499368265293,-0.5008017865365069,-150.08017865365068,,EDINET,,小売業
9980.T,ＭＲＫホールディングス,89.0,81.05183232,9.447983,0.5696182,77.70846817963947,14337840000.0,5572776000.0,0.0,91069468.0,8207786399.999999,90.12665364422683,1.0126590297104139,1.2659029710413872,投資有価証券,EDINET,,小売業
9982.T,タキヒヨー,2701.0,227.63204608,14.831695,0.7064441,63.98569098020717,21785000000.0,16940000000.0,3941000000.0,8427695.0,5909700000.0,701.2237628438144,0.25961635055305976,-74.03836494469404,,EDINET,,卸売業
9983.T,ファーストリテイリング,75040.0,230260.998144,46.277565,8.439288,60.30803608791422,853526000000.0,396371000000.0,143000000.0,306851024.0,417617999999.99994,1360.979652458321,0.018136722447472293,-98.18632775525276,,EDINET,,小売業
9984.T,ソフトバンクグループ,6356.0,362231.58583296,7.0753508,1.987199,33.693143423769065,1458620000000.0,17719377000000.0,512128000000.0,5699049389.0,-17674205100000.0,-3101.2549450990555,-0.4879255734894675,-148.79255734894673,,EDINET,,情報・通信業
9986.T,蔵王産業,2486.0,135.19046656,18.844755,1.2044328,85.94673292913751,10731653000.0,1881171000.0,78200000.0,5438072.0,8717104900.0,1602.9771029144154,0.6448017308585742,-35.519826914142584,,EDINET,,卸売業
9987.T,スズケン,2603.5,3472.24571904,9.654035,0.847216,35.99431026695715,844099000000.0,706410000000.0,84399000000.0,133368378.0,126127299999.99988,945.7061853147819,0.36324416566728707,-63.675583433271285,,EDINET,,卸売業
9989.T,サンドラッグ,3547.0,4149.38333184,13.213874,1.4494548,60.14679130608511,216777000000.0,174293000000.0,34013000000.0,116982899.0,48863799999.99997,417.7003683247751,0.11776159242311111,-88.2238407576889,,EDINET,,小売業
9990.T,サックスバー　ホールディングス,747.0,218.63522304,11.380256,0.7187039,74.05032820559217,22821204000.0,10771886000.0,4376931000.0,29268436.0,14035981099.999998,479.560339336205,0.6419817126321352,-35.801828736786476,,EDINET,,小売業
9991.T,ジェコス,1745.0,587.12715264,10.059956,0.8287605,61.76338575287465,68613000000.0,40786000000.0,5447000000.0,33646255.0,27561300000.0,819.149114812332,0.4694264268265513,-53.05735731734488,,EDINET,,卸売業
9994.T,やまや,2010.0,217.91080448,10.470386,0.5884724,60.89780089564641,43760000000.0,29611000000.0,910000000.0,10841334.0,11824899999.999996,1090.7237061416977,0.5426486100207452,-45.73513899792549,,EDINET,,小売業
9993.T,ヤマザワ,1142.0,117.24741632,8.910736,0.43571687,51.470418414873556,14294000000.0,29608000000.0,437000000.0,10266849.0,-17968900000.000004,-1750.1864496107817,-1.532562565333434,-253.25625653334342,,EDINET,,小売業
9996.T,サトー商会,1993.0,166.22046208,13.269858,0.6086877,73.71207088242215,17127454000.0,9328686000.0,9506389000.0,8340214.0,13520371700.0,1621.106089124332,0.813399944367452,-18.660005563254796,,EDINET,,卸売業
9997.T,ベルーナ,1043.0,1003.10106112,8.78982,0.66499406,44.526764215595485,131443000000.0,170805000000.0,14576000000.0,96174600.0,-46239300000.0,-480.78494737695814,-0.46096351618116793,-146.09635161811678,,EDINET,,小売業
3670.T,協立情報通信,1654.0,19.81167872,6.9382105,1.0808572,62.9482550056393,2314084000.0,1078659000.0,11650000.0,1197804.0,1135714100.0,948.1635559740993,0.5732548706010274,-42.67451293989726,,EDINET,,情報・通信業
