日付,code,name,market,33業種コード,sector,17業種コード,17業種区分,規模コード,規模区分,ticker
20260930,1301,極洋,プライム（内国株式）,50,水産・農林業,1,食品,6,TOPIX Small 1,1301.T
20260930,1332,ニッスイ,プライム（内国株式）,50,水産・農林業,1,食品,4,TOPIX Mid400,1332.T
20260930,1333,Ｕｍｉｏｓ,プライム（内国株式）,50,水産・農林業,1,食品,4,TOPIX Mid400,1333.T
20260930,1375,ユキグニファクトリー,プライム（内国株式）,50,水産・農林業,1,食品,7,TOPIX Small 2,1375.T
20260930,1376,カネコ種苗,スタンダード（内国株式）,50,水産・農林業,1,食品,7,TOPIX Small 2,1376.T
20260930,1377,サカタのタネ,プライム（内国株式）,50,水産・農林業,1,食品,6,TOPIX Small 1,1377.T
20260930,1379,ホクト,プライム（内国株式）,50,水産・農林業,1,食品,7,TOPIX Small 2,1379.T
20260930,1380,秋川牧園,スタンダード（内国株式）,50,水産・農林業,1,食品,-,-,1380.T
20260930,1381,アクシーズ,スタンダード（内国株式）,50,水産・農林業,1,食品,-,-,1381.T
20260930,1382,ホーブ,スタンダード（内国株式）,50,水産・農林業,1,食品,-,-,1382.T
20260930,1383,ベルグアース,スタンダード（内国株式）,50,水産・農林業,1,食品,-,-,1383.T
20260930,1384,ホクリヨウ,スタンダード（内国株式）,50,水産・農林業,1,食品,-,-,1384.T
20260930,1401,エムビーエス,グロース（内国株式）,2050,建設業,3,建設・資材,-,-,1401.T
20260930,1407,ウエストホールディングス,スタンダード（内国株式）,2050,建設業,3,建設・資材,-,-,1407.T
20260930,1414,ショーボンドホールディングス,プライム（内国株式）,2050,建設業,3,建設・資材,4,TOPIX Mid400,1414.T
20260930,1417,ミライト・ワン,プライム（内国株式）,2050,建設業,3,建設・資材,4,TOPIX Mid400,1417.T
20260930,1418,インターライフホールディングス,スタンダード（内国株式）,2050,建設業,3,建設・資材,-,-,1418.T
20260930,1419,タマホーム,プライム（内国株式）,2050,建設業,3,建設・資材,6,TOPIX Small 1,1419.T
20260930,1420,サンヨーホームズ,スタンダード（内国株式）,2050,建設業,3,建設・資材,-,-,1420.T
20260930,1429,日本アクア,プライム（内国株式）,2050,建設業,3,建設・資材,-,-,1429.T
20260930,1430,ファーストコーポレーション,スタンダード（内国株式）,2050,建設業,3,建設・資材,-,-,1430.T
20260930,1431,Ｌｉｂ　Ｗｏｒｋ,グロース（内国株式）,2050,建設業,3,建設・資材,-,-,1431.T
20260930,1432,動力,PRO Market,2050,建設業,3,建設・資材,-,-,1432.T
20260930,1433,ベステラ,プライム（内国株式）,2050,建設業,3,建設・資材,-,-,1433.T
20260930,1434,ＪＥＳＣＯホールディングス,スタンダード（内国株式）,2050,建設業,3,建設・資材,-,-,1434.T
20260930,1435,ｒｏｂｏｔ　ｈｏｍｅ,スタンダード（内国株式）,8050,不動産業,17,不動産,7,TOPIX Small 2,1435.T
20260930,1436,グリーンエナジー＆カンパニー,グロース（内国株式）,2050,建設業,3,建設・資材,-,-,1436.T
20260930,1438,岐阜造園,スタンダード（内国株式）,2050,建設業,3,建設・資材,-,-,1438.T
20260930,1443,技研ホールディングス,スタンダード（内国株式）,2050,建設業,3,建設・資材,-,-,1443.T
20260930,1444,ニッソウ,グロース（内国株式）,2050,建設業,3,建設・資材,-,-,1444.T
20260930,1445,ひかりホールディングス,PRO Market,2050,建設業,3,建設・資材,-,-,1445.T
20260930,1446,キャンディル,スタンダード（内国株式）,2050,建設業,3,建設・資材,-,-,1446.T
20260930,1447,ＳＡＡＦホールディングス,グロース（内国株式）,2050,建設業,3,建設・資材,-,-,1447.T
20260930,1450,ＴＡＮＡＫＥＮ,スタンダード（内国株式）,2050,建設業,3,建設・資材,-,-,1450.T
20260930,1452,横浜ライト工業,PRO Market,2050,建設業,3,建設・資材,-,-,1452.T
20260930,1491,中外鉱業,スタンダード（内国株式）,3500,非鉄金属,7,鉄鋼・非鉄,-,-,1491.T
20260930,1514,住石ホールディングス,スタンダード（内国株式）,1050,鉱業,2,エネルギー資源,7,TOPIX Small 2,1514.T
20260930,1515,日鉄鉱業,プライム（内国株式）,1050,鉱業,2,エネルギー資源,6,TOPIX Small 1,1515.T
20260930,1518,三井松島ホールディングス,プライム（内国株式）,3800,その他製品,10,情報通信・サービスその他,6,TOPIX Small 1,1518.T
20260930,1605,ＩＮＰＥＸ,プライム（内国株式）,1050,鉱業,2,エネルギー資源,4,TOPIX Mid400,1605.T
20260930,1662,石油資源開発,プライム（内国株式）,1050,鉱業,2,エネルギー資源,6,TOPIX Small 1,1662.T
20260930,1663,Ｋ＆Ｏエナジーグループ,プライム（内国株式）,1050,鉱業,2,エネルギー資源,6,TOPIX Small 1,1663.T
20260930,1711,ＳＤＳホールディングス,スタンダード（内国株式）,2050,建設業,3,建設・資材,-,-,1711.T
20260930,1716,第一カッター興業,スタンダード（内国株式）,2050,建設業,3,建設・資材,7,TOPIX Small 2,1716.T
20260930,1717,明豊ファシリティワークス,スタンダード（内国株式）,9050,サービス業,10,情報通信・サービスその他,-,-,1717.T
20260930,1718,美樹工業,スタンダード（内国株式）,2050,建設業,3,建設・資材,-,-,1718.T
20260930,1719,安藤・間,プライム（内国株式）,2050,建設業,3,建設・資材,4,TOPIX Mid400,1719.T
20260930,1720,東急建設,プライム（内国株式）,2050,建設業,3,建設・資材,6,TOPIX Small 1,1720.T
20260930,1721,コムシスホールディングス,プライム（内国株式）,2050,建設業,3,建設・資材,4,TOPIX Mid400,1721.T
20260930,1723,日本電技,スタンダード（内国株式）,2050,建設業,3,建設・資材,-,-,1723.T
20260930,1724,シンクレイヤ,スタンダード（内国株式）,2050,建設業,3,建設・資材,-,-,1724.T
20260930,1736,オーテック,スタンダード（内国株式）,2050,建設業,3,建設・資材,-,-,1736.T
20260930,1758,太洋基礎工業,スタンダード（内国株式）,2050,建設業,3,建設・資材,-,-,1758.T
20260930,1762,高松コンストラクショングループ,プライム（内国株式）,2050,建設業,3,建設・資材,7,TOPIX Small 2,1762.T
20260930,1764,工藤建設,スタンダード（内国株式）,2050,建設業,3,建設・資材,-,-,1764.T
20260930,1766,東建コーポレーション,プライム（内国株式）,2050,建設業,3,建設・資材,6,TOPIX Small 1,1766.T
20260930,1768,ソネック,スタンダード（内国株式）,2050,建設業,3,建設・資材,-,-,1768.T
20260930,1770,藤田エンジニアリング,スタンダード（内国株式）,2050,建設業,3,建設・資材,-,-,1770.T
20260930,1773,ワイ・ティー・エル・コーポレーション・バーハッド,プライム（外国株式）,2050,建設業,3,建設・資材,-,-,1773.T
20260930,1780,ヤマウラ,プライム（内国株式）,2050,建設業,3,建設・資材,7,TOPIX Small 2,1780.T
20260930,1783,ｆａｎｔａｓｉｓｔａ,スタンダード（内国株式）,8050,不動産業,17,不動産,-,-,1783.T
20260930,1786,オリエンタル白石,プライム（内国株式）,2050,建設業,3,建設・資材,7,TOPIX Small 2,1786.T
20260930,1787,ナカボーテック,スタンダード（内国株式）,2050,建設業,3,建設・資材,-,-,1787.T
20260930,1788,三東工業社,スタンダード（内国株式）,2050,建設業,3,建設・資材,-,-,1788.T
20260930,1793,大本組,スタンダード（内国株式）,2050,建設業,3,建設・資材,-,-,1793.T
20260930,1795,マサル,スタンダード（内国株式）,2050,建設業,3,建設・資材,-,-,1795.T
20260930,1798,守谷商会,スタンダード（内国株式）,2050,建設業,3,建設・資材,-,-,1798.T
20260930,1799,第一建設工業,スタンダード（内国株式）,2050,建設業,3,建設・資材,-,-,1799.T
20260930,1801,大成建設,プライム（内国株式）,2050,建設業,3,建設・資材,4,TOPIX Mid400,1801.T
20260930,1802,大林組,プライム（内国株式）,2050,建設業,3,建設・資材,4,TOPIX Mid400,1802.T
20260930,1803,清水建設,プライム（内国株式）,2050,建設業,3,建設・資材,4,TOPIX Mid400,1803.T
20260930,1807,佐藤渡辺,スタンダード（内国株式）,2050,建設業,3,建設・資材,-,-,1807.T
20260930,1808,長谷工コーポレーション,プライム（内国株式）,2050,建設業,3,建設・資材,4,TOPIX Mid400,1808.T
20260930,1810,松井建設,スタンダード（内国株式）,2050,建設業,3,建設・資材,7,TOPIX Small 2,1810.T
20260930,1811,錢高組,スタンダード（内国株式）,2050,建設業,3,建設・資材,-,-,1811.T
20260930,1812,鹿島建設,プライム（内国株式）,2050,建設業,3,建設・資材,4,TOPIX Mid400,1812.T
20260930,1813,不動テトラ,プライム（内国株式）,2050,建設業,3,建設・資材,7,TOPIX Small 2,1813.T
20260930,1814,大末建設,プライム（内国株式）,2050,建設業,3,建設・資材,-,-,1814.T
20260930,1815,鉄建建設,プライム（内国株式）,2050,建設業,3,建設・資材,7,TOPIX Small 2,1815.T
20260930,1820,西松建設,プライム（内国株式）,2050,建設業,3,建設・資材,4,TOPIX Mid400,1820.T
20260930,1822,大豊建設,スタンダード（内国株式）,2050,建設業,3,建設・資材,7,TOPIX Small 2,1822.T
20260930,1826,佐田建設,スタンダード（内国株式）,2050,建設業,3,建設・資材,-,-,1826.T
20260930,1827,ナカノフドー建設,スタンダード（内国株式）,2050,建設業,3,建設・資材,-,-,1827.T
20260930,1828,田辺工業,スタンダード（内国株式）,2050,建設業,3,建設・資材,-,-,1828.T
20260930,1833,奥村組,プライム（内国株式）,2050,建設業,3,建設・資材,6,TOPIX Small 1,1833.T
20260930,1835,東鉄工業,プライム（内国株式）,2050,建設業,3,建設・資材,6,TOPIX Small 1,1835.T
20260930,1840,土屋ホールディングス,スタンダード（内国株式）,2050,建設業,3,建設・資材,-,-,1840.T
20260930,1844,大盛工業,スタンダード（内国株式）,2050,建設業,3,建設・資材,-,-,1844.T
20260930,1847,イチケン,スタンダード（内国株式）,2050,建設業,3,建設・資材,-,-,1847.T
20260930,1848,富士ピー・エス,スタンダード（内国株式）,2050,建設業,3,建設・資材,-,-,1848.T
20260930,1850,南海辰村建設,スタンダード（内国株式）,2050,建設業,3,建設・資材,-,-,1850.T
20260930,1852,淺沼組,プライム（内国株式）,2050,建設業,3,建設・資材,6,TOPIX Small 1,1852.T
20260930,1853,森組,スタンダード（内国株式）,2050,建設業,3,建設・資材,-,-,1853.T
20260930,1860,戸田建設,プライム（内国株式）,2050,建設業,3,建設・資材,4,TOPIX Mid400,1860.T
20260930,1861,熊谷組,プライム（内国株式）,2050,建設業,3,建設・資材,6,TOPIX Small 1,1861.T
20260930,1866,北野建設,スタンダード（内国株式）,2050,建設業,3,建設・資材,-,-,1866.T
20260930,1867,植木組,スタンダード（内国株式）,2050,建設業,3,建設・資材,-,-,1867.T
20260930,1870,矢作建設工業,プライム（内国株式）,2050,建設業,3,建設・資材,6,TOPIX Small 1,1870.T
20260930,1871,ピーエス・コンストラクション,プライム（内国株式）,2050,建設業,3,建設・資材,7,TOPIX Small 2,1871.T
20260930,1873,日本ハウスホールディングス,プライム（内国株式）,2050,建設業,3,建設・資材,7,TOPIX Small 2,1873.T
20260930,1878,大東建託,プライム（内国株式）,8050,不動産業,17,不動産,4,TOPIX Mid400,1878.T
20260930,1879,新日本建設,プライム（内国株式）,2050,建設業,3,建設・資材,7,TOPIX Small 2,1879.T
20260930,1882,東亜道路工業,プライム（内国株式）,2050,建設業,3,建設・資材,6,TOPIX Small 1,1882.T
20260930,1885,東亜建設工業,プライム（内国株式）,2050,建設業,3,建設・資材,6,TOPIX Small 1,1885.T
20260930,1887,日本国土開発,プライム（内国株式）,2050,建設業,3,建設・資材,7,TOPIX Small 2,1887.T
20260930,1888,若築建設,プライム（内国株式）,2050,建設業,3,建設・資材,7,TOPIX Small 2,1888.T
20260930,1893,五洋建設,プライム（内国株式）,2050,建設業,3,建設・資材,4,TOPIX Mid400,1893.T
20260930,1897,金下建設,スタンダード（内国株式）,2050,建設業,3,建設・資材,-,-,1897.T
20260930,1898,世紀東急工業,プライム（内国株式）,2050,建設業,3,建設・資材,6,TOPIX Small 1,1898.T
20260930,1899,福田組,プライム（内国株式）,2050,建設業,3,建設・資材,7,TOPIX Small 2,1899.T
20260930,1904,大成温調,スタンダード（内国株式）,2050,建設業,3,建設・資材,-,-,1904.T
20260930,1905,テノックス,スタンダード（内国株式）,2050,建設業,3,建設・資材,-,-,1905.T
20260930,1911,住友林業,プライム（内国株式）,2050,建設業,3,建設・資材,4,TOPIX Mid400,1911.T
20260930,1914,日本基礎技術,スタンダード（内国株式）,2050,建設業,3,建設・資材,-,-,1914.T
20260930,1921,巴コーポレーション,スタンダード（内国株式）,2050,建設業,3,建設・資材,-,-,1921.T
20260930,1925,大和ハウス工業,プライム（内国株式）,2050,建設業,3,建設・資材,2,TOPIX Large70,1925.T
20260930,1926,ライト工業,プライム（内国株式）,2050,建設業,3,建設・資材,6,TOPIX Small 1,1926.T
20260930,1928,積水ハウス,プライム（内国株式）,2050,建設業,3,建設・資材,2,TOPIX Large70,1928.T
20260930,1929,日特建設,プライム（内国株式）,2050,建設業,3,建設・資材,7,TOPIX Small 2,1929.T
20260930,1930,北陸電気工事,プライム（内国株式）,2050,建設業,3,建設・資材,7,TOPIX Small 2,1930.T
20260930,1934,ユアテック,プライム（内国株式）,2050,建設業,3,建設・資材,6,TOPIX Small 1,1934.T
20260930,1938,日本リーテック,プライム（内国株式）,2050,建設業,3,建設・資材,7,TOPIX Small 2,1938.T
20260930,1939,四電工,プライム（内国株式）,2050,建設業,3,建設・資材,7,TOPIX Small 2,1939.T
20260930,1941,中電工,プライム（内国株式）,2050,建設業,3,建設・資材,6,TOPIX Small 1,1941.T
20260930,1942,関電工,プライム（内国株式）,2050,建設業,3,建設・資材,4,TOPIX Mid400,1942.T
20260930,1944,きんでん,プライム（内国株式）,2050,建設業,3,建設・資材,4,TOPIX Mid400,1944.T
20260930,1945,東京エネシス,プライム（内国株式）,2050,建設業,3,建設・資材,7,TOPIX Small 2,1945.T
20260930,1946,トーエネック,プライム（内国株式）,2050,建設業,3,建設・資材,7,TOPIX Small 2,1946.T
20260930,1950,日本電設工業,プライム（内国株式）,2050,建設業,3,建設・資材,6,TOPIX Small 1,1950.T
20260930,1951,エクシオグループ,プライム（内国株式）,2050,建設業,3,建設・資材,4,TOPIX Mid400,1951.T
20260930,1952,新日本空調,プライム（内国株式）,2050,建設業,3,建設・資材,6,TOPIX Small 1,1952.T
20260930,1959,クラフティア,プライム（内国株式）,2050,建設業,3,建設・資材,4,TOPIX Mid400,1959.T
20260930,1960,サンテック,スタンダード（内国株式）,2050,建設業,3,建設・資材,-,-,1960.T
20260930,1961,三機工業,プライム（内国株式）,2050,建設業,3,建設・資材,6,TOPIX Small 1,1961.T
20260930,1963,日揮ホールディングス,プライム（内国株式）,2050,建設業,3,建設・資材,4,TOPIX Mid400,1963.T
20260930,1964,中外炉工業,プライム（内国株式）,2050,建設業,3,建設・資材,7,TOPIX Small 2,1964.T
20260930,1965,テクノ菱和,スタンダード（内国株式）,2050,建設業,3,建設・資材,-,-,1965.T
20260930,1966,高田工業所,スタンダード（内国株式）,2050,建設業,3,建設・資材,-,-,1966.T
20260930,1967,ヤマト,スタンダード（内国株式）,2050,建設業,3,建設・資材,-,-,1967.T
20260930,1968,太平電業,プライム（内国株式）,2050,建設業,3,建設・資材,6,TOPIX Small 1,1968.T
20260930,1969,高砂熱学工業,プライム（内国株式）,2050,建設業,3,建設・資材,4,TOPIX Mid400,1969.T
20260930,1972,三晃金属工業,スタンダード（内国株式）,2050,建設業,3,建設・資材,-,-,1972.T
20260930,1975,朝日工業社,プライム（内国株式）,2050,建設業,3,建設・資材,6,TOPIX Small 1,1975.T
20260930,1976,明星工業,プライム（内国株式）,2050,建設業,3,建設・資材,7,TOPIX Small 2,1976.T
20260930,1979,大氣社,プライム（内国株式）,2050,建設業,3,建設・資材,6,TOPIX Small 1,1979.T
20260930,1980,ダイダン,プライム（内国株式）,2050,建設業,3,建設・資材,6,TOPIX Small 1,1980.T
20260930,1981,協和日成,スタンダード（内国株式）,2050,建設業,3,建設・資材,-,-,1981.T
20260930,1982,日比谷総合設備,プライム（内国株式）,2050,建設業,3,建設・資材,7,TOPIX Small 2,1982.T
20260930,1992,神田通信機,スタンダード（内国株式）,2050,建設業,3,建設・資材,-,-,1992.T
20260930,1994,高橋カーテンウォール工業,スタンダード（内国株式）,2050,建設業,3,建設・資材,-,-,1994.T
20260930,1997,暁飯島工業,スタンダード（内国株式）,2050,建設業,3,建設・資材,-,-,1997.T
20260930,2001,ニップン,プライム（内国株式）,3050,食料品,1,食品,6,TOPIX Small 1,2001.T
20260930,2002,日清製粉グループ本社,プライム（内国株式）,3050,食料品,1,食品,4,TOPIX Mid400,2002.T
20260930,2003,日東富士製粉,スタンダード（内国株式）,3050,食料品,1,食品,7,TOPIX Small 2,2003.T
20260930,2004,昭和産業,プライム（内国株式）,3050,食料品,1,食品,7,TOPIX Small 2,2004.T
20260930,2009,鳥越製粉,スタンダード（内国株式）,3050,食料品,1,食品,-,-,2009.T
20260930,2053,中部飼料,プライム（内国株式）,3050,食料品,1,食品,7,TOPIX Small 2,2053.T
20260930,2055,日和産業,スタンダード（内国株式）,3050,食料品,1,食品,-,-,2055.T
20260930,2060,フィード・ワン,プライム（内国株式）,3050,食料品,1,食品,7,TOPIX Small 2,2060.T
20260930,2108,日本甜菜製糖,プライム（内国株式）,3050,食料品,1,食品,7,TOPIX Small 2,2108.T
20260930,2109,ＤＭ三井製糖,プライム（内国株式）,3050,食料品,1,食品,6,TOPIX Small 1,2109.T
20260930,2112,塩水港精糖,スタンダード（内国株式）,3050,食料品,1,食品,-,-,2112.T
20260930,2114,フジ日本,スタンダード（内国株式）,3050,食料品,1,食品,-,-,2114.T
20260930,2117,ウェルネオシュガー,プライム（内国株式）,3050,食料品,1,食品,7,TOPIX Small 2,2117.T
20260930,2120,ＬＩＦＵＬＬ,プライム（内国株式）,9050,サービス業,10,情報通信・サービスその他,7,TOPIX Small 2,2120.T
20260930,2121,ＭＩＸＩ,プライム（内国株式）,5250,情報・通信業,10,情報通信・サービスその他,6,TOPIX Small 1,2121.T
20260930,2122,インタースペース,スタンダード（内国株式）,9050,サービス業,10,情報通信・サービスその他,-,-,2122.T
20260930,2124,ジェイエイシーリクルートメント,プライム（内国株式）,9050,サービス業,10,情報通信・サービスその他,6,TOPIX Small 1,2124.T
20260930,2127,日本Ｍ＆Ａセンターホールディングス,プライム（内国株式）,9050,サービス業,10,情報通信・サービスその他,4,TOPIX Mid400,2127.T
20260930,2130,メンバーズ,プライム（内国株式）,9050,サービス業,10,情報通信・サービスその他,7,TOPIX Small 2,2130.T
20260930,2134,北浜キャピタルパートナーズ,スタンダード（内国株式）,9050,サービス業,10,情報通信・サービスその他,-,-,2134.T
20260930,2136,ヒップ,スタンダード（内国株式）,9050,サービス業,10,情報通信・サービスその他,-,-,2136.T
20260930,2138,クルーズ,スタンダード（内国株式）,5250,情報・通信業,10,情報通信・サービスその他,-,-,2138.T
20260930,2139,中広,スタンダード（内国株式）,9050,サービス業,10,情報通信・サービスその他,-,-,2139.T
20260930,2146,ＵＴグループ,プライム（内国株式）,9050,サービス業,10,情報通信・サービスその他,6,TOPIX Small 1,2146.T
20260930,2148,アイティメディア,プライム（内国株式）,9050,サービス業,10,情報通信・サービスその他,7,TOPIX Small 2,2148.T
20260930,2152,幼児活動研究会,スタンダード（内国株式）,9050,サービス業,10,情報通信・サービスその他,-,-,2152.T
20260930,2153,Ｅ・Ｊホールディングス,プライム（内国株式）,9050,サービス業,10,情報通信・サービスその他,7,TOPIX Small 2,2153.T
20260930,2154,オープンアップグループ,プライム（内国株式）,9050,サービス業,10,情報通信・サービスその他,6,TOPIX Small 1,2154.T
20260930,2156,セーラー広告,スタンダード（内国株式）,9050,サービス業,10,情報通信・サービスその他,-,-,2156.T
20260930,2157,コシダカホールディングス,プライム（内国株式）,9050,サービス業,10,情報通信・サービスその他,6,TOPIX Small 1,2157.T
20260930,2158,ＦＲＯＮＴＥＯ,グロース（内国株式）,9050,サービス業,10,情報通信・サービスその他,-,-,2158.T
20260930,2160,ジーエヌアイグループ,グロース（内国株式）,3250,医薬品,5,医薬品,-,-,2160.T
20260930,2163,アルトナー,プライム（内国株式）,9050,サービス業,10,情報通信・サービスその他,-,-,2163.T
20260930,2164,地域新聞社,スタンダード（内国株式）,9050,サービス業,10,情報通信・サービスその他,-,-,2164.T
20260930,2168,パソナグループ,プライム（内国株式）,9050,サービス業,10,情報通信・サービスその他,6,TOPIX Small 1,2168.T
20260930,2169,ＣＤＳ,スタンダード（内国株式）,9050,サービス業,10,情報通信・サービスその他,-,-,2169.T
20260930,2170,リンクアンドモチベーション,プライム（内国株式）,9050,サービス業,10,情報通信・サービスその他,7,TOPIX Small 2,2170.T
20260930,2173,博展,グロース（内国株式）,9050,サービス業,10,情報通信・サービスその他,-,-,2173.T
20260930,2175,エス・エム・エス,プライム（内国株式）,9050,サービス業,10,情報通信・サービスその他,6,TOPIX Small 1,2175.T
20260930,2179,成学社,スタンダード（内国株式）,9050,サービス業,10,情報通信・サービスその他,-,-,2179.T
20260930,2181,パーソルホールディングス,プライム（内国株式）,9050,サービス業,10,情報通信・サービスその他,4,TOPIX Mid400,2181.T
20260930,2183,リニカル,スタンダード（内国株式）,9050,サービス業,10,情報通信・サービスその他,-,-,2183.T
20260930,2185,シイエム・シイ,スタンダード（内国株式）,9050,サービス業,10,情報通信・サービスその他,-,-,2185.T
20260930,2186,ソーバル,スタンダード（内国株式）,9050,サービス業,10,情報通信・サービスその他,-,-,2186.T
20260930,2193,クックパッド,スタンダード（内国株式）,9050,サービス業,10,情報通信・サービスその他,7,TOPIX Small 2,2193.T
20260930,2195,アミタホールディングス,グロース（内国株式）,9050,サービス業,10,情報通信・サービスその他,-,-,2195.T
20260930,2198,アイ・ケイ・ケイホールディングス,プライム（内国株式）,9050,サービス業,10,情報通信・サービスその他,-,-,2198.T
20260930,2201,森永製菓,プライム（内国株式）,3050,食料品,1,食品,4,TOPIX Mid400,2201.T
20260930,2204,中村屋,スタンダード（内国株式）,3050,食料品,1,食品,7,TOPIX Small 2,2204.T
20260930,2206,江崎グリコ,プライム（内国株式）,3050,食料品,1,食品,4,TOPIX Mid400,2206.T
20260930,2207,ｍｅｉｔｏ,プライム（内国株式）,3050,食料品,1,食品,7,TOPIX Small 2,2207.T
20260930,2208,ブルボン,スタンダード（内国株式）,3050,食料品,1,食品,-,-,2208.T
20260930,2209,井村屋グループ,プライム（内国株式）,3050,食料品,1,食品,7,TOPIX Small 2,2209.T
20260930,2211,不二家,プライム（内国株式）,3050,食料品,1,食品,7,TOPIX Small 2,2211.T
20260930,2212,山崎製パン,プライム（内国株式）,3050,食料品,1,食品,4,TOPIX Mid400,2212.T
20260930,2215,第一屋製パン,スタンダード（内国株式）,3050,食料品,1,食品,-,-,2215.T
20260930,2216,カンロ,スタンダード（内国株式）,3050,食料品,1,食品,-,-,2216.T
20260930,2217,モロゾフ,プライム（内国株式）,3050,食料品,1,食品,7,TOPIX Small 2,2217.T
20260930,2220,亀田製菓,プライム（内国株式）,3050,食料品,1,食品,6,TOPIX Small 1,2220.T
20260930,2221,岩塚製菓,スタンダード（内国株式）,3050,食料品,1,食品,-,-,2221.T
20260930,2222,寿スピリッツ,プライム（内国株式）,3050,食料品,1,食品,4,TOPIX Mid400,2222.T
20260930,2224,コモ,スタンダード（内国株式）,3050,食料品,1,食品,-,-,2224.T
20260930,2226,湖池屋,スタンダード（内国株式）,3050,食料品,1,食品,-,-,2226.T
20260930,2229,カルビー,プライム（内国株式）,3050,食料品,1,食品,4,TOPIX Mid400,2229.T
20260930,2264,森永乳業,プライム（内国株式）,3050,食料品,1,食品,4,TOPIX Mid400,2264.T
20260930,2266,六甲バター,プライム（内国株式）,3050,食料品,1,食品,7,TOPIX Small 2,2266.T
20260930,2267,ヤクルト本社,プライム（内国株式）,3050,食料品,1,食品,4,TOPIX Mid400,2267.T
20260930,2268,Ｂ－Ｒ　サーティワン　アイスクリーム,スタンダード（内国株式）,3050,食料品,1,食品,-,-,2268.T
20260930,2269,明治ホールディングス,プライム（内国株式）,3050,食料品,1,食品,4,TOPIX Mid400,2269.T
20260930,2270,雪印メグミルク,プライム（内国株式）,3050,食料品,1,食品,6,TOPIX Small 1,2270.T
20260930,2281,プリマハム,プライム（内国株式）,3050,食料品,1,食品,6,TOPIX Small 1,2281.T
20260930,2282,日本ハム,プライム（内国株式）,3050,食料品,1,食品,4,TOPIX Mid400,2282.T
20260930,2286,林兼産業,スタンダード（内国株式）,3050,食料品,1,食品,-,-,2286.T
20260930,2288,丸大食品,プライム（内国株式）,3050,食料品,1,食品,7,TOPIX Small 2,2288.T
20260930,2291,福留ハム,スタンダード（内国株式）,3050,食料品,1,食品,-,-,2291.T
20260930,2292,Ｓ　Ｆｏｏｄｓ,プライム（内国株式）,3050,食料品,1,食品,6,TOPIX Small 1,2292.T
20260930,2293,滝沢ハム,スタンダード（内国株式）,3050,食料品,1,食品,-,-,2293.T
20260930,2294,柿安本店,プライム（内国株式）,3050,食料品,1,食品,7,TOPIX Small 2,2294.T
20260930,2296,伊藤ハム米久ホールディングス,プライム（内国株式）,3050,食料品,1,食品,6,TOPIX Small 1,2296.T
20260930,2300,きょくとう,スタンダード（内国株式）,9050,サービス業,10,情報通信・サービスその他,-,-,2300.T
20260930,2301,学情,プライム（内国株式）,9050,サービス業,10,情報通信・サービスその他,7,TOPIX Small 2,2301.T
20260930,2303,ドーン,スタンダード（内国株式）,5250,情報・通信業,10,情報通信・サービスその他,-,-,2303.T
20260930,2304,ＣＳＳホールディングス,スタンダード（内国株式）,9050,サービス業,10,情報通信・サービスその他,-,-,2304.T
20260930,2305,スタジオアリス,スタンダード（内国株式）,9050,サービス業,10,情報通信・サービスその他,7,TOPIX Small 2,2305.T
20260930,2307,クロスキャット,プライム（内国株式）,5250,情報・通信業,10,情報通信・サービスその他,7,TOPIX Small 2,2307.T
20260930,2311,エプコ,スタンダード（内国株式）,9050,サービス業,10,情報通信・サービスその他,-,-,2311.T
20260930,2315,ＣＡＩＣＡ　ＤＩＧＩＴＡＬ,スタンダード（内国株式）,5250,情報・通信業,10,情報通信・サービスその他,-,-,2315.T
20260930,2317,システナ,プライム（内国株式）,5250,情報・通信業,10,情報通信・サービスその他,6,TOPIX Small 1,2317.T
20260930,2321,ソフトフロントホールディングス,グロース（内国株式）,5250,情報・通信業,10,情報通信・サービスその他,-,-,2321.T
20260930,2323,ｆｏｎｆｕｎ,スタンダード（内国株式）,5250,情報・通信業,10,情報通信・サービスその他,-,-,2323.T
20260930,2325,ＮＪＳ,プライム（内国株式）,9050,サービス業,10,情報通信・サービスその他,7,TOPIX Small 2,2325.T
20260930,2326,デジタルアーツ,プライム（内国株式）,5250,情報・通信業,10,情報通信・サービスその他,6,TOPIX Small 1,2326.T
20260930,2327,日鉄ソリューションズ,プライム（内国株式）,5250,情報・通信業,10,情報通信・サービスその他,4,TOPIX Mid400,2327.T
20260930,2329,東北新社,スタンダード（内国株式）,5250,情報・通信業,10,情報通信・サービスその他,-,-,2329.T
20260930,2330,フォーサイド,スタンダード（内国株式）,5250,情報・通信業,10,情報通信・サービスその他,-,-,2330.T
20260930,2331,ＡＬＳＯＫ,プライム（内国株式）,9050,サービス業,10,情報通信・サービスその他,4,TOPIX Mid400,2331.T
20260930,2332,クエスト,スタンダード（内国株式）,5250,情報・通信業,10,情報通信・サービスその他,-,-,2332.T
20260930,2334,イオレ,グロース（内国株式）,9050,サービス業,10,情報通信・サービスその他,-,-,2334.T
20260930,2335,キューブシステム,プライム（内国株式）,5250,情報・通信業,10,情報通信・サービスその他,7,TOPIX Small 2,2335.T
20260930,2337,いちご,プライム（内国株式）,8050,不動産業,17,不動産,6,TOPIX Small 1,2337.T
20260930,2338,クオンタムソリューションズ,スタンダード（内国株式）,5250,情報・通信業,10,情報通信・サービスその他,-,-,2338.T
20260930,2340,極楽湯ホールディングス,スタンダード（内国株式）,9050,サービス業,10,情報通信・サービスその他,-,-,2340.T
20260930,2341,アルバイトタイムス,スタンダード（内国株式）,9050,サービス業,10,情報通信・サービスその他,-,-,2341.T
20260930,2342,トランスジェニックグループ,スタンダード（内国株式）,9050,サービス業,10,情報通信・サービスその他,-,-,2342.T
20260930,2345,ＨＯＤＬ１,スタンダード（内国株式）,5250,情報・通信業,10,情報通信・サービスその他,-,-,2345.T
20260930,2349,エヌアイデイ,スタンダード（内国株式）,5250,情報・通信業,10,情報通信・サービスその他,-,-,2349.T
20260930,2351,ＡＳＪ,スタンダード（内国株式）,5250,情報・通信業,10,情報通信・サービスその他,-,-,2351.T
20260930,2353,日本駐車場開発,プライム（内国株式）,8050,不動産業,17,不動産,6,TOPIX Small 1,2353.T
20260930,2354,ＹＥ　ＤＩＧＩＴＡＬ,スタンダード（内国株式）,5250,情報・通信業,10,情報通信・サービスその他,-,-,2354.T
20260930,2359,コア,プライム（内国株式）,5250,情報・通信業,10,情報通信・サービスその他,7,TOPIX Small 2,2359.T
20260930,2370,メディネット,グロース（内国株式）,9050,サービス業,10,情報通信・サービスその他,-,-,2370.T
20260930,2371,カカクコム,プライム（内国株式）,9050,サービス業,10,情報通信・サービスその他,4,TOPIX Mid400,2371.T
20260930,2373,ケア２１,スタンダード（内国株式）,9050,サービス業,10,情報通信・サービスその他,-,-,2373.T
20260930,2375,ギグワークス,スタンダード（内国株式）,9050,サービス業,10,情報通信・サービスその他,-,-,2375.T
20260930,2376,サイネックス,スタンダード（内国株式）,9050,サービス業,10,情報通信・サービスその他,-,-,2376.T
20260930,2378,ルネサンス,プライム（内国株式）,9050,サービス業,10,情報通信・サービスその他,7,TOPIX Small 2,2378.T
20260930,2379,ディップ,プライム（内国株式）,9050,サービス業,10,情報通信・サービスその他,6,TOPIX Small 1,2379.T
20260930,2384,ＳＢＳホールディングス,プライム（内国株式）,5050,陸運業,12,運輸・物流,6,TOPIX Small 1,2384.T
20260930,2385,総医研ホールディングス,グロース（内国株式）,9050,サービス業,10,情報通信・サービスその他,-,-,2385.T
20260930,2388,ウェッジホールディングス,グロース（内国株式）,7200,その他金融業,16,金融（除く銀行）,-,-,2388.T
20260930,2391,プラネット,スタンダード（内国株式）,9050,サービス業,10,情報通信・サービスその他,-,-,2391.T
20260930,2393,日本ケアサプライ,スタンダード（内国株式）,9050,サービス業,10,情報通信・サービスその他,-,-,2393.T
20260930,2395,新日本科学,プライム（内国株式）,9050,サービス業,10,情報通信・サービスその他,7,TOPIX Small 2,2395.T
20260930,2404,鉄人化ホールディングス,スタンダード（内国株式）,9050,サービス業,10,情報通信・サービスその他,-,-,2404.T
20260930,2408,ＫＧ情報,スタンダード（内国株式）,9050,サービス業,10,情報通信・サービスその他,-,-,2408.T
20260930,2410,キャリアデザインセンター,プライム（内国株式）,9050,サービス業,10,情報通信・サービスその他,-,-,2410.T
20260930,2411,ゲンダイエージェンシー,スタンダード（内国株式）,5250,情報・通信業,10,情報通信・サービスその他,-,-,2411.T
20260930,2413,エムスリー,プライム（内国株式）,9050,サービス業,10,情報通信・サービスその他,4,TOPIX Mid400,2413.T
20260930,2415,ヒューマンホールディングス,スタンダード（内国株式）,9050,サービス業,10,情報通信・サービスその他,-,-,2415.T
20260930,2418,ツカダ・グローバルホールディング,スタンダード（内国株式）,9050,サービス業,10,情報通信・サービスその他,-,-,2418.T
20260930,2424,ブラス,スタンダード（内国株式）,9050,サービス業,10,情報通信・サービスその他,-,-,2424.T
20260930,2425,ケアサービス,スタンダード（内国株式）,9050,サービス業,10,情報通信・サービスその他,-,-,2425.T
20260930,2428,ウェルネット,スタンダード（内国株式）,9050,サービス業,10,情報通信・サービスその他,-,-,2428.T
20260930,2429,ワールドホールディングス,プライム（内国株式）,9050,サービス業,10,情報通信・サービスその他,7,TOPIX Small 2,2429.T
20260930,2432,ディー・エヌ・エー,プライム（内国株式）,5250,情報・通信業,10,情報通信・サービスその他,4,TOPIX Mid400,2432.T
20260930,2433,博報堂ＤＹホールディングス,プライム（内国株式）,9050,サービス業,10,情報通信・サービスその他,4,TOPIX Mid400,2433.T
20260930,2435,シダー,スタンダード（内国株式）,9050,サービス業,10,情報通信・サービスその他,-,-,2435.T
20260930,2436,共同ピーアール,スタンダード（内国株式）,9050,サービス業,10,情報通信・サービスその他,-,-,2436.T
20260930,2437,Ｓｈｉｎｗａ　Ｗｉｓｅ　Ｈｏｌｄｉｎｇｓ,スタンダード（内国株式）,9050,サービス業,10,情報通信・サービスその他,-,-,2437.T
20260930,2438,アスカネット,グロース（内国株式）,9050,サービス業,10,情報通信・サービスその他,-,-,2438.T
20260930,2440,ぐるなび,スタンダード（内国株式）,9050,サービス業,10,情報通信・サービスその他,7,TOPIX Small 2,2440.T
20260930,2445,タカミヤ,スタンダード（内国株式）,9050,サービス業,10,情報通信・サービスその他,7,TOPIX Small 2,2445.T
20260930,2449,プラップジャパン,スタンダード（内国株式）,9050,サービス業,10,情報通信・サービスその他,-,-,2449.T
20260930,2452,コンピュータマインド,PRO Market,5250,情報・通信業,10,情報通信・サービスその他,-,-,2452.T
20260930,2454,オールアバウト,スタンダード（内国株式）,9050,サービス業,10,情報通信・サービスその他,-,-,2454.T
20260930,2459,アウンコンサルティング,スタンダード（内国株式）,9050,サービス業,10,情報通信・サービスその他,-,-,2459.T
20260930,2461,ファンコミュニケーションズ,プライム（内国株式）,9050,サービス業,10,情報通信・サービスその他,7,TOPIX Small 2,2461.T
20260930,2462,ライク,プライム（内国株式）,9050,サービス業,10,情報通信・サービスその他,7,TOPIX Small 2,2462.T
20260930,2464,Ａｏｂａ‐ＢＢＴ,スタンダード（内国株式）,9050,サービス業,10,情報通信・サービスその他,-,-,2464.T
20260930,2469,ヒビノ,スタンダード（内国株式）,9050,サービス業,10,情報通信・サービスその他,-,-,2469.T
20260930,2471,エスプール,プライム（内国株式）,9050,サービス業,10,情報通信・サービスその他,7,TOPIX Small 2,2471.T
20260930,2475,ＷＤＢホールディングス,プライム（内国株式）,9050,サービス業,10,情報通信・サービスその他,7,TOPIX Small 2,2475.T
20260930,2477,手間いらず,スタンダード（内国株式）,5250,情報・通信業,10,情報通信・サービスその他,7,TOPIX Small 2,2477.T
20260930,2479,ジェイテック,スタンダード（内国株式）,9050,サービス業,10,情報通信・サービスその他,-,-,2479.T
20260930,2480,システム・ロケーション,スタンダード（内国株式）,5250,情報・通信業,10,情報通信・サービスその他,-,-,2480.T
20260930,2481,タウンニュース社,スタンダード（内国株式）,9050,サービス業,10,情報通信・サービスその他,-,-,2481.T
20260930,2483,翻訳センター,スタンダード（内国株式）,9050,サービス業,10,情報通信・サービスその他,-,-,2483.T
20260930,2484,出前館,スタンダード（内国株式）,5250,情報・通信業,10,情報通信・サービスその他,-,-,2484.T
20260930,2485,ティア,スタンダード（内国株式）,9050,サービス業,10,情報通信・サービスその他,-,-,2485.T
20260930,2488,ＪＴＰ,スタンダード（内国株式）,9050,サービス業,10,情報通信・サービスその他,-,-,2488.T
20260930,2489,アドウェイズ,スタンダード（内国株式）,9050,サービス業,10,情報通信・サービスその他,7,TOPIX Small 2,2489.T
20260930,2491,バリューコマース,プライム（内国株式）,9050,サービス業,10,情報通信・サービスその他,7,TOPIX Small 2,2491.T
20260930,2492,インフォマート,プライム（内国株式）,9050,サービス業,10,情報通信・サービスその他,6,TOPIX Small 1,2492.T
20260930,2493,イーサポートリンク,スタンダード（内国株式）,9050,サービス業,10,情報通信・サービスその他,-,-,2493.T
20260930,2497,ユナイテッド,グロース（内国株式）,9050,サービス業,10,情報通信・サービスその他,-,-,2497.T
20260930,2498,オリエンタルコンサルタンツホールディングス,スタンダード（内国株式）,9050,サービス業,10,情報通信・サービスその他,-,-,2498.T
20260930,2499,日本和装ホールディングス,スタンダード（内国株式）,9050,サービス業,10,情報通信・サービスその他,-,-,2499.T
20260930,2501,サッポロビール,プライム（内国株式）,3050,食料品,1,食品,4,TOPIX Mid400,2501.T
20260930,2502,アサヒグループホールディングス,プライム（内国株式）,3050,食料品,1,食品,2,TOPIX Large70,2502.T
20260930,2503,キリンホールディングス,プライム（内国株式）,3050,食料品,1,食品,2,TOPIX Large70,2503.T
20260930,2531,宝ホールディングス,プライム（内国株式）,3050,食料品,1,食品,4,TOPIX Mid400,2531.T
20260930,2533,オエノンホールディングス,プライム（内国株式）,3050,食料品,1,食品,7,TOPIX Small 2,2533.T
20260930,2573,北海道コカ・コーラボトリング,スタンダード（内国株式）,3050,食料品,1,食品,-,-,2573.T
20260930,2579,コカ・コーラ　ボトラーズジャパンホールディングス,プライム（内国株式）,3050,食料品,1,食品,4,TOPIX Mid400,2579.T
20260930,2585,ライフドリンク　カンパニー,プライム（内国株式）,3050,食料品,1,食品,6,TOPIX Small 1,2585.T
20260930,2586,フルッタフルッタ,グロース（内国株式）,3050,食料品,1,食品,-,-,2586.T
20260930,2587,サントリービバレッジ＆フード,プライム（内国株式）,3050,食料品,1,食品,4,TOPIX Mid400,2587.T
20260930,2588,プレミアムウォーターホールディングス,スタンダード（内国株式）,3050,食料品,1,食品,-,-,2588.T
20260930,2590,ダイドーグループホールディングス,プライム（内国株式）,3050,食料品,1,食品,6,TOPIX Small 1,2590.T
20260930,2593,伊藤園,プライム（内国株式）,3050,食料品,1,食品,4,TOPIX Mid400,2593.T
20260930,2594,キーコーヒー,プライム（内国株式）,3050,食料品,1,食品,7,TOPIX Small 2,2594.T
20260930,2597,ユニカフェ,スタンダード（内国株式）,3050,食料品,1,食品,-,-,2597.T
20260930,2602,日清オイリオグループ,プライム（内国株式）,3050,食料品,1,食品,6,TOPIX Small 1,2602.T
20260930,2607,不二製油,プライム（内国株式）,3050,食料品,1,食品,4,TOPIX Mid400,2607.T
20260930,2612,かどや製油,スタンダード（内国株式）,3050,食料品,1,食品,-,-,2612.T
20260930,2613,Ｊ－オイルミルズ,プライム（内国株式）,3050,食料品,1,食品,7,TOPIX Small 2,2613.T
20260930,2652,まんだらけ,スタンダード（内国株式）,6100,小売業,14,小売,-,-,2652.T
20260930,2653,イオン九州,スタンダード（内国株式）,6100,小売業,14,小売,-,-,2653.T
20260930,2654,アスモ,スタンダード（内国株式）,6100,小売業,14,小売,-,-,2654.T
20260930,2656,ベクターホールディングス,スタンダード（内国株式）,6100,小売業,14,小売,-,-,2656.T
20260930,2659,サンエー,プライム（内国株式）,6100,小売業,14,小売,6,TOPIX Small 1,2659.T
20260930,2664,カワチ薬品,プライム（内国株式）,6100,小売業,14,小売,6,TOPIX Small 1,2664.T
20260930,2666,オートウェーブ,スタンダード（内国株式）,6100,小売業,14,小売,-,-,2666.T
20260930,2667,イメージ　ワン,スタンダード（内国株式）,6050,卸売業,13,商社・卸売,-,-,2667.T
20260930,2668,タビオ,スタンダード（内国株式）,6050,卸売業,13,商社・卸売,-,-,2668.T
20260930,2669,カネ美食品,スタンダード（内国株式）,6100,小売業,14,小売,-,-,2669.T
20260930,2670,エービーシー・マート,プライム（内国株式）,6100,小売業,14,小売,4,TOPIX Mid400,2670.T
20260930,2673,夢みつけ隊,スタンダード（内国株式）,6100,小売業,14,小売,-,-,2673.T
20260930,2674,ハードオフコーポレーション,プライム（内国株式）,6100,小売業,14,小売,7,TOPIX Small 2,2674.T
20260930,2676,高千穂交易,プライム（内国株式）,6050,卸売業,13,商社・卸売,7,TOPIX Small 2,2676.T
20260930,2678,アスクル,プライム（内国株式）,6100,小売業,14,小売,6,TOPIX Small 1,2678.T
20260930,2681,ゲオホールディングス,プライム（内国株式）,6100,小売業,14,小売,6,TOPIX Small 1,2681.T
20260930,2683,ＵＯＧｒｏｕｐ,スタンダード（内国株式）,6100,小売業,14,小売,-,-,2683.T
20260930,2685,アンドエスティＨＤ,プライム（内国株式）,6100,小売業,14,小売,6,TOPIX Small 1,2685.T
20260930,2687,シー・ヴイ・エス・ベイエリア,スタンダード（内国株式）,9050,サービス業,10,情報通信・サービスその他,-,-,2687.T
20260930,2689,オルバディーブイエックスヘルスケア,スタンダード（内国株式）,6050,卸売業,13,商社・卸売,-,-,2689.T
20260930,2693,ＹＫＴ,スタンダード（内国株式）,6050,卸売業,13,商社・卸売,-,-,2693.T
20260930,2694,焼肉坂井ホールディングス,スタンダード（内国株式）,6100,小売業,14,小売,-,-,2694.T
20260930,2695,くら寿司,プライム（内国株式）,6100,小売業,14,小売,6,TOPIX Small 1,2695.T
20260930,2698,キャンドゥ,スタンダード（内国株式）,6100,小売業,14,小売,7,TOPIX Small 2,2698.T
20260930,2700,木徳神糧,スタンダード（内国株式）,6050,卸売業,13,商社・卸売,-,-,2700.T
20260930,2702,日本マクドナルドホールディングス,スタンダード（内国株式）,6100,小売業,14,小売,-,-,2702.T
20260930,2705,大戸屋ホールディングス,スタンダード（内国株式）,6100,小売業,14,小売,-,-,2705.T
20260930,2708,久世,スタンダード（内国株式）,6050,卸売業,13,商社・卸売,-,-,2708.T
20260930,2721,ジェイホールディングス,スタンダード（内国株式）,6050,卸売業,13,商社・卸売,-,-,2721.T
20260930,2722,ＩＫホールディングス,スタンダード（内国株式）,6100,小売業,14,小売,-,-,2722.T
20260930,2726,パルグループホールディングス,プライム（内国株式）,6100,小売業,14,小売,6,TOPIX Small 1,2726.T
20260930,2730,エディオン,プライム（内国株式）,6100,小売業,14,小売,6,TOPIX Small 1,2730.T
20260930,2733,あらた,プライム（内国株式）,6050,卸売業,13,商社・卸売,6,TOPIX Small 1,2733.T
20260930,2734,サーラコーポレーション,プライム（内国株式）,6100,小売業,14,小売,7,TOPIX Small 2,2734.T
20260930,2735,ワッツ,スタンダード（内国株式）,6100,小売業,14,小売,-,-,2735.T
20260930,2736,フェスタリアホールディングス,スタンダード（内国株式）,6100,小売業,14,小売,-,-,2736.T
20260930,2737,トーメンデバイス,プライム（内国株式）,6050,卸売業,13,商社・卸売,7,TOPIX Small 2,2737.T
20260930,2742,ハローズ,プライム（内国株式）,6100,小売業,14,小売,7,TOPIX Small 2,2742.T
20260930,2747,北雄ラッキー,スタンダード（内国株式）,6100,小売業,14,小売,-,-,2747.T
20260930,2749,ＪＰホールディングス,プライム（内国株式）,9050,サービス業,10,情報通信・サービスその他,6,TOPIX Small 1,2749.T
20260930,2750,石光商事,スタンダード（内国株式）,6050,卸売業,13,商社・卸売,-,-,2750.T
20260930,2751,テンポスホールディングス,スタンダード（内国株式）,6050,卸売業,13,商社・卸売,-,-,2751.T
20260930,2752,フジオフードグループ本社,プライム（内国株式）,6100,小売業,14,小売,6,TOPIX Small 1,2752.T
20260930,2753,あみやき亭,プライム（内国株式）,6100,小売業,14,小売,7,TOPIX Small 2,2753.T
20260930,2760,東京エレクトロン　デバイス,プライム（内国株式）,6050,卸売業,13,商社・卸売,6,TOPIX Small 1,2760.T
20260930,2762,ＳＡＮＫＯ　ＭＡＲＫＥＴＩＮＧ　ＦＯＯＤＳ,スタンダード（内国株式）,6100,小売業,14,小売,-,-,2762.T
20260930,2764,ひらまつ,スタンダード（内国株式）,6100,小売業,14,小売,-,-,2764.T
20260930,2767,円谷フィールズホールディングス,プライム（内国株式）,6050,卸売業,13,商社・卸売,6,TOPIX Small 1,2767.T
20260930,2768,双日,プライム（内国株式）,6050,卸売業,13,商社・卸売,4,TOPIX Mid400,2768.T
20260930,2769,ヴィレッジヴァンガードコーポレーション,スタンダード（内国株式）,6100,小売業,14,小売,-,-,2769.T
20260930,2776,新都ホールディングス,スタンダード（内国株式）,6050,卸売業,13,商社・卸売,-,-,2776.T
20260930,2778,パレモ・ホールディングス,スタンダード（内国株式）,6100,小売業,14,小売,-,-,2778.T
20260930,2780,コメ兵ホールディングス,スタンダード（内国株式）,6100,小売業,14,小売,-,-,2780.T
20260930,2782,セリア,スタンダード（内国株式）,6100,小売業,14,小売,-,-,2782.T
20260930,2784,アルフレッサ　ホールディングス,プライム（内国株式）,6050,卸売業,13,商社・卸売,4,TOPIX Mid400,2784.T
20260930,2788,アップルインターナショナル,スタンダード（内国株式）,6050,卸売業,13,商社・卸売,-,-,2788.T
20260930,2789,カルラ,スタンダード（内国株式）,6100,小売業,14,小売,-,-,2789.T
20260930,2790,ナフコ,スタンダード（内国株式）,6100,小売業,14,小売,-,-,2790.T
20260930,2791,大黒天物産,プライム（内国株式）,6100,小売業,14,小売,6,TOPIX Small 1,2791.T
20260930,2792,ハニーズホールディングス,プライム（内国株式）,6100,小売業,14,小売,7,TOPIX Small 2,2792.T
20260930,2795,日本プリメックス,スタンダード（内国株式）,6050,卸売業,13,商社・卸売,-,-,2795.T
20260930,2796,ファーマライズホールディングス,スタンダード（内国株式）,6100,小売業,14,小売,-,-,2796.T
20260930,2798,ワイズテーブルコーポレーション,スタンダード（内国株式）,6100,小売業,14,小売,-,-,2798.T
20260930,2801,キッコーマン,プライム（内国株式）,3050,食料品,1,食品,4,TOPIX Mid400,2801.T
20260930,2802,味の素,プライム（内国株式）,3050,食料品,1,食品,2,TOPIX Large70,2802.T
20260930,2804,ブルドックソース,プライム（内国株式）,3050,食料品,1,食品,7,TOPIX Small 2,2804.T
20260930,2805,ヱスビー食品,スタンダード（内国株式）,3050,食料品,1,食品,-,-,2805.T
20260930,2806,ユタカフーズ,スタンダード（内国株式）,3050,食料品,1,食品,-,-,2806.T
20260930,2809,キユーピー,プライム（内国株式）,3050,食料品,1,食品,4,TOPIX Mid400,2809.T
20260930,2810,ハウス食品グループ本社,プライム（内国株式）,3050,食料品,1,食品,4,TOPIX Mid400,2810.T
20260930,2811,カゴメ,プライム（内国株式）,3050,食料品,1,食品,4,TOPIX Mid400,2811.T
20260930,2813,和弘食品,スタンダード（内国株式）,3050,食料品,1,食品,-,-,2813.T
20260930,2814,佐藤食品工業,スタンダード（内国株式）,3050,食料品,1,食品,-,-,2814.T
20260930,2815,アリアケジャパン,プライム（内国株式）,3050,食料品,1,食品,6,TOPIX Small 1,2815.T
20260930,2816,ダイショー,スタンダード（内国株式）,3050,食料品,1,食品,-,-,2816.T
20260930,2818,ピエトロ,スタンダード（内国株式）,3050,食料品,1,食品,-,-,2818.T
20260930,2819,エバラ食品工業,スタンダード（内国株式）,3050,食料品,1,食品,7,TOPIX Small 2,2819.T
20260930,2820,やまみ,スタンダード（内国株式）,3050,食料品,1,食品,-,-,2820.T
20260930,2831,はごろもフーズ,スタンダード（内国株式）,3050,食料品,1,食品,-,-,2831.T
20260930,2871,ニチレイ,プライム（内国株式）,3050,食料品,1,食品,4,TOPIX Mid400,2871.T
20260930,2872,セイヒョー,スタンダード（内国株式）,3050,食料品,1,食品,-,-,2872.T
20260930,2874,横浜冷凍,プライム（内国株式）,6050,卸売業,13,商社・卸売,6,TOPIX Small 1,2874.T
20260930,2875,東洋水産,プライム（内国株式）,3050,食料品,1,食品,4,TOPIX Mid400,2875.T
20260930,2876,デルソーレ,スタンダード（内国株式）,3050,食料品,1,食品,-,-,2876.T
20260930,2877,日東ベスト,スタンダード（内国株式）,3050,食料品,1,食品,-,-,2877.T
20260930,2882,イートアンドホールディングス,プライム（内国株式）,3050,食料品,1,食品,7,TOPIX Small 2,2882.T
20260930,2883,大冷,スタンダード（内国株式）,3050,食料品,1,食品,-,-,2883.T
20260930,2884,ヨシムラ・フード・ホールディングス,プライム（内国株式）,3050,食料品,1,食品,7,TOPIX Small 2,2884.T
20260930,2892,日本食品化工,スタンダード（内国株式）,3050,食料品,1,食品,-,-,2892.T
20260930,2894,石井食品,スタンダード（内国株式）,3050,食料品,1,食品,-,-,2894.T
20260930,2897,日清食品ホールディングス,プライム（内国株式）,3050,食料品,1,食品,4,TOPIX Mid400,2897.T
20260930,2901,ウェルディッシュ,スタンダード（内国株式）,3050,食料品,1,食品,-,-,2901.T
20260930,2903,シノブフーズ,スタンダード（内国株式）,3050,食料品,1,食品,-,-,2903.T
20260930,2904,一正蒲鉾,スタンダード（内国株式）,3050,食料品,1,食品,-,-,2904.T
20260930,2907,あじかん,スタンダード（内国株式）,3050,食料品,1,食品,-,-,2907.T
20260930,2908,フジッコ,プライム（内国株式）,3050,食料品,1,食品,7,TOPIX Small 2,2908.T
20260930,2910,ロック・フィールド,プライム（内国株式）,3050,食料品,1,食品,7,TOPIX Small 2,2910.T
20260930,2911,旭松食品,スタンダード（内国株式）,3050,食料品,1,食品,-,-,2911.T
20260930,2914,日本たばこ産業,プライム（内国株式）,3050,食料品,1,食品,1,TOPIX Core30,2914.T
20260930,2915,ケンコーマヨネーズ,プライム（内国株式）,3050,食料品,1,食品,7,TOPIX Small 2,2915.T
20260930,2916,仙波糖化工業,スタンダード（内国株式）,3050,食料品,1,食品,-,-,2916.T
20260930,2917,大森屋,スタンダード（内国株式）,3050,食料品,1,食品,-,-,2917.T
20260930,2918,わらべや日洋ホールディングス,プライム（内国株式）,3050,食料品,1,食品,6,TOPIX Small 1,2918.T
20260930,2922,なとり,プライム（内国株式）,3050,食料品,1,食品,7,TOPIX Small 2,2922.T
20260930,2923,サトウ食品,スタンダード（内国株式）,3050,食料品,1,食品,-,-,2923.T
20260930,2924,イフジ産業,スタンダード（内国株式）,3050,食料品,1,食品,-,-,2924.T
20260930,2926,篠崎屋,スタンダード（内国株式）,3050,食料品,1,食品,-,-,2926.T
20260930,2927,ＡＦＣ－ＨＤアムスライフサイエンス,スタンダード（内国株式）,3050,食料品,1,食品,-,-,2927.T
20260930,2929,ファーマフーズ,プライム（内国株式）,3050,食料品,1,食品,7,TOPIX Small 2,2929.T
20260930,2930,北の達人コーポレーション,プライム（内国株式）,3200,化学,4,素材・化学,7,TOPIX Small 2,2930.T
20260930,2931,ユーグレナ,プライム（内国株式）,3050,食料品,1,食品,6,TOPIX Small 1,2931.T
20260930,2932,ＳＴＩフードホールディングス,スタンダード（内国株式）,3050,食料品,1,食品,-,-,2932.T
20260930,2933,紀文食品,プライム（内国株式）,3050,食料品,1,食品,7,TOPIX Small 2,2933.T
20260930,2934,ジェイフロンティア,グロース（内国株式）,3050,食料品,1,食品,-,-,2934.T
20260930,2935,ピックルスホールディングス,プライム（内国株式）,3050,食料品,1,食品,7,TOPIX Small 2,2935.T
20260930,2936,ベースフード,グロース（内国株式）,3050,食料品,1,食品,-,-,2936.T
20260930,2937,サンクゼール,グロース（内国株式）,3050,食料品,1,食品,-,-,2937.T
20260930,2938,オカムラ食品工業,スタンダード（内国株式）,3050,食料品,1,食品,-,-,2938.T
20260930,2961,日本調理機,スタンダード（内国株式）,3550,金属製品,3,建設・資材,-,-,2961.T
20260930,2962,テクニスコ,スタンダード（内国株式）,3550,金属製品,3,建設・資材,-,-,2962.T
20260930,2970,ＧＬＣ　ＧＲＯＵＰ,スタンダード（内国株式）,8050,不動産業,17,不動産,-,-,2970.T
20260930,2975,スター・マイカ・ホールディングス,プライム（内国株式）,8050,不動産業,17,不動産,7,TOPIX Small 2,2975.T
20260930,2978,ツクルバ,グロース（内国株式）,8050,不動産業,17,不動産,-,-,2978.T
20260930,2980,ＳＲＥホールディングス,プライム（内国株式）,8050,不動産業,17,不動産,7,TOPIX Small 2,2980.T
20260930,2981,ランディックス,グロース（内国株式）,8050,不動産業,17,不動産,-,-,2981.T
20260930,2982,ＡＤワークスグループ,プライム（内国株式）,8050,不動産業,17,不動産,-,-,2982.T
20260930,2983,アールプランナー,グロース（内国株式）,8050,不動産業,17,不動産,-,-,2983.T
20260930,2984,ヤマイチエステート,スタンダード（内国株式）,8050,不動産業,17,不動産,-,-,2984.T
20260930,2985,ファーストステージ,PRO Market,8050,不動産業,17,不動産,-,-,2985.T
20260930,2986,ＬＡホールディングス,グロース（内国株式）,8050,不動産業,17,不動産,-,-,2986.T
20260930,2990,アイダ設計,PRO Market,8050,不動産業,17,不動産,-,-,2990.T
20260930,2991,ランドネット,スタンダード（内国株式）,8050,不動産業,17,不動産,-,-,2991.T
20260930,2992,アーバンライク,PRO Market,8050,不動産業,17,不動産,-,-,2992.T
20260930,2993,長栄,スタンダード（内国株式）,8050,不動産業,17,不動産,-,-,2993.T
20260930,2994,アンサーホールディングス,PRO Market,8050,不動産業,17,不動産,-,-,2994.T
20260930,2995,ジェイレックス・コーポレーション,PRO Market,8050,不動産業,17,不動産,-,-,2995.T
20260930,2997,ストレージ王,グロース（内国株式）,8050,不動産業,17,不動産,-,-,2997.T
20260930,2998,クリアル,グロース（内国株式）,8050,不動産業,17,不動産,-,-,2998.T
20260930,2999,ホームポジション,スタンダード（内国株式）,8050,不動産業,17,不動産,-,-,2999.T
20260930,3001,片倉工業,スタンダード（内国株式）,3100,繊維製品,4,素材・化学,7,TOPIX Small 2,3001.T
20260930,3002,グンゼ,プライム（内国株式）,3100,繊維製品,4,素材・化学,6,TOPIX Small 1,3002.T
20260930,3003,ヒューリック,プライム（内国株式）,8050,不動産業,17,不動産,4,TOPIX Mid400,3003.T
20260930,3004,神栄,スタンダード（内国株式）,6050,卸売業,13,商社・卸売,-,-,3004.T
20260930,3010,ポラリス・ホールディングス,スタンダード（内国株式）,9050,サービス業,10,情報通信・サービスその他,-,-,3010.T
20260930,3011,バナーズ,スタンダード（内国株式）,6100,小売業,14,小売,-,-,3011.T
20260930,3020,アプライド,スタンダード（内国株式）,6100,小売業,14,小売,-,-,3020.T
20260930,3021,パシフィックネット,スタンダード（内国株式）,9050,サービス業,10,情報通信・サービスその他,-,-,3021.T
20260930,3023,ラサ商事,スタンダード（内国株式）,6050,卸売業,13,商社・卸売,7,TOPIX Small 2,3023.T
20260930,3024,クリエイト,スタンダード（内国株式）,6050,卸売業,13,商社・卸売,-,-,3024.T
20260930,3028,アルペン,プライム（内国株式）,6100,小売業,14,小売,6,TOPIX Small 1,3028.T
20260930,3030,ハブ,スタンダード（内国株式）,6100,小売業,14,小売,-,-,3030.T
20260930,3031,ラクーンホールディングス,プライム（内国株式）,5250,情報・通信業,10,情報通信・サービスその他,7,TOPIX Small 2,3031.T
20260930,3034,クオールホールディングス,プライム（内国株式）,6100,小売業,14,小売,6,TOPIX Small 1,3034.T
20260930,3035,ケイティケイ,スタンダード（内国株式）,6050,卸売業,13,商社・卸売,-,-,3035.T
20260930,3036,アルコニックス,プライム（内国株式）,6050,卸売業,13,商社・卸売,6,TOPIX Small 1,3036.T
20260930,3038,神戸物産,プライム（内国株式）,6050,卸売業,13,商社・卸売,4,TOPIX Mid400,3038.T
20260930,3040,ソリトンシステムズ,プライム（内国株式）,5250,情報・通信業,10,情報通信・サービスその他,7,TOPIX Small 2,3040.T
20260930,3041,ビューティカダンホールディングス,スタンダード（内国株式）,6050,卸売業,13,商社・卸売,-,-,3041.T
20260930,3042,セキュアヴェイル,スタンダード（内国株式）,5250,情報・通信業,10,情報通信・サービスその他,-,-,3042.T
20260930,3045,カワサキ,スタンダード（内国株式）,6050,卸売業,13,商社・卸売,-,-,3045.T
20260930,3046,ジンズホールディングス,プライム（内国株式）,6100,小売業,14,小売,6,TOPIX Small 1,3046.T
20260930,3048,ビックカメラ,プライム（内国株式）,6100,小売業,14,小売,4,TOPIX Mid400,3048.T
20260930,3050,ＤＣＭホールディングス,プライム（内国株式）,6100,小売業,14,小売,6,TOPIX Small 1,3050.T
20260930,3053,ペッパーフードサービス,スタンダード（内国株式）,6100,小売業,14,小売,7,TOPIX Small 2,3053.T
20260930,3054,ハイパー,スタンダード（内国株式）,6050,卸売業,13,商社・卸売,-,-,3054.T
20260930,3058,三洋堂ホールディングス,スタンダード（内国株式）,6100,小売業,14,小売,-,-,3058.T
20260930,3059,ヒラキ,スタンダード（内国株式）,6100,小売業,14,小売,-,-,3059.T
20260930,3063,ジェイグループホールディングス,グロース（内国株式）,6100,小売業,14,小売,-,-,3063.T
20260930,3064,ＭｏｎｏｔａＲＯ,プライム（内国株式）,6100,小売業,14,小売,4,TOPIX Mid400,3064.T
20260930,3065,ライフフーズ,スタンダード（内国株式）,6100,小売業,14,小売,-,-,3065.T
20260930,3067,東京一番フーズ,スタンダード（内国株式）,6100,小売業,14,小売,-,-,3067.T
20260930,3068,ＷＤＩ,スタンダード（内国株式）,6100,小売業,14,小売,-,-,3068.T
20260930,3069,ＪＦＬＡホールディングス,スタンダード（内国株式）,3050,食料品,1,食品,-,-,3069.T
20260930,3070,ジェリービーンズグループ,グロース（内国株式）,6050,卸売業,13,商社・卸売,-,-,3070.T
20260930,3071,ストリーム,スタンダード（内国株式）,6100,小売業,14,小売,-,-,3071.T
20260930,3075,銚子丸,スタンダード（内国株式）,6100,小売業,14,小売,-,-,3075.T
20260930,3076,あい　ホールディングス,プライム（内国株式）,6050,卸売業,13,商社・卸売,6,TOPIX Small 1,3076.T
20260930,3077,ホリイフードサービス,スタンダード（内国株式）,6100,小売業,14,小売,-,-,3077.T
20260930,3080,ジェーソン,スタンダード（内国株式）,6100,小売業,14,小売,-,-,3080.T
20260930,3082,きちりホールディングス,スタンダード（内国株式）,6100,小売業,14,小売,-,-,3082.T
20260930,3083,スターシーズ,スタンダード（内国株式）,6100,小売業,14,小売,-,-,3083.T
20260930,3086,Ｊ．フロント　リテイリング,プライム（内国株式）,6100,小売業,14,小売,4,TOPIX Mid400,3086.T
20260930,3087,ドトール・日レスホールディングス,プライム（内国株式）,6100,小売業,14,小売,6,TOPIX Small 1,3087.T
20260930,3088,マツキヨココカラ＆カンパニー,プライム（内国株式）,6100,小売業,14,小売,4,TOPIX Mid400,3088.T
20260930,3089,テクノアルファ,スタンダード（内国株式）,6050,卸売業,13,商社・卸売,-,-,3089.T
20260930,3091,ブロンコビリー,プライム（内国株式）,6100,小売業,14,小売,6,TOPIX Small 1,3091.T
20260930,3092,ＺＯＺＯ,プライム（内国株式）,6100,小売業,14,小売,4,TOPIX Mid400,3092.T
20260930,3093,トレジャー・ファクトリー,プライム（内国株式）,6100,小売業,14,小売,7,TOPIX Small 2,3093.T
20260930,3096,オーシャンシステム,スタンダード（内国株式）,6100,小売業,14,小売,-,-,3096.T
20260930,3097,物語コーポレーション,プライム（内国株式）,6100,小売業,14,小売,6,TOPIX Small 1,3097.T
20260930,3099,三越伊勢丹ホールディングス,プライム（内国株式）,6100,小売業,14,小売,4,TOPIX Mid400,3099.T
20260930,3101,東洋紡,プライム（内国株式）,3200,化学,4,素材・化学,6,TOPIX Small 1,3101.T
20260930,3103,ユニチカ,スタンダード（内国株式）,3100,繊維製品,4,素材・化学,7,TOPIX Small 2,3103.T
20260930,3104,富士紡ホールディングス,プライム（内国株式）,3100,繊維製品,4,素材・化学,7,TOPIX Small 2,3104.T
20260930,3105,日清紡ホールディングス,プライム（内国株式）,3650,電気機器,9,電機・精密,4,TOPIX Mid400,3105.T
20260930,3106,倉敷紡績,プライム（内国株式）,3100,繊維製品,4,素材・化学,6,TOPIX Small 1,3106.T
20260930,3107,ダイワボウホールディングス,プライム（内国株式）,6050,卸売業,13,商社・卸売,4,TOPIX Mid400,3107.T
20260930,3109,シキボウ,プライム（内国株式）,3100,繊維製品,4,素材・化学,7,TOPIX Small 2,3109.T
20260930,3110,日東紡績,プライム（内国株式）,3400,ガラス・土石製品,3,建設・資材,6,TOPIX Small 1,3110.T
20260930,3111,オーミケンシ,スタンダード（内国株式）,3100,繊維製品,4,素材・化学,-,-,3111.T
20260930,3113,ＵＮＩＶＡ・Ｏａｋホールディングス,スタンダード（内国株式）,7100,証券、商品先物取引業,16,金融（除く銀行）,-,-,3113.T
20260930,3116,トヨタ紡織,プライム（内国株式）,3700,輸送用機器,6,自動車・輸送機,4,TOPIX Mid400,3116.T
20260930,3121,マーチャント・バンカーズ,スタンダード（内国株式）,9050,サービス業,10,情報通信・サービスその他,-,-,3121.T
20260930,3123,サイボー,スタンダード（内国株式）,3100,繊維製品,4,素材・化学,-,-,3123.T
20260930,3131,シンデン・ハイテックス,スタンダード（内国株式）,6050,卸売業,13,商社・卸売,-,-,3131.T
20260930,3132,マクニカホールディングス,プライム（内国株式）,6050,卸売業,13,商社・卸売,4,TOPIX Mid400,3132.T
20260930,3133,海帆,グロース（内国株式）,6100,小売業,14,小売,-,-,3133.T
20260930,3134,Ｈａｍｅｅ,スタンダード（内国株式）,6100,小売業,14,小売,7,TOPIX Small 2,3134.T
20260930,3135,マーケットエンタープライズ,スタンダード（内国株式）,6100,小売業,14,小売,-,-,3135.T
20260930,3137,ファンデリー,スタンダード（内国株式）,6100,小売業,14,小売,-,-,3137.T
20260930,3138,富士山マガジンサービス,スタンダード（内国株式）,6100,小売業,14,小売,-,-,3138.T
20260930,3139,ラクト・ジャパン,プライム（内国株式）,6050,卸売業,13,商社・卸売,7,TOPIX Small 2,3139.T
20260930,3140,ＢＲＵＮＯ,グロース（内国株式）,6050,卸売業,13,商社・卸売,-,-,3140.T
20260930,3143,オーウイル,スタンダード（内国株式）,6050,卸売業,13,商社・卸売,-,-,3143.T
20260930,3148,クリエイトＳＤホールディングス,プライム（内国株式）,6100,小売業,14,小売,6,TOPIX Small 1,3148.T
20260930,3150,グリムス,プライム（内国株式）,4050,電気・ガス業,11,電力・ガス,7,TOPIX Small 2,3150.T
20260930,3151,バイタルケーエスケー・ホールディングス,プライム（内国株式）,6050,卸売業,13,商社・卸売,7,TOPIX Small 2,3151.T
20260930,3153,八洲電機,プライム（内国株式）,6050,卸売業,13,商社・卸売,7,TOPIX Small 2,3153.T
20260930,3154,メディアスホールディングス,プライム（内国株式）,6050,卸売業,13,商社・卸売,7,TOPIX Small 2,3154.T
20260930,3156,レスター,プライム（内国株式）,6050,卸売業,13,商社・卸売,7,TOPIX Small 2,3156.T
20260930,3157,ジオリーブグループ,スタンダード（内国株式）,6050,卸売業,13,商社・卸売,-,-,3157.T
20260930,3159,丸善ＣＨＩホールディングス,スタンダード（内国株式）,6100,小売業,14,小売,-,-,3159.T
20260930,3160,大光,スタンダード（内国株式）,6050,卸売業,13,商社・卸売,-,-,3160.T
20260930,3161,アゼアス,スタンダード（内国株式）,6050,卸売業,13,商社・卸売,-,-,3161.T
20260930,3166,ＯＣＨＩホールディングス,スタンダード（内国株式）,6050,卸売業,13,商社・卸売,-,-,3166.T
20260930,3167,ＴＯＫＡＩホールディングス,プライム（内国株式）,6050,卸売業,13,商社・卸売,6,TOPIX Small 1,3167.T
20260930,3168,ＭＥＲＦ,スタンダード（内国株式）,6050,卸売業,13,商社・卸売,-,-,3168.T
20260930,3169,ミサワ,スタンダード（内国株式）,6100,小売業,14,小売,-,-,3169.T
20260930,3172,ティーライフ,スタンダード（内国株式）,6100,小売業,14,小売,-,-,3172.T
20260930,3173,Ｃｏｍｉｎｉｘ,スタンダード（内国株式）,6050,卸売業,13,商社・卸売,-,-,3173.T
20260930,3174,ハピネス・アンド・ディ,スタンダード（内国株式）,6100,小売業,14,小売,-,-,3174.T
20260930,3175,エー・ピーホールディングス,スタンダード（内国株式）,6100,小売業,14,小売,-,-,3175.T
20260930,3176,三洋貿易,プライム（内国株式）,6050,卸売業,13,商社・卸売,7,TOPIX Small 2,3176.T
20260930,3177,ありがとうサービス,スタンダード（内国株式）,6100,小売業,14,小売,-,-,3177.T
20260930,3178,チムニー,スタンダード（内国株式）,6100,小売業,14,小売,-,-,3178.T
20260930,3179,シュッピン,プライム（内国株式）,6100,小売業,14,小売,7,TOPIX Small 2,3179.T
20260930,3180,ビューティガレージ,プライム（内国株式）,6050,卸売業,13,商社・卸売,7,TOPIX Small 2,3180.T
20260930,3181,買取王国,スタンダード（内国株式）,6100,小売業,14,小売,-,-,3181.T
20260930,3182,オイシックス,プライム（内国株式）,6100,小売業,14,小売,6,TOPIX Small 1,3182.T
20260930,3183,ウイン・パートナーズ,プライム（内国株式）,6050,卸売業,13,商社・卸売,7,TOPIX Small 2,3183.T
20260930,3184,ＩＣＤＡホールディングス,スタンダード（内国株式）,6100,小売業,14,小売,-,-,3184.T
20260930,3185,夢展望,グロース（内国株式）,6100,小売業,14,小売,-,-,3185.T
20260930,3186,ネクステージ,プライム（内国株式）,6100,小売業,14,小売,6,TOPIX Small 1,3186.T
20260930,3187,ミラタップ,グロース（内国株式）,6100,小売業,14,小売,-,-,3187.T
20260930,3189,ＡＮＡＰホールディングス,スタンダード（内国株式）,6100,小売業,14,小売,-,-,3189.T
20260930,3190,ホットマン,スタンダード（内国株式）,6100,小売業,14,小売,-,-,3190.T
20260930,3191,ジョイフル本田,プライム（内国株式）,6100,小売業,14,小売,6,TOPIX Small 1,3191.T
20260930,3192,白鳩,スタンダード（内国株式）,6100,小売業,14,小売,-,-,3192.T
20260930,3193,エターナルホスピタリティグループ,プライム（内国株式）,6100,小売業,14,小売,7,TOPIX Small 2,3193.T
20260930,3195,ジェネレーションパス,スタンダード（内国株式）,6100,小売業,14,小売,-,-,3195.T
20260930,3196,ホットランドホールディングス,プライム（内国株式）,6100,小売業,14,小売,7,TOPIX Small 2,3196.T
20260930,3197,すかいらーくホールディングス,プライム（内国株式）,6100,小売業,14,小売,4,TOPIX Mid400,3197.T
20260930,3199,綿半ホールディングス,プライム（内国株式）,6100,小売業,14,小売,7,TOPIX Small 2,3199.T
20260930,3201,日本毛織,プライム（内国株式）,3100,繊維製品,4,素材・化学,6,TOPIX Small 1,3201.T
20260930,3202,ダイトウボウ,スタンダード（内国株式）,3100,繊維製品,4,素材・化学,-,-,3202.T
20260930,3204,トーア紡コーポレーション,スタンダード（内国株式）,3100,繊維製品,4,素材・化学,-,-,3204.T
20260930,3205,ダイドーリミテッド,スタンダード（内国株式）,3100,繊維製品,4,素材・化学,-,-,3205.T
20260930,3221,ヨシックスホールディングス,プライム（内国株式）,6100,小売業,14,小売,7,TOPIX Small 2,3221.T
20260930,3222,ユナイテッド・スーパーマーケット・ホールディングス,スタンダード（内国株式）,6100,小売業,14,小売,6,TOPIX Small 1,3222.T
20260930,3223,エスエルディー,スタンダード（内国株式）,6100,小売業,14,小売,-,-,3223.T
20260930,3224,ゼネラル・オイスター,グロース（内国株式）,6100,小売業,14,小売,-,-,3224.T
20260930,3231,野村不動産ホールディングス,プライム（内国株式）,8050,不動産業,17,不動産,4,TOPIX Mid400,3231.T
20260930,3232,三重交通グループホールディングス,プライム（内国株式）,8050,不動産業,17,不動産,7,TOPIX Small 2,3232.T
20260930,3236,プロパスト,スタンダード（内国株式）,8050,不動産業,17,不動産,-,-,3236.T
20260930,3237,イントランス,グロース（内国株式）,8050,不動産業,17,不動産,-,-,3237.T
20260930,3238,セントラル総合開発,スタンダード（内国株式）,8050,不動産業,17,不動産,-,-,3238.T
20260930,3241,ウィル,スタンダード（内国株式）,8050,不動産業,17,不動産,-,-,3241.T
20260930,3242,アーバネットコーポレーション,スタンダード（内国株式）,8050,不動産業,17,不動産,-,-,3242.T
20260930,3245,ディア・ライフ,プライム（内国株式）,8050,不動産業,17,不動産,7,TOPIX Small 2,3245.T
20260930,3246,コーセーアールイー,スタンダード（内国株式）,8050,不動産業,17,不動産,-,-,3246.T
20260930,3248,アールエイジ,スタンダード（内国株式）,8050,不動産業,17,不動産,-,-,3248.T
20260930,3252,地主,プライム（内国株式）,8050,不動産業,17,不動産,7,TOPIX Small 2,3252.T
20260930,3261,グランディーズ,グロース（内国株式）,8050,不動産業,17,不動産,-,-,3261.T
20260930,3266,ファンドクリエーショングループ,スタンダード（内国株式）,8050,不動産業,17,不動産,-,-,3266.T
20260930,3267,フィル・カンパニー,スタンダード（内国株式）,2050,建設業,3,建設・資材,7,TOPIX Small 2,3267.T
20260930,3276,ＪＰＭＣ,プライム（内国株式）,8050,不動産業,17,不動産,7,TOPIX Small 2,3276.T
20260930,3277,サンセイランディック,スタンダード（内国株式）,8050,不動産業,17,不動産,-,-,3277.T
20260930,3280,エストラスト,スタンダード（内国株式）,8050,不動産業,17,不動産,-,-,3280.T
20260930,3284,フージャースホールディングス,プライム（内国株式）,8050,不動産業,17,不動産,7,TOPIX Small 2,3284.T
20260930,3286,トラストホールディングス,スタンダード（内国株式）,8050,不動産業,17,不動産,-,-,3286.T
20260930,3288,オープンハウスグループ,プライム（内国株式）,8050,不動産業,17,不動産,4,TOPIX Mid400,3288.T
20260930,3289,東急不動産ホールディングス,プライム（内国株式）,8050,不動産業,17,不動産,4,TOPIX Mid400,3289.T
20260930,3291,飯田グループホールディングス,プライム（内国株式）,8050,不動産業,17,不動産,4,TOPIX Mid400,3291.T
20260930,3293,アズマハウス,スタンダード（内国株式）,8050,不動産業,17,不動産,-,-,3293.T
20260930,3297,東武住販,スタンダード（内国株式）,8050,不動産業,17,不動産,-,-,3297.T
20260930,3299,ムゲンエステート,スタンダード（内国株式）,8050,不動産業,17,不動産,-,-,3299.T
20260930,3300,アンビション　ＤＸ　ホールディングス,グロース（内国株式）,8050,不動産業,17,不動産,-,-,3300.T
20260930,3302,帝国繊維,プライム（内国株式）,3100,繊維製品,4,素材・化学,7,TOPIX Small 2,3302.T
20260930,3306,日本製麻,スタンダード（内国株式）,6050,卸売業,13,商社・卸売,-,-,3306.T
20260930,3315,日本コークス工業,プライム（内国株式）,3300,石油・石炭製品,2,エネルギー資源,7,TOPIX Small 2,3315.T
20260930,3317,フライングガーデン,スタンダード（内国株式）,6100,小売業,14,小売,-,-,3317.T
20260930,3320,クロスプラス,スタンダード（内国株式）,6050,卸売業,13,商社・卸売,-,-,3320.T
20260930,3321,ミタチ産業,スタンダード（内国株式）,6050,卸売業,13,商社・卸売,-,-,3321.T
20260930,3323,レカム,スタンダード（内国株式）,6050,卸売業,13,商社・卸売,-,-,3323.T
20260930,3326,ランシステム,スタンダード（内国株式）,9050,サービス業,10,情報通信・サービスその他,-,-,3326.T
20260930,3329,東和フードサービス,スタンダード（内国株式）,6100,小売業,14,小売,-,-,3329.T
20260930,3333,あさひ,プライム（内国株式）,6100,小売業,14,小売,7,TOPIX Small 2,3333.T
20260930,3349,コスモス薬品,プライム（内国株式）,6100,小売業,14,小売,4,TOPIX Mid400,3349.T
20260930,3350,メタプラネット,スタンダード（内国株式）,6050,卸売業,13,商社・卸売,-,-,3350.T
20260930,3352,バッファロー,スタンダード（内国株式）,6100,小売業,14,小売,-,-,3352.T
20260930,3353,メディカル一光グループ,スタンダード（内国株式）,6100,小売業,14,小売,-,-,3353.T
20260930,3355,クリヤマホールディングス,スタンダード（内国株式）,6050,卸売業,13,商社・卸売,-,-,3355.T
20260930,3358,Ｔｒａｉｌｈｅａｄ　Ｇｌｏｂａｌ　Ｈｏｌｄｉｎｇｓ,スタンダード（内国株式）,6100,小売業,14,小売,-,-,3358.T
20260930,3359,ｃｏｔｔａ,グロース（内国株式）,6050,卸売業,13,商社・卸売,-,-,3359.T
20260930,3360,シップヘルスケアホールディングス,プライム（内国株式）,6050,卸売業,13,商社・卸売,4,TOPIX Mid400,3360.T
20260930,3361,トーエル,スタンダード（内国株式）,6100,小売業,14,小売,-,-,3361.T
20260930,3370,フジタコーポレーション,スタンダード（内国株式）,6100,小売業,14,小売,-,-,3370.T
20260930,3371,ソフトクリエイトホールディングス,プライム（内国株式）,5250,情報・通信業,10,情報通信・サービスその他,7,TOPIX Small 2,3371.T
20260930,3372,関門海,スタンダード（内国株式）,6100,小売業,14,小売,-,-,3372.T
20260930,3374,内外テック,スタンダード（内国株式）,6050,卸売業,13,商社・卸売,-,-,3374.T
20260930,3375,ＺＯＡ,スタンダード（内国株式）,6100,小売業,14,小売,-,-,3375.T
20260930,3377,バイク王＆カンパニー,スタンダード（内国株式）,6050,卸売業,13,商社・卸売,-,-,3377.T
20260930,3382,セブン＆アイ・ホールディングス,プライム（内国株式）,6100,小売業,14,小売,1,TOPIX Core30,3382.T
20260930,3386,コスモ・バイオ,スタンダード（内国株式）,6050,卸売業,13,商社・卸売,-,-,3386.T
20260930,3387,クリエイト・レストランツ・ホールディングス,プライム（内国株式）,6100,小売業,14,小売,6,TOPIX Small 1,3387.T
20260930,3388,明治電機工業,プライム（内国株式）,6050,卸売業,13,商社・卸売,7,TOPIX Small 2,3388.T
20260930,3391,ツルハホールディングス,プライム（内国株式）,6100,小売業,14,小売,4,TOPIX Mid400,3391.T
20260930,3392,デリカフーズホールディングス,スタンダード（内国株式）,6050,卸売業,13,商社・卸売,-,-,3392.T
20260930,3393,スターティアホールディングス,プライム（内国株式）,6050,卸売業,13,商社・卸売,-,-,3393.T
20260930,3395,サンマルクホールディングス,プライム（内国株式）,6100,小売業,14,小売,6,TOPIX Small 1,3395.T
20260930,3396,フェリシモ,スタンダード（内国株式）,6100,小売業,14,小売,-,-,3396.T
20260930,3397,トリドールホールディングス,プライム（内国株式）,6100,小売業,14,小売,4,TOPIX Mid400,3397.T
20260930,3399,丸千代山岡家,スタンダード（内国株式）,6100,小売業,14,小売,-,-,3399.T
20260930,3401,帝人,プライム（内国株式）,3100,繊維製品,4,素材・化学,4,TOPIX Mid400,3401.T
20260930,3402,東レ,プライム（内国株式）,3100,繊維製品,4,素材・化学,4,TOPIX Mid400,3402.T
20260930,3405,クラレ,プライム（内国株式）,3200,化学,4,素材・化学,4,TOPIX Mid400,3405.T
20260930,3407,旭化成,プライム（内国株式）,3200,化学,4,素材・化学,2,TOPIX Large70,3407.T
20260930,3409,北紡,スタンダード（内国株式）,3100,繊維製品,4,素材・化学,-,-,3409.T
20260930,3415,ＴＯＫＹＯ　ＢＡＳＥ,プライム（内国株式）,6100,小売業,14,小売,7,TOPIX Small 2,3415.T
20260930,3416,ピクスタ,スタンダード（内国株式）,6100,小売業,14,小売,-,-,3416.T
20260930,3417,大木ヘルスケアホールディングス,スタンダード（内国株式）,6050,卸売業,13,商社・卸売,-,-,3417.T
20260930,3418,バルニバービ,グロース（内国株式）,6100,小売業,14,小売,-,-,3418.T
20260930,3420,ケー・エフ・シー,スタンダード（内国株式）,3550,金属製品,3,建設・資材,-,-,3420.T
20260930,3421,稲葉製作所,スタンダード（内国株式）,3550,金属製品,3,建設・資材,7,TOPIX Small 2,3421.T
20260930,3422,Ｊ－ＭＡＸ,スタンダード（内国株式）,3550,金属製品,3,建設・資材,-,-,3422.T
20260930,3423,エスイー,スタンダード（内国株式）,3550,金属製品,3,建設・資材,-,-,3423.T
20260930,3426,アトムリビンテック,スタンダード（内国株式）,3550,金属製品,3,建設・資材,-,-,3426.T
20260930,3431,宮地エンジニアリンググループ,プライム（内国株式）,3550,金属製品,3,建設・資材,6,TOPIX Small 1,3431.T
20260930,3433,トーカロ,プライム（内国株式）,3550,金属製品,3,建設・資材,6,TOPIX Small 1,3433.T
20260930,3434,アルファＣｏ,スタンダード（内国株式）,3550,金属製品,3,建設・資材,-,-,3434.T
20260930,3435,サンコーテクノ,スタンダード（内国株式）,3550,金属製品,3,建設・資材,-,-,3435.T
20260930,3436,ＳＵＭＣＯ,プライム（内国株式）,3550,金属製品,3,建設・資材,4,TOPIX Mid400,3436.T
20260930,3437,特殊電極,スタンダード（内国株式）,3550,金属製品,3,建設・資材,-,-,3437.T
20260930,3439,三ツ知,スタンダード（内国株式）,3550,金属製品,3,建設・資材,-,-,3439.T
20260930,3440,日創グループ,スタンダード（内国株式）,3550,金属製品,3,建設・資材,-,-,3440.T
20260930,3441,山王,スタンダード（内国株式）,3550,金属製品,3,建設・資材,-,-,3441.T
20260930,3443,川田テクノロジーズ,プライム（内国株式）,3550,金属製品,3,建設・資材,7,TOPIX Small 2,3443.T
20260930,3444,菊池製作所,スタンダード（内国株式）,3550,金属製品,3,建設・資材,-,-,3444.T
20260930,3445,ＲＳ　Ｔｅｃｈｎｏｌｏｇｉｅｓ,プライム（内国株式）,3550,金属製品,3,建設・資材,6,TOPIX Small 1,3445.T
20260930,3446,ジェイテックコーポレーション,スタンダード（内国株式）,3550,金属製品,3,建設・資材,-,-,3446.T
20260930,3447,信和,スタンダード（内国株式）,3550,金属製品,3,建設・資材,-,-,3447.T
20260930,3448,清鋼材,PRO Market,3550,金属製品,3,建設・資材,-,-,3448.T
20260930,3449,テクノフレックス,スタンダード（内国株式）,3550,金属製品,3,建設・資材,-,-,3449.T
20260930,3452,ビーロット,スタンダード（内国株式）,8050,不動産業,17,不動産,-,-,3452.T
20260930,3454,ファーストブラザーズ,スタンダード（内国株式）,8050,不動産業,17,不動産,-,-,3454.T
20260930,3457,Ａｎｄ　Ｄｏホールディングス,プライム（内国株式）,8050,不動産業,17,不動産,7,TOPIX Small 2,3457.T
20260930,3461,パルマ,スタンダード（内国株式）,8050,不動産業,17,不動産,-,-,3461.T
20260930,3465,ケイアイスター不動産,プライム（内国株式）,8050,不動産業,17,不動産,6,TOPIX Small 1,3465.T
20260930,3467,アグレ都市デザイン,スタンダード（内国株式）,8050,不動産業,17,不動産,-,-,3467.T
20260930,3469,デュアルタップ,スタンダード（内国株式）,8050,不動産業,17,不動産,-,-,3469.T
20260930,3474,Ｇ－ＦＡＣＴＯＲＹ,グロース（内国株式）,8050,不動産業,17,不動産,-,-,3474.T
20260930,3475,グッドコムアセット,プライム（内国株式）,8050,不動産業,17,不動産,7,TOPIX Small 2,3475.T
20260930,3477,フォーライフ,スタンダード（内国株式）,8050,不動産業,17,不動産,-,-,3477.T
20260930,3479,ＴＫＰ,グロース（内国株式）,8050,不動産業,17,不動産,-,-,3479.T
20260930,3482,ロードスターキャピタル,プライム（内国株式）,8050,不動産業,17,不動産,7,TOPIX Small 2,3482.T
20260930,3483,翔栄,PRO Market,8050,不動産業,17,不動産,-,-,3483.T
20260930,3484,イノベーションホールディングス,スタンダード（内国株式）,8050,不動産業,17,不動産,-,-,3484.T
20260930,3486,グローバル・リンク・マネジメント,プライム（内国株式）,8050,不動産業,17,不動産,-,-,3486.T
20260930,3489,フェイスネットワーク,スタンダード（内国株式）,8050,不動産業,17,不動産,-,-,3489.T
20260930,3490,アズ企画設計,スタンダード（内国株式）,8050,不動産業,17,不動産,-,-,3490.T
20260930,3491,ＧＡ　ｔｅｃｈｎｏｌｏｇｉｅｓ,グロース（内国株式）,8050,不動産業,17,不動産,-,-,3491.T
20260930,3494,マリオン,スタンダード（内国株式）,8050,不動産業,17,不動産,-,-,3494.T
20260930,3495,香陵住販,スタンダード（内国株式）,8050,不動産業,17,不動産,-,-,3495.T
20260930,3496,アズーム,プライム（内国株式）,8050,不動産業,17,不動産,7,TOPIX Small 2,3496.T
20260930,3498,霞ヶ関キャピタル,プライム（内国株式）,8050,不動産業,17,不動産,6,TOPIX Small 1,3498.T
20260930,3501,ＳＵＭＩＮＯＥ,プライム（内国株式）,3100,繊維製品,4,素材・化学,-,-,3501.T
20260930,3512,日本フエルト,スタンダード（内国株式）,3100,繊維製品,4,素材・化学,-,-,3512.T
20260930,3513,イチカワ,スタンダード（内国株式）,3100,繊維製品,4,素材・化学,-,-,3513.T
20260930,3521,テルマー湯ホールディングス,スタンダード（内国株式）,9050,サービス業,10,情報通信・サービスその他,-,-,3521.T
20260930,3524,日東製網,スタンダード（内国株式）,3100,繊維製品,4,素材・化学,-,-,3524.T
20260930,3529,アツギ,スタンダード（内国株式）,3100,繊維製品,4,素材・化学,-,-,3529.T
20260930,3536,アクサスホールディングス,スタンダード（内国株式）,6100,小売業,14,小売,-,-,3536.T
20260930,3537,昭栄薬品,スタンダード（内国株式）,6050,卸売業,13,商社・卸売,-,-,3537.T
20260930,3538,ウイルプラスホールディングス,スタンダード（内国株式）,6100,小売業,14,小売,-,-,3538.T
20260930,3539,ＪＭホールディングス,プライム（内国株式）,6100,小売業,14,小売,7,TOPIX Small 2,3539.T
20260930,3542,ベガコーポレーション,グロース（内国株式）,6100,小売業,14,小売,-,-,3542.T
20260930,3543,コメダホールディングス,プライム（内国株式）,6050,卸売業,13,商社・卸売,6,TOPIX Small 1,3543.T
20260930,3544,サツドラホールディングス,スタンダード（内国株式）,6100,小売業,14,小売,-,-,3544.T
20260930,3547,ユニシアホールディングス,スタンダード（内国株式）,6100,小売業,14,小売,7,TOPIX Small 2,3547.T
20260930,3548,バロックジャパンリミテッド,プライム（内国株式）,6100,小売業,14,小売,7,TOPIX Small 2,3548.T
20260930,3549,クスリのアオキホールディングス,スタンダード（内国株式）,6100,小売業,14,小売,4,TOPIX Mid400,3549.T
20260930,3550,スタジオアタオ,グロース（内国株式）,6100,小売業,14,小売,-,-,3550.T
20260930,3551,ダイニック,スタンダード（内国株式）,3100,繊維製品,4,素材・化学,-,-,3551.T
20260930,3553,共和レザー,スタンダード（内国株式）,3200,化学,4,素材・化学,-,-,3553.T
20260930,3556,リネットジャパングループ,グロース（内国株式）,6100,小売業,14,小売,-,-,3556.T
20260930,3557,ユナイテッド＆コレクティブ,グロース（内国株式）,6100,小売業,14,小売,-,-,3557.T
20260930,3558,ジェイドグループ,グロース（内国株式）,6100,小売業,14,小売,-,-,3558.T
20260930,3559,ピーバンドットコム,スタンダード（内国株式）,6050,卸売業,13,商社・卸売,-,-,3559.T
20260930,3560,ほぼ日,スタンダード（内国株式）,6100,小売業,14,小売,-,-,3560.T
20260930,3561,力の源ホールディングス,プライム（内国株式）,6100,小売業,14,小売,7,TOPIX Small 2,3561.T
20260930,3562,Ｎｏ．１,スタンダード（内国株式）,6050,卸売業,13,商社・卸売,-,-,3562.T
20260930,3563,ＦＯＯＤ　＆　ＬＩＦＥ　ＣＯＭＰＡＮＩＥＳ,プライム（内国株式）,6100,小売業,14,小売,4,TOPIX Mid400,3563.T
20260930,3565,アセンテック,スタンダード（内国株式）,6050,卸売業,13,商社・卸売,7,TOPIX Small 2,3565.T
20260930,3566,ユニフォームネクスト,グロース（内国株式）,6100,小売業,14,小売,-,-,3566.T
20260930,3569,セーレン,プライム（内国株式）,3100,繊維製品,4,素材・化学,6,TOPIX Small 1,3569.T
20260930,3571,ソトー,スタンダード（内国株式）,3100,繊維製品,4,素材・化学,-,-,3571.T
20260930,3577,東海染工,スタンダード（内国株式）,3100,繊維製品,4,素材・化学,-,-,3577.T
20260930,3580,小松マテーレ,プライム（内国株式）,3100,繊維製品,4,素材・化学,7,TOPIX Small 2,3580.T
20260930,3583,オーベクス,スタンダード（内国株式）,3100,繊維製品,4,素材・化学,-,-,3583.T
20260930,3591,ワコールホールディングス,プライム（内国株式）,3100,繊維製品,4,素材・化学,4,TOPIX Mid400,3591.T
20260930,3597,自重堂,スタンダード（内国株式）,3100,繊維製品,4,素材・化学,-,-,3597.T
20260930,3598,山喜,スタンダード（内国株式）,3100,繊維製品,4,素材・化学,-,-,3598.T
20260930,3600,フジックス,スタンダード（内国株式）,3100,繊維製品,4,素材・化学,-,-,3600.T
20260930,3607,クラウディアホールディングス,スタンダード（内国株式）,3100,繊維製品,4,素材・化学,-,-,3607.T
20260930,3608,ＴＳＩホールディングス,プライム（内国株式）,3100,繊維製品,4,素材・化学,6,TOPIX Small 1,3608.T
20260930,3611,マツオカコーポレーション,スタンダード（内国株式）,3100,繊維製品,4,素材・化学,-,-,3611.T
20260930,3612,ワールド,プライム（内国株式）,3100,繊維製品,4,素材・化学,6,TOPIX Small 1,3612.T
20260930,3622,ネットイヤーグループ,スタンダード（内国株式）,5250,情報・通信業,10,情報通信・サービスその他,-,-,3622.T
20260930,3623,ビリングシステム,グロース（内国株式）,5250,情報・通信業,10,情報通信・サービスその他,-,-,3623.T
20260930,3624,アクセルマーク,グロース（内国株式）,5250,情報・通信業,10,情報通信・サービスその他,-,-,3624.T
20260930,3625,テックファームホールディングス,グロース（内国株式）,5250,情報・通信業,10,情報通信・サービスその他,-,-,3625.T
20260930,3626,ＴＩＳＩ,プライム（内国株式）,5250,情報・通信業,10,情報通信・サービスその他,4,TOPIX Mid400,3626.T
20260930,3627,テクミラホールディングス,スタンダード（内国株式）,5250,情報・通信業,10,情報通信・サービスその他,-,-,3627.T
20260930,3628,データホライゾン,グロース（内国株式）,5250,情報・通信業,10,情報通信・サービスその他,-,-,3628.T
20260930,3632,グリーホールディングス,プライム（内国株式）,5250,情報・通信業,10,情報通信・サービスその他,7,TOPIX Small 2,3632.T
20260930,3633,ＧＭＯペパボ,スタンダード（内国株式）,5250,情報・通信業,10,情報通信・サービスその他,7,TOPIX Small 2,3633.T
20260930,3634,ソケッツ,スタンダード（内国株式）,5250,情報・通信業,10,情報通信・サービスその他,-,-,3634.T
20260930,3635,コーエーテクモホールディングス,プライム（内国株式）,5250,情報・通信業,10,情報通信・サービスその他,4,TOPIX Mid400,3635.T
20260930,3636,三菱総合研究所,プライム（内国株式）,5250,情報・通信業,10,情報通信・サービスその他,6,TOPIX Small 1,3636.T
20260930,3639,ボルテージ,スタンダード（内国株式）,5250,情報・通信業,10,情報通信・サービスその他,-,-,3639.T
20260930,3640,電算,スタンダード（内国株式）,5250,情報・通信業,10,情報通信・サービスその他,-,-,3640.T
20260930,3641,パピレス,スタンダード（内国株式）,5250,情報・通信業,10,情報通信・サービスその他,-,-,3641.T
20260930,3645,メディカルネット,スタンダード（内国株式）,5250,情報・通信業,10,情報通信・サービスその他,-,-,3645.T
20260930,3646,駅探,スタンダード（内国株式）,5250,情報・通信業,10,情報通信・サービスその他,-,-,3646.T
20260930,3647,アスリナ,スタンダード（内国株式）,5250,情報・通信業,10,情報通信・サービスその他,-,-,3647.T
20260930,3648,ＡＧＳ,スタンダード（内国株式）,5250,情報・通信業,10,情報通信・サービスその他,-,-,3648.T
20260930,3649,ファインデックス,プライム（内国株式）,5250,情報・通信業,10,情報通信・サービスその他,7,TOPIX Small 2,3649.T
20260930,3652,ディジタルメディアプロフェッショナル,グロース（内国株式）,5250,情報・通信業,10,情報通信・サービスその他,-,-,3652.T
20260930,3653,モルフォ,グロース（内国株式）,5250,情報・通信業,10,情報通信・サービスその他,-,-,3653.T
20260930,3656,ＫＬａｂ,プライム（内国株式）,5250,情報・通信業,10,情報通信・サービスその他,7,TOPIX Small 2,3656.T
20260930,3657,ポールトゥウィンホールディングス,プライム（内国株式）,5250,情報・通信業,10,情報通信・サービスその他,7,TOPIX Small 2,3657.T
20260930,3659,ネクソン,プライム（内国株式）,5250,情報・通信業,10,情報通信・サービスその他,4,TOPIX Mid400,3659.T
20260930,3660,アイスタイル,プライム（内国株式）,5250,情報・通信業,10,情報通信・サービスその他,6,TOPIX Small 1,3660.T
20260930,3661,エムアップホールディングス,プライム（内国株式）,5250,情報・通信業,10,情報通信・サービスその他,6,TOPIX Small 1,3661.T
20260930,3662,エイチームホールディングス,プライム（内国株式）,5250,情報・通信業,10,情報通信・サービスその他,7,TOPIX Small 2,3662.T
20260930,3663,セルシス,プライム（内国株式）,5250,情報・通信業,10,情報通信・サービスその他,7,TOPIX Small 2,3663.T
20260930,3664,ＷＩＺＥ,グロース（内国株式）,5250,情報・通信業,10,情報通信・サービスその他,-,-,3664.T
20260930,3665,エニグモ,プライム（内国株式）,5250,情報・通信業,10,情報通信・サービスその他,7,TOPIX Small 2,3665.T
20260930,3667,ｅｎｉｓｈ,スタンダード（内国株式）,5250,情報・通信業,10,情報通信・サービスその他,-,-,3667.T
20260930,3668,コロプラ,プライム（内国株式）,5250,情報・通信業,10,情報通信・サービスその他,6,TOPIX Small 1,3668.T
20260930,3671,ソフトマックス,スタンダード（内国株式）,5250,情報・通信業,10,情報通信・サービスその他,-,-,3671.T
20260930,3672,オルトプラス,スタンダード（内国株式）,5250,情報・通信業,10,情報通信・サービスその他,-,-,3672.T
20260930,3673,ブロードリーフ,プライム（内国株式）,5250,情報・通信業,10,情報通信・サービスその他,6,TOPIX Small 1,3673.T
20260930,3674,オークファン,グロース（内国株式）,5250,情報・通信業,10,情報通信・サービスその他,-,-,3674.T
20260930,3675,クロス・マーケティンググループ,スタンダード（内国株式）,5250,情報・通信業,10,情報通信・サービスその他,-,-,3675.T
20260930,3676,デジタルハーツホールディングス,プライム（内国株式）,5250,情報・通信業,10,情報通信・サービスその他,7,TOPIX Small 2,3676.T
20260930,3678,メディアドゥ,プライム（内国株式）,5250,情報・通信業,10,情報通信・サービスその他,7,TOPIX Small 2,3678.T
20260930,3679,じげん,プライム（内国株式）,5250,情報・通信業,10,情報通信・サービスその他,7,TOPIX Small 2,3679.T
20260930,3680,ホットリンク,グロース（内国株式）,5250,情報・通信業,10,情報通信・サービスその他,-,-,3680.T
20260930,3682,エンカレッジ・テクノロジ,スタンダード（内国株式）,5250,情報・通信業,10,情報通信・サービスその他,-,-,3682.T
20260930,3683,サイバーリンクス,スタンダード（内国株式）,5250,情報・通信業,10,情報通信・サービスその他,-,-,3683.T
20260930,3686,ディー・エル・イー,スタンダード（内国株式）,5250,情報・通信業,10,情報通信・サービスその他,-,-,3686.T
20260930,3687,フィックスターズ,プライム（内国株式）,5250,情報・通信業,10,情報通信・サービスその他,7,TOPIX Small 2,3687.T
20260930,3690,イルグルム,スタンダード（内国株式）,5250,情報・通信業,10,情報通信・サービスその他,-,-,3690.T
20260930,3691,デジタルプラス,グロース（内国株式）,5250,情報・通信業,10,情報通信・サービスその他,-,-,3691.T
20260930,3692,ＦＦＲＩセキュリティ,グロース（内国株式）,5250,情報・通信業,10,情報通信・サービスその他,-,-,3692.T
20260930,3694,オプティム,プライム（内国株式）,5250,情報・通信業,10,情報通信・サービスその他,7,TOPIX Small 2,3694.T
20260930,3695,ＧＭＯプロダクトプラットフォーム,グロース（内国株式）,5250,情報・通信業,10,情報通信・サービスその他,-,-,3695.T
20260930,3696,セレス,プライム（内国株式）,5250,情報・通信業,10,情報通信・サービスその他,7,TOPIX Small 2,3696.T
20260930,3697,ＳＨＩＦＴ,プライム（内国株式）,5250,情報・通信業,10,情報通信・サービスその他,4,TOPIX Mid400,3697.T
20260930,3698,ＣＲＩ・ミドルウェア,スタンダード（内国株式）,5250,情報・通信業,10,情報通信・サービスその他,-,-,3698.T
20260930,3708,特種東海製紙,プライム（内国株式）,3150,パルプ・紙,4,素材・化学,7,TOPIX Small 2,3708.T
20260930,3710,ジョルダン,スタンダード（内国株式）,5250,情報・通信業,10,情報通信・サービスその他,-,-,3710.T
20260930,3712,情報企画,スタンダード（内国株式）,5250,情報・通信業,10,情報通信・サービスその他,-,-,3712.T
20260930,3719,ＡＩストーム,スタンダード（内国株式）,5250,情報・通信業,10,情報通信・サービスその他,-,-,3719.T
20260930,3723,日本ファルコム,グロース（内国株式）,5250,情報・通信業,10,情報通信・サービスその他,-,-,3723.T
20260930,3726,フォーシーズＨＤ,スタンダード（内国株式）,6100,小売業,14,小売,-,-,3726.T
20260930,3727,アプリックス,グロース（内国株式）,5250,情報・通信業,10,情報通信・サービスその他,-,-,3727.T
20260930,3733,ソフトウェア・サービス,スタンダード（内国株式）,5250,情報・通信業,10,情報通信・サービスその他,-,-,3733.T
20260930,3741,セック,プライム（内国株式）,5250,情報・通信業,10,情報通信・サービスその他,7,TOPIX Small 2,3741.T
20260930,3744,サイオス,スタンダード（内国株式）,5250,情報・通信業,10,情報通信・サービスその他,-,-,3744.T
20260930,3747,インタートレード,スタンダード（内国株式）,5250,情報・通信業,10,情報通信・サービスその他,-,-,3747.T
20260930,3750,ＡＤＲバイオメディカルホールディングス,スタンダード（内国株式）,5250,情報・通信業,10,情報通信・サービスその他,-,-,3750.T
20260930,3753,フライトソリューションズ,スタンダード（内国株式）,5250,情報・通信業,10,情報通信・サービスその他,-,-,3753.T
20260930,3758,アエリア,スタンダード（内国株式）,5250,情報・通信業,10,情報通信・サービスその他,-,-,3758.T
20260930,3760,ケイブ,スタンダード（内国株式）,5250,情報・通信業,10,情報通信・サービスその他,-,-,3760.T
20260930,3762,テクマトリックス,プライム（内国株式）,5250,情報・通信業,10,情報通信・サービスその他,6,TOPIX Small 1,3762.T
20260930,3763,プロシップ,プライム（内国株式）,5250,情報・通信業,10,情報通信・サービスその他,7,TOPIX Small 2,3763.T
20260930,3765,ガンホー・オンライン・エンターテイメント,プライム（内国株式）,5250,情報・通信業,10,情報通信・サービスその他,6,TOPIX Small 1,3765.T
20260930,3766,システムズ・デザイン,スタンダード（内国株式）,5250,情報・通信業,10,情報通信・サービスその他,-,-,3766.T
20260930,3768,リスクモンスター,スタンダード（内国株式）,5250,情報・通信業,10,情報通信・サービスその他,-,-,3768.T
20260930,3769,ＧＭＯペイメントゲートウェイ,プライム（内国株式）,5250,情報・通信業,10,情報通信・サービスその他,4,TOPIX Mid400,3769.T
20260930,3771,システムリサーチ,プライム（内国株式）,5250,情報・通信業,10,情報通信・サービスその他,7,TOPIX Small 2,3771.T
20260930,3772,ウェルス・マネジメント,スタンダード（内国株式）,8050,不動産業,17,不動産,-,-,3772.T
20260930,3773,アドバンスト・メディア,グロース（内国株式）,5250,情報・通信業,10,情報通信・サービスその他,-,-,3773.T
20260930,3774,インターネットイニシアティブ,プライム（内国株式）,5250,情報・通信業,10,情報通信・サービスその他,4,TOPIX Mid400,3774.T
20260930,3776,ブロードバンドタワー,スタンダード（内国株式）,5250,情報・通信業,10,情報通信・サービスその他,-,-,3776.T
20260930,3777,環境フレンドリーホールディングス,グロース（内国株式）,5250,情報・通信業,10,情報通信・サービスその他,-,-,3777.T
20260930,3778,さくらインターネット,プライム（内国株式）,5250,情報・通信業,10,情報通信・サービスその他,6,TOPIX Small 1,3778.T
20260930,3779,ジェイ・エスコムホールディングス,スタンダード（内国株式）,5250,情報・通信業,10,情報通信・サービスその他,-,-,3779.T
20260930,3787,テクノマセマティカル,スタンダード（内国株式）,5250,情報・通信業,10,情報通信・サービスその他,-,-,3787.T
20260930,3788,ＧＭＯグローバルサイン・ホールディングス,プライム（内国株式）,5250,情報・通信業,10,情報通信・サービスその他,7,TOPIX Small 2,3788.T
20260930,3791,ＩＧポート,スタンダード（内国株式）,5250,情報・通信業,10,情報通信・サービスその他,-,-,3791.T
20260930,3793,ドリコム,グロース（内国株式）,5250,情報・通信業,10,情報通信・サービスその他,-,-,3793.T
20260930,3796,いい生活,スタンダード（内国株式）,5250,情報・通信業,10,情報通信・サービスその他,-,-,3796.T
20260930,3798,ＵＬＳグループ,スタンダード（内国株式）,5250,情報・通信業,10,情報通信・サービスその他,-,-,3798.T
20260930,3799,キーウェアソリューションズ,スタンダード（内国株式）,5250,情報・通信業,10,情報通信・サービスその他,-,-,3799.T
20260930,3800,ユニリタ,スタンダード（内国株式）,5250,情報・通信業,10,情報通信・サービスその他,-,-,3800.T
20260930,3802,エコミック,スタンダード（内国株式）,5250,情報・通信業,10,情報通信・サービスその他,-,-,3802.T
20260930,3803,イメージ情報開発,グロース（内国株式）,5250,情報・通信業,10,情報通信・サービスその他,-,-,3803.T
20260930,3804,システム　ディ,スタンダード（内国株式）,5250,情報・通信業,10,情報通信・サービスその他,-,-,3804.T
20260930,3807,フィスコ,グロース（内国株式）,5250,情報・通信業,10,情報通信・サービスその他,-,-,3807.T
20260930,3810,サイバーステップホールディングス,スタンダード（内国株式）,5250,情報・通信業,10,情報通信・サービスその他,-,-,3810.T
20260930,3815,メディア工房,グロース（内国株式）,5250,情報・通信業,10,情報通信・サービスその他,-,-,3815.T
20260930,3816,大和コンピューター,スタンダード（内国株式）,5250,情報・通信業,10,情報通信・サービスその他,-,-,3816.T
20260930,3817,ＳＲＡホールディングス,プライム（内国株式）,5250,情報・通信業,10,情報通信・サービスその他,7,TOPIX Small 2,3817.T
20260930,3823,ＴＨＥ　ＷＨＹ　ＨＯＷ　ＤＯ　ＣＯＭＰＡＮＹ,スタンダード（内国株式）,5250,情報・通信業,10,情報通信・サービスその他,-,-,3823.T
20260930,3825,リミックスポイント,スタンダード（内国株式）,6100,小売業,14,小売,-,-,3825.T
20260930,3826,システムインテグレータ,スタンダード（内国株式）,5250,情報・通信業,10,情報通信・サービスその他,-,-,3826.T
20260930,3834,朝日ネット,プライム（内国株式）,5250,情報・通信業,10,情報通信・サービスその他,7,TOPIX Small 2,3834.T
20260930,3835,ｅＢＡＳＥ,プライム（内国株式）,5250,情報・通信業,10,情報通信・サービスその他,7,TOPIX Small 2,3835.T
20260930,3836,アバントグループ,プライム（内国株式）,5250,情報・通信業,10,情報通信・サービスその他,7,TOPIX Small 2,3836.T
20260930,3837,アドソル日進,プライム（内国株式）,5250,情報・通信業,10,情報通信・サービスその他,7,TOPIX Small 2,3837.T
20260930,3839,ＯＤＫソリューションズ,スタンダード（内国株式）,5250,情報・通信業,10,情報通信・サービスその他,-,-,3839.T
20260930,3840,ヴィクトン,スタンダード（内国株式）,5250,情報・通信業,10,情報通信・サービスその他,-,-,3840.T
20260930,3841,ジーダット,スタンダード（内国株式）,5250,情報・通信業,10,情報通信・サービスその他,-,-,3841.T
20260930,3842,ネクストジェン,スタンダード（内国株式）,5250,情報・通信業,10,情報通信・サービスその他,-,-,3842.T
20260930,3843,フリービット,プライム（内国株式）,5250,情報・通信業,10,情報通信・サービスその他,7,TOPIX Small 2,3843.T
20260930,3844,コムチュア,プライム（内国株式）,5250,情報・通信業,10,情報通信・サービスその他,6,TOPIX Small 1,3844.T
20260930,3845,アイフリークモバイル,スタンダード（内国株式）,5250,情報・通信業,10,情報通信・サービスその他,-,-,3845.T
20260930,3848,データ・アプリケーション,スタンダード（内国株式）,5250,情報・通信業,10,情報通信・サービスその他,-,-,3848.T
20260930,3850,エヌ・ティ・ティ・データ・イントラマート,スタンダード（内国株式）,5250,情報・通信業,10,情報通信・サービスその他,-,-,3850.T
20260930,3851,日本一ソフトウェア,スタンダード（内国株式）,5250,情報・通信業,10,情報通信・サービスその他,-,-,3851.T
20260930,3853,アステリア,プライム（内国株式）,5250,情報・通信業,10,情報通信・サービスその他,7,TOPIX Small 2,3853.T
20260930,3854,アイル,プライム（内国株式）,5250,情報・通信業,10,情報通信・サービスその他,7,TOPIX Small 2,3854.T
20260930,3858,ユビキタスＡＩ,スタンダード（内国株式）,5250,情報・通信業,10,情報通信・サービスその他,-,-,3858.T
20260930,3861,王子ホールディングス,プライム（内国株式）,3150,パルプ・紙,4,素材・化学,4,TOPIX Mid400,3861.T
20260930,3863,日本製紙,プライム（内国株式）,3150,パルプ・紙,4,素材・化学,6,TOPIX Small 1,3863.T
20260930,3864,三菱製紙,プライム（内国株式）,3150,パルプ・紙,4,素材・化学,-,-,3864.T
20260930,3865,北越コーポレーション,プライム（内国株式）,3150,パルプ・紙,4,素材・化学,6,TOPIX Small 1,3865.T
20260930,3877,中越パルプ工業,プライム（内国株式）,3150,パルプ・紙,4,素材・化学,-,-,3877.T
20260930,3878,巴川コーポレーション,スタンダード（内国株式）,3200,化学,4,素材・化学,-,-,3878.T
20260930,3880,大王製紙,プライム（内国株式）,3150,パルプ・紙,4,素材・化学,6,TOPIX Small 1,3880.T
20260930,3891,ニッポン高度紙工業,スタンダード（内国株式）,3150,パルプ・紙,4,素材・化学,-,-,3891.T
20260930,3892,岡山製紙,スタンダード（内国株式）,3150,パルプ・紙,4,素材・化学,-,-,3892.T
20260930,3895,ハビックス,スタンダード（内国株式）,3150,パルプ・紙,4,素材・化学,-,-,3895.T
20260930,3896,阿波製紙,スタンダード（内国株式）,3150,パルプ・紙,4,素材・化学,-,-,3896.T
20260930,3900,クラウドワークス,グロース（内国株式）,5250,情報・通信業,10,情報通信・サービスその他,-,-,3900.T
20260930,3901,マークラインズ,プライム（内国株式）,5250,情報・通信業,10,情報通信・サービスその他,7,TOPIX Small 2,3901.T
20260930,3903,ｇｕｍｉ,プライム（内国株式）,5250,情報・通信業,10,情報通信・サービスその他,7,TOPIX Small 2,3903.T
20260930,3904,カヤック,グロース（内国株式）,5250,情報・通信業,10,情報通信・サービスその他,-,-,3904.T
20260930,3905,データセクション,グロース（内国株式）,5250,情報・通信業,10,情報通信・サービスその他,-,-,3905.T
20260930,3907,シリコンスタジオ,スタンダード（内国株式）,5250,情報・通信業,10,情報通信・サービスその他,-,-,3907.T
20260930,3908,コラボス,スタンダード（内国株式）,5250,情報・通信業,10,情報通信・サービスその他,-,-,3908.T
20260930,3909,ショーケース,スタンダード（内国株式）,5250,情報・通信業,10,情報通信・サービスその他,-,-,3909.T
20260930,3910,エムケイシステム,スタンダード（内国株式）,5250,情報・通信業,10,情報通信・サービスその他,-,-,3910.T
20260930,3911,Ａｉｍｉｎｇ,グロース（内国株式）,5250,情報・通信業,10,情報通信・サービスその他,-,-,3911.T
20260930,3912,モバイルファクトリー,スタンダード（内国株式）,5250,情報・通信業,10,情報通信・サービスその他,-,-,3912.T
20260930,3913,ＧｒｅｅｎＢｅｅ,スタンダード（内国株式）,5250,情報・通信業,10,情報通信・サービスその他,-,-,3913.T
20260930,3914,ＪＩＧ－ＳＡＷ,グロース（内国株式）,5250,情報・通信業,10,情報通信・サービスその他,-,-,3914.T
20260930,3915,テラスカイ,プライム（内国株式）,5250,情報・通信業,10,情報通信・サービスその他,7,TOPIX Small 2,3915.T
20260930,3916,デジタル・インフォメーション・テクノロジー,プライム（内国株式）,5250,情報・通信業,10,情報通信・サービスその他,7,TOPIX Small 2,3916.T
20260930,3917,アイリッジ,グロース（内国株式）,5250,情報・通信業,10,情報通信・サービスその他,-,-,3917.T
20260930,3918,ＰＣＩホールディングス,スタンダード（内国株式）,5250,情報・通信業,10,情報通信・サービスその他,-,-,3918.T
20260930,3920,アイビーシー,スタンダード（内国株式）,5250,情報・通信業,10,情報通信・サービスその他,-,-,3920.T
20260930,3921,ネオジャパン,プライム（内国株式）,5250,情報・通信業,10,情報通信・サービスその他,7,TOPIX Small 2,3921.T
20260930,3922,ＰＲ　ＴＩＭＥＳ,プライム（内国株式）,5250,情報・通信業,10,情報通信・サービスその他,7,TOPIX Small 2,3922.T
20260930,3923,ラクス,プライム（内国株式）,5250,情報・通信業,10,情報通信・サービスその他,4,TOPIX Mid400,3923.T
20260930,3925,ダブルスタンダード,プライム（内国株式）,5250,情報・通信業,10,情報通信・サービスその他,7,TOPIX Small 2,3925.T
20260930,3926,オープンドア,スタンダード（内国株式）,5250,情報・通信業,10,情報通信・サービスその他,7,TOPIX Small 2,3926.T
20260930,3927,フーバーブレイン,スタンダード（内国株式）,5250,情報・通信業,10,情報通信・サービスその他,-,-,3927.T
20260930,3928,マイネット,スタンダード（内国株式）,5250,情報・通信業,10,情報通信・サービスその他,-,-,3928.T
20260930,3929,ソーシャルワイヤー,グロース（内国株式）,5250,情報・通信業,10,情報通信・サービスその他,-,-,3929.T
20260930,3930,はてな,グロース（内国株式）,5250,情報・通信業,10,情報通信・サービスその他,-,-,3930.T
20260930,3931,バリューゴルフ,グロース（内国株式）,5250,情報・通信業,10,情報通信・サービスその他,-,-,3931.T
20260930,3932,アカツキ,プライム（内国株式）,5250,情報・通信業,10,情報通信・サービスその他,7,TOPIX Small 2,3932.T
20260930,3933,チエル,スタンダード（内国株式）,5250,情報・通信業,10,情報通信・サービスその他,-,-,3933.T
20260930,3934,ベネフィットジャパン,スタンダード（内国株式）,5250,情報・通信業,10,情報通信・サービスその他,-,-,3934.T
20260930,3935,エディア,スタンダード（内国株式）,5250,情報・通信業,10,情報通信・サービスその他,-,-,3935.T
20260930,3936,グローバルウェイ,グロース（内国株式）,5250,情報・通信業,10,情報通信・サービスその他,-,-,3936.T
20260930,3937,Ｕｂｉｃｏｍホールディングス,スタンダード（内国株式）,5250,情報・通信業,10,情報通信・サービスその他,7,TOPIX Small 2,3937.T
20260930,3939,カナミックネットワーク,プライム（内国株式）,5250,情報・通信業,10,情報通信・サービスその他,7,TOPIX Small 2,3939.T
20260930,3940,ノムラシステムコーポレーション,スタンダード（内国株式）,5250,情報・通信業,10,情報通信・サービスその他,-,-,3940.T
20260930,3941,レンゴー,プライム（内国株式）,3150,パルプ・紙,4,素材・化学,4,TOPIX Mid400,3941.T
20260930,3943,大石産業,スタンダード（内国株式）,3150,パルプ・紙,4,素材・化学,-,-,3943.T
20260930,3944,古林紙工,スタンダード（内国株式）,3150,パルプ・紙,4,素材・化学,-,-,3944.T
20260930,3945,スーパーバッグ,スタンダード（内国株式）,3150,パルプ・紙,4,素材・化学,-,-,3945.T
20260930,3946,トーモク,プライム（内国株式）,3150,パルプ・紙,4,素材・化学,7,TOPIX Small 2,3946.T
20260930,3947,ダイナパック,スタンダード（内国株式）,3150,パルプ・紙,4,素材・化学,-,-,3947.T
20260930,3948,光ビジネスフォーム,スタンダード（内国株式）,3150,パルプ・紙,4,素材・化学,-,-,3948.T
20260930,3950,ザ・パック,プライム（内国株式）,3150,パルプ・紙,4,素材・化学,7,TOPIX Small 2,3950.T
20260930,3951,朝日印刷,スタンダード（内国株式）,3150,パルプ・紙,4,素材・化学,-,-,3951.T
20260930,3953,大村紙業,スタンダード（内国株式）,3150,パルプ・紙,4,素材・化学,-,-,3953.T
20260930,3954,昭和パックス,スタンダード（内国株式）,3150,パルプ・紙,4,素材・化学,-,-,3954.T
20260930,3955,イムラ,スタンダード（内国株式）,3150,パルプ・紙,4,素材・化学,-,-,3955.T
20260930,3958,笹徳印刷,スタンダード（内国株式）,3150,パルプ・紙,4,素材・化学,-,-,3958.T
20260930,3962,チェンジホールディングス,プライム（内国株式）,5250,情報・通信業,10,情報通信・サービスその他,6,TOPIX Small 1,3962.T
20260930,3963,シンクロ・フード,プライム（内国株式）,5250,情報・通信業,10,情報通信・サービスその他,-,-,3963.T
20260930,3964,オークネット,プライム（内国株式）,5250,情報・通信業,10,情報通信・サービスその他,7,TOPIX Small 2,3964.T
20260930,3965,キャピタル・アセット・プランニング,スタンダード（内国株式）,5250,情報・通信業,10,情報通信・サービスその他,-,-,3965.T
20260930,3967,エルテス,グロース（内国株式）,5250,情報・通信業,10,情報通信・サービスその他,-,-,3967.T
20260930,3968,セグエグループ,プライム（内国株式）,5250,情報・通信業,10,情報通信・サービスその他,-,-,3968.T
20260930,3969,エイトレッド,スタンダード（内国株式）,5250,情報・通信業,10,情報通信・サービスその他,-,-,3969.T
20260930,3970,イノベーション,スタンダード（内国株式）,5250,情報・通信業,10,情報通信・サービスその他,-,-,3970.T
20260930,3974,ＳＣＡＴ,スタンダード（内国株式）,5250,情報・通信業,10,情報通信・サービスその他,-,-,3974.T
20260930,3976,シャノン,グロース（内国株式）,5250,情報・通信業,10,情報通信・サービスその他,-,-,3976.T
20260930,3979,うるる,グロース（内国株式）,5250,情報・通信業,10,情報通信・サービスその他,-,-,3979.T
20260930,3981,ビーグリー,スタンダード（内国株式）,5250,情報・通信業,10,情報通信・サービスその他,-,-,3981.T
20260930,3983,オロ,プライム（内国株式）,5250,情報・通信業,10,情報通信・サービスその他,7,TOPIX Small 2,3983.T
20260930,3984,ユーザーローカル,プライム（内国株式）,5250,情報・通信業,10,情報通信・サービスその他,7,TOPIX Small 2,3984.T
20260930,3985,テモナ,スタンダード（内国株式）,5250,情報・通信業,10,情報通信・サービスその他,-,-,3985.T
20260930,3986,ビーブレイクシステムズ,スタンダード（内国株式）,5250,情報・通信業,10,情報通信・サービスその他,-,-,3986.T
20260930,3987,エコモット,グロース（内国株式）,5250,情報・通信業,10,情報通信・サービスその他,-,-,3987.T
20260930,3988,ＳＹＳホールディングス,スタンダード（内国株式）,5250,情報・通信業,10,情報通信・サービスその他,-,-,3988.T
20260930,3989,シェアリングテクノロジー,グロース（内国株式）,5250,情報・通信業,10,情報通信・サービスその他,-,-,3989.T
20260930,3991,ウォンテッドリー,グロース（内国株式）,5250,情報・通信業,10,情報通信・サービスその他,-,-,3991.T
20260930,3992,ニーズウェル,プライム（内国株式）,5250,情報・通信業,10,情報通信・サービスその他,-,-,3992.T
20260930,3993,ＰＫＳＨＡ　Ｔｅｃｈｎｏｌｏｇｙ,プライム（内国株式）,5250,情報・通信業,10,情報通信・サービスその他,6,TOPIX Small 1,3993.T
20260930,3994,マネーフォワード,プライム（内国株式）,5250,情報・通信業,10,情報通信・サービスその他,4,TOPIX Mid400,3994.T
20260930,3996,サインポスト,スタンダード（内国株式）,5250,情報・通信業,10,情報通信・サービスその他,-,-,3996.T
20260930,3997,トレードワークス,スタンダード（内国株式）,5250,情報・通信業,10,情報通信・サービスその他,-,-,3997.T
20260930,3998,すららネット,グロース（内国株式）,5250,情報・通信業,10,情報通信・サービスその他,-,-,3998.T
20260930,4004,レゾナック・ホールディングス,プライム（内国株式）,3200,化学,4,素材・化学,4,TOPIX Mid400,4004.T
20260930,4005,住友化学,プライム（内国株式）,3200,化学,4,素材・化学,4,TOPIX Mid400,4005.T
20260930,4008,住友精化,プライム（内国株式）,3200,化学,4,素材・化学,6,TOPIX Small 1,4008.T
20260930,4011,ヘッドウォータース,グロース（内国株式）,5250,情報・通信業,10,情報通信・サービスその他,-,-,4011.T
20260930,4012,アクシス,スタンダード（内国株式）,5250,情報・通信業,10,情報通信・サービスその他,-,-,4012.T
20260930,4013,勤次郎,グロース（内国株式）,5250,情報・通信業,10,情報通信・サービスその他,-,-,4013.T
20260930,4014,カラダノート,グロース（内国株式）,5250,情報・通信業,10,情報通信・サービスその他,-,-,4014.T
20260930,4015,ペイクラウドホールディングス,グロース（内国株式）,5250,情報・通信業,10,情報通信・サービスその他,-,-,4015.T
20260930,4016,ＭＩＴホールディングス,スタンダード（内国株式）,5250,情報・通信業,10,情報通信・サービスその他,-,-,4016.T
20260930,4017,クリーマ,グロース（内国株式）,5250,情報・通信業,10,情報通信・サービスその他,-,-,4017.T
20260930,4019,スタメン,グロース（内国株式）,5250,情報・通信業,10,情報通信・サービスその他,-,-,4019.T
20260930,4020,ビートレンド,グロース（内国株式）,5250,情報・通信業,10,情報通信・サービスその他,-,-,4020.T
20260930,4021,日産化学,プライム（内国株式）,3200,化学,4,素材・化学,4,TOPIX Mid400,4021.T
20260930,4022,ラサ工業,プライム（内国株式）,3200,化学,4,素材・化学,7,TOPIX Small 2,4022.T
20260930,4023,クレハ,プライム（内国株式）,3200,化学,4,素材・化学,6,TOPIX Small 1,4023.T
20260930,4025,多木化学,プライム（内国株式）,3200,化学,4,素材・化学,7,TOPIX Small 2,4025.T
20260930,4026,神島化学工業,スタンダード（内国株式）,3400,ガラス・土石製品,3,建設・資材,-,-,4026.T
20260930,4027,テイカ,プライム（内国株式）,3200,化学,4,素材・化学,7,TOPIX Small 2,4027.T
20260930,4028,石原産業,プライム（内国株式）,3200,化学,4,素材・化学,6,TOPIX Small 1,4028.T
20260930,4031,片倉コープアグリ,スタンダード（内国株式）,3200,化学,4,素材・化学,-,-,4031.T
20260930,4040,南海化学,スタンダード（内国株式）,3200,化学,4,素材・化学,-,-,4040.T
20260930,4041,日本曹達,プライム（内国株式）,3200,化学,4,素材・化学,6,TOPIX Small 1,4041.T
20260930,4042,東ソー,プライム（内国株式）,3200,化学,4,素材・化学,4,TOPIX Mid400,4042.T
20260930,4043,トクヤマ,プライム（内国株式）,3200,化学,4,素材・化学,4,TOPIX Mid400,4043.T
20260930,4044,セントラル硝子,プライム（内国株式）,3200,化学,4,素材・化学,6,TOPIX Small 1,4044.T
20260930,4045,東亞合成,プライム（内国株式）,3200,化学,4,素材・化学,4,TOPIX Mid400,4045.T
20260930,4046,大阪ソーダ,プライム（内国株式）,3200,化学,4,素材・化学,6,TOPIX Small 1,4046.T
20260930,4047,関東電化工業,プライム（内国株式）,3200,化学,4,素材・化学,6,TOPIX Small 1,4047.T
20260930,4051,ＧＭＯフィナンシャルゲート,プライム（内国株式）,5250,情報・通信業,10,情報通信・サービスその他,7,TOPIX Small 2,4051.T
20260930,4052,フィーチャ,グロース（内国株式）,5250,情報・通信業,10,情報通信・サービスその他,-,-,4052.T
20260930,4053,Ｓｕｎ　Ａｓｔｅｒｉｓｋ,プライム（内国株式）,5250,情報・通信業,10,情報通信・サービスその他,7,TOPIX Small 2,4053.T
20260930,4054,日本情報クリエイト,グロース（内国株式）,5250,情報・通信業,10,情報通信・サービスその他,-,-,4054.T
20260930,4055,ティアンドエスグループ,グロース（内国株式）,5250,情報・通信業,10,情報通信・サービスその他,-,-,4055.T
20260930,4056,ニューラルグループ,グロース（内国株式）,5250,情報・通信業,10,情報通信・サービスその他,-,-,4056.T
20260930,4057,インターファクトリー,グロース（内国株式）,5250,情報・通信業,10,情報通信・サービスその他,-,-,4057.T
20260930,4058,トヨクモ,グロース（内国株式）,5250,情報・通信業,10,情報通信・サービスその他,-,-,4058.T
20260930,4059,まぐまぐ,スタンダード（内国株式）,5250,情報・通信業,10,情報通信・サービスその他,-,-,4059.T
20260930,4060,ｒａｋｕｍｏ,グロース（内国株式）,5250,情報・通信業,10,情報通信・サービスその他,-,-,4060.T
20260930,4061,デンカ,プライム（内国株式）,3200,化学,4,素材・化学,4,TOPIX Mid400,4061.T
20260930,4062,イビデン,プライム（内国株式）,3650,電気機器,9,電機・精密,4,TOPIX Mid400,4062.T
20260930,4063,信越化学工業,プライム（内国株式）,3200,化学,4,素材・化学,1,TOPIX Core30,4063.T
20260930,4064,日本カーバイド工業,プライム（内国株式）,3200,化学,4,素材・化学,7,TOPIX Small 2,4064.T
20260930,4068,ベイシス,グロース（内国株式）,5250,情報・通信業,10,情報通信・サービスその他,-,-,4068.T
20260930,4069,ＢｌｕｅＭｅｍｅ,グロース（内国株式）,5250,情報・通信業,10,情報通信・サービスその他,-,-,4069.T
20260930,4071,プラスアルファ・コンサルティング,プライム（内国株式）,5250,情報・通信業,10,情報通信・サービスその他,6,TOPIX Small 1,4071.T
20260930,4072,電算システムホールディングス,プライム（内国株式）,5250,情報・通信業,10,情報通信・サービスその他,7,TOPIX Small 2,4072.T
20260930,4073,ジィ・シィ企画,グロース（内国株式）,5250,情報・通信業,10,情報通信・サービスその他,-,-,4073.T
20260930,4074,ラキール,グロース（内国株式）,5250,情報・通信業,10,情報通信・サービスその他,-,-,4074.T
20260930,4075,ブレインズテクノロジー,グロース（内国株式）,5250,情報・通信業,10,情報通信・サービスその他,-,-,4075.T
20260930,4076,シイエヌエス,グロース（内国株式）,5250,情報・通信業,10,情報通信・サービスその他,-,-,4076.T
20260930,4078,堺化学工業,プライム（内国株式）,3200,化学,4,素材・化学,6,TOPIX Small 1,4078.T
20260930,4082,第一稀元素化学工業,プライム（内国株式）,3200,化学,4,素材・化学,7,TOPIX Small 2,4082.T
20260930,4088,エア・ウォーター,プライム（内国株式）,3200,化学,4,素材・化学,-,-,4088.T
20260930,4091,日本酸素ホールディングス,プライム（内国株式）,3200,化学,4,素材・化学,4,TOPIX Mid400,4091.T
20260930,4092,日本化学工業,プライム（内国株式）,3200,化学,4,素材・化学,7,TOPIX Small 2,4092.T
20260930,4093,東邦アセチレン,スタンダード（内国株式）,3200,化学,4,素材・化学,-,-,4093.T
20260930,4094,日本化学産業,スタンダード（内国株式）,3200,化学,4,素材・化学,-,-,4094.T
20260930,4095,日本パーカライジング,プライム（内国株式）,3200,化学,4,素材・化学,6,TOPIX Small 1,4095.T
20260930,4097,高圧ガス工業,プライム（内国株式）,3200,化学,4,素材・化学,7,TOPIX Small 2,4097.T
20260930,4098,チタン工業,スタンダード（内国株式）,3200,化学,4,素材・化学,-,-,4098.T
20260930,4099,四国化成ホールディングス,プライム（内国株式）,3200,化学,4,素材・化学,7,TOPIX Small 2,4099.T
20260930,4100,戸田工業,スタンダード（内国株式）,3200,化学,4,素材・化学,7,TOPIX Small 2,4100.T
20260930,4102,丸尾カルシウム,スタンダード（内国株式）,3200,化学,4,素材・化学,-,-,4102.T
20260930,4107,伊勢化学工業,スタンダード（内国株式）,3200,化学,4,素材・化学,-,-,4107.T
20260930,4109,ステラ　ケミファ,プライム（内国株式）,3200,化学,4,素材・化学,6,TOPIX Small 1,4109.T
20260930,4112,保土谷化学工業,プライム（内国株式）,3200,化学,4,素材・化学,7,TOPIX Small 2,4112.T
20260930,4113,田岡化学工業,スタンダード（内国株式）,3200,化学,4,素材・化学,-,-,4113.T
20260930,4114,日本触媒,プライム（内国株式）,3200,化学,4,素材・化学,4,TOPIX Mid400,4114.T
20260930,4116,大日精化工業,プライム（内国株式）,3200,化学,4,素材・化学,7,TOPIX Small 2,4116.T
20260930,4118,カネカ,プライム（内国株式）,3200,化学,4,素材・化学,4,TOPIX Mid400,4118.T
20260930,4119,日本ピグメントホールディングス,スタンダード（内国株式）,3200,化学,4,素材・化学,-,-,4119.T
20260930,4120,スガイ化学工業,スタンダード（内国株式）,3200,化学,4,素材・化学,-,-,4120.T
20260930,4124,大阪油化工業,スタンダード（内国株式）,3200,化学,4,素材・化学,-,-,4124.T
20260930,4125,三和油化工業,スタンダード（内国株式）,3200,化学,4,素材・化学,-,-,4125.T
20260930,4151,協和キリン,プライム（内国株式）,3250,医薬品,5,医薬品,4,TOPIX Mid400,4151.T
20260930,4165,プレイド,グロース（内国株式）,5250,情報・通信業,10,情報通信・サービスその他,-,-,4165.T
20260930,4166,かっこ,グロース（内国株式）,5250,情報・通信業,10,情報通信・サービスその他,-,-,4166.T
20260930,4167,ココペリ,グロース（内国株式）,5250,情報・通信業,10,情報通信・サービスその他,-,-,4167.T
20260930,4168,ヤプリ,グロース（内国株式）,5250,情報・通信業,10,情報通信・サービスその他,-,-,4168.T
20260930,4169,ＥＮＥＣＨＡＮＧＥ,グロース（内国株式）,5250,情報・通信業,10,情報通信・サービスその他,-,-,4169.T
20260930,4170,Ｋａｉｚｅｎ　Ｐｌａｔｆｏｒｍ,グロース（内国株式）,5250,情報・通信業,10,情報通信・サービスその他,-,-,4170.T
20260930,4172,Ｈｉクラテス,スタンダード（内国株式）,5250,情報・通信業,10,情報通信・サービスその他,-,-,4172.T
20260930,4174,アピリッツ,スタンダード（内国株式）,5250,情報・通信業,10,情報通信・サービスその他,-,-,4174.T
20260930,4175,ｃｏｌｙ,グロース（内国株式）,5250,情報・通信業,10,情報通信・サービスその他,-,-,4175.T
20260930,4176,ココナラ,グロース（内国株式）,5250,情報・通信業,10,情報通信・サービスその他,-,-,4176.T
20260930,4177,ｉ‐ｐｌｕｇ,グロース（内国株式）,5250,情報・通信業,10,情報通信・サービスその他,-,-,4177.T
20260930,4178,Ｓｈａｒｉｎｇ　Ｉｎｎｏｖａｔｉｏｎｓ,グロース（内国株式）,5250,情報・通信業,10,情報通信・サービスその他,-,-,4178.T
20260930,4179,ジーネクスト,グロース（内国株式）,5250,情報・通信業,10,情報通信・サービスその他,-,-,4179.T
20260930,4180,Ａｐｐｉｅｒ　Ｇｒｏｕｐ,プライム（内国株式）,5250,情報・通信業,10,情報通信・サービスその他,6,TOPIX Small 1,4180.T
20260930,4182,三菱瓦斯化学,プライム（内国株式）,3200,化学,4,素材・化学,4,TOPIX Mid400,4182.T
20260930,4183,三井化学,プライム（内国株式）,3200,化学,4,素材・化学,4,TOPIX Mid400,4183.T
20260930,4186,東京応化工業,プライム（内国株式）,3200,化学,4,素材・化学,4,TOPIX Mid400,4186.T
20260930,4187,大阪有機化学工業,プライム（内国株式）,3200,化学,4,素材・化学,6,TOPIX Small 1,4187.T
20260930,4188,三菱ケミカルグループ,プライム（内国株式）,3200,化学,4,素材・化学,2,TOPIX Large70,4188.T
20260930,4189,ＫＨネオケム,プライム（内国株式）,3200,化学,4,素材・化学,6,TOPIX Small 1,4189.T
20260930,4192,スパイダープラス,グロース（内国株式）,5250,情報・通信業,10,情報通信・サービスその他,-,-,4192.T
20260930,4193,ファブリカホールディングス,スタンダード（内国株式）,5250,情報・通信業,10,情報通信・サービスその他,-,-,4193.T
20260930,4194,ビジョナル,プライム（内国株式）,5250,情報・通信業,10,情報通信・サービスその他,4,TOPIX Mid400,4194.T
20260930,4196,ネオマーケティング,スタンダード（内国株式）,5250,情報・通信業,10,情報通信・サービスその他,-,-,4196.T
20260930,4197,アスマーク,スタンダード（内国株式）,5250,情報・通信業,10,情報通信・サービスその他,-,-,4197.T
20260930,4198,テンダ,スタンダード（内国株式）,5250,情報・通信業,10,情報通信・サービスその他,-,-,4198.T
20260930,4199,ワンダープラネット,グロース（内国株式）,5250,情報・通信業,10,情報通信・サービスその他,-,-,4199.T
20260930,4202,ダイセル,プライム（内国株式）,3200,化学,4,素材・化学,4,TOPIX Mid400,4202.T
20260930,4203,住友ベークライト,プライム（内国株式）,3200,化学,4,素材・化学,4,TOPIX Mid400,4203.T
20260930,4204,積水化学工業,プライム（内国株式）,3200,化学,4,素材・化学,4,TOPIX Mid400,4204.T
20260930,4205,日本ゼオン,プライム（内国株式）,3200,化学,4,素材・化学,4,TOPIX Mid400,4205.T
20260930,4206,アイカ工業,プライム（内国株式）,3200,化学,4,素材・化学,4,TOPIX Mid400,4206.T
20260930,4208,ＵＢＥ,プライム（内国株式）,3200,化学,4,素材・化学,4,TOPIX Mid400,4208.T
20260930,4212,積水樹脂,プライム（内国株式）,3200,化学,4,素材・化学,6,TOPIX Small 1,4212.T
20260930,4216,旭有機材,プライム（内国株式）,3200,化学,4,素材・化学,6,TOPIX Small 1,4216.T
20260930,4218,ニチバン,プライム（内国株式）,3200,化学,4,素材・化学,7,TOPIX Small 2,4218.T
20260930,4220,リケンテクノス,プライム（内国株式）,3200,化学,4,素材・化学,7,TOPIX Small 2,4220.T
20260930,4221,大倉工業,プライム（内国株式）,3200,化学,4,素材・化学,7,TOPIX Small 2,4221.T
20260930,4222,児玉化学工業,スタンダード（内国株式）,3200,化学,4,素材・化学,-,-,4222.T
20260930,4224,ロンシール工業,スタンダード（内国株式）,3200,化学,4,素材・化学,-,-,4224.T
20260930,4228,積水化成品工業,プライム（内国株式）,3200,化学,4,素材・化学,7,TOPIX Small 2,4228.T
20260930,4229,群栄化学工業,プライム（内国株式）,3200,化学,4,素材・化学,7,TOPIX Small 2,4229.T
20260930,4231,タイガースポリマー,スタンダード（内国株式）,3200,化学,4,素材・化学,-,-,4231.T
20260930,4234,サンエー化研,スタンダード（内国株式）,3200,化学,4,素材・化学,-,-,4234.T
20260930,4235,ウルトラファブリックス・ホールディングス,スタンダード（内国株式）,3200,化学,4,素材・化学,-,-,4235.T
20260930,4237,フジプレアム,スタンダード（内国株式）,3200,化学,4,素材・化学,-,-,4237.T
20260930,4238,ミライアル,スタンダード（内国株式）,3200,化学,4,素材・化学,-,-,4238.T
20260930,4240,クラスターテクノロジー,スタンダード（内国株式）,3200,化学,4,素材・化学,-,-,4240.T
20260930,4241,アテクト,スタンダード（内国株式）,3200,化学,4,素材・化学,-,-,4241.T
20260930,4242,タカギセイコー,スタンダード（内国株式）,3200,化学,4,素材・化学,-,-,4242.T
20260930,4243,ニックス,スタンダード（内国株式）,3200,化学,4,素材・化学,-,-,4243.T
20260930,4245,ダイキアクシス,スタンダード（内国株式）,3200,化学,4,素材・化学,-,-,4245.T
20260930,4246,ダイキョーニシカワ,プライム（内国株式）,3200,化学,4,素材・化学,7,TOPIX Small 2,4246.T
20260930,4247,ポバール興業,スタンダード（内国株式）,3200,化学,4,素材・化学,-,-,4247.T
20260930,4248,竹本容器,スタンダード（内国株式）,3200,化学,4,素材・化学,-,-,4248.T
20260930,4249,森六,プライム（内国株式）,3200,化学,4,素材・化学,7,TOPIX Small 2,4249.T
20260930,4251,恵和,プライム（内国株式）,3200,化学,4,素材・化学,7,TOPIX Small 2,4251.T
20260930,4255,ＴＨＥＣＯＯ,グロース（内国株式）,5250,情報・通信業,10,情報通信・サービスその他,-,-,4255.T
20260930,4256,サインド,グロース（内国株式）,5250,情報・通信業,10,情報通信・サービスその他,-,-,4256.T
20260930,4258,網屋,グロース（内国株式）,5250,情報・通信業,10,情報通信・サービスその他,-,-,4258.T
20260930,4259,エクサウィザーズ,グロース（内国株式）,5250,情報・通信業,10,情報通信・サービスその他,-,-,4259.T
20260930,4260,ハイブリッドテクノロジーズ,グロース（内国株式）,5250,情報・通信業,10,情報通信・サービスその他,-,-,4260.T
20260930,4261,アジアクエスト,グロース（内国株式）,5250,情報・通信業,10,情報通信・サービスその他,-,-,4261.T
20260930,4262,ニフティライフスタイル,グロース（内国株式）,5250,情報・通信業,10,情報通信・サービスその他,-,-,4262.T
20260930,4263,サスメド,グロース（内国株式）,5250,情報・通信業,10,情報通信・サービスその他,-,-,4263.T
20260930,4264,セキュア,グロース（内国株式）,5250,情報・通信業,10,情報通信・サービスその他,-,-,4264.T
20260930,4265,Ｉｎｓｔｉｔｕｔｉｏｎ　ｆｏｒ　ａ　Ｇｌｏｂａｌ　Ｓｏｃｉｅｔｙ,グロース（内国株式）,5250,情報・通信業,10,情報通信・サービスその他,-,-,4265.T
20260930,4270,ＢｅｅＸ,グロース（内国株式）,5250,情報・通信業,10,情報通信・サービスその他,-,-,4270.T
20260930,4272,日本化薬,プライム（内国株式）,3200,化学,4,素材・化学,4,TOPIX Mid400,4272.T
20260930,4274,細谷火工,スタンダード（内国株式）,3200,化学,4,素材・化学,-,-,4274.T
20260930,4275,カーリット,プライム（内国株式）,3200,化学,4,素材・化学,7,TOPIX Small 2,4275.T
20260930,4284,ソルクシーズ,スタンダード（内国株式）,5250,情報・通信業,10,情報通信・サービスその他,-,-,4284.T
20260930,4286,ＣＬホールディングス,スタンダード（内国株式）,9050,サービス業,10,情報通信・サービスその他,7,TOPIX Small 2,4286.T
20260930,4287,ジャストプランニング,スタンダード（内国株式）,5250,情報・通信業,10,情報通信・サービスその他,-,-,4287.T
20260930,4288,アズジェント,スタンダード（内国株式）,5250,情報・通信業,10,情報通信・サービスその他,-,-,4288.T
20260930,4290,プレステージ・インターナショナル,プライム（内国株式）,9050,サービス業,10,情報通信・サービスその他,6,TOPIX Small 1,4290.T
20260930,4293,セプテーニ・ホールディングス,スタンダード（内国株式）,9050,サービス業,10,情報通信・サービスその他,-,-,4293.T
20260930,4299,ハイマックス,スタンダード（内国株式）,5250,情報・通信業,10,情報通信・サービスその他,7,TOPIX Small 2,4299.T
20260930,4301,アミューズ,プライム（内国株式）,9050,サービス業,10,情報通信・サービスその他,7,TOPIX Small 2,4301.T
20260930,4307,野村総合研究所,プライム（内国株式）,5250,情報・通信業,10,情報通信・サービスその他,2,TOPIX Large70,4307.T
20260930,4308,Ｊストリーム,グロース（内国株式）,5250,情報・通信業,10,情報通信・サービスその他,-,-,4308.T
20260930,4310,ドリームインキュベータ,プライム（内国株式）,9050,サービス業,10,情報通信・サービスその他,7,TOPIX Small 2,4310.T
20260930,4316,ビーマップ,グロース（内国株式）,5250,情報・通信業,10,情報通信・サービスその他,-,-,4316.T
20260930,4317,レイ,スタンダード（内国株式）,9050,サービス業,10,情報通信・サービスその他,-,-,4317.T
20260930,4318,クイック,プライム（内国株式）,9050,サービス業,10,情報通信・サービスその他,7,TOPIX Small 2,4318.T
20260930,4320,ＣＥホールディングス,スタンダード（内国株式）,5250,情報・通信業,10,情報通信・サービスその他,-,-,4320.T
20260930,4323,日本システム技術,プライム（内国株式）,5250,情報・通信業,10,情報通信・サービスその他,7,TOPIX Small 2,4323.T
20260930,4324,電通グループ,プライム（内国株式）,9050,サービス業,10,情報通信・サービスその他,4,TOPIX Mid400,4324.T
20260930,4326,インテージホールディングス,プライム（内国株式）,5250,情報・通信業,10,情報通信・サービスその他,7,TOPIX Small 2,4326.T
20260930,4331,テイクアンドギヴ・ニーズ,プライム（内国株式）,9050,サービス業,10,情報通信・サービスその他,7,TOPIX Small 2,4331.T
20260930,4334,ユークス,スタンダード（内国株式）,5250,情報・通信業,10,情報通信・サービスその他,-,-,4334.T
20260930,4335,ＩＰＳホールディングス,スタンダード（内国株式）,5250,情報・通信業,10,情報通信・サービスその他,-,-,4335.T
20260930,4337,ぴあ,プライム（内国株式）,9050,サービス業,10,情報通信・サービスその他,7,TOPIX Small 2,4337.T
20260930,4341,西菱電機,スタンダード（内国株式）,9050,サービス業,10,情報通信・サービスその他,-,-,4341.T
20260930,4343,イオンファンタジー,プライム（内国株式）,9050,サービス業,10,情報通信・サービスその他,7,TOPIX Small 2,4343.T
20260930,4344,ソースネクスト,プライム（内国株式）,5250,情報・通信業,10,情報通信・サービスその他,7,TOPIX Small 2,4344.T
20260930,4345,シーティーエス,プライム（内国株式）,9050,サービス業,10,情報通信・サービスその他,7,TOPIX Small 2,4345.T
20260930,4346,ＮＥＸＹＺ．Ｇｒｏｕｐ,スタンダード（内国株式）,7200,その他金融業,16,金融（除く銀行）,-,-,4346.T
20260930,4347,ブロードメディア,スタンダード（内国株式）,9050,サービス業,10,情報通信・サービスその他,-,-,4347.T
20260930,4350,メディカルシステムネットワーク,スタンダード（内国株式）,6100,小売業,14,小売,7,TOPIX Small 2,4350.T
20260930,4351,山田再生系債権回収総合事務所,スタンダード（内国株式）,7200,その他金融業,16,金融（除く銀行）,-,-,4351.T
20260930,4356,応用技術,スタンダード（内国株式）,5250,情報・通信業,10,情報通信・サービスその他,-,-,4356.T
20260930,4360,マナック・ケミカル・パートナーズ,スタンダード（内国株式）,3200,化学,4,素材・化学,-,-,4360.T
20260930,4361,川口化学工業,スタンダード（内国株式）,3200,化学,4,素材・化学,-,-,4361.T
20260930,4362,日本精化,プライム（内国株式）,3200,化学,4,素材・化学,7,TOPIX Small 2,4362.T
20260930,4365,松本油脂製薬,スタンダード（内国株式）,3200,化学,4,素材・化学,-,-,4365.T
20260930,4366,ダイトーケミックス,スタンダード（内国株式）,3200,化学,4,素材・化学,-,-,4366.T
20260930,4368,扶桑化学工業,プライム（内国株式）,3200,化学,4,素材・化学,6,TOPIX Small 1,4368.T
20260930,4369,トリケミカル研究所,プライム（内国株式）,3200,化学,4,素材・化学,6,TOPIX Small 1,4369.T
20260930,4370,モビルス,グロース（内国株式）,5250,情報・通信業,10,情報通信・サービスその他,-,-,4370.T
20260930,4371,コアコンセプト・テクノロジー,グロース（内国株式）,5250,情報・通信業,10,情報通信・サービスその他,-,-,4371.T
20260930,4372,ユミルリンク,グロース（内国株式）,5250,情報・通信業,10,情報通信・サービスその他,-,-,4372.T
20260930,4373,シンプレクス・ホールディングス,プライム（内国株式）,5250,情報・通信業,10,情報通信・サービスその他,6,TOPIX Small 1,4373.T
20260930,4374,ＲＯＢＯＴ　ＰＡＹＭＥＮＴ,グロース（内国株式）,5250,情報・通信業,10,情報通信・サービスその他,-,-,4374.T
20260930,4375,セーフィー,グロース（内国株式）,5250,情報・通信業,10,情報通信・サービスその他,-,-,4375.T
20260930,4376,くふうカンパニーホールディングス,グロース（内国株式）,5250,情報・通信業,10,情報通信・サービスその他,-,-,4376.T
20260930,4377,ワンキャリア,グロース（内国株式）,5250,情報・通信業,10,情報通信・サービスその他,-,-,4377.T
20260930,4378,ＣＩＮＣ,グロース（内国株式）,5250,情報・通信業,10,情報通信・サービスその他,-,-,4378.T
20260930,4379,Ｐｈｏｔｏｓｙｎｔｈ,グロース（内国株式）,5250,情報・通信業,10,情報通信・サービスその他,-,-,4379.T
20260930,4380,Ｍマート,グロース（内国株式）,5250,情報・通信業,10,情報通信・サービスその他,-,-,4380.T
20260930,4381,ビープラッツ,グロース（内国株式）,5250,情報・通信業,10,情報通信・サービスその他,-,-,4381.T
20260930,4382,ＨＥＲＯＺ,スタンダード（内国株式）,5250,情報・通信業,10,情報通信・サービスその他,7,TOPIX Small 2,4382.T
20260930,4385,メルカリ,プライム（内国株式）,5250,情報・通信業,10,情報通信・サービスその他,4,TOPIX Mid400,4385.T
20260930,4386,ＳＩＧグループ,スタンダード（内国株式）,5250,情報・通信業,10,情報通信・サービスその他,-,-,4386.T
20260930,4387,ＺＵＵ,グロース（内国株式）,5250,情報・通信業,10,情報通信・サービスその他,-,-,4387.T
20260930,4388,エーアイ,スタンダード（内国株式）,5250,情報・通信業,10,情報通信・サービスその他,-,-,4388.T
20260930,4389,プロパティデータバンク,グロース（内国株式）,5250,情報・通信業,10,情報通信・サービスその他,-,-,4389.T
20260930,4390,ＩＰＳ,プライム（内国株式）,5250,情報・通信業,10,情報通信・サービスその他,7,TOPIX Small 2,4390.T
20260930,4391,ロジザード,グロース（内国株式）,5250,情報・通信業,10,情報通信・サービスその他,-,-,4391.T
20260930,4392,ＦＩＧ,プライム（内国株式）,5250,情報・通信業,10,情報通信・サービスその他,-,-,4392.T
20260930,4393,バンク・オブ・イノベーション,グロース（内国株式）,5250,情報・通信業,10,情報通信・サービスその他,-,-,4393.T
20260930,4394,エクスモーション,グロース（内国株式）,5250,情報・通信業,10,情報通信・サービスその他,-,-,4394.T
20260930,4395,アクリート,グロース（内国株式）,5250,情報・通信業,10,情報通信・サービスその他,-,-,4395.T
20260930,4396,システムサポートホールディングス,プライム（内国株式）,5250,情報・通信業,10,情報通信・サービスその他,7,TOPIX Small 2,4396.T
20260930,4397,チームスピリット,グロース（内国株式）,5250,情報・通信業,10,情報通信・サービスその他,-,-,4397.T
20260930,4398,ブロードバンドセキュリティ,スタンダード（内国株式）,5250,情報・通信業,10,情報通信・サービスその他,-,-,4398.T
20260930,4401,ＡＤＥＫＡ,プライム（内国株式）,3200,化学,4,素材・化学,4,TOPIX Mid400,4401.T
20260930,4403,日油,プライム（内国株式）,3200,化学,4,素材・化学,4,TOPIX Mid400,4403.T
20260930,4404,ミヨシ油脂,スタンダード（内国株式）,3050,食料品,1,食品,-,-,4404.T
20260930,4406,新日本理化,スタンダード（内国株式）,3200,化学,4,素材・化学,-,-,4406.T
20260930,4409,東邦化学工業,スタンダード（内国株式）,3200,化学,4,素材・化学,-,-,4409.T
20260930,4410,ハリマ化成グループ,プライム（内国株式）,3200,化学,4,素材・化学,7,TOPIX Small 2,4410.T
20260930,4412,サイエンスアーツ,グロース（内国株式）,5250,情報・通信業,10,情報通信・サービスその他,-,-,4412.T
20260930,4413,ボードルア,プライム（内国株式）,5250,情報・通信業,10,情報通信・サービスその他,7,TOPIX Small 2,4413.T
20260930,4414,フレクト,グロース（内国株式）,5250,情報・通信業,10,情報通信・サービスその他,-,-,4414.T
20260930,4415,ブロードエンタープライズ,グロース（内国株式）,5250,情報・通信業,10,情報通信・サービスその他,-,-,4415.T
20260930,4416,Ｔｒｕｅ　Ｄａｔａ,グロース（内国株式）,5250,情報・通信業,10,情報通信・サービスその他,-,-,4416.T
20260930,4417,グローバルセキュリティエキスパート,グロース（内国株式）,5250,情報・通信業,10,情報通信・サービスその他,-,-,4417.T
20260930,4418,ＪＤＳＣ,グロース（内国株式）,5250,情報・通信業,10,情報通信・サービスその他,-,-,4418.T
20260930,4419,Ｆｉｎａｔｅｘｔホールディングス,グロース（内国株式）,5250,情報・通信業,10,情報通信・サービスその他,-,-,4419.T
20260930,4420,イーソル,スタンダード（内国株式）,5250,情報・通信業,10,情報通信・サービスその他,7,TOPIX Small 2,4420.T
20260930,4421,ディ・アイ・システム,スタンダード（内国株式）,5250,情報・通信業,10,情報通信・サービスその他,-,-,4421.T
20260930,4422,ＶＡＬＵＥＮＥＸ,グロース（内国株式）,5250,情報・通信業,10,情報通信・サービスその他,-,-,4422.T
20260930,4424,Ａｍａｚｉａ,グロース（内国株式）,5250,情報・通信業,10,情報通信・サービスその他,-,-,4424.T
20260930,4425,Ｋｕｄａｎ,グロース（内国株式）,5250,情報・通信業,10,情報通信・サービスその他,-,-,4425.T
20260930,4426,パスロジ,PRO Market,5250,情報・通信業,10,情報通信・サービスその他,-,-,4426.T
20260930,4427,ＥｄｕＬａｂ,グロース（内国株式）,5250,情報・通信業,10,情報通信・サービスその他,-,-,4427.T
20260930,4428,シノプス,グロース（内国株式）,5250,情報・通信業,10,情報通信・サービスその他,-,-,4428.T
20260930,4429,リックソフト,グロース（内国株式）,5250,情報・通信業,10,情報通信・サービスその他,-,-,4429.T
20260930,4430,東海ソフト,スタンダード（内国株式）,5250,情報・通信業,10,情報通信・サービスその他,-,-,4430.T
20260930,4431,スマレジ,グロース（内国株式）,5250,情報・通信業,10,情報通信・サービスその他,-,-,4431.T
20260930,4432,ウイングアーク１ｓｔ,プライム（内国株式）,5250,情報・通信業,10,情報通信・サービスその他,6,TOPIX Small 1,4432.T
20260930,4433,ヒト・コミュニケーションズ・ホールディングス,プライム（内国株式）,9050,サービス業,10,情報通信・サービスその他,7,TOPIX Small 2,4433.T
20260930,4434,サーバーワークス,スタンダード（内国株式）,5250,情報・通信業,10,情報通信・サービスその他,7,TOPIX Small 2,4434.T
20260930,4436,ミンカブ・ジ・インフォノイド,グロース（内国株式）,5250,情報・通信業,10,情報通信・サービスその他,-,-,4436.T
20260930,4437,ｇｏｏｄｄａｙｓホールディングス,グロース（内国株式）,5250,情報・通信業,10,情報通信・サービスその他,-,-,4437.T
20260930,4438,Ｗｅｌｂｙ,グロース（内国株式）,5250,情報・通信業,10,情報通信・サービスその他,-,-,4438.T
20260930,4439,東名,スタンダード（内国株式）,5250,情報・通信業,10,情報通信・サービスその他,-,-,4439.T
20260930,4440,ヴィッツ,スタンダード（内国株式）,5250,情報・通信業,10,情報通信・サービスその他,-,-,4440.T
20260930,4441,トビラシステムズ,スタンダード（内国株式）,5250,情報・通信業,10,情報通信・サービスその他,-,-,4441.T
20260930,4442,バルテス・ホールディングス,グロース（内国株式）,5250,情報・通信業,10,情報通信・サービスその他,-,-,4442.T
20260930,4443,Ｓａｎｓａｎ,プライム（内国株式）,5250,情報・通信業,10,情報通信・サービスその他,6,TOPIX Small 1,4443.T
20260930,4444,インフォネット,グロース（内国株式）,5250,情報・通信業,10,情報通信・サービスその他,-,-,4444.T
20260930,4445,リビン・テクノロジーズ,グロース（内国株式）,5250,情報・通信業,10,情報通信・サービスその他,-,-,4445.T
20260930,4446,Ｌｉｎｋ－Ｕグループ,スタンダード（内国株式）,5250,情報・通信業,10,情報通信・サービスその他,-,-,4446.T
20260930,4447,ピー・ビーシステムズ,グロース（内国株式）,5250,情報・通信業,10,情報通信・サービスその他,-,-,4447.T
20260930,4448,ｋｕｂｅｌｌ,グロース（内国株式）,5250,情報・通信業,10,情報通信・サービスその他,-,-,4448.T
20260930,4450,パワーソリューションズ,グロース（内国株式）,5250,情報・通信業,10,情報通信・サービスその他,-,-,4450.T
20260930,4452,花王,プライム（内国株式）,3200,化学,4,素材・化学,2,TOPIX Large70,4452.T
20260930,4461,第一工業製薬,プライム（内国株式）,3200,化学,4,素材・化学,7,TOPIX Small 2,4461.T
20260930,4462,石原ケミカル,プライム（内国株式）,3200,化学,4,素材・化学,7,TOPIX Small 2,4462.T
20260930,4463,日華化学,スタンダード（内国株式）,3200,化学,4,素材・化学,-,-,4463.T
20260930,4464,ソフト９９コーポレーション,スタンダード（内国株式）,3200,化学,4,素材・化学,-,-,4464.T
20260930,4465,ニイタカ,スタンダード（内国株式）,3200,化学,4,素材・化学,-,-,4465.T
20260930,4471,三洋化成工業,プライム（内国株式）,3200,化学,4,素材・化学,6,TOPIX Small 1,4471.T
20260930,4475,ＨＥＮＮＧＥ,グロース（内国株式）,5250,情報・通信業,10,情報通信・サービスその他,-,-,4475.T
20260930,4476,ＡＩ　ＣＲＯＳＳ,グロース（内国株式）,5250,情報・通信業,10,情報通信・サービスその他,-,-,4476.T
20260930,4477,ＢＡＳＥ,グロース（内国株式）,5250,情報・通信業,10,情報通信・サービスその他,-,-,4477.T
20260930,4478,フリー,グロース（内国株式）,5250,情報・通信業,10,情報通信・サービスその他,-,-,4478.T
20260930,4479,マクアケ,グロース（内国株式）,5250,情報・通信業,10,情報通信・サービスその他,-,-,4479.T
20260930,4480,メドレー,プライム（内国株式）,5250,情報・通信業,10,情報通信・サービスその他,6,TOPIX Small 1,4480.T
20260930,4481,ベース,プライム（内国株式）,5250,情報・通信業,10,情報通信・サービスその他,7,TOPIX Small 2,4481.T
20260930,4482,ウィルズ,グロース（内国株式）,5250,情報・通信業,10,情報通信・サービスその他,-,-,4482.T
20260930,4483,ＪＭＤＣ,プライム（内国株式）,5250,情報・通信業,10,情報通信・サービスその他,6,TOPIX Small 1,4483.T
20260930,4484,ランサーズ,グロース（内国株式）,5250,情報・通信業,10,情報通信・サービスその他,-,-,4484.T
20260930,4486,ユナイトアンドグロウ,グロース（内国株式）,5250,情報・通信業,10,情報通信・サービスその他,-,-,4486.T
20260930,4487,スペースマーケット,グロース（内国株式）,5250,情報・通信業,10,情報通信・サービスその他,-,-,4487.T
20260930,4488,ＡＩ　ｉｎｓｉｄｅ,グロース（内国株式）,5250,情報・通信業,10,情報通信・サービスその他,-,-,4488.T
20260930,4490,ビザスク,グロース（内国株式）,5250,情報・通信業,10,情報通信・サービスその他,-,-,4490.T
20260930,4491,コンピューターマネージメント,スタンダード（内国株式）,5250,情報・通信業,10,情報通信・サービスその他,-,-,4491.T
20260930,4492,ゼネテック,スタンダード（内国株式）,5250,情報・通信業,10,情報通信・サービスその他,-,-,4492.T
20260930,4493,サイバーセキュリティクラウド,グロース（内国株式）,5250,情報・通信業,10,情報通信・サービスその他,-,-,4493.T
20260930,4495,アイキューブドシステムズ,グロース（内国株式）,5250,情報・通信業,10,情報通信・サービスその他,-,-,4495.T
20260930,4496,コマースＯｎｅホールディングス,グロース（内国株式）,5250,情報・通信業,10,情報通信・サービスその他,-,-,4496.T
20260930,4498,サイバートラスト,グロース（内国株式）,5250,情報・通信業,10,情報通信・サービスその他,-,-,4498.T
20260930,4499,Ｓｐｅｅｅ,スタンダード（内国株式）,5250,情報・通信業,10,情報通信・サービスその他,-,-,4499.T
20260930,4502,武田薬品工業,プライム（内国株式）,3250,医薬品,5,医薬品,1,TOPIX Core30,4502.T
20260930,4503,アステラス製薬,プライム（内国株式）,3250,医薬品,5,医薬品,2,TOPIX Large70,4503.T
20260930,4506,住友ファーマ,プライム（内国株式）,3250,医薬品,5,医薬品,4,TOPIX Mid400,4506.T
20260930,4507,塩野義製薬,プライム（内国株式）,3250,医薬品,5,医薬品,2,TOPIX Large70,4507.T
20260930,4512,わかもと製薬,スタンダード（内国株式）,3250,医薬品,5,医薬品,-,-,4512.T
20260930,4516,日本新薬,プライム（内国株式）,3250,医薬品,5,医薬品,4,TOPIX Mid400,4516.T
20260930,4519,中外製薬,プライム（内国株式）,3250,医薬品,5,医薬品,2,TOPIX Large70,4519.T
20260930,4521,科研製薬,プライム（内国株式）,3250,医薬品,5,医薬品,6,TOPIX Small 1,4521.T
20260930,4523,エーザイ,プライム（内国株式）,3250,医薬品,5,医薬品,4,TOPIX Mid400,4523.T
20260930,4524,森下仁丹,スタンダード（内国株式）,3250,医薬品,5,医薬品,-,-,4524.T
20260930,4526,理研ビタミン,プライム（内国株式）,3050,食料品,1,食品,7,TOPIX Small 2,4526.T
20260930,4527,ロート製薬,プライム（内国株式）,3250,医薬品,5,医薬品,4,TOPIX Mid400,4527.T
20260930,4528,小野薬品工業,プライム（内国株式）,3250,医薬品,5,医薬品,4,TOPIX Mid400,4528.T
20260930,4531,有機合成薬品工業,スタンダード（内国株式）,3200,化学,4,素材・化学,-,-,4531.T
20260930,4534,持田製薬,プライム（内国株式）,3250,医薬品,5,医薬品,7,TOPIX Small 2,4534.T
20260930,4536,参天製薬,プライム（内国株式）,3250,医薬品,5,医薬品,4,TOPIX Mid400,4536.T
20260930,4538,扶桑薬品工業,プライム（内国株式）,3250,医薬品,5,医薬品,7,TOPIX Small 2,4538.T
20260930,4539,日本ケミファ,スタンダード（内国株式）,3250,医薬品,5,医薬品,-,-,4539.T
20260930,4540,ツムラ,プライム（内国株式）,3250,医薬品,5,医薬品,4,TOPIX Mid400,4540.T
20260930,4543,テルモ,プライム（内国株式）,3750,精密機器,9,電機・精密,2,TOPIX Large70,4543.T
20260930,4544,Ｈ．Ｕ．グループホールディングス,プライム（内国株式）,9050,サービス業,10,情報通信・サービスその他,4,TOPIX Mid400,4544.T
20260930,4547,キッセイ薬品工業,プライム（内国株式）,3250,医薬品,5,医薬品,6,TOPIX Small 1,4547.T
20260930,4548,生化学工業,プライム（内国株式）,3250,医薬品,5,医薬品,7,TOPIX Small 2,4548.T
20260930,4549,栄研化学,プライム（内国株式）,3250,医薬品,5,医薬品,6,TOPIX Small 1,4549.T
20260930,4552,ＪＣＲファーマ,プライム（内国株式）,3250,医薬品,5,医薬品,6,TOPIX Small 1,4552.T
20260930,4553,東和薬品,プライム（内国株式）,3250,医薬品,5,医薬品,6,TOPIX Small 1,4553.T
20260930,4554,富士製薬工業,プライム（内国株式）,3250,医薬品,5,医薬品,7,TOPIX Small 2,4554.T
20260930,4558,中京医薬品,スタンダード（内国株式）,3250,医薬品,5,医薬品,-,-,4558.T
20260930,4559,ゼリア新薬工業,プライム（内国株式）,3250,医薬品,5,医薬品,6,TOPIX Small 1,4559.T
20260930,4563,アンジェス,グロース（内国株式）,3250,医薬品,5,医薬品,-,-,4563.T
20260930,4564,オンコセラピー・サイエンス,グロース（内国株式）,3250,医薬品,5,医薬品,-,-,4564.T
20260930,4565,ネクセラファーマ,プライム（内国株式）,3250,医薬品,5,医薬品,6,TOPIX Small 1,4565.T
20260930,4568,第一三共,プライム（内国株式）,3250,医薬品,5,医薬品,1,TOPIX Core30,4568.T
20260930,4569,杏林製薬,プライム（内国株式）,3250,医薬品,5,医薬品,6,TOPIX Small 1,4569.T
20260930,4570,免疫生物研究所,グロース（内国株式）,3250,医薬品,5,医薬品,-,-,4570.T
20260930,4571,ＮＡＮＯホールディングス,グロース（内国株式）,3250,医薬品,5,医薬品,-,-,4571.T
20260930,4572,カルナバイオサイエンス,グロース（内国株式）,3250,医薬品,5,医薬品,-,-,4572.T
20260930,4574,大幸薬品,プライム（内国株式）,3250,医薬品,5,医薬品,7,TOPIX Small 2,4574.T
20260930,4575,キャンバス,グロース（内国株式）,3250,医薬品,5,医薬品,-,-,4575.T
20260930,4576,デ・ウエスタン・セラピテクス研究所,グロース（内国株式）,3250,医薬品,5,医薬品,-,-,4576.T
20260930,4577,ダイト,プライム（内国株式）,3250,医薬品,5,医薬品,7,TOPIX Small 2,4577.T
20260930,4578,大塚ホールディングス,プライム（内国株式）,3250,医薬品,5,医薬品,2,TOPIX Large70,4578.T
20260930,4579,ラクオリア創薬,グロース（内国株式）,3250,医薬品,5,医薬品,-,-,4579.T
20260930,4582,シンバイオ製薬,グロース（内国株式）,3250,医薬品,5,医薬品,-,-,4582.T
20260930,4583,カイオム・バイオサイエンス,グロース（内国株式）,3250,医薬品,5,医薬品,-,-,4583.T
20260930,4584,キッズウェル・バイオ,グロース（内国株式）,3250,医薬品,5,医薬品,-,-,4584.T
20260930,4586,メドレックス,グロース（内国株式）,3250,医薬品,5,医薬品,-,-,4586.T
20260930,4587,ペプチドリーム,プライム（内国株式）,3250,医薬品,5,医薬品,4,TOPIX Mid400,4587.T
20260930,4588,オンコリスバイオファーマ,グロース（内国株式）,3250,医薬品,5,医薬品,-,-,4588.T
20260930,4591,リボミック,グロース（内国株式）,3250,医薬品,5,医薬品,-,-,4591.T
20260930,4592,サンバイオ,グロース（内国株式）,3250,医薬品,5,医薬品,-,-,4592.T
20260930,4593,ヘリオス,グロース（内国株式）,3250,医薬品,5,医薬品,-,-,4593.T
20260930,4594,ブライトパス・バイオ,グロース（内国株式）,3250,医薬品,5,医薬品,-,-,4594.T
20260930,4595,ミズホメディー,スタンダード（内国株式）,3250,医薬品,5,医薬品,-,-,4595.T
20260930,4596,窪田製薬ホールディングス,グロース（内国株式）,3250,医薬品,5,医薬品,-,-,4596.T
20260930,4597,ソレイジア・ファーマ,グロース（内国株式）,3250,医薬品,5,医薬品,-,-,4597.T
20260930,4598,Ｄｅｌｔａ－Ｆｌｙ　Ｐｈａｒｍａ,グロース（内国株式）,3250,医薬品,5,医薬品,-,-,4598.T
20260930,4599,ステムリム,グロース（内国株式）,3250,医薬品,5,医薬品,-,-,4599.T
20260930,4611,大日本塗料,プライム（内国株式）,3200,化学,4,素材・化学,7,TOPIX Small 2,4611.T
20260930,4612,日本ペイントホールディングス,プライム（内国株式）,3200,化学,4,素材・化学,4,TOPIX Mid400,4612.T
20260930,4613,関西ペイント,プライム（内国株式）,3200,化学,4,素材・化学,4,TOPIX Mid400,4613.T
20260930,4615,神東塗料,スタンダード（内国株式）,3200,化学,4,素材・化学,-,-,4615.T
20260930,4616,川上塗料,スタンダード（内国株式）,3200,化学,4,素材・化学,-,-,4616.T
20260930,4617,中国塗料,プライム（内国株式）,3200,化学,4,素材・化学,6,TOPIX Small 1,4617.T
20260930,4619,日本特殊塗料,スタンダード（内国株式）,3200,化学,4,素材・化学,-,-,4619.T
20260930,4620,藤倉化成,スタンダード（内国株式）,3200,化学,4,素材・化学,7,TOPIX Small 2,4620.T
20260930,4623,アサヒペン,スタンダード（内国株式）,3200,化学,4,素材・化学,-,-,4623.T
20260930,4624,イサム塗料,スタンダード（内国株式）,3200,化学,4,素材・化学,-,-,4624.T
20260930,4625,アトミクス,スタンダード（内国株式）,3200,化学,4,素材・化学,-,-,4625.T
20260930,4626,太陽ホールディングス,プライム（内国株式）,3200,化学,4,素材・化学,4,TOPIX Mid400,4626.T
20260930,4627,ナトコ,スタンダード（内国株式）,3200,化学,4,素材・化学,-,-,4627.T
20260930,4628,エスケー化研,スタンダード（内国株式）,3200,化学,4,素材・化学,-,-,4628.T
20260930,4629,大伸化学,スタンダード（内国株式）,3200,化学,4,素材・化学,-,-,4629.T
20260930,4631,ＤＩＣ,プライム（内国株式）,3200,化学,4,素材・化学,4,TOPIX Mid400,4631.T
20260930,4633,サカタインクス,プライム（内国株式）,3200,化学,4,素材・化学,6,TOPIX Small 1,4633.T
20260930,4634,ａｒｔｉｅｎｃｅ,プライム（内国株式）,3200,化学,4,素材・化学,6,TOPIX Small 1,4634.T
20260930,4635,東京インキ,スタンダード（内国株式）,3200,化学,4,素材・化学,-,-,4635.T
20260930,4641,アルプス技研,プライム（内国株式）,9050,サービス業,10,情報通信・サービスその他,7,TOPIX Small 2,4641.T
20260930,4642,オリジナル設計,スタンダード（内国株式）,9050,サービス業,10,情報通信・サービスその他,-,-,4642.T
20260930,4644,イマジニア,スタンダード（内国株式）,5250,情報・通信業,10,情報通信・サービスその他,-,-,4644.T
20260930,4645,市進ホールディングス,スタンダード（内国株式）,9050,サービス業,10,情報通信・サービスその他,-,-,4645.T
20260930,4650,ＳＤエンターテイメント,スタンダード（内国株式）,9050,サービス業,10,情報通信・サービスその他,-,-,4650.T
20260930,4651,サニックスホールディングス,スタンダード（内国株式）,9050,サービス業,10,情報通信・サービスその他,7,TOPIX Small 2,4651.T
20260930,4657,環境管理センター,スタンダード（内国株式）,9050,サービス業,10,情報通信・サービスその他,-,-,4657.T
20260930,4658,日本空調サービス,プライム（内国株式）,9050,サービス業,10,情報通信・サービスその他,7,TOPIX Small 2,4658.T
20260930,4661,オリエンタルランド,プライム（内国株式）,9050,サービス業,10,情報通信・サービスその他,2,TOPIX Large70,4661.T
20260930,4662,フォーカスシステムズ,プライム（内国株式）,5250,情報・通信業,10,情報通信・サービスその他,7,TOPIX Small 2,4662.T
20260930,4664,アール・エス・シー,スタンダード（内国株式）,9050,サービス業,10,情報通信・サービスその他,-,-,4664.T
20260930,4665,ダスキン,プライム（内国株式）,9050,サービス業,10,情報通信・サービスその他,4,TOPIX Mid400,4665.T
20260930,4666,パーク２４,プライム（内国株式）,8050,不動産業,17,不動産,4,TOPIX Mid400,4666.T
20260930,4667,アイサンテクノロジー,スタンダード（内国株式）,5250,情報・通信業,10,情報通信・サービスその他,-,-,4667.T
20260930,4668,明光ネットワークジャパン,プライム（内国株式）,9050,サービス業,10,情報通信・サービスその他,7,TOPIX Small 2,4668.T
20260930,4671,ファルコホールディングス,スタンダード（内国株式）,9050,サービス業,10,情報通信・サービスその他,7,TOPIX Small 2,4671.T
20260930,4673,川崎地質,スタンダード（内国株式）,9050,サービス業,10,情報通信・サービスその他,-,-,4673.T
20260930,4674,クレスコ,プライム（内国株式）,5250,情報・通信業,10,情報通信・サービスその他,7,TOPIX Small 2,4674.T
20260930,4676,フジ・メディア・ホールディングス,プライム（内国株式）,5250,情報・通信業,10,情報通信・サービスその他,4,TOPIX Mid400,4676.T
20260930,4678,秀英予備校,スタンダード（内国株式）,9050,サービス業,10,情報通信・サービスその他,-,-,4678.T
20260930,4679,田谷,スタンダード（内国株式）,9050,サービス業,10,情報通信・サービスその他,-,-,4679.T
20260930,4680,ラウンドワン,プライム（内国株式）,9050,サービス業,10,情報通信・サービスその他,4,TOPIX Mid400,4680.T
20260930,4681,リゾートトラスト,プライム（内国株式）,9050,サービス業,10,情報通信・サービスその他,4,TOPIX Mid400,4681.T
20260930,4684,オービック,プライム（内国株式）,5250,情報・通信業,10,情報通信・サービスその他,4,TOPIX Mid400,4684.T
20260930,4685,菱友システムズ,スタンダード（内国株式）,5250,情報・通信業,10,情報通信・サービスその他,-,-,4685.T
20260930,4686,ジャストシステム,プライム（内国株式）,5250,情報・通信業,10,情報通信・サービスその他,6,TOPIX Small 1,4686.T
20260930,4687,ＴＤＣソフト,プライム（内国株式）,5250,情報・通信業,10,情報通信・サービスその他,7,TOPIX Small 2,4687.T
20260930,4689,ＬＩＮＥヤフー,プライム（内国株式）,5250,情報・通信業,10,情報通信・サービスその他,2,TOPIX Large70,4689.T
20260930,4691,ワシントンホテル,スタンダード（内国株式）,9050,サービス業,10,情報通信・サービスその他,-,-,4691.T
20260930,4694,ビー・エム・エル,プライム（内国株式）,9050,サービス業,10,情報通信・サービスその他,6,TOPIX Small 1,4694.T
20260930,4704,トレンドマイクロ,プライム（内国株式）,5250,情報・通信業,10,情報通信・サービスその他,4,TOPIX Mid400,4704.T
20260930,4705,クリップコーポレーション,スタンダード（内国株式）,9050,サービス業,10,情報通信・サービスその他,-,-,4705.T
20260930,4707,キタック,スタンダード（内国株式）,9050,サービス業,10,情報通信・サービスその他,-,-,4707.T
20260930,4709,ＩＤホールディングス,プライム（内国株式）,5250,情報・通信業,10,情報通信・サービスその他,7,TOPIX Small 2,4709.T
20260930,4712,ＫｅｙＨｏｌｄｅｒ,スタンダード（内国株式）,9050,サービス業,10,情報通信・サービスその他,-,-,4712.T
20260930,4714,リソー教育グループ,プライム（内国株式）,9050,サービス業,10,情報通信・サービスその他,7,TOPIX Small 2,4714.T
20260930,4716,日本オラクル,スタンダード（内国株式）,5250,情報・通信業,10,情報通信・サービスその他,4,TOPIX Mid400,4716.T
20260930,4718,早稲田アカデミー,プライム（内国株式）,9050,サービス業,10,情報通信・サービスその他,7,TOPIX Small 2,4718.T
20260930,4719,アルファシステムズ,プライム（内国株式）,5250,情報・通信業,10,情報通信・サービスその他,7,TOPIX Small 2,4719.T
20260930,4720,城南進学研究社,スタンダード（内国株式）,9050,サービス業,10,情報通信・サービスその他,-,-,4720.T
20260930,4722,フューチャー,プライム（内国株式）,5250,情報・通信業,10,情報通信・サービスその他,6,TOPIX Small 1,4722.T
20260930,4725,ＣＡＣ　Ｈｏｌｄｉｎｇｓ,プライム（内国株式）,5250,情報・通信業,10,情報通信・サービスその他,7,TOPIX Small 2,4725.T
20260930,4728,トーセ,スタンダード（内国株式）,5250,情報・通信業,10,情報通信・サービスその他,-,-,4728.T
20260930,4732,ユー・エス・エス,プライム（内国株式）,9050,サービス業,10,情報通信・サービスその他,4,TOPIX Mid400,4732.T
20260930,4733,オービックビジネスコンサルタント,プライム（内国株式）,5250,情報・通信業,10,情報通信・サービスその他,4,TOPIX Mid400,4733.T
20260930,4735,京進,スタンダード（内国株式）,9050,サービス業,10,情報通信・サービスその他,-,-,4735.T
20260930,4736,日本ラッド,スタンダード（内国株式）,5250,情報・通信業,10,情報通信・サービスその他,-,-,4736.T
20260930,4743,アイティフォー,プライム（内国株式）,5250,情報・通信業,10,情報通信・サービスその他,7,TOPIX Small 2,4743.T
20260930,4746,東計電算,スタンダード（内国株式）,5250,情報・通信業,10,情報通信・サービスその他,7,TOPIX Small 2,4746.T
20260930,4750,ダイサン,スタンダード（内国株式）,9050,サービス業,10,情報通信・サービスその他,-,-,4750.T
20260930,4751,サイバーエージェント,プライム（内国株式）,9050,サービス業,10,情報通信・サービスその他,4,TOPIX Mid400,4751.T
20260930,4752,昭和システムエンジニアリング,スタンダード（内国株式）,5250,情報・通信業,10,情報通信・サービスその他,-,-,4752.T
20260930,4754,トスネット,スタンダード（内国株式）,9050,サービス業,10,情報通信・サービスその他,-,-,4754.T
20260930,4755,楽天グループ,プライム（内国株式）,9050,サービス業,10,情報通信・サービスその他,4,TOPIX Mid400,4755.T
20260930,4760,アルファ,スタンダード（内国株式）,9050,サービス業,10,情報通信・サービスその他,-,-,4760.T
20260930,4761,さくらケーシーエス,スタンダード（内国株式）,5250,情報・通信業,10,情報通信・サービスその他,-,-,4761.T
20260930,4762,エックスネット,スタンダード（内国株式）,5250,情報・通信業,10,情報通信・サービスその他,-,-,4762.T
20260930,4763,クリーク・アンド・リバー社,プライム（内国株式）,9050,サービス業,10,情報通信・サービスその他,7,TOPIX Small 2,4763.T
20260930,4765,ＳＢＩグローバルアセットマネジメント,プライム（内国株式）,9050,サービス業,10,情報通信・サービスその他,7,TOPIX Small 2,4765.T
20260930,4766,ピーエイ,スタンダード（内国株式）,9050,サービス業,10,情報通信・サービスその他,-,-,4766.T
20260930,4767,テー・オー・ダブリュー,スタンダード（内国株式）,9050,サービス業,10,情報通信・サービスその他,7,TOPIX Small 2,4767.T
20260930,4768,大塚商会,プライム（内国株式）,5250,情報・通信業,10,情報通信・サービスその他,4,TOPIX Mid400,4768.T
20260930,4769,ＩＣ,スタンダード（内国株式）,5250,情報・通信業,10,情報通信・サービスその他,-,-,4769.T
20260930,4771,エフアンドエム,スタンダード（内国株式）,9050,サービス業,10,情報通信・サービスその他,-,-,4771.T
20260930,4772,ＳＭ　ＥＮＴＥＲＴＡＩＮＭＥＮＴ　ＪＡＰＡＮ,グロース（内国株式）,5250,情報・通信業,10,情報通信・サービスその他,-,-,4772.T
20260930,4776,サイボウズ,プライム（内国株式）,5250,情報・通信業,10,情報通信・サービスその他,6,TOPIX Small 1,4776.T
20260930,4777,ガーラ,スタンダード（内国株式）,5250,情報・通信業,10,情報通信・サービスその他,-,-,4777.T
20260930,4783,ＮＣＤ,スタンダード（内国株式）,5250,情報・通信業,10,情報通信・サービスその他,-,-,4783.T
20260930,4784,ＧＭＯインターネット,プライム（内国株式）,9050,サービス業,10,情報通信・サービスその他,7,TOPIX Small 2,4784.T
20260930,4792,山田コンサルティンググループ,プライム（内国株式）,9050,サービス業,10,情報通信・サービスその他,7,TOPIX Small 2,4792.T
20260930,4801,セントラルスポーツ,プライム（内国株式）,9050,サービス業,10,情報通信・サービスその他,7,TOPIX Small 2,4801.T
20260930,4809,パラカ,プライム（内国株式）,8050,不動産業,17,不動産,7,TOPIX Small 2,4809.T
20260930,4811,ドリーム・アーツ,グロース（内国株式）,5250,情報・通信業,10,情報通信・サービスその他,-,-,4811.T
20260930,4812,電通総研,プライム（内国株式）,5250,情報・通信業,10,情報通信・サービスその他,6,TOPIX Small 1,4812.T
20260930,4813,ＡＣＣＥＳＳ,プライム（内国株式）,5250,情報・通信業,10,情報通信・サービスその他,-,-,4813.T
20260930,4814,ネクストウェア,スタンダード（内国株式）,5250,情報・通信業,10,情報通信・サービスその他,-,-,4814.T
20260930,4816,東映アニメーション,スタンダード（内国株式）,5250,情報・通信業,10,情報通信・サービスその他,-,-,4816.T
20260930,4819,デジタルガレージ,プライム（内国株式）,5250,情報・通信業,10,情報通信・サービスその他,6,TOPIX Small 1,4819.T
20260930,4820,イーエムシステムズ,プライム（内国株式）,5250,情報・通信業,10,情報通信・サービスその他,7,TOPIX Small 2,4820.T
20260930,4825,ウェザーニューズ,プライム（内国株式）,5250,情報・通信業,10,情報通信・サービスその他,6,TOPIX Small 1,4825.T
20260930,4826,ＣＩＪ,プライム（内国株式）,5250,情報・通信業,10,情報通信・サービスその他,7,TOPIX Small 2,4826.T
20260930,4828,ビジネスエンジニアリング,プライム（内国株式）,5250,情報・通信業,10,情報通信・サービスその他,7,TOPIX Small 2,4828.T
20260930,4829,日本エンタープライズ,スタンダード（内国株式）,5250,情報・通信業,10,情報通信・サービスその他,-,-,4829.T
20260930,4832,ＪＦＥシステムズ,スタンダード（内国株式）,5250,情報・通信業,10,情報通信・サービスその他,-,-,4832.T
20260930,4833,Ｄｅｆ　ｃｏｎｓｕｌｔｉｎｇ,グロース（内国株式）,9050,サービス業,10,情報通信・サービスその他,-,-,4833.T
20260930,4838,スペースシャワーＳＫＩＹＡＫＩホールディングス,スタンダード（内国株式）,5250,情報・通信業,10,情報通信・サービスその他,-,-,4838.T
20260930,4839,ＷＯＷＯＷ,プライム（内国株式）,5250,情報・通信業,10,情報通信・サービスその他,7,TOPIX Small 2,4839.T
20260930,4840,トライアイズ,スタンダード（内国株式）,9050,サービス業,10,情報通信・サービスその他,-,-,4840.T
20260930,4845,スカラ,スタンダード（内国株式）,5250,情報・通信業,10,情報通信・サービスその他,7,TOPIX Small 2,4845.T
20260930,4847,インテリジェント　ウェイブ,プライム（内国株式）,5250,情報・通信業,10,情報通信・サービスその他,-,-,4847.T
20260930,4848,フルキャストホールディングス,プライム（内国株式）,9050,サービス業,10,情報通信・サービスその他,7,TOPIX Small 2,4848.T
20260930,4849,エン,プライム（内国株式）,9050,サービス業,10,情報通信・サービスその他,6,TOPIX Small 1,4849.T
20260930,4875,メディシノバ・インク,スタンダード（外国株式）,3250,医薬品,5,医薬品,-,-,4875.T
20260930,4880,セルソース,スタンダード（内国株式）,3250,医薬品,5,医薬品,7,TOPIX Small 2,4880.T
20260930,4881,ファンペップ,グロース（内国株式）,3250,医薬品,5,医薬品,-,-,4881.T
20260930,4882,ペルセウスプロテオミクス,グロース（内国株式）,3250,医薬品,5,医薬品,-,-,4882.T
20260930,4883,モダリス,グロース（内国株式）,3250,医薬品,5,医薬品,-,-,4883.T
20260930,4884,クリングルファーマ,グロース（内国株式）,3250,医薬品,5,医薬品,-,-,4884.T
20260930,4885,室町ケミカル,スタンダード（内国株式）,3250,医薬品,5,医薬品,-,-,4885.T
20260930,4886,あすか製薬ホールディングス,プライム（内国株式）,3250,医薬品,5,医薬品,7,TOPIX Small 2,4886.T
20260930,4887,サワイグループホールディングス,プライム（内国株式）,3250,医薬品,5,医薬品,4,TOPIX Mid400,4887.T
20260930,4888,ステラファーマ,グロース（内国株式）,3250,医薬品,5,医薬品,-,-,4888.T
20260930,4889,レナサイエンス,グロース（内国株式）,3250,医薬品,5,医薬品,-,-,4889.T
20260930,4890,坪田ラボ,グロース（内国株式）,3250,医薬品,5,医薬品,-,-,4890.T
20260930,4891,ティムス,グロース（内国株式）,3250,医薬品,5,医薬品,-,-,4891.T
20260930,4892,サイフューズ,グロース（内国株式）,3250,医薬品,5,医薬品,-,-,4892.T
20260930,4893,ノイルイミューン・バイオテック,グロース（内国株式）,3250,医薬品,5,医薬品,-,-,4893.T
20260930,4894,クオリプス,グロース（内国株式）,3250,医薬品,5,医薬品,-,-,4894.T
20260930,4896,ケイファーマ,グロース（内国株式）,3250,医薬品,5,医薬品,-,-,4896.T
20260930,4901,富士フイルムホールディングス,プライム（内国株式）,3200,化学,4,素材・化学,2,TOPIX Large70,4901.T
20260930,4902,コニカミノルタ,プライム（内国株式）,3650,電気機器,9,電機・精密,4,TOPIX Mid400,4902.T
20260930,4911,資生堂,プライム（内国株式）,3200,化学,4,素材・化学,4,TOPIX Mid400,4911.T
20260930,4912,ライオン,プライム（内国株式）,3200,化学,4,素材・化学,4,TOPIX Mid400,4912.T
20260930,4914,高砂香料工業,プライム（内国株式）,3200,化学,4,素材・化学,6,TOPIX Small 1,4914.T
20260930,4918,アイビー化粧品,スタンダード（内国株式）,3200,化学,4,素材・化学,-,-,4918.T
20260930,4919,ミルボン,プライム（内国株式）,3200,化学,4,素材・化学,6,TOPIX Small 1,4919.T
20260930,4920,日本色材工業研究所,スタンダード（内国株式）,3200,化学,4,素材・化学,-,-,4920.T
20260930,4922,コーセーホールディングス,プライム（内国株式）,3200,化学,4,素材・化学,4,TOPIX Mid400,4922.T
20260930,4923,コタ,プライム（内国株式）,3200,化学,4,素材・化学,7,TOPIX Small 2,4923.T
20260930,4925,ハーバー研究所,スタンダード（内国株式）,3200,化学,4,素材・化学,-,-,4925.T
20260930,4926,シーボン,スタンダード（内国株式）,3200,化学,4,素材・化学,-,-,4926.T
20260930,4927,ポーラ・オルビスホールディングス,プライム（内国株式）,3200,化学,4,素材・化学,4,TOPIX Mid400,4927.T
20260930,4928,ノエビアホールディングス,プライム（内国株式）,3200,化学,4,素材・化学,6,TOPIX Small 1,4928.T
20260930,4929,アジュバンホールディングス,スタンダード（内国株式）,3200,化学,4,素材・化学,-,-,4929.T
20260930,4931,新日本製薬,プライム（内国株式）,3200,化学,4,素材・化学,7,TOPIX Small 2,4931.T
20260930,4932,アルマード,スタンダード（内国株式）,3200,化学,4,素材・化学,-,-,4932.T
20260930,4933,Ｉ－ｎｅ,プライム（内国株式）,3200,化学,4,素材・化学,7,TOPIX Small 2,4933.T
20260930,4934,プレミアアンチエイジング,グロース（内国株式）,3200,化学,4,素材・化学,-,-,4934.T
20260930,4935,リベルタ,スタンダード（内国株式）,3200,化学,4,素材・化学,-,-,4935.T
20260930,4936,アクシージア,スタンダード（内国株式）,3200,化学,4,素材・化学,7,TOPIX Small 2,4936.T
20260930,4937,Ｗａｑｏｏ,グロース（内国株式）,3200,化学,4,素材・化学,-,-,4937.T
20260930,4951,エステー,プライム（内国株式）,3200,化学,4,素材・化学,7,TOPIX Small 2,4951.T
20260930,4956,コニシ,プライム（内国株式）,3200,化学,4,素材・化学,7,TOPIX Small 2,4956.T
20260930,4958,長谷川香料,プライム（内国株式）,3200,化学,4,素材・化学,6,TOPIX Small 1,4958.T
20260930,4960,ケミプロ化成,スタンダード（内国株式）,3200,化学,4,素材・化学,-,-,4960.T
20260930,4966,上村工業,スタンダード（内国株式）,3200,化学,4,素材・化学,-,-,4966.T
20260930,4967,小林製薬,プライム（内国株式）,3200,化学,4,素材・化学,4,TOPIX Mid400,4967.T
20260930,4968,荒川化学工業,プライム（内国株式）,3200,化学,4,素材・化学,7,TOPIX Small 2,4968.T
20260930,4970,東洋合成工業,スタンダード（内国株式）,3200,化学,4,素材・化学,-,-,4970.T
20260930,4971,メック,プライム（内国株式）,3200,化学,4,素材・化学,6,TOPIX Small 1,4971.T
20260930,4972,綜研化学,スタンダード（内国株式）,3200,化学,4,素材・化学,-,-,4972.T
20260930,4973,日本高純度化学,プライム（内国株式）,3200,化学,4,素材・化学,7,TOPIX Small 2,4973.T
20260930,4975,ＪＣＵ,プライム（内国株式）,3200,化学,4,素材・化学,6,TOPIX Small 1,4975.T
20260930,4976,東洋ドライルーブ,スタンダード（内国株式）,3200,化学,4,素材・化学,-,-,4976.T
20260930,4977,新田ゼラチン,スタンダード（内国株式）,3200,化学,4,素材・化学,-,-,4977.T
20260930,4978,リプロセル,グロース（内国株式）,3200,化学,4,素材・化学,-,-,4978.T
20260930,4979,ＯＡＴアグリオ,スタンダード（内国株式）,3200,化学,4,素材・化学,7,TOPIX Small 2,4979.T
20260930,4980,デクセリアルズ,プライム（内国株式）,3200,化学,4,素材・化学,4,TOPIX Mid400,4980.T
20260930,4985,アース製薬,プライム（内国株式）,3200,化学,4,素材・化学,6,TOPIX Small 1,4985.T
20260930,4990,昭和化学工業,スタンダード（内国株式）,3200,化学,4,素材・化学,-,-,4990.T
20260930,4992,北興化学工業,スタンダード（内国株式）,3200,化学,4,素材・化学,7,TOPIX Small 2,4992.T
20260930,4994,大成ラミックグループ,スタンダード（内国株式）,3200,化学,4,素材・化学,7,TOPIX Small 2,4994.T
20260930,4996,クミアイ化学工業,プライム（内国株式）,3200,化学,4,素材・化学,6,TOPIX Small 1,4996.T
20260930,4997,日本農薬,プライム（内国株式）,3200,化学,4,素材・化学,7,TOPIX Small 2,4997.T
20260930,4998,フマキラー,スタンダード（内国株式）,3200,化学,4,素材・化学,-,-,4998.T
20260930,5010,日本精蝋,スタンダード（内国株式）,3300,石油・石炭製品,2,エネルギー資源,-,-,5010.T
20260930,5011,ニチレキグループ,プライム（内国株式）,3300,石油・石炭製品,2,エネルギー資源,7,TOPIX Small 2,5011.T
20260930,5013,ユシロ,スタンダード（内国株式）,3300,石油・石炭製品,2,エネルギー資源,7,TOPIX Small 2,5013.T
20260930,5015,ビーピー・カストロール,スタンダード（内国株式）,3300,石油・石炭製品,2,エネルギー資源,-,-,5015.T
20260930,5016,ＪＸ金属,プライム（内国株式）,3500,非鉄金属,7,鉄鋼・非鉄,4,TOPIX Mid400,5016.T
20260930,5018,ＭＯＲＥＳＣＯ,スタンダード（内国株式）,3300,石油・石炭製品,2,エネルギー資源,-,-,5018.T
20260930,5019,出光興産,プライム（内国株式）,3300,石油・石炭製品,2,エネルギー資源,4,TOPIX Mid400,5019.T
20260930,5020,ＥＮＥＯＳホールディングス,プライム（内国株式）,3300,石油・石炭製品,2,エネルギー資源,2,TOPIX Large70,5020.T
20260930,5021,コスモエネルギーホールディングス,プライム（内国株式）,3300,石油・石炭製品,2,エネルギー資源,4,TOPIX Mid400,5021.T
20260930,5025,マーキュリー,グロース（内国株式）,5250,情報・通信業,10,情報通信・サービスその他,-,-,5025.T
20260930,5026,トリプルアイズ,グロース（内国株式）,5250,情報・通信業,10,情報通信・サービスその他,-,-,5026.T
20260930,5027,ＡｎｙＭｉｎｄ　Ｇｒｏｕｐ,グロース（内国株式）,5250,情報・通信業,10,情報通信・サービスその他,-,-,5027.T
20260930,5028,セカンドサイトアナリティカ,グロース（内国株式）,5250,情報・通信業,10,情報通信・サービスその他,-,-,5028.T
20260930,5029,サークレイス,グロース（内国株式）,5250,情報・通信業,10,情報通信・サービスその他,-,-,5029.T
20260930,5031,モイ,グロース（内国株式）,5250,情報・通信業,10,情報通信・サービスその他,-,-,5031.T
20260930,5032,ＡＮＹＣＯＬＯＲ,プライム（内国株式）,5250,情報・通信業,10,情報通信・サービスその他,6,TOPIX Small 1,5032.T
20260930,5033,ヌーラボ,グロース（内国株式）,5250,情報・通信業,10,情報通信・サービスその他,-,-,5033.T
20260930,5034,ｕｎｅｒｒｙ,グロース（内国株式）,5250,情報・通信業,10,情報通信・サービスその他,-,-,5034.T
20260930,5035,ＨＯＵＳＥＩ,グロース（内国株式）,5250,情報・通信業,10,情報通信・サービスその他,-,-,5035.T
20260930,5036,日本ビジネスシステムズ,プライム（内国株式）,5250,情報・通信業,10,情報通信・サービスその他,7,TOPIX Small 2,5036.T
20260930,5037,フィットワークス,PRO Market,5250,情報・通信業,10,情報通信・サービスその他,-,-,5037.T
20260930,5038,ｅＷｅＬＬ,グロース（内国株式）,5250,情報・通信業,10,情報通信・サービスその他,-,-,5038.T
20260930,5071,ヴィス,スタンダード（内国株式）,9050,サービス業,10,情報通信・サービスその他,-,-,5071.T
20260930,5072,アートフォースジャパン,PRO Market,2050,建設業,3,建設・資材,-,-,5072.T
20260930,5074,テスホールディングス,プライム（内国株式）,2050,建設業,3,建設・資材,7,TOPIX Small 2,5074.T
20260930,5076,インフロニア・ホールディングス,プライム（内国株式）,2050,建設業,3,建設・資材,4,TOPIX Mid400,5076.T
20260930,5077,ハンズ,PRO Market,2050,建設業,3,建設・資材,-,-,5077.T
20260930,5078,セレコーポレーション,スタンダード（内国株式）,2050,建設業,3,建設・資材,-,-,5078.T
20260930,5079,ノバック,スタンダード（内国株式）,2050,建設業,3,建設・資材,-,-,5079.T
20260930,5101,横浜ゴム,プライム（内国株式）,3350,ゴム製品,6,自動車・輸送機,4,TOPIX Mid400,5101.T
20260930,5105,ＴＯＹＯ　ＴＩＲＥ,プライム（内国株式）,3350,ゴム製品,6,自動車・輸送機,4,TOPIX Mid400,5105.T
20260930,5108,ブリヂストン,プライム（内国株式）,3350,ゴム製品,6,自動車・輸送機,2,TOPIX Large70,5108.T
20260930,5110,住友ゴム工業,プライム（内国株式）,3350,ゴム製品,6,自動車・輸送機,4,TOPIX Mid400,5110.T
20260930,5121,藤倉コンポジット,プライム（内国株式）,3350,ゴム製品,6,自動車・輸送機,7,TOPIX Small 2,5121.T
20260930,5122,オカモト,プライム（内国株式）,3350,ゴム製品,6,自動車・輸送機,7,TOPIX Small 2,5122.T
20260930,5125,ファインズ,グロース（内国株式）,5250,情報・通信業,10,情報通信・サービスその他,-,-,5125.T
20260930,5126,ポーターズ,グロース（内国株式）,5250,情報・通信業,10,情報通信・サービスその他,-,-,5126.T
20260930,5129,ＦＩＸＥＲ,グロース（内国株式）,5250,情報・通信業,10,情報通信・サービスその他,-,-,5129.T
20260930,5130,ヒロホールディングス,PRO Market,5250,情報・通信業,10,情報通信・サービスその他,-,-,5130.T
20260930,5131,リンカーズ,グロース（内国株式）,5250,情報・通信業,10,情報通信・サービスその他,-,-,5131.T
20260930,5132,ｐｌｕｓｚｅｒｏ,グロース（内国株式）,5250,情報・通信業,10,情報通信・サービスその他,-,-,5132.T
20260930,5133,テリロジーホールディングス,スタンダード（内国株式）,5250,情報・通信業,10,情報通信・サービスその他,-,-,5133.T
20260930,5134,ＰＯＰＥＲ,グロース（内国株式）,5250,情報・通信業,10,情報通信・サービスその他,-,-,5134.T
20260930,5135,ＡＩＲ－Ｕ,PRO Market,5250,情報・通信業,10,情報通信・サービスその他,-,-,5135.T
20260930,5136,ｔｒｉｐｌａ,グロース（内国株式）,5250,情報・通信業,10,情報通信・サービスその他,-,-,5136.T
20260930,5137,スマートドライブ,グロース（内国株式）,5250,情報・通信業,10,情報通信・サービスその他,-,-,5137.T
20260930,5138,Ｒｅｂａｓｅ,グロース（内国株式）,5250,情報・通信業,10,情報通信・サービスその他,-,-,5138.T
20260930,5139,オープンワーク,グロース（内国株式）,5250,情報・通信業,10,情報通信・サービスその他,-,-,5139.T
20260930,5142,アキレス,プライム（内国株式）,3200,化学,4,素材・化学,7,TOPIX Small 2,5142.T
20260930,5161,西川ゴム工業,スタンダード（内国株式）,3350,ゴム製品,6,自動車・輸送機,-,-,5161.T
20260930,5162,朝日ラバー,スタンダード（内国株式）,3350,ゴム製品,6,自動車・輸送機,-,-,5162.T
20260930,5184,ニチリン,スタンダード（内国株式）,3350,ゴム製品,6,自動車・輸送機,-,-,5184.T
20260930,5185,フコク,プライム（内国株式）,3350,ゴム製品,6,自動車・輸送機,7,TOPIX Small 2,5185.T
20260930,5186,ニッタ,プライム（内国株式）,3350,ゴム製品,6,自動車・輸送機,7,TOPIX Small 2,5186.T
20260930,5187,クリエートメディック,スタンダード（内国株式）,3750,精密機器,9,電機・精密,-,-,5187.T
20260930,5189,櫻護謨,スタンダード（内国株式）,3350,ゴム製品,6,自動車・輸送機,-,-,5189.T
20260930,5192,三ツ星ベルト,プライム（内国株式）,3350,ゴム製品,6,自動車・輸送機,6,TOPIX Small 1,5192.T
20260930,5194,相模ゴム工業,スタンダード（内国株式）,3350,ゴム製品,6,自動車・輸送機,-,-,5194.T
20260930,5195,バンドー化学,プライム（内国株式）,3350,ゴム製品,6,自動車・輸送機,7,TOPIX Small 2,5195.T
20260930,5199,不二ラテックス,スタンダード（内国株式）,3350,ゴム製品,6,自動車・輸送機,-,-,5199.T
20260930,5201,ＡＧＣ,プライム（内国株式）,3400,ガラス・土石製品,3,建設・資材,4,TOPIX Mid400,5201.T
20260930,5204,石塚硝子,スタンダード（内国株式）,3400,ガラス・土石製品,3,建設・資材,-,-,5204.T
20260930,5208,有沢製作所,プライム（内国株式）,3200,化学,4,素材・化学,6,TOPIX Small 1,5208.T
20260930,5210,日本山村硝子,スタンダード（内国株式）,3400,ガラス・土石製品,3,建設・資材,-,-,5210.T
20260930,5214,日本電気硝子,プライム（内国株式）,3400,ガラス・土石製品,3,建設・資材,4,TOPIX Mid400,5214.T
20260930,5216,倉元製作所,スタンダード（内国株式）,3400,ガラス・土石製品,3,建設・資材,-,-,5216.T
20260930,5218,オハラ,スタンダード（内国株式）,3400,ガラス・土石製品,3,建設・資材,7,TOPIX Small 2,5218.T
20260930,5232,住友大阪セメント,プライム（内国株式）,3400,ガラス・土石製品,3,建設・資材,4,TOPIX Mid400,5232.T
20260930,5233,太平洋セメント,プライム（内国株式）,3400,ガラス・土石製品,3,建設・資材,4,TOPIX Mid400,5233.T
20260930,5237,ノザワ,スタンダード（内国株式）,3400,ガラス・土石製品,3,建設・資材,-,-,5237.T
20260930,5240,ｍｏｎｏＡＩ　ｔｅｃｈｎｏｌｏｇｙ,グロース（内国株式）,5250,情報・通信業,10,情報通信・サービスその他,-,-,5240.T
20260930,5242,アイズ,グロース（内国株式）,5250,情報・通信業,10,情報通信・サービスその他,-,-,5242.T
20260930,5243,ｎｏｔｅ,グロース（内国株式）,5250,情報・通信業,10,情報通信・サービスその他,-,-,5243.T
20260930,5244,ｊｉｇ．ｊｐ,グロース（内国株式）,5250,情報・通信業,10,情報通信・サービスその他,-,-,5244.T
20260930,5246,ＥＬＥＭＥＮＴＳ,グロース（内国株式）,5250,情報・通信業,10,情報通信・サービスその他,-,-,5246.T
20260930,5247,ＢＴＭ,グロース（内国株式）,5250,情報・通信業,10,情報通信・サービスその他,-,-,5247.T
20260930,5248,テクノロジーズ,グロース（内国株式）,5250,情報・通信業,10,情報通信・サービスその他,-,-,5248.T
20260930,5249,あさかわシステムズ,PRO Market,5250,情報・通信業,10,情報通信・サービスその他,-,-,5249.T
20260930,5250,ＧＭＯプライム・ストラテジー,スタンダード（内国株式）,5250,情報・通信業,10,情報通信・サービスその他,-,-,5250.T
20260930,5251,ウイズ・ワン,PRO Market,5250,情報・通信業,10,情報通信・サービスその他,-,-,5251.T
20260930,5252,日本ナレッジ,グロース（内国株式）,5250,情報・通信業,10,情報通信・サービスその他,-,-,5252.T
20260930,5253,カバー,グロース（内国株式）,5250,情報・通信業,10,情報通信・サービスその他,-,-,5253.T
20260930,5254,Ａｒｅｎｔ,グロース（内国株式）,5250,情報・通信業,10,情報通信・サービスその他,-,-,5254.T
20260930,5255,モンスターラボ,グロース（内国株式）,5250,情報・通信業,10,情報通信・サービスその他,-,-,5255.T
20260930,5256,Ｆｕｓｉｃ,グロース（内国株式）,5250,情報・通信業,10,情報通信・サービスその他,-,-,5256.T
20260930,5257,ノバシステム,スタンダード（内国株式）,5250,情報・通信業,10,情報通信・サービスその他,-,-,5257.T
20260930,5258,トランザクション・メディア・ネットワークス,グロース（内国株式）,5250,情報・通信業,10,情報通信・サービスその他,-,-,5258.T
20260930,5261,リソルホールディングス,プライム（内国株式）,9050,サービス業,10,情報通信・サービスその他,-,-,5261.T
20260930,5262,日本ヒューム,プライム（内国株式）,3400,ガラス・土石製品,3,建設・資材,6,TOPIX Small 1,5262.T
20260930,5268,旭コンクリート工業,スタンダード（内国株式）,3400,ガラス・土石製品,3,建設・資材,-,-,5268.T
20260930,5269,日本コンクリート工業,プライム（内国株式）,3400,ガラス・土石製品,3,建設・資材,7,TOPIX Small 2,5269.T
20260930,5271,トーヨーアサノ,スタンダード（内国株式）,3400,ガラス・土石製品,3,建設・資材,-,-,5271.T
20260930,5273,三谷セキサン,スタンダード（内国株式）,3400,ガラス・土石製品,3,建設・資材,7,TOPIX Small 2,5273.T
20260930,5279,日本興業,スタンダード（内国株式）,3400,ガラス・土石製品,3,建設・資材,-,-,5279.T
20260930,5280,ヨシコン,スタンダード（内国株式）,8050,不動産業,17,不動産,-,-,5280.T
20260930,5282,ジオスター,スタンダード（内国株式）,3400,ガラス・土石製品,3,建設・資材,-,-,5282.T
20260930,5283,高見澤,スタンダード（内国株式）,6050,卸売業,13,商社・卸売,-,-,5283.T
20260930,5284,ヤマウホールディングス,スタンダード（内国株式）,3400,ガラス・土石製品,3,建設・資材,-,-,5284.T
20260930,5285,ヤマックス,スタンダード（内国株式）,3400,ガラス・土石製品,3,建設・資材,-,-,5285.T
20260930,5287,イトーヨーギョー,スタンダード（内国株式）,3400,ガラス・土石製品,3,建設・資材,-,-,5287.T
20260930,5288,アジアパイルホールディングス,プライム（内国株式）,3400,ガラス・土石製品,3,建設・資材,7,TOPIX Small 2,5288.T
20260930,5290,ベルテクスコーポレーション,スタンダード（内国株式）,3400,ガラス・土石製品,3,建設・資材,-,-,5290.T
20260930,5301,東海カーボン,プライム（内国株式）,3400,ガラス・土石製品,3,建設・資材,4,TOPIX Mid400,5301.T
20260930,5302,日本カーボン,プライム（内国株式）,3400,ガラス・土石製品,3,建設・資材,6,TOPIX Small 1,5302.T
20260930,5304,ＳＥＣカーボン,スタンダード（内国株式）,3400,ガラス・土石製品,3,建設・資材,-,-,5304.T
20260930,5310,東洋炭素,プライム（内国株式）,3400,ガラス・土石製品,3,建設・資材,6,TOPIX Small 1,5310.T
20260930,5331,ノリタケ,プライム（内国株式）,3400,ガラス・土石製品,3,建設・資材,6,TOPIX Small 1,5331.T
20260930,5332,ＴＯＴＯ,プライム（内国株式）,3400,ガラス・土石製品,3,建設・資材,4,TOPIX Mid400,5332.T
20260930,5333,ＮＧＫ,プライム（内国株式）,3400,ガラス・土石製品,3,建設・資材,4,TOPIX Mid400,5333.T
20260930,5334,日本特殊陶業,プライム（内国株式）,3400,ガラス・土石製品,3,建設・資材,4,TOPIX Mid400,5334.T
20260930,5337,ダントーホールディングス,スタンダード（内国株式）,3400,ガラス・土石製品,3,建設・資材,-,-,5337.T
20260930,5341,ＡＳＡＨＩ　ＥＩＴＯホールディングス,スタンダード（内国株式）,3400,ガラス・土石製品,3,建設・資材,-,-,5341.T
20260930,5344,ＭＡＲＵＷＡ,プライム（内国株式）,3400,ガラス・土石製品,3,建設・資材,4,TOPIX Mid400,5344.T
20260930,5351,品川リフラ,プライム（内国株式）,3400,ガラス・土石製品,3,建設・資材,6,TOPIX Small 1,5351.T
20260930,5355,日本坩堝,スタンダード（内国株式）,3400,ガラス・土石製品,3,建設・資材,-,-,5355.T
20260930,5356,美濃窯業,スタンダード（内国株式）,3400,ガラス・土石製品,3,建設・資材,-,-,5356.T
20260930,5357,ヨータイ,プライム（内国株式）,3400,ガラス・土石製品,3,建設・資材,7,TOPIX Small 2,5357.T
20260930,5363,東京窯業,スタンダード（内国株式）,3400,ガラス・土石製品,3,建設・資材,-,-,5363.T
20260930,5367,ニッカトー,スタンダード（内国株式）,3400,ガラス・土石製品,3,建設・資材,-,-,5367.T
20260930,5368,日本インシュレーション,スタンダード（内国株式）,3400,ガラス・土石製品,3,建設・資材,-,-,5368.T
20260930,5380,新東,スタンダード（内国株式）,3400,ガラス・土石製品,3,建設・資材,-,-,5380.T
20260930,5381,マイポックス,スタンダード（内国株式）,3400,ガラス・土石製品,3,建設・資材,-,-,5381.T
20260930,5384,フジミインコーポレーテッド,プライム（内国株式）,3400,ガラス・土石製品,3,建設・資材,6,TOPIX Small 1,5384.T
20260930,5388,クニミネ工業,スタンダード（内国株式）,3400,ガラス・土石製品,3,建設・資材,-,-,5388.T
20260930,5391,エーアンドエーマテリアル,スタンダード（内国株式）,3400,ガラス・土石製品,3,建設・資材,-,-,5391.T
20260930,5393,ニチアス,プライム（内国株式）,3400,ガラス・土石製品,3,建設・資材,4,TOPIX Mid400,5393.T
20260930,5401,日本製鉄,プライム（内国株式）,3450,鉄鋼,7,鉄鋼・非鉄,2,TOPIX Large70,5401.T
20260930,5406,神戸製鋼所,プライム（内国株式）,3450,鉄鋼,7,鉄鋼・非鉄,4,TOPIX Mid400,5406.T
20260930,5408,中山製鋼所,プライム（内国株式）,3450,鉄鋼,7,鉄鋼・非鉄,7,TOPIX Small 2,5408.T
20260930,5410,合同製鐵,プライム（内国株式）,3450,鉄鋼,7,鉄鋼・非鉄,6,TOPIX Small 1,5410.T
20260930,5411,ＪＦＥホールディングス,プライム（内国株式）,3450,鉄鋼,7,鉄鋼・非鉄,4,TOPIX Mid400,5411.T
20260930,5423,東京製鐵,プライム（内国株式）,3450,鉄鋼,7,鉄鋼・非鉄,6,TOPIX Small 1,5423.T
20260930,5440,共英製鋼,プライム（内国株式）,3450,鉄鋼,7,鉄鋼・非鉄,6,TOPIX Small 1,5440.T
20260930,5444,大和工業,プライム（内国株式）,3450,鉄鋼,7,鉄鋼・非鉄,4,TOPIX Mid400,5444.T
20260930,5445,東京鐵鋼,プライム（内国株式）,3450,鉄鋼,7,鉄鋼・非鉄,6,TOPIX Small 1,5445.T
20260930,5446,北越メタル,スタンダード（内国株式）,3450,鉄鋼,7,鉄鋼・非鉄,-,-,5446.T
20260930,5449,大阪製鐵,スタンダード（内国株式）,3450,鉄鋼,7,鉄鋼・非鉄,7,TOPIX Small 2,5449.T
20260930,5451,ヨドコウ,プライム（内国株式）,3450,鉄鋼,7,鉄鋼・非鉄,6,TOPIX Small 1,5451.T
20260930,5458,高砂鐵工,スタンダード（内国株式）,3450,鉄鋼,7,鉄鋼・非鉄,-,-,5458.T
20260930,5461,中部鋼鈑,プライム（内国株式）,3450,鉄鋼,7,鉄鋼・非鉄,6,TOPIX Small 1,5461.T
20260930,5463,丸一鋼管,プライム（内国株式）,3450,鉄鋼,7,鉄鋼・非鉄,4,TOPIX Mid400,5463.T
20260930,5464,モリ工業,スタンダード（内国株式）,3450,鉄鋼,7,鉄鋼・非鉄,7,TOPIX Small 2,5464.T
20260930,5471,大同特殊鋼,プライム（内国株式）,3450,鉄鋼,7,鉄鋼・非鉄,4,TOPIX Mid400,5471.T
20260930,5480,日本冶金工業,プライム（内国株式）,3450,鉄鋼,7,鉄鋼・非鉄,6,TOPIX Small 1,5480.T
20260930,5482,愛知製鋼,プライム（内国株式）,3450,鉄鋼,7,鉄鋼・非鉄,6,TOPIX Small 1,5482.T
20260930,5484,東北特殊鋼,スタンダード（内国株式）,3450,鉄鋼,7,鉄鋼・非鉄,-,-,5484.T
20260930,5491,日本金属,スタンダード（内国株式）,3450,鉄鋼,7,鉄鋼・非鉄,-,-,5491.T
20260930,5525,フロンティアホールディングス,PRO Market,8050,不動産業,17,不動産,-,-,5525.T
20260930,5527,ｐｒｏｐｅｒｔｙ　ｔｅｃｈｎｏｌｏｇｉｅｓ,グロース（内国株式）,8050,不動産業,17,不動産,-,-,5527.T
20260930,5528,フロンティアハウス,PRO Market,8050,不動産業,17,不動産,-,-,5528.T
20260930,5531,エヌバイテクノロジーズ,PRO Market,8050,不動産業,17,不動産,-,-,5531.T
20260930,5532,リアルゲイト,グロース（内国株式）,8050,不動産業,17,不動産,-,-,5532.T
20260930,5533,エリッツホールディングス,スタンダード（内国株式）,8050,不動産業,17,不動産,-,-,5533.T
20260930,5534,エンゼルグループ,PRO Market,8050,不動産業,17,不動産,-,-,5534.T
20260930,5535,ミガロホールディングス,プライム（内国株式）,8050,不動産業,17,不動産,-,-,5535.T
20260930,5536,京橋アートレジデンス,PRO Market,8050,不動産業,17,不動産,-,-,5536.T
20260930,5537,ＡｌｂａＬｉｎｋ,グロース（内国株式）,8050,不動産業,17,不動産,-,-,5537.T
20260930,5541,大平洋金属,プライム（内国株式）,3450,鉄鋼,7,鉄鋼・非鉄,7,TOPIX Small 2,5541.T
20260930,5542,新報国マテリアル,スタンダード（内国株式）,3450,鉄鋼,7,鉄鋼・非鉄,-,-,5542.T
20260930,5563,新日本電工,プライム（内国株式）,3450,鉄鋼,7,鉄鋼・非鉄,6,TOPIX Small 1,5563.T
20260930,5570,ジェノバ,グロース（内国株式）,5250,情報・通信業,10,情報通信・サービスその他,-,-,5570.T
20260930,5571,エキサイトホールディングス,スタンダード（内国株式）,5250,情報・通信業,10,情報通信・サービスその他,-,-,5571.T
20260930,5572,Ｒｉｄｇｅ－ｉ,グロース（内国株式）,5250,情報・通信業,10,情報通信・サービスその他,-,-,5572.T
20260930,5573,働楽ホールディングス,PRO Market,5250,情報・通信業,10,情報通信・サービスその他,-,-,5573.T
20260930,5574,ＡＢＥＪＡ,グロース（内国株式）,5250,情報・通信業,10,情報通信・サービスその他,-,-,5574.T
20260930,5575,Ｇｌｏｂｅｅ,グロース（内国株式）,5250,情報・通信業,10,情報通信・サービスその他,-,-,5575.T
20260930,5576,オービーシステム,スタンダード（内国株式）,5250,情報・通信業,10,情報通信・サービスその他,-,-,5576.T
20260930,5578,ＡＲアドバンストテクノロジ,グロース（内国株式）,5250,情報・通信業,10,情報通信・サービスその他,-,-,5578.T
20260930,5580,プロディライト,グロース（内国株式）,5250,情報・通信業,10,情報通信・サービスその他,-,-,5580.T
20260930,5581,カイテクノロジー,PRO Market,5250,情報・通信業,10,情報通信・サービスその他,-,-,5581.T
20260930,5582,グリッド,グロース（内国株式）,5250,情報・通信業,10,情報通信・サービスその他,-,-,5582.T
20260930,5584,Ｓｔｒａｗｂｅｒｒｙ　ｊａｍｓ,PRO Market,5250,情報・通信業,10,情報通信・サービスその他,-,-,5584.T
20260930,5586,Ｌａｂｏｒｏ．ＡＩ,グロース（内国株式）,5250,情報・通信業,10,情報通信・サービスその他,-,-,5586.T
20260930,5587,インバウンドプラットフォーム,グロース（内国株式）,5250,情報・通信業,10,情報通信・サービスその他,-,-,5587.T
20260930,5588,ファーストアカウンティング,グロース（内国株式）,5250,情報・通信業,10,情報通信・サービスその他,-,-,5588.T
20260930,5589,オートサーバー,スタンダード（内国株式）,5250,情報・通信業,10,情報通信・サービスその他,-,-,5589.T
20260930,5590,ネットスターズ,グロース（内国株式）,5250,情報・通信業,10,情報通信・サービスその他,-,-,5590.T
20260930,5591,ＡＶＩＬＥＮ,グロース（内国株式）,5250,情報・通信業,10,情報通信・サービスその他,-,-,5591.T
20260930,5592,くすりの窓口,グロース（内国株式）,5250,情報・通信業,10,情報通信・サービスその他,-,-,5592.T
20260930,5594,エム・デー・ビー,PRO Market,5250,情報・通信業,10,情報通信・サービスその他,-,-,5594.T
20260930,5597,ブルーイノベーション,グロース（内国株式）,5250,情報・通信業,10,情報通信・サービスその他,-,-,5597.T
20260930,5598,Ｙｏｔｔａｖｉａｓ,PRO Market,5250,情報・通信業,10,情報通信・サービスその他,-,-,5598.T
20260930,5599,Ｓ＆Ｊ,グロース（内国株式）,5250,情報・通信業,10,情報通信・サービスその他,-,-,5599.T
20260930,5602,栗本鐵工所,プライム（内国株式）,3450,鉄鋼,7,鉄鋼・非鉄,6,TOPIX Small 1,5602.T
20260930,5603,虹技,スタンダード（内国株式）,3450,鉄鋼,7,鉄鋼・非鉄,-,-,5603.T
20260930,5609,日本鋳造,スタンダード（内国株式）,3450,鉄鋼,7,鉄鋼・非鉄,-,-,5609.T
20260930,5612,日本鋳鉄管,スタンダード（内国株式）,3450,鉄鋼,7,鉄鋼・非鉄,-,-,5612.T
20260930,5616,雨風太陽,グロース（内国株式）,5250,情報・通信業,10,情報通信・サービスその他,-,-,5616.T
20260930,5618,ナイル,グロース（内国株式）,5250,情報・通信業,10,情報通信・サービスその他,-,-,5618.T
20260930,5619,マーソ,グロース（内国株式）,5250,情報・通信業,10,情報通信・サービスその他,-,-,5619.T
20260930,5620,エスピーオー,PRO Market,5250,情報・通信業,10,情報通信・サービスその他,-,-,5620.T
20260930,5621,ヒューマンテクノロジーズ,グロース（内国株式）,5250,情報・通信業,10,情報通信・サービスその他,-,-,5621.T
20260930,5622,ワンビ,PRO Market,5250,情報・通信業,10,情報通信・サービスその他,-,-,5622.T
20260930,5631,日本製鋼所,プライム（内国株式）,3600,機械,8,機械,4,TOPIX Mid400,5631.T
20260930,5632,三菱製鋼,プライム（内国株式）,3450,鉄鋼,7,鉄鋼・非鉄,7,TOPIX Small 2,5632.T
20260930,5644,メタルアート,スタンダード（内国株式）,3450,鉄鋼,7,鉄鋼・非鉄,-,-,5644.T
20260930,5658,日亜鋼業,スタンダード（内国株式）,3450,鉄鋼,7,鉄鋼・非鉄,-,-,5658.T
20260930,5659,日本精線,プライム（内国株式）,3450,鉄鋼,7,鉄鋼・非鉄,7,TOPIX Small 2,5659.T
20260930,5695,パウダーテック,スタンダード（内国株式）,3450,鉄鋼,7,鉄鋼・非鉄,-,-,5695.T
20260930,5697,サンユウ,スタンダード（内国株式）,3450,鉄鋼,7,鉄鋼・非鉄,-,-,5697.T
20260930,5698,エンビプロ・ホールディングス,スタンダード（内国株式）,3450,鉄鋼,7,鉄鋼・非鉄,7,TOPIX Small 2,5698.T
20260930,5699,イボキン,スタンダード（内国株式）,3450,鉄鋼,7,鉄鋼・非鉄,-,-,5699.T
20260930,5702,大紀アルミニウム工業所,プライム（内国株式）,3500,非鉄金属,7,鉄鋼・非鉄,6,TOPIX Small 1,5702.T
20260930,5703,日本軽金属ホールディングス,プライム（内国株式）,3500,非鉄金属,7,鉄鋼・非鉄,6,TOPIX Small 1,5703.T
20260930,5704,ＪＭＣ,スタンダード（内国株式）,3500,非鉄金属,7,鉄鋼・非鉄,-,-,5704.T
20260930,5706,三井金属,プライム（内国株式）,3500,非鉄金属,7,鉄鋼・非鉄,4,TOPIX Mid400,5706.T
20260930,5707,東邦亜鉛,プライム（内国株式）,3500,非鉄金属,7,鉄鋼・非鉄,7,TOPIX Small 2,5707.T
20260930,5711,三菱マテリアル,プライム（内国株式）,3500,非鉄金属,7,鉄鋼・非鉄,4,TOPIX Mid400,5711.T
20260930,5713,住友金属鉱山,プライム（内国株式）,3500,非鉄金属,7,鉄鋼・非鉄,4,TOPIX Mid400,5713.T
20260930,5714,ＤＯＷＡホールディングス,プライム（内国株式）,3500,非鉄金属,7,鉄鋼・非鉄,4,TOPIX Mid400,5714.T
20260930,5715,古河機械金属,プライム（内国株式）,3500,非鉄金属,7,鉄鋼・非鉄,6,TOPIX Small 1,5715.T
20260930,5721,エスクリプトエナジー,スタンダード（内国株式）,3500,非鉄金属,7,鉄鋼・非鉄,-,-,5721.T
20260930,5724,アサカ理研,スタンダード（内国株式）,3500,非鉄金属,7,鉄鋼・非鉄,-,-,5724.T
20260930,5726,大阪チタニウムテクノロジーズ,プライム（内国株式）,3500,非鉄金属,7,鉄鋼・非鉄,6,TOPIX Small 1,5726.T
20260930,5729,日本精鉱,スタンダード（内国株式）,3500,非鉄金属,7,鉄鋼・非鉄,-,-,5729.T
20260930,5741,ＵＡＣＪ,プライム（内国株式）,3500,非鉄金属,7,鉄鋼・非鉄,6,TOPIX Small 1,5741.T
20260930,5742,エヌアイシ・オートテック,スタンダード（内国株式）,3500,非鉄金属,7,鉄鋼・非鉄,-,-,5742.T
20260930,5753,日本伸銅,スタンダード（内国株式）,3500,非鉄金属,7,鉄鋼・非鉄,-,-,5753.T
20260930,5757,ＣＫサンエツ,プライム（内国株式）,3500,非鉄金属,7,鉄鋼・非鉄,7,TOPIX Small 2,5757.T
20260930,5801,古河電気工業,プライム（内国株式）,3500,非鉄金属,7,鉄鋼・非鉄,4,TOPIX Mid400,5801.T
20260930,5802,住友電気工業,プライム（内国株式）,3500,非鉄金属,7,鉄鋼・非鉄,2,TOPIX Large70,5802.T
20260930,5803,フジクラ,プライム（内国株式）,3500,非鉄金属,7,鉄鋼・非鉄,2,TOPIX Large70,5803.T
20260930,5805,ＳＷＣＣ,プライム（内国株式）,3500,非鉄金属,7,鉄鋼・非鉄,6,TOPIX Small 1,5805.T
20260930,5816,オーナンバ,スタンダード（内国株式）,3500,非鉄金属,7,鉄鋼・非鉄,-,-,5816.T
20260930,5817,ＪＭＡＣＳ,スタンダード（内国株式）,3500,非鉄金属,7,鉄鋼・非鉄,-,-,5817.T
20260930,5819,カナレ電気,スタンダード（内国株式）,3500,非鉄金属,7,鉄鋼・非鉄,-,-,5819.T
20260930,5820,三ッ星,スタンダード（内国株式）,3500,非鉄金属,7,鉄鋼・非鉄,-,-,5820.T
20260930,5821,平河ヒューテック,プライム（内国株式）,3500,非鉄金属,7,鉄鋼・非鉄,7,TOPIX Small 2,5821.T
20260930,5830,いよぎんホールディングス,プライム（内国株式）,7050,銀行業,15,銀行,4,TOPIX Mid400,5830.T
20260930,5831,しずおかフィナンシャルグループ,プライム（内国株式）,7050,銀行業,15,銀行,4,TOPIX Mid400,5831.T
20260930,5832,ちゅうぎんフィナンシャルグループ,プライム（内国株式）,7050,銀行業,15,銀行,4,TOPIX Mid400,5832.T
20260930,5834,ＳＢＩリーシングサービス,グロース（内国株式）,7100,証券、商品先物取引業,16,金融（除く銀行）,-,-,5834.T
20260930,5838,楽天銀行,プライム（内国株式）,7050,銀行業,15,銀行,4,TOPIX Mid400,5838.T
20260930,5840,日本総険,PRO Market,7150,保険業,16,金融（除く銀行）,-,-,5840.T
20260930,5842,インテグラル,グロース（内国株式）,7100,証券、商品先物取引業,16,金融（除く銀行）,-,-,5842.T
20260930,5843,ニッポンインシュア,スタンダード（内国株式）,7200,その他金融業,16,金融（除く銀行）,-,-,5843.T
20260930,5844,京都フィナンシャルグループ,プライム（内国株式）,7050,銀行業,15,銀行,4,TOPIX Mid400,5844.T
20260930,5845,全保連,スタンダード（内国株式）,7200,その他金融業,16,金融（除く銀行）,-,-,5845.T
20260930,5851,リョービ,プライム（内国株式）,3500,非鉄金属,7,鉄鋼・非鉄,6,TOPIX Small 1,5851.T
20260930,5852,アーレスティ,プライム（内国株式）,3500,非鉄金属,7,鉄鋼・非鉄,-,-,5852.T
20260930,5857,ＡＲＥホールディングス,プライム（内国株式）,3500,非鉄金属,7,鉄鋼・非鉄,6,TOPIX Small 1,5857.T
20260930,5858,ＳＴＧ,グロース（内国株式）,3500,非鉄金属,7,鉄鋼・非鉄,-,-,5858.T
20260930,5866,ＷｉｚＢｉｚ,PRO Market,9050,サービス業,10,情報通信・サービスその他,-,-,5866.T
20260930,5867,エスネットワークス,グロース（内国株式）,9050,サービス業,10,情報通信・サービスその他,-,-,5867.T
20260930,5868,ロココ,スタンダード（内国株式）,9050,サービス業,10,情報通信・サービスその他,-,-,5868.T
20260930,5869,早稲田学習研究会,スタンダード（内国株式）,9050,サービス業,10,情報通信・サービスその他,-,-,5869.T
20260930,5870,ナルネットコミュニケーションズ,グロース（内国株式）,9050,サービス業,10,情報通信・サービスその他,-,-,5870.T
20260930,5871,ＳＯＬＩＺＥ　Ｈｏｌｄｉｎｇｓ,スタンダード（内国株式）,9050,サービス業,10,情報通信・サービスその他,-,-,5871.T
20260930,5884,クラダシ,グロース（内国株式）,6100,小売業,14,小売,-,-,5884.T
20260930,5885,ジーデップ・アドバンス,スタンダード（内国株式）,6050,卸売業,13,商社・卸売,-,-,5885.T
20260930,5886,ＯＯＫＡＢＥ　ＧＬＡＳＳ,PRO Market,6050,卸売業,13,商社・卸売,-,-,5886.T
20260930,5887,光響,PRO Market,6050,卸売業,13,商社・卸売,-,-,5887.T
20260930,5888,ＤＡＩＷＡ　ＣＹＣＬＥ,グロース（内国株式）,6100,小売業,14,小売,-,-,5888.T
20260930,5889,Ｊａｐａｎ　Ｅｙｅｗｅａｒ　Ｈｏｌｄｉｎｇｓ,プライム（内国株式）,6100,小売業,14,小売,7,TOPIX Small 2,5889.T
20260930,5890,オフィスバスターズ,PRO Market,6100,小売業,14,小売,-,-,5890.T
20260930,5891,ＳＡＫＩＧＡＫＥホールディングス,スタンダード（内国株式）,6100,小売業,14,小売,-,-,5891.T
20260930,5892,ｙｕｔｏｒｉ,グロース（内国株式）,6100,小売業,14,小売,-,-,5892.T
20260930,5893,ＲＡＶＩＰＡ,PRO Market,6100,小売業,14,小売,-,-,5893.T
20260930,5900,ダイケン,スタンダード（内国株式）,3550,金属製品,3,建設・資材,-,-,5900.T
20260930,5901,東洋製罐グループホールディングス,プライム（内国株式）,3550,金属製品,3,建設・資材,4,TOPIX Mid400,5901.T
20260930,5902,ホッカンホールディングス,プライム（内国株式）,3550,金属製品,3,建設・資材,7,TOPIX Small 2,5902.T
20260930,5905,日本製罐,スタンダード（内国株式）,3550,金属製品,3,建設・資材,-,-,5905.T
20260930,5906,エムケー精工,スタンダード（内国株式）,3550,金属製品,3,建設・資材,-,-,5906.T
20260930,5909,コロナ,スタンダード（内国株式）,3550,金属製品,3,建設・資材,7,TOPIX Small 2,5909.T
20260930,5911,横河ブリッジホールディングス,プライム（内国株式）,3550,金属製品,3,建設・資材,6,TOPIX Small 1,5911.T
20260930,5915,駒井ハルテック,スタンダード（内国株式）,3550,金属製品,3,建設・資材,-,-,5915.T
20260930,5918,瀧上工業,スタンダード（内国株式）,3550,金属製品,3,建設・資材,-,-,5918.T
20260930,5921,川岸工業,スタンダード（内国株式）,3550,金属製品,3,建設・資材,-,-,5921.T
20260930,5922,那須電機鉄工,スタンダード（内国株式）,3550,金属製品,3,建設・資材,-,-,5922.T
20260930,5923,高田機工,スタンダード（内国株式）,3550,金属製品,3,建設・資材,-,-,5923.T
20260930,5928,アルメタックス,スタンダード（内国株式）,3550,金属製品,3,建設・資材,-,-,5928.T
20260930,5929,三和ホールディングス,プライム（内国株式）,3550,金属製品,3,建設・資材,4,TOPIX Mid400,5929.T
20260930,5930,文化シヤッター,プライム（内国株式）,3550,金属製品,3,建設・資材,6,TOPIX Small 1,5930.T
20260930,5932,三協立山,プライム（内国株式）,3550,金属製品,3,建設・資材,7,TOPIX Small 2,5932.T
20260930,5933,アルインコ,プライム（内国株式）,3550,金属製品,3,建設・資材,7,TOPIX Small 2,5933.T
20260930,5936,東洋シヤッター,スタンダード（内国株式）,3550,金属製品,3,建設・資材,-,-,5936.T
20260930,5938,ＬＩＸＩＬ,プライム（内国株式）,3550,金属製品,3,建設・資材,4,TOPIX Mid400,5938.T
20260930,5939,大谷工業,スタンダード（内国株式）,3550,金属製品,3,建設・資材,-,-,5939.T
20260930,5940,不二サッシ,スタンダード（内国株式）,3550,金属製品,3,建設・資材,-,-,5940.T
20260930,5941,中西製作所,スタンダード（内国株式）,3550,金属製品,3,建設・資材,-,-,5941.T
20260930,5942,日本フイルコン,スタンダード（内国株式）,3550,金属製品,3,建設・資材,-,-,5942.T
20260930,5943,ノーリツ,プライム（内国株式）,3550,金属製品,3,建設・資材,6,TOPIX Small 1,5943.T
20260930,5945,天龍製鋸,スタンダード（内国株式）,3550,金属製品,3,建設・資材,-,-,5945.T
20260930,5946,長府製作所,プライム（内国株式）,3550,金属製品,3,建設・資材,7,TOPIX Small 2,5946.T
20260930,5947,リンナイ,プライム（内国株式）,3550,金属製品,3,建設・資材,4,TOPIX Mid400,5947.T
20260930,5949,ユニプレス,プライム（内国株式）,3700,輸送用機器,6,自動車・輸送機,6,TOPIX Small 1,5949.T
20260930,5950,日本パワーファスニング,スタンダード（内国株式）,3550,金属製品,3,建設・資材,-,-,5950.T
20260930,5951,ダイニチ工業,スタンダード（内国株式）,3550,金属製品,3,建設・資材,-,-,5951.T
20260930,5952,アマテイ,スタンダード（内国株式）,3550,金属製品,3,建設・資材,-,-,5952.T
20260930,5955,ワイズホールディングス,スタンダード（内国株式）,3550,金属製品,3,建設・資材,-,-,5955.T
20260930,5956,トーソー,スタンダード（内国株式）,3550,金属製品,3,建設・資材,-,-,5956.T
20260930,5957,日東精工,プライム（内国株式）,3550,金属製品,3,建設・資材,7,TOPIX Small 2,5957.T
20260930,5958,三洋工業,スタンダード（内国株式）,3550,金属製品,3,建設・資材,-,-,5958.T
20260930,5959,岡部,プライム（内国株式）,3550,金属製品,3,建設・資材,7,TOPIX Small 2,5959.T
20260930,5962,浅香工業,スタンダード（内国株式）,3800,その他製品,10,情報通信・サービスその他,-,-,5962.T
20260930,5965,フジマック,スタンダード（内国株式）,3550,金属製品,3,建設・資材,-,-,5965.T
20260930,5966,京都機械工具,スタンダード（内国株式）,3550,金属製品,3,建設・資材,-,-,5966.T
20260930,5967,ＴＯＮＥ,スタンダード（内国株式）,3550,金属製品,3,建設・資材,-,-,5967.T
20260930,5969,ロブテックス,スタンダード（内国株式）,3550,金属製品,3,建設・資材,-,-,5969.T
20260930,5970,ジーテクト,プライム（内国株式）,3550,金属製品,3,建設・資材,6,TOPIX Small 1,5970.T
20260930,5971,共和工業所,スタンダード（内国株式）,3550,金属製品,3,建設・資材,-,-,5971.T
20260930,5973,トーアミ,スタンダード（内国株式）,3550,金属製品,3,建設・資材,-,-,5973.T
20260930,5974,中国工業,スタンダード（内国株式）,3550,金属製品,3,建設・資材,-,-,5974.T
20260930,5975,東プレ,プライム（内国株式）,3550,金属製品,3,建設・資材,6,TOPIX Small 1,5975.T
20260930,5976,高周波熱錬,プライム（内国株式）,3550,金属製品,3,建設・資材,7,TOPIX Small 2,5976.T
20260930,5981,東京製綱,プライム（内国株式）,3550,金属製品,3,建設・資材,7,TOPIX Small 2,5981.T
20260930,5982,マルゼン,スタンダード（内国株式）,3550,金属製品,3,建設・資材,-,-,5982.T
20260930,5983,イワブチ,スタンダード（内国株式）,3550,金属製品,3,建設・資材,-,-,5983.T
20260930,5984,兼房,スタンダード（内国株式）,3550,金属製品,3,建設・資材,-,-,5984.T
20260930,5985,サンコール,スタンダード（内国株式）,3550,金属製品,3,建設・資材,7,TOPIX Small 2,5985.T
20260930,5986,モリテック　スチール,スタンダード（内国株式）,3550,金属製品,3,建設・資材,-,-,5986.T
20260930,5987,オーネックス,スタンダード（内国株式）,3550,金属製品,3,建設・資材,-,-,5987.T
20260930,5988,パイオラックス,プライム（内国株式）,3550,金属製品,3,建設・資材,6,TOPIX Small 1,5988.T
20260930,5989,エイチワン,プライム（内国株式）,3550,金属製品,3,建設・資材,7,TOPIX Small 2,5989.T
20260930,5990,スーパーツール,スタンダード（内国株式）,3550,金属製品,3,建設・資材,-,-,5990.T
20260930,5991,日本発條,プライム（内国株式）,3550,金属製品,3,建設・資材,4,TOPIX Mid400,5991.T
20260930,5992,中央発條,スタンダード（内国株式）,3550,金属製品,3,建設・資材,7,TOPIX Small 2,5992.T
20260930,5994,ファインシンター,スタンダード（内国株式）,3550,金属製品,3,建設・資材,-,-,5994.T
20260930,5997,協立エアテック,スタンダード（内国株式）,3550,金属製品,3,建設・資材,-,-,5997.T
20260930,5998,アドバネクス,スタンダード（内国株式）,3550,金属製品,3,建設・資材,-,-,5998.T
20260930,6005,三浦工業,プライム（内国株式）,3600,機械,8,機械,4,TOPIX Mid400,6005.T
20260930,6013,タクマ,プライム（内国株式）,3600,機械,8,機械,6,TOPIX Small 1,6013.T
20260930,6016,ジャパンエンジンコーポレーション,スタンダード（内国株式）,3700,輸送用機器,6,自動車・輸送機,-,-,6016.T
20260930,6018,阪神内燃機工業,スタンダード（内国株式）,3700,輸送用機器,6,自動車・輸送機,-,-,6018.T
20260930,6022,赤阪鐵工所,スタンダード（内国株式）,3600,機械,8,機械,-,-,6022.T
20260930,6023,ダイハツインフィニアース,スタンダード（内国株式）,3700,輸送用機器,6,自動車・輸送機,-,-,6023.T
20260930,6027,弁護士ドットコム,プライム（内国株式）,9050,サービス業,10,情報通信・サービスその他,7,TOPIX Small 2,6027.T
20260930,6029,アトラグループ,スタンダード（内国株式）,9050,サービス業,10,情報通信・サービスその他,-,-,6029.T
20260930,6030,アドベンチャー,グロース（内国株式）,9050,サービス業,10,情報通信・サービスその他,-,-,6030.T
20260930,6031,ＺＥＴＡ,スタンダード（内国株式）,9050,サービス業,10,情報通信・サービスその他,-,-,6031.T
20260930,6033,エクストリーム,グロース（内国株式）,9050,サービス業,10,情報通信・サービスその他,-,-,6033.T
20260930,6034,ＭＲＴ,グロース（内国株式）,9050,サービス業,10,情報通信・サービスその他,-,-,6034.T
20260930,6035,アイ・アールジャパンホールディングス,スタンダード（内国株式）,9050,サービス業,10,情報通信・サービスその他,7,TOPIX Small 2,6035.T
20260930,6036,ＫｅｅＰｅｒ技研,プライム（内国株式）,9050,サービス業,10,情報通信・サービスその他,6,TOPIX Small 1,6036.T
20260930,6037,楽待,スタンダード（内国株式）,9050,サービス業,10,情報通信・サービスその他,-,-,6037.T
20260930,6038,イード,グロース（内国株式）,9050,サービス業,10,情報通信・サービスその他,-,-,6038.T
20260930,6039,日本動物高度医療センター,グロース（内国株式）,9050,サービス業,10,情報通信・サービスその他,-,-,6039.T
20260930,6040,日本スキー場開発,グロース（内国株式）,9050,サービス業,10,情報通信・サービスその他,-,-,6040.T
20260930,6042,ニッキ,スタンダード（内国株式）,3700,輸送用機器,6,自動車・輸送機,-,-,6042.T
20260930,6044,三機サービス,スタンダード（内国株式）,9050,サービス業,10,情報通信・サービスその他,-,-,6044.T
20260930,6045,レントラックス,グロース（内国株式）,9050,サービス業,10,情報通信・サービスその他,-,-,6045.T
20260930,6046,リンクバル,スタンダード（内国株式）,9050,サービス業,10,情報通信・サービスその他,-,-,6046.T
20260930,6047,Ｇｕｎｏｓｙ,スタンダード（内国株式）,9050,サービス業,10,情報通信・サービスその他,7,TOPIX Small 2,6047.T
20260930,6049,イトクロ,グロース（内国株式）,9050,サービス業,10,情報通信・サービスその他,-,-,6049.T
20260930,6050,イー・ガーディアン,プライム（内国株式）,9050,サービス業,10,情報通信・サービスその他,7,TOPIX Small 2,6050.T
20260930,6054,リブセンス,スタンダード（内国株式）,9050,サービス業,10,情報通信・サービスその他,-,-,6054.T
20260930,6055,ジャパンマテリアル,プライム（内国株式）,9050,サービス業,10,情報通信・サービスその他,6,TOPIX Small 1,6055.T
20260930,6058,ベクトル,プライム（内国株式）,9050,サービス業,10,情報通信・サービスその他,7,TOPIX Small 2,6058.T
20260930,6059,ウチヤマホールディングス,スタンダード（内国株式）,9050,サービス業,10,情報通信・サービスその他,-,-,6059.T
20260930,6061,ユニバーサル園芸社,スタンダード（内国株式）,9050,サービス業,10,情報通信・サービスその他,-,-,6061.T
20260930,6062,チャーム・ケア・コーポレーション,プライム（内国株式）,9050,サービス業,10,情報通信・サービスその他,7,TOPIX Small 2,6062.T
20260930,6063,日本エマージェンシーアシスタンス,スタンダード（内国株式）,9050,サービス業,10,情報通信・サービスその他,-,-,6063.T
20260930,6069,トレンダーズ,グロース（内国株式）,9050,サービス業,10,情報通信・サービスその他,-,-,6069.T
20260930,6070,キャリアリンク,プライム（内国株式）,9050,サービス業,10,情報通信・サービスその他,7,TOPIX Small 2,6070.T
20260930,6071,ＩＢＪ,プライム（内国株式）,9050,サービス業,10,情報通信・サービスその他,7,TOPIX Small 2,6071.T
20260930,6072,地盤ネットホールディングス,スタンダード（内国株式）,9050,サービス業,10,情報通信・サービスその他,-,-,6072.T
20260930,6073,アサンテ,プライム（内国株式）,9050,サービス業,10,情報通信・サービスその他,7,TOPIX Small 2,6073.T
20260930,6074,ジェイエスエス,スタンダード（内国株式）,9050,サービス業,10,情報通信・サービスその他,-,-,6074.T
20260930,6078,バリューＨＲ,プライム（内国株式）,9050,サービス業,10,情報通信・サービスその他,7,TOPIX Small 2,6078.T
20260930,6080,Ｍ＆Ａキャピタルパートナーズ,プライム（内国株式）,9050,サービス業,10,情報通信・サービスその他,6,TOPIX Small 1,6080.T
20260930,6081,アライドアーキテクツ,グロース（内国株式）,9050,サービス業,10,情報通信・サービスその他,-,-,6081.T
20260930,6082,ライドオンエクスプレスホールディングス,スタンダード（内国株式）,9050,サービス業,10,情報通信・サービスその他,7,TOPIX Small 2,6082.T
20260930,6083,ＥＲＩホールディングス,スタンダード（内国株式）,9050,サービス業,10,情報通信・サービスその他,-,-,6083.T
20260930,6085,アーキテクツ・スタジオ・ジャパン,グロース（内国株式）,9050,サービス業,10,情報通信・サービスその他,-,-,6085.T
20260930,6086,シンメンテホールディングス,グロース（内国株式）,9050,サービス業,10,情報通信・サービスその他,-,-,6086.T
20260930,6087,アビスト,スタンダード（内国株式）,9050,サービス業,10,情報通信・サービスその他,-,-,6087.T
20260930,6088,シグマクシス・ホールディングス,プライム（内国株式）,9050,サービス業,10,情報通信・サービスその他,6,TOPIX Small 1,6088.T
20260930,6089,ウィルグループ,プライム（内国株式）,9050,サービス業,10,情報通信・サービスその他,7,TOPIX Small 2,6089.T
20260930,6090,ヒューマン・メタボローム・テクノロジーズ,スタンダード（内国株式）,9050,サービス業,10,情報通信・サービスその他,-,-,6090.T
20260930,6091,ウエスコホールディングス,スタンダード（内国株式）,9050,サービス業,10,情報通信・サービスその他,-,-,6091.T
20260930,6092,エンバイオ・ホールディングス,スタンダード（内国株式）,9050,サービス業,10,情報通信・サービスその他,-,-,6092.T
20260930,6093,ミトラグループ,スタンダード（内国株式）,9050,サービス業,10,情報通信・サービスその他,-,-,6093.T
20260930,6094,フリークアウト・ホールディングス,グロース（内国株式）,9050,サービス業,10,情報通信・サービスその他,-,-,6094.T
20260930,6098,リクルートホールディングス,プライム（内国株式）,9050,サービス業,10,情報通信・サービスその他,1,TOPIX Core30,6098.T
20260930,6099,エラン,プライム（内国株式）,9050,サービス業,10,情報通信・サービスその他,7,TOPIX Small 2,6099.T
20260930,6101,ツガミ,プライム（内国株式）,3600,機械,8,機械,6,TOPIX Small 1,6101.T
20260930,6103,オークマ,プライム（内国株式）,3600,機械,8,機械,6,TOPIX Small 1,6103.T
20260930,6104,芝浦機械,プライム（内国株式）,3600,機械,8,機械,6,TOPIX Small 1,6104.T
20260930,6113,アマダ,プライム（内国株式）,3600,機械,8,機械,4,TOPIX Mid400,6113.T
20260930,6118,アイダエンジニアリング,プライム（内国株式）,3600,機械,8,機械,6,TOPIX Small 1,6118.T
20260930,6125,岡本工作機械製作所,スタンダード（内国株式）,3600,機械,8,機械,-,-,6125.T
20260930,6134,ＦＵＪＩ,プライム（内国株式）,3600,機械,8,機械,4,TOPIX Mid400,6134.T
20260930,6135,牧野フライス製作所,プライム（内国株式）,3600,機械,8,機械,6,TOPIX Small 1,6135.T
20260930,6136,オーエスジー,プライム（内国株式）,3600,機械,8,機械,4,TOPIX Mid400,6136.T
20260930,6137,小池酸素工業,スタンダード（内国株式）,3600,機械,8,機械,-,-,6137.T
20260930,6138,ダイジェット工業,スタンダード（内国株式）,3600,機械,8,機械,-,-,6138.T
20260930,6140,旭ダイヤモンド工業,プライム（内国株式）,3600,機械,8,機械,6,TOPIX Small 1,6140.T
20260930,6141,ＤＭＧ森精機,プライム（内国株式）,3600,機械,8,機械,4,TOPIX Mid400,6141.T
20260930,6143,ソディック,プライム（内国株式）,3600,機械,8,機械,6,TOPIX Small 1,6143.T
20260930,6144,西部電機,スタンダード（内国株式）,3600,機械,8,機械,-,-,6144.T
20260930,6145,ＮＩＴＴＯＫＵ,スタンダード（内国株式）,3600,機械,8,機械,-,-,6145.T
20260930,6146,ディスコ,プライム（内国株式）,3600,機械,8,機械,2,TOPIX Large70,6146.T
20260930,6147,ヤマザキ,スタンダード（内国株式）,3600,機械,8,機械,-,-,6147.T
20260930,6149,小田原エンジニアリング,スタンダード（内国株式）,3600,機械,8,機械,-,-,6149.T
20260930,6150,タケダ機械,スタンダード（内国株式）,3600,機械,8,機械,-,-,6150.T
20260930,6151,日東工器,プライム（内国株式）,3600,機械,8,機械,7,TOPIX Small 2,6151.T
20260930,6155,高松機械工業,スタンダード（内国株式）,3600,機械,8,機械,-,-,6155.T
20260930,6156,エーワン精密,スタンダード（内国株式）,3600,機械,8,機械,-,-,6156.T
20260930,6157,日進工具,スタンダード（内国株式）,3600,機械,8,機械,7,TOPIX Small 2,6157.T
20260930,6158,和井田製作所,スタンダード（内国株式）,3600,機械,8,機械,-,-,6158.T
20260930,6159,ミクロン精密,スタンダード（内国株式）,3600,機械,8,機械,-,-,6159.T
20260930,6161,エスティック,スタンダード（内国株式）,3600,機械,8,機械,-,-,6161.T
20260930,6165,パンチ工業,スタンダード（内国株式）,3600,機械,8,機械,-,-,6165.T
20260930,6166,中村超硬,グロース（内国株式）,3600,機械,8,機械,-,-,6166.T
20260930,6167,冨士ダイス,プライム（内国株式）,3600,機械,8,機械,7,TOPIX Small 2,6167.T
20260930,6168,ＯＮＥ　ＧＲＯＵＰ,PRO Market,3600,機械,8,機械,-,-,6168.T
20260930,6171,土木管理総合試験所,スタンダード（内国株式）,9050,サービス業,10,情報通信・サービスその他,-,-,6171.T
20260930,6174,デンタス,PRO Market,9050,サービス業,10,情報通信・サービスその他,-,-,6174.T
20260930,6176,ブランジスタ,スタンダード（内国株式）,9050,サービス業,10,情報通信・サービスその他,-,-,6176.T
20260930,6177,ＡｐｐＢａｎｋ,グロース（内国株式）,9050,サービス業,10,情報通信・サービスその他,-,-,6177.T
20260930,6178,日本郵政,プライム（内国株式）,9050,サービス業,10,情報通信・サービスその他,2,TOPIX Large70,6178.T
20260930,6180,ＧＭＯメディア,グロース（内国株式）,9050,サービス業,10,情報通信・サービスその他,-,-,6180.T
20260930,6181,タメニー,グロース（内国株式）,9050,サービス業,10,情報通信・サービスその他,-,-,6181.T
20260930,6182,メタリアル,グロース（内国株式）,9050,サービス業,10,情報通信・サービスその他,-,-,6182.T
20260930,6183,ベルシステム２４ホールディングス,プライム（内国株式）,9050,サービス業,10,情報通信・サービスその他,7,TOPIX Small 2,6183.T
20260930,6184,鎌倉新書,プライム（内国株式）,9050,サービス業,10,情報通信・サービスその他,7,TOPIX Small 2,6184.T
20260930,6185,ＳＭＮ,スタンダード（内国株式）,9050,サービス業,10,情報通信・サービスその他,-,-,6185.T
20260930,6186,一蔵,スタンダード（内国株式）,9050,サービス業,10,情報通信・サービスその他,-,-,6186.T
20260930,6189,グローバルキッズＣＯＭＰＡＮＹ,スタンダード（内国株式）,9050,サービス業,10,情報通信・サービスその他,-,-,6189.T
20260930,6190,フェニックスバイオ,グロース（内国株式）,9050,サービス業,10,情報通信・サービスその他,-,-,6190.T
20260930,6191,エアトリ,プライム（内国株式）,9050,サービス業,10,情報通信・サービスその他,7,TOPIX Small 2,6191.T
20260930,6193,バーチャレクス・ホールディングス,グロース（内国株式）,9050,サービス業,10,情報通信・サービスその他,-,-,6193.T
20260930,6194,アトラエ,プライム（内国株式）,9050,サービス業,10,情報通信・サービスその他,7,TOPIX Small 2,6194.T
20260930,6195,ホープ,グロース（内国株式）,9050,サービス業,10,情報通信・サービスその他,-,-,6195.T
20260930,6196,ストライクグループ,プライム（内国株式）,9050,サービス業,10,情報通信・サービスその他,6,TOPIX Small 1,6196.T
20260930,6198,キャリア,グロース（内国株式）,9050,サービス業,10,情報通信・サービスその他,-,-,6198.T
20260930,6199,セラク,スタンダード（内国株式）,5250,情報・通信業,10,情報通信・サービスその他,7,TOPIX Small 2,6199.T
20260930,6200,インソース,プライム（内国株式）,9050,サービス業,10,情報通信・サービスその他,6,TOPIX Small 1,6200.T
20260930,6203,豊和工業,スタンダード（内国株式）,3600,機械,8,機械,-,-,6203.T
20260930,6208,石川製作所,スタンダード（内国株式）,3600,機械,8,機械,-,-,6208.T
20260930,6209,リケンＮＰＲ,プライム（内国株式）,3600,機械,8,機械,6,TOPIX Small 1,6209.T
20260930,6217,津田駒工業,スタンダード（内国株式）,3600,機械,8,機械,-,-,6217.T
20260930,6218,エンシュウ,スタンダード（内国株式）,3600,機械,8,機械,-,-,6218.T
20260930,6222,島精機製作所,プライム（内国株式）,3600,機械,8,機械,6,TOPIX Small 1,6222.T
20260930,6223,西部技研,スタンダード（内国株式）,3600,機械,8,機械,-,-,6223.T
20260930,6224,ＪＲＣ,グロース（内国株式）,3600,機械,8,機械,-,-,6224.T
20260930,6226,守谷輸送機工業,スタンダード（内国株式）,3600,機械,8,機械,-,-,6226.T
20260930,6227,ＡＩメカテック,スタンダード（内国株式）,3600,機械,8,機械,-,-,6227.T
20260930,6228,ジェイ・イー・ティ,スタンダード（内国株式）,3600,機械,8,機械,-,-,6228.T
20260930,6229,オーケーエム,スタンダード（内国株式）,3600,機械,8,機械,-,-,6229.T
20260930,6230,ＳＡＮＥＩ,スタンダード（内国株式）,3600,機械,8,機械,-,-,6230.T
20260930,6231,木村工機,スタンダード（内国株式）,3600,機械,8,機械,-,-,6231.T
20260930,6232,ＡＣＳＬ,グロース（内国株式）,3600,機械,8,機械,-,-,6232.T
20260930,6233,ＫＬＡＳＳ,スタンダード（内国株式）,3600,機械,8,機械,-,-,6233.T
20260930,6235,オプトラン,プライム（内国株式）,3600,機械,8,機械,6,TOPIX Small 1,6235.T
20260930,6237,イワキポンプ,プライム（内国株式）,3600,機械,8,機械,7,TOPIX Small 2,6237.T
20260930,6238,フリュー,プライム（内国株式）,3600,機械,8,機械,7,TOPIX Small 2,6238.T
20260930,6239,ナガオカ,スタンダード（内国株式）,3600,機械,8,機械,-,-,6239.T
20260930,6240,ヤマシンフィルタ,プライム（内国株式）,3600,機械,8,機械,7,TOPIX Small 2,6240.T
20260930,6245,ヒラノテクシード,スタンダード（内国株式）,3600,機械,8,機械,-,-,6245.T
20260930,6246,テクノスマート,スタンダード（内国株式）,3600,機械,8,機械,-,-,6246.T
20260930,6247,日阪製作所,プライム（内国株式）,3600,機械,8,機械,7,TOPIX Small 2,6247.T
20260930,6248,横田製作所,スタンダード（内国株式）,3600,機械,8,機械,-,-,6248.T
20260930,6249,ゲームカードホールディングス,スタンダード（内国株式）,3600,機械,8,機械,-,-,6249.T
20260930,6250,やまびこ,プライム（内国株式）,3600,機械,8,機械,6,TOPIX Small 1,6250.T
20260930,6254,野村マイクロ・サイエンス,プライム（内国株式）,3600,機械,8,機械,6,TOPIX Small 1,6254.T
20260930,6255,エヌ・ピー・シー,グロース（内国株式）,3600,機械,8,機械,-,-,6255.T
20260930,6257,藤商事,スタンダード（内国株式）,3600,機械,8,機械,-,-,6257.T
20260930,6258,平田機工,プライム（内国株式）,3600,機械,8,機械,6,TOPIX Small 1,6258.T
20260930,6262,ＰＥＧＡＳＵＳ,スタンダード（内国株式）,3600,機械,8,機械,7,TOPIX Small 2,6262.T
20260930,6264,マルマエ,プライム（内国株式）,3600,機械,8,機械,7,TOPIX Small 2,6264.T
20260930,6265,コンバム,スタンダード（内国株式）,3600,機械,8,機械,-,-,6265.T
20260930,6266,タツモ,プライム（内国株式）,3600,機械,8,機械,7,TOPIX Small 2,6266.T
20260930,6267,ゼネラルパッカー,スタンダード（内国株式）,3600,機械,8,機械,-,-,6267.T
20260930,6268,ナブテスコ,プライム（内国株式）,3600,機械,8,機械,4,TOPIX Mid400,6268.T
20260930,6269,三井海洋開発,プライム（内国株式）,3600,機械,8,機械,4,TOPIX Mid400,6269.T
20260930,6272,レオン自動機,プライム（内国株式）,3600,機械,8,機械,7,TOPIX Small 2,6272.T
20260930,6273,ＳＭＣ,プライム（内国株式）,3600,機械,8,機械,2,TOPIX Large70,6273.T
20260930,6276,シリウスビジョン,スタンダード（内国株式）,3650,電気機器,9,電機・精密,-,-,6276.T
20260930,6277,ホソカワミクロン,プライム（内国株式）,3600,機械,8,機械,6,TOPIX Small 1,6277.T
20260930,6278,ユニオンツール,プライム（内国株式）,3600,機械,8,機械,6,TOPIX Small 1,6278.T
20260930,6279,瑞光,プライム（内国株式）,3600,機械,8,機械,7,TOPIX Small 2,6279.T
20260930,6282,オイレス工業,プライム（内国株式）,3600,機械,8,機械,6,TOPIX Small 1,6282.T
20260930,6284,日精エー・エス・ビー機械,プライム（内国株式）,3600,機械,8,機械,6,TOPIX Small 1,6284.T
20260930,6286,靜甲,スタンダード（内国株式）,3600,機械,8,機械,-,-,6286.T
20260930,6287,サトー,プライム（内国株式）,3600,機械,8,機械,6,TOPIX Small 1,6287.T
20260930,6289,技研製作所,プライム（内国株式）,3600,機械,8,機械,7,TOPIX Small 2,6289.T
20260930,6291,日本エアーテック,スタンダード（内国株式）,3600,機械,8,機械,7,TOPIX Small 2,6291.T
20260930,6292,カワタ,スタンダード（内国株式）,3600,機械,8,機械,-,-,6292.T
20260930,6294,オカダアイヨン,プライム（内国株式）,3600,機械,8,機械,-,-,6294.T
20260930,6298,ワイエイシイホールディングス,プライム（内国株式）,3600,機械,8,機械,7,TOPIX Small 2,6298.T
20260930,6301,小松製作所,プライム（内国株式）,3600,機械,8,機械,2,TOPIX Large70,6301.T
20260930,6302,住友重機械工業,プライム（内国株式）,3600,機械,8,機械,4,TOPIX Mid400,6302.T
20260930,6305,日立建機,プライム（内国株式）,3600,機械,8,機械,4,TOPIX Mid400,6305.T
20260930,6306,日工,プライム（内国株式）,3600,機械,8,機械,7,TOPIX Small 2,6306.T
20260930,6307,サンセイ,スタンダード（内国株式）,3600,機械,8,機械,-,-,6307.T
20260930,6309,巴工業,プライム（内国株式）,3600,機械,8,機械,7,TOPIX Small 2,6309.T
20260930,6310,井関農機,プライム（内国株式）,3600,機械,8,機械,7,TOPIX Small 2,6310.T
20260930,6315,ＴＯＷＡ,プライム（内国株式）,3600,機械,8,機械,6,TOPIX Small 1,6315.T
20260930,6316,丸山製作所,スタンダード（内国株式）,3600,機械,8,機械,-,-,6316.T
20260930,6317,北川鉄工所,スタンダード（内国株式）,3600,機械,8,機械,7,TOPIX Small 2,6317.T
20260930,6322,タクミナ,スタンダード（内国株式）,3600,機械,8,機械,-,-,6322.T
20260930,6323,ローツェ,プライム（内国株式）,3600,機械,8,機械,4,TOPIX Mid400,6323.T
20260930,6324,ハーモニック・ドライブ・システムズ,プライム（内国株式）,3600,機械,8,機械,7,TOPIX Small 2,6324.T
20260930,6325,タカキタ,スタンダード（内国株式）,3600,機械,8,機械,-,-,6325.T
20260930,6326,クボタ,プライム（内国株式）,3600,機械,8,機械,2,TOPIX Large70,6326.T
20260930,6327,北川精機,スタンダード（内国株式）,3600,機械,8,機械,-,-,6327.T
20260930,6328,荏原実業,プライム（内国株式）,3600,機械,8,機械,7,TOPIX Small 2,6328.T
20260930,6330,東洋エンジニアリング,プライム（内国株式）,2050,建設業,3,建設・資材,7,TOPIX Small 2,6330.T
20260930,6331,三菱化工機,プライム（内国株式）,3600,機械,8,機械,6,TOPIX Small 1,6331.T
20260930,6332,月島ホールディングス,プライム（内国株式）,3600,機械,8,機械,6,TOPIX Small 1,6332.T
20260930,6333,ＴＥＩＫＯＫＵ,プライム（内国株式）,3600,機械,8,機械,7,TOPIX Small 2,6333.T
20260930,6334,明治機械,スタンダード（内国株式）,3600,機械,8,機械,-,-,6334.T
20260930,6335,東京機械製作所,スタンダード（内国株式）,3600,機械,8,機械,-,-,6335.T
20260930,6336,石井表記,スタンダード（内国株式）,3600,機械,8,機械,-,-,6336.T
20260930,6337,テセック,スタンダード（内国株式）,3600,機械,8,機械,-,-,6337.T
20260930,6338,タカトリ,スタンダード（内国株式）,3600,機械,8,機械,-,-,6338.T
20260930,6339,新東工業,プライム（内国株式）,3600,機械,8,機械,7,TOPIX Small 2,6339.T
20260930,6340,澁谷工業,プライム（内国株式）,3600,機械,8,機械,7,TOPIX Small 2,6340.T
20260930,6342,太平製作所,スタンダード（内国株式）,3600,機械,8,機械,-,-,6342.T
20260930,6343,フリージア・マクロス,スタンダード（内国株式）,3600,機械,8,機械,-,-,6343.T
20260930,6345,アイチ　コーポレーション,プライム（内国株式）,3600,機械,8,機械,7,TOPIX Small 2,6345.T
20260930,6346,キクカワエンタープライズ,スタンダード（内国株式）,3600,機械,8,機械,-,-,6346.T
20260930,6347,プラコー,スタンダード（内国株式）,3600,機械,8,機械,-,-,6347.T
20260930,6349,小森コーポレーション,プライム（内国株式）,3600,機械,8,機械,6,TOPIX Small 1,6349.T
20260930,6351,鶴見製作所,プライム（内国株式）,3600,機械,8,機械,7,TOPIX Small 2,6351.T
20260930,6356,日本ギア工業,スタンダード（内国株式）,3600,機械,8,機械,-,-,6356.T
20260930,6357,三精テクノロジーズ,スタンダード（内国株式）,3600,機械,8,機械,-,-,6357.T
20260930,6358,酒井重工業,プライム（内国株式）,3600,機械,8,機械,7,TOPIX Small 2,6358.T
20260930,6360,東京自働機械製作所,スタンダード（内国株式）,3600,機械,8,機械,-,-,6360.T
20260930,6361,荏原製作所,プライム（内国株式）,3600,機械,8,機械,4,TOPIX Mid400,6361.T
20260930,6363,酉島製作所,プライム（内国株式）,3600,機械,8,機械,6,TOPIX Small 1,6363.T
20260930,6364,ＡＩＲＭＡＮ,プライム（内国株式）,3600,機械,8,機械,7,TOPIX Small 2,6364.T
20260930,6365,電業社機械製作所,スタンダード（内国株式）,3600,機械,8,機械,-,-,6365.T
20260930,6366,千代田化工建設,スタンダード（内国株式）,2050,建設業,3,建設・資材,-,-,6366.T
20260930,6367,ダイキン工業,プライム（内国株式）,3600,機械,8,機械,1,TOPIX Core30,6367.T
20260930,6368,オルガノ,プライム（内国株式）,3600,機械,8,機械,4,TOPIX Mid400,6368.T
20260930,6369,トーヨーカネツ,プライム（内国株式）,3600,機械,8,機械,7,TOPIX Small 2,6369.T
20260930,6370,栗田工業,プライム（内国株式）,3600,機械,8,機械,4,TOPIX Mid400,6370.T
20260930,6371,椿本チエイン,プライム（内国株式）,3600,機械,8,機械,6,TOPIX Small 1,6371.T
20260930,6376,日機装,プライム（内国株式）,3750,精密機器,9,電機・精密,6,TOPIX Small 1,6376.T
20260930,6378,木村化工機,スタンダード（内国株式）,3600,機械,8,機械,7,TOPIX Small 2,6378.T
20260930,6379,レイズネクスト,プライム（内国株式）,2050,建設業,3,建設・資材,7,TOPIX Small 2,6379.T
20260930,6380,オリエンタルチエン工業,スタンダード（内国株式）,3600,機械,8,機械,-,-,6380.T
20260930,6381,アネスト岩田,プライム（内国株式）,3600,機械,8,機械,7,TOPIX Small 2,6381.T
20260930,6382,トリニティ工業,スタンダード（内国株式）,3600,機械,8,機械,-,-,6382.T
20260930,6383,ダイフク,プライム（内国株式）,3600,機械,8,機械,4,TOPIX Mid400,6383.T
20260930,6384,昭和真空,スタンダード（内国株式）,3600,機械,8,機械,-,-,6384.T
20260930,6387,サムコ,プライム（内国株式）,3600,機械,8,機械,7,TOPIX Small 2,6387.T
20260930,6390,加藤製作所,プライム（内国株式）,3600,機械,8,機械,-,-,6390.T
20260930,6391,加地テック,スタンダード（内国株式）,3600,機械,8,機械,-,-,6391.T
20260930,6392,ヤマダコーポレーション,スタンダード（内国株式）,3600,機械,8,機械,-,-,6392.T
20260930,6393,油研工業,スタンダード（内国株式）,3600,機械,8,機械,-,-,6393.T
20260930,6395,タダノ,プライム（内国株式）,3600,機械,8,機械,6,TOPIX Small 1,6395.T
20260930,6396,宇野澤組鐵工所,スタンダード（内国株式）,3600,機械,8,機械,-,-,6396.T
20260930,6400,不二精機,スタンダード（内国株式）,3600,機械,8,機械,-,-,6400.T
20260930,6402,兼松エンジニアリング,スタンダード（内国株式）,3600,機械,8,機械,-,-,6402.T
20260930,6405,鈴茂器工,スタンダード（内国株式）,3600,機械,8,機械,-,-,6405.T
20260930,6407,ＣＫＤ,プライム（内国株式）,3600,機械,8,機械,6,TOPIX Small 1,6407.T
20260930,6408,小倉クラッチ,スタンダード（内国株式）,3600,機械,8,機械,-,-,6408.T
20260930,6412,平和,プライム（内国株式）,3600,機械,8,機械,6,TOPIX Small 1,6412.T
20260930,6413,理想科学工業,プライム（内国株式）,3600,機械,8,機械,7,TOPIX Small 2,6413.T
20260930,6417,ＳＡＮＫＹＯ,プライム（内国株式）,3600,機械,8,機械,4,TOPIX Mid400,6417.T
20260930,6418,日本金銭機械,プライム（内国株式）,3600,機械,8,機械,7,TOPIX Small 2,6418.T
20260930,6419,マースグループホールディングス,プライム（内国株式）,3600,機械,8,機械,6,TOPIX Small 1,6419.T
20260930,6420,ガリレイホールディングス,プライム（内国株式）,3600,機械,8,機械,6,TOPIX Small 1,6420.T
20260930,6424,高見沢サイバネティックス,スタンダード（内国株式）,3600,機械,8,機械,-,-,6424.T
20260930,6425,ユニバーサルエンターテインメント,スタンダード（内国株式）,3600,機械,8,機械,-,-,6425.T
20260930,6428,オーイズミ,スタンダード（内国株式）,3600,機械,8,機械,-,-,6428.T
20260930,6430,ダイコク電機,プライム（内国株式）,3600,機械,8,機械,7,TOPIX Small 2,6430.T
20260930,6432,竹内製作所,プライム（内国株式）,3600,機械,8,機械,6,TOPIX Small 1,6432.T
20260930,6433,ヒーハイスト,スタンダード（内国株式）,3600,機械,8,機械,-,-,6433.T
20260930,6436,アマノ,プライム（内国株式）,3600,機械,8,機械,4,TOPIX Mid400,6436.T
20260930,6440,ＪＵＫＩ,プライム（内国株式）,3600,機械,8,機械,7,TOPIX Small 2,6440.T
20260930,6444,サンデン,スタンダード（内国株式）,3600,機械,8,機械,-,-,6444.T
20260930,6445,ジャノメ,プライム（内国株式）,3600,機械,8,機械,7,TOPIX Small 2,6445.T
20260930,6448,ブラザー工業,プライム（内国株式）,3650,電気機器,9,電機・精密,4,TOPIX Mid400,6448.T
20260930,6454,マックス,プライム（内国株式）,3600,機械,8,機械,6,TOPIX Small 1,6454.T
20260930,6455,モリタホールディングス,プライム（内国株式）,3700,輸送用機器,6,自動車・輸送機,7,TOPIX Small 2,6455.T
20260930,6457,グローリー,プライム（内国株式）,3600,機械,8,機械,4,TOPIX Mid400,6457.T
20260930,6458,新晃工業,プライム（内国株式）,3600,機械,8,機械,6,TOPIX Small 1,6458.T
20260930,6459,だいわ,プライム（内国株式）,3600,機械,8,機械,7,TOPIX Small 2,6459.T
20260930,6460,セガサミーホールディングス,プライム（内国株式）,3600,機械,8,機械,4,TOPIX Mid400,6460.T
20260930,6463,ＴＰＲ,プライム（内国株式）,3600,機械,8,機械,6,TOPIX Small 1,6463.T
20260930,6464,ツバキ・ナカシマ,プライム（内国株式）,3600,機械,8,機械,7,TOPIX Small 2,6464.T
20260930,6465,ホシザキ,プライム（内国株式）,3600,機械,8,機械,4,TOPIX Mid400,6465.T
20260930,6466,ＴＶＥ,スタンダード（内国株式）,3600,機械,8,機械,-,-,6466.T
20260930,6467,ニチダイ,スタンダード（内国株式）,3600,機械,8,機械,-,-,6467.T
20260930,6469,放電精密加工研究所,スタンダード（内国株式）,3600,機械,8,機械,-,-,6469.T
20260930,6470,大豊工業,スタンダード（内国株式）,3600,機械,8,機械,7,TOPIX Small 2,6470.T
20260930,6471,日本精工,プライム（内国株式）,3600,機械,8,機械,4,TOPIX Mid400,6471.T
20260930,6472,ＮＴＮ,プライム（内国株式）,3600,機械,8,機械,4,TOPIX Mid400,6472.T
20260930,6473,ジェイテクト,プライム（内国株式）,3600,機械,8,機械,4,TOPIX Mid400,6473.T
20260930,6474,不二越,プライム（内国株式）,3600,機械,8,機械,6,TOPIX Small 1,6474.T
20260930,6479,ミネベアミツミ,プライム（内国株式）,3650,電気機器,9,電機・精密,4,TOPIX Mid400,6479.T
20260930,6480,日本トムソン,プライム（内国株式）,3600,機械,8,機械,7,TOPIX Small 2,6480.T
20260930,6481,ＴＨＫ,プライム（内国株式）,3600,機械,8,機械,4,TOPIX Mid400,6481.T
20260930,6482,ＹＵＳＨＩＮ,スタンダード（内国株式）,3600,機械,8,機械,7,TOPIX Small 2,6482.T
20260930,6484,ＫＶＫ,スタンダード（内国株式）,3600,機械,8,機械,-,-,6484.T
20260930,6485,前澤給装工業,スタンダード（内国株式）,3600,機械,8,機械,7,TOPIX Small 2,6485.T
20260930,6488,ヨシタケ,スタンダード（内国株式）,3600,機械,8,機械,-,-,6488.T
20260930,6490,ＰＩＬＬＡＲ,プライム（内国株式）,3600,機械,8,機械,6,TOPIX Small 1,6490.T
20260930,6492,岡野バルブ製造,スタンダード（内国株式）,3600,機械,8,機械,-,-,6492.T
20260930,6493,ＮＩＴＴＡＮ,スタンダード（内国株式）,3700,輸送用機器,6,自動車・輸送機,-,-,6493.T
20260930,6494,ＮＦＫホールディングス,スタンダード（内国株式）,3600,機械,8,機械,-,-,6494.T
20260930,6495,宮入バルブ製作所,スタンダード（内国株式）,3600,機械,8,機械,-,-,6495.T
20260930,6496,中北製作所,スタンダード（内国株式）,3600,機械,8,機械,-,-,6496.T
20260930,6497,ハマイ,スタンダード（内国株式）,3600,機械,8,機械,-,-,6497.T
20260930,6498,キッツ,プライム（内国株式）,3600,機械,8,機械,6,TOPIX Small 1,6498.T
20260930,6501,日立製作所,プライム（内国株式）,3650,電気機器,9,電機・精密,1,TOPIX Core30,6501.T
20260930,6503,三菱電機,プライム（内国株式）,3650,電気機器,9,電機・精密,1,TOPIX Core30,6503.T
20260930,6504,富士電機,プライム（内国株式）,3650,電気機器,9,電機・精密,4,TOPIX Mid400,6504.T
20260930,6505,東洋電機製造,スタンダード（内国株式）,3650,電気機器,9,電機・精密,-,-,6505.T
20260930,6506,安川電機,プライム（内国株式）,3650,電気機器,9,電機・精密,4,TOPIX Mid400,6506.T
20260930,6507,シンフォニアテクノロジー,プライム（内国株式）,3650,電気機器,9,電機・精密,6,TOPIX Small 1,6507.T
20260930,6508,明電舎,プライム（内国株式）,3650,電気機器,9,電機・精密,6,TOPIX Small 1,6508.T
20260930,6513,オリジン,スタンダード（内国株式）,3650,電気機器,9,電機・精密,-,-,6513.T
20260930,6516,山洋電気,プライム（内国株式）,3650,電気機器,9,電機・精密,6,TOPIX Small 1,6516.T
20260930,6517,デンヨー,プライム（内国株式）,3650,電気機器,9,電機・精密,7,TOPIX Small 2,6517.T
20260930,6518,三相電機,スタンダード（内国株式）,3650,電気機器,9,電機・精密,-,-,6518.T
20260930,6521,オキサイド,グロース（内国株式）,3650,電気機器,9,電機・精密,-,-,6521.T
20260930,6522,アスタリスク,グロース（内国株式）,3650,電気機器,9,電機・精密,-,-,6522.T
20260930,6523,ＰＨＣホールディングス,プライム（内国株式）,3650,電気機器,9,電機・精密,6,TOPIX Small 1,6523.T
20260930,6524,湖北工業,スタンダード（内国株式）,3650,電気機器,9,電機・精密,-,-,6524.T
20260930,6525,ＫＯＫＵＳＡＩ　ＥＬＥＣＴＲＩＣ,プライム（内国株式）,3650,電気機器,9,電機・精密,4,TOPIX Mid400,6525.T
20260930,6526,ソシオネクスト,プライム（内国株式）,3650,電気機器,9,電機・精密,4,TOPIX Mid400,6526.T
20260930,6527,ワカ製作所,PRO Market,3650,電気機器,9,電機・精密,-,-,6527.T
20260930,6532,ベイカレント,プライム（内国株式）,9050,サービス業,10,情報通信・サービスその他,4,TOPIX Mid400,6532.T
20260930,6533,Ｏｒｃｈｅｓｔｒａ　Ｈｏｌｄｉｎｇｓ,プライム（内国株式）,9050,サービス業,10,情報通信・サービスその他,7,TOPIX Small 2,6533.T
20260930,6535,アイモバイル,プライム（内国株式）,9050,サービス業,10,情報通信・サービスその他,7,TOPIX Small 2,6535.T
20260930,6537,ＷＡＳＨハウス,グロース（内国株式）,9050,サービス業,10,情報通信・サービスその他,-,-,6537.T
20260930,6538,ディスラプターズ,スタンダード（内国株式）,9050,サービス業,10,情報通信・サービスその他,-,-,6538.T
20260930,6539,ＭＳ－Ｊａｐａｎ,プライム（内国株式）,9050,サービス業,10,情報通信・サービスその他,7,TOPIX Small 2,6539.T
20260930,6540,船場,スタンダード（内国株式）,9050,サービス業,10,情報通信・サービスその他,-,-,6540.T
20260930,6543,日宣,スタンダード（内国株式）,9050,サービス業,10,情報通信・サービスその他,-,-,6543.T
20260930,6544,ジャパンエレベーターサービスホールディングス,プライム（内国株式）,9050,サービス業,10,情報通信・サービスその他,4,TOPIX Mid400,6544.T
20260930,6545,インターネットインフィニティー,グロース（内国株式）,9050,サービス業,10,情報通信・サービスその他,-,-,6545.T
20260930,6546,フルテック,スタンダード（内国株式）,9050,サービス業,10,情報通信・サービスその他,-,-,6546.T
20260930,6547,グリーンズ,スタンダード（内国株式）,9050,サービス業,10,情報通信・サービスその他,-,-,6547.T
20260930,6548,旅工房,グロース（内国株式）,9050,サービス業,10,情報通信・サービスその他,-,-,6548.T
20260930,6549,ディーエムソリューションズ,スタンダード（内国株式）,9050,サービス業,10,情報通信・サービスその他,-,-,6549.T
20260930,6551,ツナググループ・ホールディングス,スタンダード（内国株式）,9050,サービス業,10,情報通信・サービスその他,-,-,6551.T
20260930,6552,ＧａｍｅＷｉｔｈ,スタンダード（内国株式）,9050,サービス業,10,情報通信・サービスその他,-,-,6552.T
20260930,6554,エスユーエス,グロース（内国株式）,9050,サービス業,10,情報通信・サービスその他,-,-,6554.T
20260930,6555,ＭＳ＆Ｃｏｎｓｕｌｔｉｎｇ,スタンダード（内国株式）,9050,サービス業,10,情報通信・サービスその他,-,-,6555.T
20260930,6557,ＡＩＡＩグループ,グロース（内国株式）,9050,サービス業,10,情報通信・サービスその他,-,-,6557.T
20260930,6558,クックビズ,グロース（内国株式）,9050,サービス業,10,情報通信・サービスその他,-,-,6558.T
20260930,6560,エル・ティー・エス,プライム（内国株式）,9050,サービス業,10,情報通信・サービスその他,7,TOPIX Small 2,6560.T
20260930,6561,ＨＡＮＡＴＯＵＲ　ＪＡＰＡＮ,グロース（内国株式）,9050,サービス業,10,情報通信・サービスその他,-,-,6561.T
20260930,6562,ジーニー,グロース（内国株式）,9050,サービス業,10,情報通信・サービスその他,-,-,6562.T
20260930,6563,みらいワークス,グロース（内国株式）,9050,サービス業,10,情報通信・サービスその他,-,-,6563.T
20260930,6564,ミダックホールディングス,プライム（内国株式）,9050,サービス業,10,情報通信・サービスその他,7,TOPIX Small 2,6564.T
20260930,6566,要興業,スタンダード（内国株式）,9050,サービス業,10,情報通信・サービスその他,-,-,6566.T
20260930,6568,神戸天然物化学,グロース（内国株式）,9050,サービス業,10,情報通信・サービスその他,-,-,6568.T
20260930,6570,共和コーポレーション,スタンダード（内国株式）,9050,サービス業,10,情報通信・サービスその他,-,-,6570.T
20260930,6571,キュービーネットホールディングス,プライム（内国株式）,9050,サービス業,10,情報通信・サービスその他,7,TOPIX Small 2,6571.T
20260930,6572,オープングループ,プライム（内国株式）,9050,サービス業,10,情報通信・サービスその他,7,TOPIX Small 2,6572.T
20260930,6573,ＣＲＡＶＩＡ,グロース（内国株式）,9050,サービス業,10,情報通信・サービスその他,-,-,6573.T
20260930,6574,コンヴァノ,グロース（内国株式）,9050,サービス業,10,情報通信・サービスその他,-,-,6574.T
20260930,6576,揚工舎,PRO Market,9050,サービス業,10,情報通信・サービスその他,-,-,6576.T
20260930,6577,ベストワンドットコム,グロース（内国株式）,9050,サービス業,10,情報通信・サービスその他,-,-,6577.T
20260930,6578,コレックホールディングス,スタンダード（内国株式）,9050,サービス業,10,情報通信・サービスその他,-,-,6578.T
20260930,6579,ログリー,グロース（内国株式）,9050,サービス業,10,情報通信・サービスその他,-,-,6579.T
20260930,6580,ライトアップ,グロース（内国株式）,9050,サービス業,10,情報通信・サービスその他,-,-,6580.T
20260930,6584,三櫻工業,プライム（内国株式）,3700,輸送用機器,6,自動車・輸送機,7,TOPIX Small 2,6584.T
20260930,6586,マキタ,プライム（内国株式）,3600,機械,8,機械,4,TOPIX Mid400,6586.T
20260930,6588,東芝テック,プライム（内国株式）,3650,電気機器,9,電機・精密,6,TOPIX Small 1,6588.T
20260930,6590,芝浦メカトロニクス,プライム（内国株式）,3650,電気機器,9,電機・精密,6,TOPIX Small 1,6590.T
20260930,6592,マブチモーター,プライム（内国株式）,3650,電気機器,9,電機・精密,4,TOPIX Mid400,6592.T
20260930,6594,ニデック,プライム（内国株式）,3650,電気機器,9,電機・精密,-,-,6594.T
20260930,6596,筑波精工,PRO Market,3650,電気機器,9,電機・精密,-,-,6596.T
20260930,6597,ＨＰＣシステムズ,グロース（内国株式）,3650,電気機器,9,電機・精密,-,-,6597.T
20260930,6599,エブレン,スタンダード（内国株式）,3650,電気機器,9,電機・精密,-,-,6599.T
20260930,6612,バルミューダ,グロース（内国株式）,3650,電気機器,9,電機・精密,-,-,6612.T
20260930,6613,ＱＤレーザ,グロース（内国株式）,3650,電気機器,9,電機・精密,-,-,6613.T
20260930,6614,シキノハイテック,スタンダード（内国株式）,3650,電気機器,9,電機・精密,-,-,6614.T
20260930,6615,ユー・エム・シー・エレクトロニクス,スタンダード（内国株式）,3650,電気機器,9,電機・精密,7,TOPIX Small 2,6615.T
20260930,6616,トレックス・セミコンダクター,プライム（内国株式）,3650,電気機器,9,電機・精密,7,TOPIX Small 2,6616.T
20260930,6617,東光高岳,プライム（内国株式）,3650,電気機器,9,電機・精密,7,TOPIX Small 2,6617.T
20260930,6619,ダブル・スコープ,プライム（内国株式）,3650,電気機器,9,電機・精密,7,TOPIX Small 2,6619.T
20260930,6620,宮越ホールディングス,プライム（内国株式）,8050,不動産業,17,不動産,7,TOPIX Small 2,6620.T
20260930,6622,ダイヘン,プライム（内国株式）,3650,電気機器,9,電機・精密,6,TOPIX Small 1,6622.T
20260930,6625,ＪＡＬＣＯホールディングス,スタンダード（内国株式）,8050,不動産業,17,不動産,-,-,6625.T
20260930,6626,ＳＥＭＩＴＥＣ,スタンダード（内国株式）,3650,電気機器,9,電機・精密,-,-,6626.T
20260930,6627,テラプローブ,スタンダード（内国株式）,3650,電気機器,9,電機・精密,-,-,6627.T
20260930,6629,テクノホライゾン,スタンダード（内国株式）,3650,電気機器,9,電機・精密,-,-,6629.T
20260930,6630,ヤーマン,プライム（内国株式）,3650,電気機器,9,電機・精密,6,TOPIX Small 1,6630.T
20260930,6632,ＪＶＣケンウッド,プライム（内国株式）,3650,電気機器,9,電機・精密,4,TOPIX Mid400,6632.T
20260930,6633,ＣＧＳホールディングス,スタンダード（内国株式）,3650,電気機器,9,電機・精密,-,-,6633.T
20260930,6634,ＪＮグループ,スタンダード（内国株式）,3650,電気機器,9,電機・精密,-,-,6634.T
20260930,6635,大日光・エンジニアリング,スタンダード（内国株式）,3650,電気機器,9,電機・精密,-,-,6635.T
20260930,6637,寺崎電気産業,スタンダード（内国株式）,3650,電気機器,9,電機・精密,-,-,6637.T
20260930,6638,ミマキエンジニアリング,プライム（内国株式）,3650,電気機器,9,電機・精密,7,TOPIX Small 2,6638.T
20260930,6643,戸上電機製作所,スタンダード（内国株式）,3650,電気機器,9,電機・精密,-,-,6643.T
20260930,6644,大崎電気工業,プライム（内国株式）,3650,電気機器,9,電機・精密,7,TOPIX Small 2,6644.T
20260930,6645,オムロン,プライム（内国株式）,3650,電気機器,9,電機・精密,4,TOPIX Mid400,6645.T
20260930,6647,森尾電機,スタンダード（内国株式）,3650,電気機器,9,電機・精密,-,-,6647.T
20260930,6648,かわでん,スタンダード（内国株式）,3650,電気機器,9,電機・精密,-,-,6648.T
20260930,6651,日東工業,プライム（内国株式）,3650,電気機器,9,電機・精密,6,TOPIX Small 1,6651.T
20260930,6652,ＩＤＥＣ,プライム（内国株式）,3650,電気機器,9,電機・精密,6,TOPIX Small 1,6652.T
20260930,6653,正興電機製作所,プライム（内国株式）,3650,電気機器,9,電機・精密,-,-,6653.T
20260930,6654,不二電機工業,スタンダード（内国株式）,3650,電気機器,9,電機・精密,-,-,6654.T
20260930,6656,インスペック,スタンダード（内国株式）,3650,電気機器,9,電機・精密,-,-,6656.T
20260930,6658,シライ電子工業,スタンダード（内国株式）,3650,電気機器,9,電機・精密,-,-,6658.T
20260930,6659,メディアリンクス,スタンダード（内国株式）,3650,電気機器,9,電機・精密,-,-,6659.T
20260930,6662,ユビテック,スタンダード（内国株式）,3650,電気機器,9,電機・精密,-,-,6662.T
20260930,6663,太洋テクノレックス,スタンダード（内国株式）,3650,電気機器,9,電機・精密,-,-,6663.T
20260930,6664,オプトエレクトロニクス,スタンダード（内国株式）,3650,電気機器,9,電機・精密,-,-,6664.T
20260930,6666,リバーエレテック,スタンダード（内国株式）,3650,電気機器,9,電機・精密,-,-,6666.T
20260930,6668,アドテック　プラズマ　テクノロジー,スタンダード（内国株式）,3650,電気機器,9,電機・精密,-,-,6668.T
20260930,6674,ジーエス・ユアサ　コーポレーション,プライム（内国株式）,3650,電気機器,9,電機・精密,4,TOPIX Mid400,6674.T
20260930,6675,サクサ,スタンダード（内国株式）,3650,電気機器,9,電機・精密,-,-,6675.T
20260930,6676,ＢＵＦＦＡＬＯ,スタンダード（内国株式）,3650,電気機器,9,電機・精密,7,TOPIX Small 2,6676.T
20260930,6677,エスケーエレクトロニクス,スタンダード（内国株式）,3650,電気機器,9,電機・精密,-,-,6677.T
20260930,6678,テクノメディカ,スタンダード（内国株式）,3650,電気機器,9,電機・精密,7,TOPIX Small 2,6678.T
20260930,6694,ズーム,スタンダード（内国株式）,3650,電気機器,9,電機・精密,-,-,6694.T
20260930,6695,キャストリコ,PRO Market,3650,電気機器,9,電機・精密,-,-,6695.T
20260930,6696,トラース・オン・プロダクト,グロース（内国株式）,3650,電気機器,9,電機・精密,-,-,6696.T
20260930,6699,ダイヤモンドエレクトリックホールディングス,スタンダード（内国株式）,3650,電気機器,9,電機・精密,7,TOPIX Small 2,6699.T
20260930,6701,日本電気,プライム（内国株式）,3650,電気機器,9,電機・精密,2,TOPIX Large70,6701.T
20260930,6702,富士通,プライム（内国株式）,3650,電気機器,9,電機・精密,2,TOPIX Large70,6702.T
20260930,6703,沖電気工業,プライム（内国株式）,3650,電気機器,9,電機・精密,6,TOPIX Small 1,6703.T
20260930,6706,電気興業,プライム（内国株式）,3650,電気機器,9,電機・精密,7,TOPIX Small 2,6706.T
20260930,6707,サンケン電気,プライム（内国株式）,3650,電気機器,9,電機・精密,4,TOPIX Mid400,6707.T
20260930,6718,アイホン,プライム（内国株式）,3650,電気機器,9,電機・精密,7,TOPIX Small 2,6718.T
20260930,6721,ウインテスト,スタンダード（内国株式）,3650,電気機器,9,電機・精密,-,-,6721.T
20260930,6723,ルネサスエレクトロニクス,プライム（内国株式）,3650,電気機器,9,電機・精密,2,TOPIX Large70,6723.T
20260930,6724,セイコーエプソン,プライム（内国株式）,3650,電気機器,9,電機・精密,4,TOPIX Mid400,6724.T
20260930,6727,ワコム,プライム（内国株式）,3650,電気機器,9,電機・精密,6,TOPIX Small 1,6727.T
20260930,6728,アルバック,プライム（内国株式）,3650,電気機器,9,電機・精密,4,TOPIX Mid400,6728.T
20260930,6730,アクセル,スタンダード（内国株式）,3650,電気機器,9,電機・精密,7,TOPIX Small 2,6730.T
20260930,6731,ピクセラ,スタンダード（内国株式）,3650,電気機器,9,電機・精密,-,-,6731.T
20260930,6736,サン電子,スタンダード（内国株式）,3650,電気機器,9,電機・精密,-,-,6736.T
20260930,6737,ＥＩＺＯ,プライム（内国株式）,3650,電気機器,9,電機・精密,6,TOPIX Small 1,6737.T
20260930,6740,ジャパンディスプレイ,プライム（内国株式）,3650,電気機器,9,電機・精密,7,TOPIX Small 2,6740.T
20260930,6741,日本信号,プライム（内国株式）,3650,電気機器,9,電機・精密,7,TOPIX Small 2,6741.T
20260930,6742,京三製作所,プライム（内国株式）,3650,電気機器,9,電機・精密,7,TOPIX Small 2,6742.T
20260930,6743,大同信号,スタンダード（内国株式）,3650,電気機器,9,電機・精密,-,-,6743.T
20260930,6744,能美防災,プライム（内国株式）,3650,電気機器,9,電機・精密,6,TOPIX Small 1,6744.T
20260930,6745,ホーチキ,プライム（内国株式）,3650,電気機器,9,電機・精密,7,TOPIX Small 2,6745.T
20260930,6748,星和電機,スタンダード（内国株式）,3650,電気機器,9,電機・精密,-,-,6748.T
20260930,6750,エレコム,プライム（内国株式）,3650,電気機器,9,電機・精密,6,TOPIX Small 1,6750.T
20260930,6752,パナソニック　ホールディングス,プライム（内国株式）,3650,電気機器,9,電機・精密,2,TOPIX Large70,6752.T
20260930,6753,シャープ,プライム（内国株式）,3650,電気機器,9,電機・精密,4,TOPIX Mid400,6753.T
20260930,6754,アンリツ,プライム（内国株式）,3650,電気機器,9,電機・精密,4,TOPIX Mid400,6754.T
20260930,6757,ＯＳＧコーポレーション,スタンダード（内国株式）,3650,電気機器,9,電機・精密,-,-,6757.T
20260930,6758,ソニーグループ,プライム（内国株式）,3650,電気機器,9,電機・精密,1,TOPIX Core30,6758.T
20260930,6762,ＴＤＫ,プライム（内国株式）,3650,電気機器,9,電機・精密,2,TOPIX Large70,6762.T
20260930,6763,帝国通信工業,プライム（内国株式）,3650,電気機器,9,電機・精密,7,TOPIX Small 2,6763.T
20260930,6768,タムラ製作所,プライム（内国株式）,3650,電気機器,9,電機・精密,6,TOPIX Small 1,6768.T
20260930,6769,ザインエレクトロニクス,スタンダード（内国株式）,3650,電気機器,9,電機・精密,-,-,6769.T
20260930,6770,アルプスアルパイン,プライム（内国株式）,3650,電気機器,9,電機・精密,4,TOPIX Mid400,6770.T
20260930,6771,池上通信機,スタンダード（内国株式）,3650,電気機器,9,電機・精密,-,-,6771.T
20260930,6772,東京コスモス電機,スタンダード（内国株式）,3650,電気機器,9,電機・精密,-,-,6772.T
20260930,6775,ＴＢグループ,スタンダード（内国株式）,3650,電気機器,9,電機・精密,-,-,6775.T
20260930,6776,天昇電気工業,スタンダード（内国株式）,3200,化学,4,素材・化学,-,-,6776.T
20260930,6777,ｓａｎｔｅｃ　Ｈｏｌｄｉｎｇｓ,スタンダード（内国株式）,3650,電気機器,9,電機・精密,-,-,6777.T
20260930,6778,アルチザネットワークス,スタンダード（内国株式）,3650,電気機器,9,電機・精密,-,-,6778.T
20260930,6779,日本電波工業,プライム（内国株式）,3650,電気機器,9,電機・精密,7,TOPIX Small 2,6779.T
20260930,6785,鈴木,プライム（内国株式）,3650,電気機器,9,電機・精密,7,TOPIX Small 2,6785.T
20260930,6786,ＲＶＨ,スタンダード（内国株式）,9050,サービス業,10,情報通信・サービスその他,-,-,6786.T
20260930,6787,メイコー,プライム（内国株式）,3650,電気機器,9,電機・精密,6,TOPIX Small 1,6787.T
20260930,6788,日本トリム,プライム（内国株式）,3650,電気機器,9,電機・精密,7,TOPIX Small 2,6788.T
20260930,6794,フォスター電機,プライム（内国株式）,3650,電気機器,9,電機・精密,7,TOPIX Small 2,6794.T
20260930,6797,名古屋電機工業,スタンダード（内国株式）,3650,電気機器,9,電機・精密,-,-,6797.T
20260930,6798,ＳＭＫ,プライム（内国株式）,3650,電気機器,9,電機・精密,7,TOPIX Small 2,6798.T
20260930,6800,ヨコオ,プライム（内国株式）,3650,電気機器,9,電機・精密,7,TOPIX Small 2,6800.T
20260930,6803,ティアック,スタンダード（内国株式）,3650,電気機器,9,電機・精密,-,-,6803.T
20260930,6804,ホシデン,プライム（内国株式）,3650,電気機器,9,電機・精密,6,TOPIX Small 1,6804.T
20260930,6806,ヒロセ電機,プライム（内国株式）,3650,電気機器,9,電機・精密,4,TOPIX Mid400,6806.T
20260930,6807,日本航空電子工業,プライム（内国株式）,3650,電気機器,9,電機・精密,6,TOPIX Small 1,6807.T
20260930,6809,ＴＯＡ,プライム（内国株式）,3650,電気機器,9,電機・精密,7,TOPIX Small 2,6809.T
20260930,6810,マクセル,プライム（内国株式）,3650,電気機器,9,電機・精密,6,TOPIX Small 1,6810.T
20260930,6814,古野電気,プライム（内国株式）,3650,電気機器,9,電機・精密,6,TOPIX Small 1,6814.T
20260930,6817,スミダコーポレーション,プライム（内国株式）,3650,電気機器,9,電機・精密,7,TOPIX Small 2,6817.T
20260930,6819,伊豆シャボテンリゾート,スタンダード（内国株式）,9050,サービス業,10,情報通信・サービスその他,-,-,6819.T
20260930,6820,アイコム,プライム（内国株式）,3650,電気機器,9,電機・精密,7,TOPIX Small 2,6820.T
20260930,6822,大井電気,スタンダード（内国株式）,3650,電気機器,9,電機・精密,-,-,6822.T
20260930,6823,リオン,プライム（内国株式）,3650,電気機器,9,電機・精密,7,TOPIX Small 2,6823.T
20260930,6824,新コスモス電機,スタンダード（内国株式）,3650,電気機器,9,電機・精密,-,-,6824.T
20260930,6832,アオイ電子,スタンダード（内国株式）,3650,電気機器,9,電機・精密,-,-,6832.T
20260930,6834,精工技研,スタンダード（内国株式）,3650,電気機器,9,電機・精密,-,-,6834.T
20260930,6835,アライドテレシスホールディングス,スタンダード（内国株式）,3650,電気機器,9,電機・精密,-,-,6835.T
20260930,6836,ぷらっとホーム,スタンダード（内国株式）,3650,電気機器,9,電機・精密,-,-,6836.T
20260930,6837,京写,スタンダード（内国株式）,3650,電気機器,9,電機・精密,-,-,6837.T
20260930,6838,多摩川ホールディングス,スタンダード（内国株式）,3650,電気機器,9,電機・精密,-,-,6838.T
20260930,6840,ＡＫＩＢＡホールディングス,スタンダード（内国株式）,3650,電気機器,9,電機・精密,-,-,6840.T
20260930,6841,横河電機,プライム（内国株式）,3650,電気機器,9,電機・精密,4,TOPIX Mid400,6841.T
20260930,6844,新電元工業,プライム（内国株式）,3650,電気機器,9,電機・精密,7,TOPIX Small 2,6844.T
20260930,6845,アズビル,プライム（内国株式）,3650,電気機器,9,電機・精密,4,TOPIX Mid400,6845.T
20260930,6848,東亜ディーケーケー,スタンダード（内国株式）,3650,電気機器,9,電機・精密,-,-,6848.T
20260930,6849,日本光電工業,プライム（内国株式）,3650,電気機器,9,電機・精密,4,TOPIX Mid400,6849.T
20260930,6850,チノー,プライム（内国株式）,3650,電気機器,9,電機・精密,7,TOPIX Small 2,6850.T
20260930,6853,共和電業,スタンダード（内国株式）,3650,電気機器,9,電機・精密,-,-,6853.T
20260930,6855,日本電子材料,スタンダード（内国株式）,3650,電気機器,9,電機・精密,7,TOPIX Small 2,6855.T
20260930,6856,堀場製作所,プライム（内国株式）,3650,電気機器,9,電機・精密,4,TOPIX Mid400,6856.T
20260930,6857,アドバンテスト,プライム（内国株式）,3650,電気機器,9,電機・精密,1,TOPIX Core30,6857.T
20260930,6858,小野測器,スタンダード（内国株式）,3650,電気機器,9,電機・精密,-,-,6858.T
20260930,6859,エスペック,プライム（内国株式）,3650,電気機器,9,電機・精密,6,TOPIX Small 1,6859.T
20260930,6861,キーエンス,プライム（内国株式）,3650,電気機器,9,電機・精密,1,TOPIX Core30,6861.T
20260930,6862,ミナトホールディングス,スタンダード（内国株式）,3650,電気機器,9,電機・精密,-,-,6862.T
20260930,6863,ニレコ,スタンダード（内国株式）,3650,電気機器,9,電機・精密,-,-,6863.T
20260930,6864,エヌエフホールディングス,スタンダード（内国株式）,3650,電気機器,9,電機・精密,-,-,6864.T
20260930,6866,日置電機,プライム（内国株式）,3650,電気機器,9,電機・精密,6,TOPIX Small 1,6866.T
20260930,6867,リーダー電子,スタンダード（内国株式）,3650,電気機器,9,電機・精密,-,-,6867.T
20260930,6869,シスメックス,プライム（内国株式）,3650,電気機器,9,電機・精密,4,TOPIX Mid400,6869.T
20260930,6870,日本フェンオール,スタンダード（内国株式）,3650,電気機器,9,電機・精密,-,-,6870.T
20260930,6871,日本マイクロニクス,プライム（内国株式）,3650,電気機器,9,電機・精密,6,TOPIX Small 1,6871.T
20260930,6874,協立電機,スタンダード（内国株式）,3650,電気機器,9,電機・精密,-,-,6874.T
20260930,6875,メガチップス,プライム（内国株式）,3650,電気機器,9,電機・精密,6,TOPIX Small 1,6875.T
20260930,6877,ＯＢＡＲＡ　ＧＲＯＵＰ,スタンダード（内国株式）,3650,電気機器,9,電機・精密,7,TOPIX Small 2,6877.T
20260930,6882,三社電機製作所,スタンダード（内国株式）,3650,電気機器,9,電機・精密,-,-,6882.T
20260930,6888,アクモス,スタンダード（内国株式）,5250,情報・通信業,10,情報通信・サービスその他,-,-,6888.T
20260930,6890,フェローテック,スタンダード（内国株式）,3650,電気機器,9,電機・精密,-,-,6890.T
20260930,6894,パルステック工業,スタンダード（内国株式）,3650,電気機器,9,電機・精密,-,-,6894.T
20260930,6897,ツインバード,スタンダード（内国株式）,3650,電気機器,9,電機・精密,-,-,6897.T
20260930,6898,トミタ電機,スタンダード（内国株式）,3650,電気機器,9,電機・精密,-,-,6898.T
20260930,6899,ＡＳＴＩ,スタンダード（内国株式）,3650,電気機器,9,電機・精密,-,-,6899.T
20260930,6902,デンソー,プライム（内国株式）,3700,輸送用機器,6,自動車・輸送機,2,TOPIX Large70,6902.T
20260930,6904,原田工業,スタンダード（内国株式）,3650,電気機器,9,電機・精密,-,-,6904.T
20260930,6905,コーセル,プライム（内国株式）,3650,電気機器,9,電機・精密,7,TOPIX Small 2,6905.T
20260930,6907,ジオマテック,スタンダード（内国株式）,3650,電気機器,9,電機・精密,-,-,6907.T
20260930,6908,イリソ電子工業,プライム（内国株式）,3650,電気機器,9,電機・精密,6,TOPIX Small 1,6908.T
20260930,6912,菊水ホールディングス,スタンダード（内国株式）,3650,電気機器,9,電機・精密,-,-,6912.T
20260930,6914,オプテックスグループ,プライム（内国株式）,3650,電気機器,9,電機・精密,6,TOPIX Small 1,6914.T
20260930,6915,千代田インテグレ,スタンダード（内国株式）,3650,電気機器,9,電機・精密,7,TOPIX Small 2,6915.T
20260930,6918,アバールデータ,スタンダード（内国株式）,3650,電気機器,9,電機・精密,-,-,6918.T
20260930,6919,ケル,スタンダード（内国株式）,3650,電気機器,9,電機・精密,-,-,6919.T
20260930,6920,レーザーテック,プライム（内国株式）,3650,電気機器,9,電機・精密,2,TOPIX Large70,6920.T
20260930,6923,スタンレー電気,プライム（内国株式）,3650,電気機器,9,電機・精密,4,TOPIX Mid400,6923.T
20260930,6925,ウシオ電機,プライム（内国株式）,3650,電気機器,9,電機・精密,4,TOPIX Mid400,6925.T
20260930,6926,岡谷電機産業,スタンダード（内国株式）,3650,電気機器,9,電機・精密,-,-,6926.T
20260930,6927,ヘリオス　テクノ　ホールディング,スタンダード（内国株式）,3650,電気機器,9,電機・精密,-,-,6927.T
20260930,6928,エノモト,スタンダード（内国株式）,3650,電気機器,9,電機・精密,-,-,6928.T
20260930,6929,日本セラミック,プライム（内国株式）,3650,電気機器,9,電機・精密,6,TOPIX Small 1,6929.T
20260930,6932,遠藤照明,スタンダード（内国株式）,3650,電気機器,9,電機・精密,-,-,6932.T
20260930,6941,山一電機,プライム（内国株式）,3650,電気機器,9,電機・精密,6,TOPIX Small 1,6941.T
20260930,6942,ソフィアホールディングス,スタンダード（内国株式）,5250,情報・通信業,10,情報通信・サービスその他,-,-,6942.T
20260930,6943,ＮＫＫスイッチズ,スタンダード（内国株式）,3650,電気機器,9,電機・精密,-,-,6943.T
20260930,6946,日本アビオニクス,スタンダード（内国株式）,3650,電気機器,9,電機・精密,-,-,6946.T
20260930,6947,図研,プライム（内国株式）,3650,電気機器,9,電機・精密,6,TOPIX Small 1,6947.T
20260930,6951,日本電子,プライム（内国株式）,3650,電気機器,9,電機・精密,4,TOPIX Mid400,6951.T
20260930,6952,カシオ計算機,プライム（内国株式）,3650,電気機器,9,電機・精密,4,TOPIX Mid400,6952.T
20260930,6954,ファナック,プライム（内国株式）,3650,電気機器,9,電機・精密,2,TOPIX Large70,6954.T
20260930,6955,ＦＤＫ,スタンダード（内国株式）,3650,電気機器,9,電機・精密,-,-,6955.T
20260930,6958,日本シイエムケイ,プライム（内国株式）,3650,電気機器,9,電機・精密,7,TOPIX Small 2,6958.T
20260930,6960,フクダ電子,スタンダード（内国株式）,3650,電気機器,9,電機・精密,-,-,6960.T
20260930,6961,エンプラス,プライム（内国株式）,3650,電気機器,9,電機・精密,7,TOPIX Small 2,6961.T
20260930,6962,大真空,プライム（内国株式）,3650,電気機器,9,電機・精密,7,TOPIX Small 2,6962.T
20260930,6963,ローム,プライム（内国株式）,3650,電気機器,9,電機・精密,4,TOPIX Mid400,6963.T
20260930,6964,サンコー,スタンダード（内国株式）,3650,電気機器,9,電機・精密,-,-,6964.T
20260930,6965,浜松ホトニクス,プライム（内国株式）,3650,電気機器,9,電機・精密,4,TOPIX Mid400,6965.T
20260930,6966,三井ハイテック,プライム（内国株式）,3650,電気機器,9,電機・精密,6,TOPIX Small 1,6966.T
20260930,6969,松尾電機,スタンダード（内国株式）,3650,電気機器,9,電機・精密,-,-,6969.T
20260930,6971,京セラ,プライム（内国株式）,3650,電気機器,9,電機・精密,2,TOPIX Large70,6971.T
20260930,6976,太陽誘電,プライム（内国株式）,3650,電気機器,9,電機・精密,4,TOPIX Mid400,6976.T
20260930,6977,日本抵抗器製作所,スタンダード（内国株式）,3650,電気機器,9,電機・精密,-,-,6977.T
20260930,6981,村田製作所,プライム（内国株式）,3650,電気機器,9,電機・精密,2,TOPIX Large70,6981.T
20260930,6982,リード,スタンダード（内国株式）,3700,輸送用機器,6,自動車・輸送機,-,-,6982.T
20260930,6986,双葉電子工業,プライム（内国株式）,3650,電気機器,9,電機・精密,7,TOPIX Small 2,6986.T
20260930,6988,日東電工,プライム（内国株式）,3200,化学,4,素材・化学,4,TOPIX Mid400,6988.T
20260930,6989,北陸電気工業,スタンダード（内国株式）,3650,電気機器,9,電機・精密,-,-,6989.T
20260930,6993,大黒屋ホールディングス,スタンダード（内国株式）,6100,小売業,14,小売,-,-,6993.T
20260930,6994,指月電機製作所,スタンダード（内国株式）,3650,電気機器,9,電機・精密,-,-,6994.T
20260930,6995,東海理化電機製作所,プライム（内国株式）,3700,輸送用機器,6,自動車・輸送機,6,TOPIX Small 1,6995.T
20260930,6996,ニチコン,プライム（内国株式）,3650,電気機器,9,電機・精密,6,TOPIX Small 1,6996.T
20260930,6997,日本ケミコン,プライム（内国株式）,3650,電気機器,9,電機・精密,7,TOPIX Small 2,6997.T
20260930,6998,日本タングステン,スタンダード（内国株式）,3650,電気機器,9,電機・精密,-,-,6998.T
20260930,6999,ＫＯＡ,プライム（内国株式）,3650,電気機器,9,電機・精密,6,TOPIX Small 1,6999.T
20260930,7003,三井Ｅ＆Ｓ,プライム（内国株式）,3600,機械,8,機械,4,TOPIX Mid400,7003.T
20260930,7004,カナデビア,プライム（内国株式）,3600,機械,8,機械,6,TOPIX Small 1,7004.T
20260930,7011,三菱重工業,プライム（内国株式）,3600,機械,8,機械,1,TOPIX Core30,7011.T
20260930,7012,川崎重工業,プライム（内国株式）,3700,輸送用機器,6,自動車・輸送機,4,TOPIX Mid400,7012.T
20260930,7013,ＩＨＩ,プライム（内国株式）,3600,機械,8,機械,4,TOPIX Mid400,7013.T
20260930,7014,名村造船所,スタンダード（内国株式）,3700,輸送用機器,6,自動車・輸送機,6,TOPIX Small 1,7014.T
20260930,7018,内海造船,スタンダード（内国株式）,3700,輸送用機器,6,自動車・輸送機,-,-,7018.T
20260930,7021,ニッチツ,スタンダード（内国株式）,3600,機械,8,機械,-,-,7021.T
20260930,7022,サノヤスホールディングス,スタンダード（内国株式）,3600,機械,8,機械,-,-,7022.T
20260930,7030,スプリックス,スタンダード（内国株式）,9050,サービス業,10,情報通信・サービスその他,-,-,7030.T
20260930,7031,インバウンドテック,グロース（内国株式）,9050,サービス業,10,情報通信・サービスその他,-,-,7031.T
20260930,7033,マネジメントソリューションズ,プライム（内国株式）,9050,サービス業,10,情報通信・サービスその他,7,TOPIX Small 2,7033.T
20260930,7034,プロレド・パートナーズ,プライム（内国株式）,9050,サービス業,10,情報通信・サービスその他,7,TOPIX Small 2,7034.T
20260930,7035,ａｎｄ　ｆａｃｔｏｒｙ,スタンダード（内国株式）,9050,サービス業,10,情報通信・サービスその他,-,-,7035.T
20260930,7036,イーエムネットジャパン,グロース（内国株式）,9050,サービス業,10,情報通信・サービスその他,-,-,7036.T
20260930,7037,テノ．ホールディングス,スタンダード（内国株式）,9050,サービス業,10,情報通信・サービスその他,-,-,7037.T
20260930,7038,フロンティア・マネジメント,プライム（内国株式）,9050,サービス業,10,情報通信・サービスその他,7,TOPIX Small 2,7038.T
20260930,7039,ブリッジインターナショナルグループ,グロース（内国株式）,9050,サービス業,10,情報通信・サービスその他,-,-,7039.T
20260930,7040,サン・ライフホールディング,スタンダード（内国株式）,9050,サービス業,10,情報通信・サービスその他,-,-,7040.T
20260930,7041,ＣＲＧホールディングス,グロース（内国株式）,9050,サービス業,10,情報通信・サービスその他,-,-,7041.T
20260930,7042,アクセスグループ・ホールディングス,スタンダード（内国株式）,9050,サービス業,10,情報通信・サービスその他,-,-,7042.T
20260930,7043,アルー,グロース（内国株式）,9050,サービス業,10,情報通信・サービスその他,-,-,7043.T
20260930,7044,ピアラ,スタンダード（内国株式）,9050,サービス業,10,情報通信・サービスその他,-,-,7044.T
20260930,7046,ＴＤＳＥ,グロース（内国株式）,9050,サービス業,10,情報通信・サービスその他,-,-,7046.T
20260930,7047,ポート,グロース（内国株式）,9050,サービス業,10,情報通信・サービスその他,-,-,7047.T
20260930,7048,ベルトラ,グロース（内国株式）,9050,サービス業,10,情報通信・サービスその他,-,-,7048.T
20260930,7049,識学,グロース（内国株式）,9050,サービス業,10,情報通信・サービスその他,-,-,7049.T
20260930,7050,フロンティアインターナショナル,グロース（内国株式）,9050,サービス業,10,情報通信・サービスその他,-,-,7050.T
20260930,7057,エヌ・シー・エヌ,スタンダード（内国株式）,9050,サービス業,10,情報通信・サービスその他,-,-,7057.T
20260930,7058,共栄セキュリティーサービス,スタンダード（内国株式）,9050,サービス業,10,情報通信・サービスその他,-,-,7058.T
20260930,7059,コプロ・ホールディングス,プライム（内国株式）,9050,サービス業,10,情報通信・サービスその他,-,-,7059.T
20260930,7060,ギークス,スタンダード（内国株式）,9050,サービス業,10,情報通信・サービスその他,-,-,7060.T
20260930,7061,日本ホスピスホールディングス,グロース（内国株式）,9050,サービス業,10,情報通信・サービスその他,-,-,7061.T
20260930,7062,フレアス,グロース（内国株式）,9050,サービス業,10,情報通信・サービスその他,-,-,7062.T
20260930,7063,Ｂｉｒｄｍａｎ,グロース（内国株式）,9050,サービス業,10,情報通信・サービスその他,-,-,7063.T
20260930,7064,ハウテレビジョン,スタンダード（内国株式）,9050,サービス業,10,情報通信・サービスその他,-,-,7064.T
20260930,7065,ユーピーアール,スタンダード（内国株式）,9050,サービス業,10,情報通信・サービスその他,-,-,7065.T
20260930,7066,ピアズ,グロース（内国株式）,9050,サービス業,10,情報通信・サービスその他,-,-,7066.T
20260930,7067,ブランディングテクノロジー,グロース（内国株式）,9050,サービス業,10,情報通信・サービスその他,-,-,7067.T
20260930,7068,フィードフォースグループ,グロース（内国株式）,9050,サービス業,10,情報通信・サービスその他,-,-,7068.T
20260930,7069,サイバー・バズ,グロース（内国株式）,9050,サービス業,10,情報通信・サービスその他,-,-,7069.T
20260930,7071,アンビスホールディングス,プライム（内国株式）,9050,サービス業,10,情報通信・サービスその他,7,TOPIX Small 2,7071.T
20260930,7072,インティメート・マージャー,グロース（内国株式）,9050,サービス業,10,情報通信・サービスその他,-,-,7072.T
20260930,7073,ジェイック,グロース（内国株式）,9050,サービス業,10,情報通信・サービスその他,-,-,7073.T
20260930,7074,トゥエンティーフォーセブンホールディングス,グロース（内国株式）,9050,サービス業,10,情報通信・サービスその他,-,-,7074.T
20260930,7075,ＱＬＳホールディングス,グロース（内国株式）,9050,サービス業,10,情報通信・サービスその他,-,-,7075.T
20260930,7077,ＡＬｉＮＫインターネット,グロース（内国株式）,9050,サービス業,10,情報通信・サービスその他,-,-,7077.T
20260930,7078,ＩＮＣＬＵＳＩＶＥ　Ｈｏｌｄｉｎｇｓ,グロース（内国株式）,9050,サービス業,10,情報通信・サービスその他,-,-,7078.T
20260930,7079,ＷＤＢココ,グロース（内国株式）,9050,サービス業,10,情報通信・サービスその他,-,-,7079.T
20260930,7080,スポーツフィールド,グロース（内国株式）,9050,サービス業,10,情報通信・サービスその他,-,-,7080.T
20260930,7081,コーユーレンティア,スタンダード（内国株式）,9050,サービス業,10,情報通信・サービスその他,-,-,7081.T
20260930,7083,ＡＨＣグループ,グロース（内国株式）,9050,サービス業,10,情報通信・サービスその他,-,-,7083.T
20260930,7084,Ｓｍｉｌｅ　Ｈｏｌｄｉｎｇｓ,グロース（内国株式）,9050,サービス業,10,情報通信・サービスその他,-,-,7084.T
20260930,7085,カーブスホールディングス,プライム（内国株式）,9050,サービス業,10,情報通信・サービスその他,6,TOPIX Small 1,7085.T
20260930,7087,ウイルテック,スタンダード（内国株式）,9050,サービス業,10,情報通信・サービスその他,-,-,7087.T
20260930,7089,フォースタートアップス,グロース（内国株式）,9050,サービス業,10,情報通信・サービスその他,-,-,7089.T
20260930,7090,リグア,グロース（内国株式）,9050,サービス業,10,情報通信・サービスその他,-,-,7090.T
20260930,7091,リビングプラットフォーム,グロース（内国株式）,9050,サービス業,10,情報通信・サービスその他,-,-,7091.T
20260930,7093,アディッシュ,グロース（内国株式）,9050,サービス業,10,情報通信・サービスその他,-,-,7093.T
20260930,7094,ＮｅｘＴｏｎｅ,グロース（内国株式）,9050,サービス業,10,情報通信・サービスその他,-,-,7094.T
20260930,7095,Ｍａｃｂｅｅ　Ｐｌａｎｅｔ,プライム（内国株式）,9050,サービス業,10,情報通信・サービスその他,7,TOPIX Small 2,7095.T
20260930,7096,ステムセル研究所,グロース（内国株式）,9050,サービス業,10,情報通信・サービスその他,-,-,7096.T
20260930,7097,さくらさくプラス,グロース（内国株式）,9050,サービス業,10,情報通信・サービスその他,-,-,7097.T
20260930,7098,エージェント,PRO Market,9050,サービス業,10,情報通信・サービスその他,-,-,7098.T
20260930,7102,日本車輌製造,プライム（内国株式）,3700,輸送用機器,6,自動車・輸送機,7,TOPIX Small 2,7102.T
20260930,7110,クラシコム,グロース（内国株式）,6100,小売業,14,小売,-,-,7110.T
20260930,7111,ＩＮＥＳＴ,スタンダード（内国株式）,6050,卸売業,13,商社・卸売,-,-,7111.T
20260930,7112,キューブ,グロース（内国株式）,6100,小売業,14,小売,-,-,7112.T
20260930,7114,フーディソン,グロース（内国株式）,6050,卸売業,13,商社・卸売,-,-,7114.T
20260930,7115,アルファパーチェス,スタンダード（内国株式）,6050,卸売業,13,商社・卸売,-,-,7115.T
20260930,7119,ハルメクホールディングス,グロース（内国株式）,6100,小売業,14,小売,-,-,7119.T
20260930,7120,ＳＨＩＮＫＯ,スタンダード（内国株式）,6050,卸売業,13,商社・卸売,-,-,7120.T
20260930,7122,近畿車輛,スタンダード（内国株式）,3700,輸送用機器,6,自動車・輸送機,-,-,7122.T
20260930,7126,グローバルスタイル,スタンダード（内国株式）,6100,小売業,14,小売,-,-,7126.T
20260930,7127,一家ホールディングス,スタンダード（内国株式）,6100,小売業,14,小売,-,-,7127.T
20260930,7128,ユニソルホールディングス,プライム（内国株式）,6050,卸売業,13,商社・卸売,6,TOPIX Small 1,7128.T
20260930,7129,ミアヘルサホールディングス,スタンダード（内国株式）,6100,小売業,14,小売,-,-,7129.T
20260930,7130,ヤマエグループホールディングス,プライム（内国株式）,6050,卸売業,13,商社・卸売,6,TOPIX Small 1,7130.T
20260930,7131,のむら産業,スタンダード（内国株式）,6050,卸売業,13,商社・卸売,-,-,7131.T
20260930,7132,フローバル,PRO Market,6050,卸売業,13,商社・卸売,-,-,7132.T
20260930,7133,ＨＹＵＧＡ　ＰＲＩＭＡＲＹ　ＣＡＲＥ,グロース（内国株式）,6100,小売業,14,小売,-,-,7133.T
20260930,7134,アップガレージグループ,スタンダード（内国株式）,6100,小売業,14,小売,-,-,7134.T
20260930,7135,ジャパンクラフトホールディングス,スタンダード（内国株式）,6100,小売業,14,小売,-,-,7135.T
20260930,7137,グラントマト,PRO Market,6100,小売業,14,小売,-,-,7137.T
20260930,7138,ＴＯＲＩＣＯ,グロース（内国株式）,6100,小売業,14,小売,-,-,7138.T
20260930,7139,東京高圧山崎,PRO Market,6050,卸売業,13,商社・卸売,-,-,7139.T
20260930,7140,ペットゴー,グロース（内国株式）,6100,小売業,14,小売,-,-,7140.T
20260930,7148,ＦＰＧ,プライム（内国株式）,7100,証券、商品先物取引業,16,金融（除く銀行）,6,TOPIX Small 1,7148.T
20260930,7150,島根銀行,スタンダード（内国株式）,7050,銀行業,15,銀行,-,-,7150.T
20260930,7157,ライフネット生命保険,プライム（内国株式）,7150,保険業,16,金融（除く銀行）,6,TOPIX Small 1,7157.T
20260930,7161,じもとホールディングス,スタンダード（内国株式）,7050,銀行業,15,銀行,-,-,7161.T
20260930,7162,アストマックス,スタンダード（内国株式）,4050,電気・ガス業,11,電力・ガス,-,-,7162.T
20260930,7164,全国保証,プライム（内国株式）,7200,その他金融業,16,金融（除く銀行）,4,TOPIX Mid400,7164.T
20260930,7167,めぶきフィナンシャルグループ,プライム（内国株式）,7050,銀行業,15,銀行,4,TOPIX Mid400,7167.T
20260930,7170,中央インターナショナルグループ,PRO Market,7150,保険業,16,金融（除く銀行）,-,-,7170.T
20260930,7172,ジャパンインベストメントアドバイザー,プライム（内国株式）,7100,証券、商品先物取引業,16,金融（除く銀行）,6,TOPIX Small 1,7172.T
20260930,7173,東京きらぼしフィナンシャルグループ,プライム（内国株式）,7050,銀行業,15,銀行,6,TOPIX Small 1,7173.T
20260930,7175,今村証券,スタンダード（内国株式）,7100,証券、商品先物取引業,16,金融（除く銀行）,-,-,7175.T
20260930,7176,シンプレクス・ファイナンシャル・ホールディングス,PRO Market,7100,証券、商品先物取引業,16,金融（除く銀行）,-,-,7176.T
20260930,7177,ＧＭＯフィナンシャルホールディングス,スタンダード（内国株式）,7100,証券、商品先物取引業,16,金融（除く銀行）,-,-,7177.T
20260930,7180,九州フィナンシャルグループ,プライム（内国株式）,7050,銀行業,15,銀行,4,TOPIX Mid400,7180.T
20260930,7181,かんぽ生命保険,プライム（内国株式）,7150,保険業,16,金融（除く銀行）,4,TOPIX Mid400,7181.T
20260930,7182,ゆうちょ銀行,プライム（内国株式）,7050,銀行業,15,銀行,2,TOPIX Large70,7182.T
20260930,7183,あんしん保証,スタンダード（内国株式）,7200,その他金融業,16,金融（除く銀行）,-,-,7183.T
20260930,7184,富山第一銀行,プライム（内国株式）,7050,銀行業,15,銀行,6,TOPIX Small 1,7184.T
20260930,7185,ヒロセ通商,スタンダード（内国株式）,7100,証券、商品先物取引業,16,金融（除く銀行）,-,-,7185.T
20260930,7186,横浜フィナンシャルグループ,プライム（内国株式）,7050,銀行業,15,銀行,4,TOPIX Mid400,7186.T
20260930,7187,ジェイリース,プライム（内国株式）,7200,その他金融業,16,金融（除く銀行）,7,TOPIX Small 2,7187.T
20260930,7189,西日本フィナンシャルホールディングス,プライム（内国株式）,7050,銀行業,15,銀行,4,TOPIX Mid400,7189.T
20260930,7191,イントラスト,スタンダード（内国株式）,7200,その他金融業,16,金融（除く銀行）,-,-,7191.T
20260930,7192,日本モーゲージサービス,スタンダード（内国株式）,7200,その他金融業,16,金融（除く銀行）,-,-,7192.T
20260930,7196,Ｃａｓａ,スタンダード（内国株式）,7200,その他金融業,16,金融（除く銀行）,-,-,7196.T
20260930,7198,ＳＢＩアルヒ,プライム（内国株式）,7200,その他金融業,16,金融（除く銀行）,7,TOPIX Small 2,7198.T
20260930,7199,プレミアグループ,プライム（内国株式）,7200,その他金融業,16,金融（除く銀行）,6,TOPIX Small 1,7199.T
20260930,7201,日産自動車,プライム（内国株式）,3700,輸送用機器,6,自動車・輸送機,4,TOPIX Mid400,7201.T
20260930,7202,いすゞ自動車,プライム（内国株式）,3700,輸送用機器,6,自動車・輸送機,4,TOPIX Mid400,7202.T
20260930,7203,トヨタ自動車,プライム（内国株式）,3700,輸送用機器,6,自動車・輸送機,1,TOPIX Core30,7203.T
20260930,7208,カネミツ,スタンダード（内国株式）,3700,輸送用機器,6,自動車・輸送機,-,-,7208.T
20260930,7211,三菱自動車工業,プライム（内国株式）,3700,輸送用機器,6,自動車・輸送機,4,TOPIX Mid400,7211.T
20260930,7212,エフテック,スタンダード（内国株式）,3700,輸送用機器,6,自動車・輸送機,-,-,7212.T
20260930,7213,レシップホールディングス,スタンダード（内国株式）,3700,輸送用機器,6,自動車・輸送機,-,-,7213.T
20260930,7214,ＧＭＢ,スタンダード（内国株式）,3700,輸送用機器,6,自動車・輸送機,-,-,7214.T
20260930,7215,ファルテック,スタンダード（内国株式）,3700,輸送用機器,6,自動車・輸送機,-,-,7215.T
20260930,7217,テイン,スタンダード（内国株式）,3700,輸送用機器,6,自動車・輸送機,-,-,7217.T
20260930,7218,田中精密工業,スタンダード（内国株式）,3700,輸送用機器,6,自動車・輸送機,-,-,7218.T
20260930,7219,エッチ・ケー・エス,スタンダード（内国株式）,3700,輸送用機器,6,自動車・輸送機,-,-,7219.T
20260930,7220,武蔵精密工業,プライム（内国株式）,3700,輸送用機器,6,自動車・輸送機,6,TOPIX Small 1,7220.T
20260930,7222,日産車体,スタンダード（内国株式）,3700,輸送用機器,6,自動車・輸送機,7,TOPIX Small 2,7222.T
20260930,7224,新明和工業,プライム（内国株式）,3700,輸送用機器,6,自動車・輸送機,6,TOPIX Small 1,7224.T
20260930,7226,極東開発工業,プライム（内国株式）,3700,輸送用機器,6,自動車・輸送機,6,TOPIX Small 1,7226.T
20260930,7228,デイトナ,スタンダード（内国株式）,3700,輸送用機器,6,自動車・輸送機,-,-,7228.T
20260930,7231,トピー工業,プライム（内国株式）,3700,輸送用機器,6,自動車・輸送機,7,TOPIX Small 2,7231.T
20260930,7235,東京ラヂエーター製造,スタンダード（内国株式）,3700,輸送用機器,6,自動車・輸送機,-,-,7235.T
20260930,7236,ティラド,プライム（内国株式）,3700,輸送用機器,6,自動車・輸送機,7,TOPIX Small 2,7236.T
20260930,7238,曙ブレーキ工業,プライム（内国株式）,3700,輸送用機器,6,自動車・輸送機,7,TOPIX Small 2,7238.T
20260930,7239,タチエス,プライム（内国株式）,3700,輸送用機器,6,自動車・輸送機,6,TOPIX Small 1,7239.T
20260930,7241,フタバ産業,プライム（内国株式）,3700,輸送用機器,6,自動車・輸送機,6,TOPIX Small 1,7241.T
20260930,7242,カヤバ,プライム（内国株式）,3700,輸送用機器,6,自動車・輸送機,6,TOPIX Small 1,7242.T
20260930,7244,市光工業,プライム（内国株式）,3650,電気機器,9,電機・精密,7,TOPIX Small 2,7244.T
20260930,7245,大同メタル工業,プライム（内国株式）,3700,輸送用機器,6,自動車・輸送機,7,TOPIX Small 2,7245.T
20260930,7246,プレス工業,プライム（内国株式）,3700,輸送用機器,6,自動車・輸送機,6,TOPIX Small 1,7246.T
20260930,7247,ミクニ,スタンダード（内国株式）,3700,輸送用機器,6,自動車・輸送機,-,-,7247.T
20260930,7254,ユニバンス,スタンダード（内国株式）,3700,輸送用機器,6,自動車・輸送機,-,-,7254.T
20260930,7255,桜井製作所,スタンダード（内国株式）,3700,輸送用機器,6,自動車・輸送機,-,-,7255.T
20260930,7256,河西工業,スタンダード（内国株式）,3700,輸送用機器,6,自動車・輸送機,-,-,7256.T
20260930,7259,アイシン,プライム（内国株式）,3700,輸送用機器,6,自動車・輸送機,4,TOPIX Mid400,7259.T
20260930,7261,マツダ,プライム（内国株式）,3700,輸送用機器,6,自動車・輸送機,4,TOPIX Mid400,7261.T
20260930,7264,ムロコーポレーション,スタンダード（内国株式）,3700,輸送用機器,6,自動車・輸送機,-,-,7264.T
20260930,7265,エイケン工業,スタンダード（内国株式）,3700,輸送用機器,6,自動車・輸送機,-,-,7265.T
20260930,7266,今仙電機製作所,スタンダード（内国株式）,3700,輸送用機器,6,自動車・輸送機,-,-,7266.T
20260930,7267,本田技研工業,プライム（内国株式）,3700,輸送用機器,6,自動車・輸送機,1,TOPIX Core30,7267.T
20260930,7269,スズキ,プライム（内国株式）,3700,輸送用機器,6,自動車・輸送機,2,TOPIX Large70,7269.T
20260930,7270,ＳＵＢＡＲＵ,プライム（内国株式）,3700,輸送用機器,6,自動車・輸送機,2,TOPIX Large70,7270.T
20260930,7271,安永,スタンダード（内国株式）,3700,輸送用機器,6,自動車・輸送機,-,-,7271.T
20260930,7272,ヤマハ発動機,プライム（内国株式）,3700,輸送用機器,6,自動車・輸送機,4,TOPIX Mid400,7272.T
20260930,7273,イクヨ,スタンダード（内国株式）,3700,輸送用機器,6,自動車・輸送機,-,-,7273.T
20260930,7276,小糸製作所,プライム（内国株式）,3650,電気機器,9,電機・精密,4,TOPIX Mid400,7276.T
20260930,7277,ＴＢＫ,スタンダード（内国株式）,3700,輸送用機器,6,自動車・輸送機,-,-,7277.T
20260930,7278,エクセディ,プライム（内国株式）,3700,輸送用機器,6,自動車・輸送機,6,TOPIX Small 1,7278.T
20260930,7279,ハイレックスコーポレーション,スタンダード（内国株式）,3700,輸送用機器,6,自動車・輸送機,-,-,7279.T
20260930,7280,ミツバ,プライム（内国株式）,3650,電気機器,9,電機・精密,6,TOPIX Small 1,7280.T
20260930,7282,豊田合成,プライム（内国株式）,3700,輸送用機器,6,自動車・輸送機,4,TOPIX Mid400,7282.T
20260930,7283,愛三工業,プライム（内国株式）,3700,輸送用機器,6,自動車・輸送機,6,TOPIX Small 1,7283.T
20260930,7284,盟和産業,スタンダード（内国株式）,3700,輸送用機器,6,自動車・輸送機,-,-,7284.T
20260930,7287,日本精機,スタンダード（内国株式）,3700,輸送用機器,6,自動車・輸送機,-,-,7287.T
20260930,7291,日本プラスト,スタンダード（内国株式）,3700,輸送用機器,6,自動車・輸送機,-,-,7291.T
20260930,7292,村上開明堂,スタンダード（内国株式）,3700,輸送用機器,6,自動車・輸送機,-,-,7292.T
20260930,7294,ヨロズ,プライム（内国株式）,3700,輸送用機器,6,自動車・輸送機,7,TOPIX Small 2,7294.T
20260930,7296,エフ・シー・シー,プライム（内国株式）,3700,輸送用機器,6,自動車・輸送機,6,TOPIX Small 1,7296.T
20260930,7297,カーメイト,スタンダード（内国株式）,3700,輸送用機器,6,自動車・輸送機,-,-,7297.T
20260930,7299,フジオーゼックス,スタンダード（内国株式）,3700,輸送用機器,6,自動車・輸送機,-,-,7299.T
20260930,7305,新家工業,スタンダード（内国株式）,3450,鉄鋼,7,鉄鋼・非鉄,-,-,7305.T
20260930,7309,シマノ,プライム（内国株式）,3700,輸送用機器,6,自動車・輸送機,2,TOPIX Large70,7309.T
20260930,7313,テイ・エス　テック,プライム（内国株式）,3700,輸送用機器,6,自動車・輸送機,4,TOPIX Mid400,7313.T
20260930,7314,小田原機器,スタンダード（内国株式）,3700,輸送用機器,6,自動車・輸送機,-,-,7314.T
20260930,7318,セレンディップ・ホールディングス,グロース（内国株式）,3700,輸送用機器,6,自動車・輸送機,-,-,7318.T
20260930,7320,Ｓｏｌｖｖｙ,グロース（内国株式）,7200,その他金融業,16,金融（除く銀行）,-,-,7320.T
20260930,7322,三十三フィナンシャルグループ,プライム（内国株式）,7050,銀行業,15,銀行,7,TOPIX Small 2,7322.T
20260930,7325,アイリックコーポレーション,グロース（内国株式）,7150,保険業,16,金融（除く銀行）,-,-,7325.T
20260930,7326,ＳＢＩインシュアランスグループ,グロース（内国株式）,7150,保険業,16,金融（除く銀行）,-,-,7326.T
20260930,7327,第四北越フィナンシャルグループ,プライム（内国株式）,7050,銀行業,15,銀行,6,TOPIX Small 1,7327.T
20260930,7337,ひろぎんホールディングス,プライム（内国株式）,7050,銀行業,15,銀行,4,TOPIX Mid400,7337.T
20260930,7343,ブロードマインド,グロース（内国株式）,7150,保険業,16,金融（除く銀行）,-,-,7343.T
20260930,7345,アイ・パートナーズフィナンシャル,グロース（内国株式）,7200,その他金融業,16,金融（除く銀行）,-,-,7345.T
20260930,7347,マーキュリアホールディングス,プライム（内国株式）,7100,証券、商品先物取引業,16,金融（除く銀行）,-,-,7347.T
20260930,7350,おきなわフィナンシャルグループ,プライム（内国株式）,7050,銀行業,15,銀行,6,TOPIX Small 1,7350.T
20260930,7351,グッドパッチ,グロース（内国株式）,9050,サービス業,10,情報通信・サービスその他,-,-,7351.T
20260930,7352,ＴＷＯＳＴＯＮＥ＆Ｓｏｎｓ,グロース（内国株式）,9050,サービス業,10,情報通信・サービスその他,-,-,7352.T
20260930,7353,ＫＩＹＯラーニング,グロース（内国株式）,9050,サービス業,10,情報通信・サービスその他,-,-,7353.T
20260930,7354,ダイレクトマーケティングミックス,スタンダード（内国株式）,9050,サービス業,10,情報通信・サービスその他,7,TOPIX Small 2,7354.T
20260930,7355,一寸房,PRO Market,9050,サービス業,10,情報通信・サービスその他,-,-,7355.T
20260930,7356,Ｒｅｔｔｙ,グロース（内国株式）,9050,サービス業,10,情報通信・サービスその他,-,-,7356.T
20260930,7357,ジオコード,スタンダード（内国株式）,9050,サービス業,10,情報通信・サービスその他,-,-,7357.T
20260930,7358,ポピンズ,スタンダード（内国株式）,9050,サービス業,10,情報通信・サービスその他,7,TOPIX Small 2,7358.T
20260930,7359,東京通信グループ,グロース（内国株式）,9050,サービス業,10,情報通信・サービスその他,-,-,7359.T
20260930,7360,オンデック,グロース（内国株式）,9050,サービス業,10,情報通信・サービスその他,-,-,7360.T
20260930,7361,ヒューマンクリエイションホールディングス,グロース（内国株式）,9050,サービス業,10,情報通信・サービスその他,-,-,7361.T
20260930,7362,Ｔ．Ｓ．Ｉ,グロース（内国株式）,9050,サービス業,10,情報通信・サービスその他,-,-,7362.T
20260930,7363,ベビーカレンダー,グロース（内国株式）,9050,サービス業,10,情報通信・サービスその他,-,-,7363.T
20260930,7364,琉球アスティーダスポーツクラブ,PRO Market,9050,サービス業,10,情報通信・サービスその他,-,-,7364.T
20260930,7366,ＬＩＴＡＬＩＣＯ,プライム（内国株式）,9050,サービス業,10,情報通信・サービスその他,7,TOPIX Small 2,7366.T
20260930,7367,セルム,スタンダード（内国株式）,9050,サービス業,10,情報通信・サービスその他,-,-,7367.T
20260930,7368,表示灯,スタンダード（内国株式）,9050,サービス業,10,情報通信・サービスその他,-,-,7368.T
20260930,7369,メイホーホールディングス,グロース（内国株式）,9050,サービス業,10,情報通信・サービスその他,-,-,7369.T
20260930,7370,Ｅｎｊｉｎ,グロース（内国株式）,9050,サービス業,10,情報通信・サービスその他,-,-,7370.T
20260930,7371,Ｚｅｎｋｅｎ,グロース（内国株式）,9050,サービス業,10,情報通信・サービスその他,-,-,7371.T
20260930,7372,デコルテ・ホールディングス,グロース（内国株式）,9050,サービス業,10,情報通信・サービスその他,-,-,7372.T
20260930,7373,アイドマ・ホールディングス,グロース（内国株式）,9050,サービス業,10,情報通信・サービスその他,-,-,7373.T
20260930,7374,コンフィデンス・インターワークス,グロース（内国株式）,9050,サービス業,10,情報通信・サービスその他,-,-,7374.T
20260930,7375,リファインバースグループ,グロース（内国株式）,9050,サービス業,10,情報通信・サービスその他,-,-,7375.T
20260930,7376,ＢＣＣ,グロース（内国株式）,9050,サービス業,10,情報通信・サービスその他,-,-,7376.T
20260930,7377,ＤＮホールディングス,スタンダード（内国株式）,9050,サービス業,10,情報通信・サービスその他,-,-,7377.T
20260930,7378,アシロ,グロース（内国株式）,9050,サービス業,10,情報通信・サービスその他,-,-,7378.T
20260930,7380,十六フィナンシャルグループ,プライム（内国株式）,7050,銀行業,15,銀行,6,TOPIX Small 1,7380.T
20260930,7381,ＣＣＩグループ,プライム（内国株式）,7050,銀行業,15,銀行,6,TOPIX Small 1,7381.T
20260930,7383,ネットプロテクションズホールディングス,プライム（内国株式）,7200,その他金融業,16,金融（除く銀行）,6,TOPIX Small 1,7383.T
20260930,7384,プロクレアホールディングス,プライム（内国株式）,7050,銀行業,15,銀行,7,TOPIX Small 2,7384.T
20260930,7388,ＦＰパートナー,プライム（内国株式）,7150,保険業,16,金融（除く銀行）,7,TOPIX Small 2,7388.T
20260930,7389,あいちフィナンシャルグループ,プライム（内国株式）,7050,銀行業,15,銀行,6,TOPIX Small 1,7389.T
20260930,7399,ナンシン,スタンダード（内国株式）,3700,輸送用機器,6,自動車・輸送機,-,-,7399.T
20260930,7409,ＡｅｒｏＥｄｇｅ,グロース（内国株式）,3700,輸送用機器,6,自動車・輸送機,-,-,7409.T
20260930,7412,アトム,スタンダード（内国株式）,6100,小売業,14,小売,-,-,7412.T
20260930,7413,創健社,スタンダード（内国株式）,6050,卸売業,13,商社・卸売,-,-,7413.T
20260930,7414,小野建,プライム（内国株式）,6050,卸売業,13,商社・卸売,7,TOPIX Small 2,7414.T
20260930,7416,はるやまホールディングス,スタンダード（内国株式）,6100,小売業,14,小売,-,-,7416.T
20260930,7417,南陽,スタンダード（内国株式）,6050,卸売業,13,商社・卸売,-,-,7417.T
20260930,7419,ノジマ,プライム（内国株式）,6100,小売業,14,小売,6,TOPIX Small 1,7419.T
20260930,7421,カッパ・クリエイト,プライム（内国株式）,6100,小売業,14,小売,6,TOPIX Small 1,7421.T
20260930,7422,東邦レマック,スタンダード（内国株式）,6050,卸売業,13,商社・卸売,-,-,7422.T
20260930,7425,初穂商事,スタンダード（内国株式）,6050,卸売業,13,商社・卸売,-,-,7425.T
20260930,7427,エコートレーディング,スタンダード（内国株式）,6050,卸売業,13,商社・卸売,-,-,7427.T
20260930,7433,伯東,プライム（内国株式）,6050,卸売業,13,商社・卸売,6,TOPIX Small 1,7433.T
20260930,7434,オータケ,スタンダード（内国株式）,6050,卸売業,13,商社・卸売,-,-,7434.T
20260930,7435,ナ・デックス,スタンダード（内国株式）,6050,卸売業,13,商社・卸売,-,-,7435.T
20260930,7438,コンドーテック,プライム（内国株式）,6050,卸売業,13,商社・卸売,7,TOPIX Small 2,7438.T
20260930,7442,中山福,スタンダード（内国株式）,6050,卸売業,13,商社・卸売,-,-,7442.T
20260930,7443,横浜魚類,スタンダード（内国株式）,6050,卸売業,13,商社・卸売,-,-,7443.T
20260930,7444,ハリマ共和物産,スタンダード（内国株式）,6050,卸売業,13,商社・卸売,-,-,7444.T
20260930,7446,東北化学薬品,スタンダード（内国株式）,6050,卸売業,13,商社・卸売,-,-,7446.T
20260930,7447,ナガイレーベン,プライム（内国株式）,6050,卸売業,13,商社・卸売,7,TOPIX Small 2,7447.T
20260930,7453,良品計画,プライム（内国株式）,6100,小売業,14,小売,4,TOPIX Mid400,7453.T
20260930,7456,松田産業,プライム（内国株式）,6050,卸売業,13,商社・卸売,6,TOPIX Small 1,7456.T
20260930,7458,第一興商,プライム（内国株式）,6050,卸売業,13,商社・卸売,4,TOPIX Mid400,7458.T
20260930,7459,メディパルホールディングス,プライム（内国株式）,6050,卸売業,13,商社・卸売,4,TOPIX Mid400,7459.T
20260930,7460,ヤギ,スタンダード（内国株式）,6050,卸売業,13,商社・卸売,-,-,7460.T
20260930,7461,キムラ,スタンダード（内国株式）,6050,卸売業,13,商社・卸売,-,-,7461.T
20260930,7462,ＣＡＰＩＴＡ,スタンダード（内国株式）,6100,小売業,14,小売,-,-,7462.T
20260930,7463,アドヴァングループ,スタンダード（内国株式）,6100,小売業,14,小売,7,TOPIX Small 2,7463.T
20260930,7464,セフテック,スタンダード（内国株式）,6050,卸売業,13,商社・卸売,-,-,7464.T
20260930,7466,ＳＰＫ,プライム（内国株式）,6050,卸売業,13,商社・卸売,7,TOPIX Small 2,7466.T
20260930,7472,鳥羽洋行,スタンダード（内国株式）,6050,卸売業,13,商社・卸売,-,-,7472.T
20260930,7475,アルビス,プライム（内国株式）,6100,小売業,14,小売,7,TOPIX Small 2,7475.T
20260930,7476,アズワン,プライム（内国株式）,6050,卸売業,13,商社・卸売,4,TOPIX Mid400,7476.T
20260930,7477,ムラキ,スタンダード（内国株式）,6050,卸売業,13,商社・卸売,-,-,7477.T
20260930,7480,スズデン,スタンダード（内国株式）,6050,卸売業,13,商社・卸売,7,TOPIX Small 2,7480.T
20260930,7481,尾家産業,スタンダード（内国株式）,6050,卸売業,13,商社・卸売,-,-,7481.T
20260930,7482,シモジマ,プライム（内国株式）,6050,卸売業,13,商社・卸売,7,TOPIX Small 2,7482.T
20260930,7483,ドウシシャ,プライム（内国株式）,6050,卸売業,13,商社・卸売,7,TOPIX Small 2,7483.T
20260930,7486,サンリン,スタンダード（内国株式）,6050,卸売業,13,商社・卸売,-,-,7486.T
20260930,7487,小津産業,スタンダード（内国株式）,6050,卸売業,13,商社・卸売,-,-,7487.T
20260930,7490,日新商事,スタンダード（内国株式）,6050,卸売業,13,商社・卸売,-,-,7490.T
20260930,7494,コナカ,スタンダード（内国株式）,6100,小売業,14,小売,-,-,7494.T
20260930,7500,西川計測,スタンダード（内国株式）,6050,卸売業,13,商社・卸売,-,-,7500.T
20260930,7501,ティムコ,スタンダード（内国株式）,6050,卸売業,13,商社・卸売,-,-,7501.T
20260930,7502,プラザホールディングス,スタンダード（内国株式）,9050,サービス業,10,情報通信・サービスその他,-,-,7502.T
20260930,7504,高速,プライム（内国株式）,6050,卸売業,13,商社・卸売,7,TOPIX Small 2,7504.T
20260930,7505,扶桑電通,スタンダード（内国株式）,6050,卸売業,13,商社・卸売,-,-,7505.T
20260930,7506,ハウス　オブ　ローゼ,スタンダード（内国株式）,6100,小売業,14,小売,-,-,7506.T
20260930,7508,Ｇ‐７ホールディングス,プライム（内国株式）,6100,小売業,14,小売,7,TOPIX Small 2,7508.T
20260930,7509,アイエーグループ,スタンダード（内国株式）,6100,小売業,14,小売,-,-,7509.T
20260930,7510,たけびし,プライム（内国株式）,6050,卸売業,13,商社・卸売,7,TOPIX Small 2,7510.T
20260930,7512,イオン北海道,スタンダード（内国株式）,6100,小売業,14,小売,6,TOPIX Small 1,7512.T
20260930,7513,コジマ,プライム（内国株式）,6100,小売業,14,小売,6,TOPIX Small 1,7513.T
20260930,7514,ヒマラヤ,スタンダード（内国株式）,6100,小売業,14,小売,-,-,7514.T
20260930,7515,マルヨシセンター,スタンダード（内国株式）,6100,小売業,14,小売,-,-,7515.T
20260930,7516,コーナン商事,プライム（内国株式）,6100,小売業,14,小売,6,TOPIX Small 1,7516.T
20260930,7520,エコス,プライム（内国株式）,6100,小売業,14,小売,7,TOPIX Small 2,7520.T
20260930,7521,ムサシ,スタンダード（内国株式）,6050,卸売業,13,商社・卸売,-,-,7521.T
20260930,7522,ワタミ,プライム（内国株式）,6100,小売業,14,小売,7,TOPIX Small 2,7522.T
20260930,7523,アールビバン,スタンダード（内国株式）,6100,小売業,14,小売,-,-,7523.T
20260930,7524,マルシェ,スタンダード（内国株式）,6100,小売業,14,小売,-,-,7524.T
20260930,7525,リックス,プライム（内国株式）,6050,卸売業,13,商社・卸売,7,TOPIX Small 2,7525.T
20260930,7527,システムソフト,スタンダード（内国株式）,5250,情報・通信業,10,情報通信・サービスその他,7,TOPIX Small 2,7527.T
20260930,7531,清和中央ホールディングス,スタンダード（内国株式）,6050,卸売業,13,商社・卸売,-,-,7531.T
20260930,7532,パン・パシフィック・インターナショナルホールディングス,プライム（内国株式）,6100,小売業,14,小売,4,TOPIX Mid400,7532.T
20260930,7537,丸文,プライム（内国株式）,6050,卸売業,13,商社・卸売,7,TOPIX Small 2,7537.T
20260930,7538,大水,スタンダード（内国株式）,6050,卸売業,13,商社・卸売,-,-,7538.T
20260930,7539,アイナボホールディングス,スタンダード（内国株式）,6050,卸売業,13,商社・卸売,-,-,7539.T
20260930,7544,スリーエフ,スタンダード（内国株式）,6100,小売業,14,小売,-,-,7544.T
20260930,7545,西松屋チェーン,プライム（内国株式）,6100,小売業,14,小売,6,TOPIX Small 1,7545.T
20260930,7550,ゼンショーホールディングス,プライム（内国株式）,6100,小売業,14,小売,4,TOPIX Mid400,7550.T
20260930,7551,ウェッズ,スタンダード（内国株式）,3700,輸送用機器,6,自動車・輸送機,-,-,7551.T
20260930,7552,ハピネット,プライム（内国株式）,6050,卸売業,13,商社・卸売,6,TOPIX Small 1,7552.T
20260930,7554,幸楽苑,プライム（内国株式）,6100,小売業,14,小売,7,TOPIX Small 2,7554.T
20260930,7555,大田花き,スタンダード（内国株式）,6050,卸売業,13,商社・卸売,-,-,7555.T
20260930,7561,ハークスレイホールディングス,スタンダード（内国株式）,6100,小売業,14,小売,-,-,7561.T
20260930,7562,安楽亭,スタンダード（内国株式）,6100,小売業,14,小売,-,-,7562.T
20260930,7564,ワークマン,スタンダード（内国株式）,6100,小売業,14,小売,-,-,7564.T
20260930,7565,萬世電機,スタンダード（内国株式）,6050,卸売業,13,商社・卸売,-,-,7565.T
20260930,7567,栄電子,スタンダード（内国株式）,6050,卸売業,13,商社・卸売,-,-,7567.T
20260930,7570,橋本総業ホールディングス,スタンダード（内国株式）,6050,卸売業,13,商社・卸売,7,TOPIX Small 2,7570.T
20260930,7571,ヤマノホールディングス,スタンダード（内国株式）,6100,小売業,14,小売,-,-,7571.T
20260930,7575,日本ライフライン,プライム（内国株式）,6050,卸売業,13,商社・卸売,6,TOPIX Small 1,7575.T
20260930,7578,ニチリョク,スタンダード（内国株式）,6100,小売業,14,小売,-,-,7578.T
20260930,7581,サイゼリヤ,プライム（内国株式）,6100,小売業,14,小売,6,TOPIX Small 1,7581.T
20260930,7585,かんなん丸,スタンダード（内国株式）,6100,小売業,14,小売,-,-,7585.T
20260930,7590,タカショー,スタンダード（内国株式）,6050,卸売業,13,商社・卸売,7,TOPIX Small 2,7590.T
20260930,7593,ＶＴホールディングス,プライム（内国株式）,6100,小売業,14,小売,6,TOPIX Small 1,7593.T
20260930,7595,アルゴグラフィックス,プライム（内国株式）,5250,情報・通信業,10,情報通信・サービスその他,6,TOPIX Small 1,7595.T
20260930,7596,魚力,プライム（内国株式）,6100,小売業,14,小売,7,TOPIX Small 2,7596.T
20260930,7599,ＩＤＯＭ,プライム（内国株式）,6050,卸売業,13,商社・卸売,6,TOPIX Small 1,7599.T
20260930,7600,日本エム・ディ・エム,プライム（内国株式）,3750,精密機器,9,電機・精密,7,TOPIX Small 2,7600.T
20260930,7601,ポプラ,スタンダード（内国株式）,6100,小売業,14,小売,-,-,7601.T
20260930,7602,レダックス,スタンダード（内国株式）,6050,卸売業,13,商社・卸売,-,-,7602.T
20260930,7603,ジーイエット,スタンダード（内国株式）,6100,小売業,14,小売,-,-,7603.T
20260930,7604,梅の花グループ,スタンダード（内国株式）,6100,小売業,14,小売,-,-,7604.T
20260930,7606,ユナイテッドアローズ,プライム（内国株式）,6100,小売業,14,小売,6,TOPIX Small 1,7606.T
20260930,7607,進和,プライム（内国株式）,6050,卸売業,13,商社・卸売,7,TOPIX Small 2,7607.T
20260930,7608,エスケイジャパン,スタンダード（内国株式）,6050,卸売業,13,商社・卸売,-,-,7608.T
20260930,7609,ダイトロン,プライム（内国株式）,6050,卸売業,13,商社・卸売,7,TOPIX Small 2,7609.T
20260930,7610,テイツー,スタンダード（内国株式）,6100,小売業,14,小売,-,-,7610.T
20260930,7611,ハイデイ日高,プライム（内国株式）,6100,小売業,14,小売,6,TOPIX Small 1,7611.T
20260930,7613,シークス,プライム（内国株式）,6050,卸売業,13,商社・卸売,6,TOPIX Small 1,7613.T
20260930,7614,オーエムツーネットワーク,スタンダード（内国株式）,6100,小売業,14,小売,-,-,7614.T
20260930,7615,京都きもの友禅ホールディングス,スタンダード（内国株式）,6100,小売業,14,小売,-,-,7615.T
20260930,7616,コロワイド,プライム（内国株式）,6100,小売業,14,小売,4,TOPIX Mid400,7616.T
20260930,7619,田中商事,スタンダード（内国株式）,6050,卸売業,13,商社・卸売,-,-,7619.T
20260930,7621,うかい,スタンダード（内国株式）,6100,小売業,14,小売,-,-,7621.T
20260930,7624,ＮａＩＴＯ,スタンダード（内国株式）,6050,卸売業,13,商社・卸売,-,-,7624.T
20260930,7625,グローバルダイニング,スタンダード（内国株式）,6100,小売業,14,小売,-,-,7625.T
20260930,7628,オーハシテクニカ,プライム（内国株式）,6050,卸売業,13,商社・卸売,7,TOPIX Small 2,7628.T
20260930,7630,壱番屋,プライム（内国株式）,6100,小売業,14,小売,6,TOPIX Small 1,7630.T
20260930,7634,星医療酸器,スタンダード（内国株式）,6050,卸売業,13,商社・卸売,-,-,7634.T
20260930,7636,ハンズマン,スタンダード（内国株式）,6100,小売業,14,小売,-,-,7636.T
20260930,7637,白銅,プライム（内国株式）,6050,卸売業,13,商社・卸売,7,TOPIX Small 2,7637.T
20260930,7638,ＮＥＷ　ＡＲＴ　ＨＯＬＤＩＮＧＳ,スタンダード（内国株式）,6100,小売業,14,小売,-,-,7638.T
20260930,7640,トップカルチャー,スタンダード（内国株式）,6100,小売業,14,小売,-,-,7640.T
20260930,7643,ダイイチ,スタンダード（内国株式）,6100,小売業,14,小売,-,-,7643.T
20260930,7646,ＰＬＡＮＴ,スタンダード（内国株式）,6100,小売業,14,小売,-,-,7646.T
20260930,7649,スギホールディングス,プライム（内国株式）,6100,小売業,14,小売,4,TOPIX Mid400,7649.T
20260930,7670,オーウエル,スタンダード（内国株式）,6050,卸売業,13,商社・卸売,-,-,7670.T
20260930,7673,ダイコー通産,スタンダード（内国株式）,6050,卸売業,13,商社・卸売,-,-,7673.T
20260930,7674,ＮＡＴＴＹ　ＳＷＡＮＫＹホールディングス,グロース（内国株式）,6100,小売業,14,小売,-,-,7674.T
20260930,7677,ヤシマキザイ,スタンダード（内国株式）,6050,卸売業,13,商社・卸売,-,-,7677.T
20260930,7678,あさくま,スタンダード（内国株式）,6100,小売業,14,小売,-,-,7678.T
20260930,7679,薬王堂ホールディングス,プライム（内国株式）,6100,小売業,14,小売,7,TOPIX Small 2,7679.T
20260930,7680,軽自動車館,PRO Market,6100,小売業,14,小売,-,-,7680.T
20260930,7681,レオクラン,スタンダード（内国株式）,6050,卸売業,13,商社・卸売,-,-,7681.T
20260930,7682,浜木綿,スタンダード（内国株式）,6100,小売業,14,小売,-,-,7682.T
20260930,7683,ダブルエー,プライム（内国株式）,6100,小売業,14,小売,7,TOPIX Small 2,7683.T
20260930,7685,ＢｕｙＳｅｌｌ　Ｔｅｃｈｎｏｌｏｇｉｅｓ,グロース（内国株式）,6050,卸売業,13,商社・卸売,-,-,7685.T
20260930,7686,ひとまいる,スタンダード（内国株式）,6100,小売業,14,小売,-,-,7686.T
20260930,7687,ミクリード,グロース（内国株式）,6050,卸売業,13,商社・卸売,-,-,7687.T
20260930,7689,コパ・コーポレーション,グロース（内国株式）,6050,卸売業,13,商社・卸売,-,-,7689.T
20260930,7690,カレント自動車,PRO Market,6050,卸売業,13,商社・卸売,-,-,7690.T
20260930,7691,Ｃ　Ｃｈａｎｎｅｌ,PRO Market,6100,小売業,14,小売,-,-,7691.T
20260930,7692,アースインフィニティ,スタンダード（内国株式）,4050,電気・ガス業,11,電力・ガス,-,-,7692.T
20260930,7693,北海道歯科産業,PRO Market,6050,卸売業,13,商社・卸売,-,-,7693.T
20260930,7694,いつも,グロース（内国株式）,6100,小売業,14,小売,-,-,7694.T
20260930,7695,交換できるくん,グロース（内国株式）,6100,小売業,14,小売,-,-,7695.T
20260930,7698,アイスコ,スタンダード（内国株式）,6050,卸売業,13,商社・卸売,-,-,7698.T
20260930,7699,オムニ・プラス・システム・リミテッド　ＪＤＲ,グロース（外国株式）,6050,卸売業,13,商社・卸売,-,-,7699.T
20260930,7701,島津製作所,プライム（内国株式）,3750,精密機器,9,電機・精密,4,TOPIX Mid400,7701.T
20260930,7702,ＪＭＳ,スタンダード（内国株式）,3750,精密機器,9,電機・精密,7,TOPIX Small 2,7702.T
20260930,7707,プレシジョン・システム・サイエンス,グロース（内国株式）,3750,精密機器,9,電機・精密,-,-,7707.T
20260930,7709,クボテック,スタンダード（内国株式）,3750,精密機器,9,電機・精密,-,-,7709.T
20260930,7711,助川電気工業,スタンダード（内国株式）,3750,精密機器,9,電機・精密,-,-,7711.T
20260930,7713,シグマ光機,スタンダード（内国株式）,3750,精密機器,9,電機・精密,-,-,7713.T
20260930,7715,長野計器,プライム（内国株式）,3750,精密機器,9,電機・精密,7,TOPIX Small 2,7715.T
20260930,7716,ナカニシ,スタンダード（内国株式）,3750,精密機器,9,電機・精密,-,-,7716.T
20260930,7717,ブイ・テクノロジー,プライム（内国株式）,3750,精密機器,9,電機・精密,7,TOPIX Small 2,7717.T
20260930,7719,東京衡機,スタンダード（内国株式）,3750,精密機器,9,電機・精密,-,-,7719.T
20260930,7721,東京計器,プライム（内国株式）,3750,精密機器,9,電機・精密,6,TOPIX Small 1,7721.T
20260930,7722,国際計測器,スタンダード（内国株式）,3750,精密機器,9,電機・精密,-,-,7722.T
20260930,7723,愛知時計電機,プライム（内国株式）,3750,精密機器,9,電機・精密,7,TOPIX Small 2,7723.T
20260930,7725,インターアクション,プライム（内国株式）,3750,精密機器,9,電機・精密,7,TOPIX Small 2,7725.T
20260930,7726,黒田精工,スタンダード（内国株式）,3600,機械,8,機械,-,-,7726.T
20260930,7727,オーバル,スタンダード（内国株式）,3750,精密機器,9,電機・精密,-,-,7727.T
20260930,7729,東京精密,プライム（内国株式）,3750,精密機器,9,電機・精密,4,TOPIX Mid400,7729.T
20260930,7730,マニー,プライム（内国株式）,3750,精密機器,9,電機・精密,6,TOPIX Small 1,7730.T
20260930,7731,ニコン,プライム（内国株式）,3750,精密機器,9,電機・精密,4,TOPIX Mid400,7731.T
20260930,7733,オリンパス,プライム（内国株式）,3750,精密機器,9,電機・精密,2,TOPIX Large70,7733.T
20260930,7734,理研計器,プライム（内国株式）,3750,精密機器,9,電機・精密,6,TOPIX Small 1,7734.T
20260930,7735,ＳＣＲＥＥＮホールディングス,プライム（内国株式）,3650,電気機器,9,電機・精密,4,TOPIX Mid400,7735.T
20260930,7740,タムロン,プライム（内国株式）,3750,精密機器,9,電機・精密,6,TOPIX Small 1,7740.T
20260930,7741,ＨＯＹＡ,プライム（内国株式）,3750,精密機器,9,電機・精密,1,TOPIX Core30,7741.T
20260930,7743,シード,スタンダード（内国株式）,3750,精密機器,9,電機・精密,-,-,7743.T
20260930,7744,ノーリツ鋼機,プライム（内国株式）,3750,精密機器,9,電機・精密,6,TOPIX Small 1,7744.T
20260930,7745,Ａ＆Ｄホロンホールディングス,プライム（内国株式）,3750,精密機器,9,電機・精密,6,TOPIX Small 1,7745.T
20260930,7746,岡本硝子,スタンダード（内国株式）,3750,精密機器,9,電機・精密,-,-,7746.T
20260930,7747,朝日インテック,プライム（内国株式）,3750,精密機器,9,電機・精密,4,TOPIX Mid400,7747.T
20260930,7749,メディキット,スタンダード（内国株式）,3750,精密機器,9,電機・精密,-,-,7749.T
20260930,7751,キヤノン,プライム（内国株式）,3650,電気機器,9,電機・精密,2,TOPIX Large70,7751.T
20260930,7752,リコー,プライム（内国株式）,3650,電気機器,9,電機・精密,4,TOPIX Mid400,7752.T
20260930,7760,ＩＭＶ,スタンダード（内国株式）,3750,精密機器,9,電機・精密,-,-,7760.T
20260930,7762,シチズン時計,プライム（内国株式）,3750,精密機器,9,電機・精密,6,TOPIX Small 1,7762.T
20260930,7769,リズム,プライム（内国株式）,3750,精密機器,9,電機・精密,-,-,7769.T
20260930,7771,日本精密,スタンダード（内国株式）,3750,精密機器,9,電機・精密,-,-,7771.T
20260930,7774,ジャパン・ティッシュエンジニアリング,グロース（内国株式）,3750,精密機器,9,電機・精密,-,-,7774.T
20260930,7775,大研医器,スタンダード（内国株式）,3750,精密機器,9,電機・精密,-,-,7775.T
20260930,7776,セルシード,グロース（内国株式）,3750,精密機器,9,電機・精密,-,-,7776.T
20260930,7777,スリー・ディー・マトリックス,グロース（内国株式）,3750,精密機器,9,電機・精密,-,-,7777.T
20260930,7779,ＣＹＢＥＲＤＹＮＥ,グロース（内国株式）,3750,精密機器,9,電機・精密,-,-,7779.T
20260930,7780,メニコン,プライム（内国株式）,3750,精密機器,9,電機・精密,6,TOPIX Small 1,7780.T
20260930,7781,平山ホールディングス,スタンダード（内国株式）,3750,精密機器,9,電機・精密,-,-,7781.T
20260930,7782,シンシア,スタンダード（内国株式）,3750,精密機器,9,電機・精密,-,-,7782.T
20260930,7791,ドリームベッド,スタンダード（内国株式）,3800,その他製品,10,情報通信・サービスその他,-,-,7791.T
20260930,7792,コラントッテ,グロース（内国株式）,3800,その他製品,10,情報通信・サービスその他,-,-,7792.T
20260930,7793,イメージ・マジック,グロース（内国株式）,3800,その他製品,10,情報通信・サービスその他,-,-,7793.T
20260930,7794,イーディーピー,グロース（内国株式）,3800,その他製品,10,情報通信・サービスその他,-,-,7794.T
20260930,7795,ＫＹＯＲＩＴＳＵ,スタンダード（内国株式）,3800,その他製品,10,情報通信・サービスその他,-,-,7795.T
20260930,7800,アミファ,スタンダード（内国株式）,3800,その他製品,10,情報通信・サービスその他,-,-,7800.T
20260930,7803,ブシロード,グロース（内国株式）,3800,その他製品,10,情報通信・サービスその他,-,-,7803.T
20260930,7804,ビーアンドピー,スタンダード（内国株式）,3800,その他製品,10,情報通信・サービスその他,-,-,7804.T
20260930,7805,プリントネット,スタンダード（内国株式）,3800,その他製品,10,情報通信・サービスその他,-,-,7805.T
20260930,7806,ＭＴＧ,グロース（内国株式）,3800,その他製品,10,情報通信・サービスその他,-,-,7806.T
20260930,7807,幸和製作所,スタンダード（内国株式）,3800,その他製品,10,情報通信・サービスその他,-,-,7807.T
20260930,7808,シー・エス・ランバー,スタンダード（内国株式）,3800,その他製品,10,情報通信・サービスその他,-,-,7808.T
20260930,7809,壽屋,スタンダード（内国株式）,3800,その他製品,10,情報通信・サービスその他,-,-,7809.T
20260930,7810,クロスフォー,スタンダード（内国株式）,3800,その他製品,10,情報通信・サービスその他,-,-,7810.T
20260930,7811,中本パックス,スタンダード（内国株式）,3800,その他製品,10,情報通信・サービスその他,-,-,7811.T
20260930,7812,クレステック,スタンダード（内国株式）,3800,その他製品,10,情報通信・サービスその他,-,-,7812.T
20260930,7813,プラッツ,スタンダード（内国株式）,3800,その他製品,10,情報通信・サービスその他,-,-,7813.T
20260930,7814,日本創発グループ,スタンダード（内国株式）,3800,その他製品,10,情報通信・サービスその他,-,-,7814.T
20260930,7815,東京ボード工業,スタンダード（内国株式）,3800,その他製品,10,情報通信・サービスその他,-,-,7815.T
20260930,7818,トランザクション,プライム（内国株式）,3800,その他製品,10,情報通信・サービスその他,7,TOPIX Small 2,7818.T
20260930,7819,粧美堂,スタンダード（内国株式）,3800,その他製品,10,情報通信・サービスその他,-,-,7819.T
20260930,7820,ニホンフラッシュ,プライム（内国株式）,3800,その他製品,10,情報通信・サービスその他,7,TOPIX Small 2,7820.T
20260930,7821,前田工繊,プライム（内国株式）,3800,その他製品,10,情報通信・サービスその他,6,TOPIX Small 1,7821.T
20260930,7822,永大産業,スタンダード（内国株式）,3800,その他製品,10,情報通信・サービスその他,-,-,7822.T
20260930,7823,アートネイチャー,スタンダード（内国株式）,3800,その他製品,10,情報通信・サービスその他,7,TOPIX Small 2,7823.T
20260930,7826,フルヤ金属,プライム（内国株式）,3800,その他製品,10,情報通信・サービスその他,6,TOPIX Small 1,7826.T
20260930,7827,オービス,スタンダード（内国株式）,3800,その他製品,10,情報通信・サービスその他,-,-,7827.T
20260930,7831,ウイルコホールディングス,スタンダード（内国株式）,3800,その他製品,10,情報通信・サービスその他,-,-,7831.T
20260930,7832,バンダイナムコホールディングス,プライム（内国株式）,3800,その他製品,10,情報通信・サービスその他,2,TOPIX Large70,7832.T
20260930,7833,アイフィスジャパン,スタンダード（内国株式）,3800,その他製品,10,情報通信・サービスその他,-,-,7833.T
20260930,7836,アビックス,スタンダード（内国株式）,3800,その他製品,10,情報通信・サービスその他,-,-,7836.T
20260930,7837,アールシーコア,スタンダード（内国株式）,3800,その他製品,10,情報通信・サービスその他,-,-,7837.T
20260930,7839,ＳＨＯＥＩ,プライム（内国株式）,3800,その他製品,10,情報通信・サービスその他,6,TOPIX Small 1,7839.T
20260930,7840,フランスベッドホールディングス,プライム（内国株式）,3800,その他製品,10,情報通信・サービスその他,7,TOPIX Small 2,7840.T
20260930,7841,遠藤製作所,スタンダード（内国株式）,3800,その他製品,10,情報通信・サービスその他,-,-,7841.T
20260930,7844,マーベラス,プライム（内国株式）,5250,情報・通信業,10,情報通信・サービスその他,7,TOPIX Small 2,7844.T
20260930,7846,パイロットコーポレーション,プライム（内国株式）,3800,その他製品,10,情報通信・サービスその他,4,TOPIX Mid400,7846.T
20260930,7847,グラファイトデザイン,スタンダード（内国株式）,3800,その他製品,10,情報通信・サービスその他,-,-,7847.T
20260930,7849,スターツ出版,スタンダード（内国株式）,5250,情報・通信業,10,情報通信・サービスその他,-,-,7849.T
20260930,7850,総合商研,スタンダード（内国株式）,3800,その他製品,10,情報通信・サービスその他,-,-,7850.T
20260930,7851,カワセコンピュータサプライ,スタンダード（内国株式）,3800,その他製品,10,情報通信・サービスその他,-,-,7851.T
20260930,7856,萩原工業,プライム（内国株式）,3800,その他製品,10,情報通信・サービスその他,7,TOPIX Small 2,7856.T
20260930,7857,セキ,スタンダード（内国株式）,3800,その他製品,10,情報通信・サービスその他,-,-,7857.T
20260930,7859,アルメディオ,スタンダード（内国株式）,3800,その他製品,10,情報通信・サービスその他,-,-,7859.T
20260930,7860,エイベックス,プライム（内国株式）,5250,情報・通信業,10,情報通信・サービスその他,6,TOPIX Small 1,7860.T
20260930,7863,平賀,スタンダード（内国株式）,3800,その他製品,10,情報通信・サービスその他,-,-,7863.T
20260930,7864,フジシールインターナショナル,プライム（内国株式）,3800,その他製品,10,情報通信・サービスその他,6,TOPIX Small 1,7864.T
20260930,7865,ピープル,スタンダード（内国株式）,3800,その他製品,10,情報通信・サービスその他,-,-,7865.T
20260930,7867,タカラトミー,プライム（内国株式）,3800,その他製品,10,情報通信・サービスその他,4,TOPIX Mid400,7867.T
20260930,7868,広済堂ホールディングス,プライム（内国株式）,3800,その他製品,10,情報通信・サービスその他,7,TOPIX Small 2,7868.T
20260930,7871,フクビ化学工業,スタンダード（内国株式）,3200,化学,4,素材・化学,-,-,7871.T
20260930,7872,エステールホールディングス,スタンダード（内国株式）,3800,その他製品,10,情報通信・サービスその他,-,-,7872.T
20260930,7874,レック,プライム（内国株式）,3200,化学,4,素材・化学,7,TOPIX Small 2,7874.T
20260930,7875,竹田ｉＰホールディングス,スタンダード（内国株式）,3800,その他製品,10,情報通信・サービスその他,-,-,7875.T
20260930,7877,永大化工,スタンダード（内国株式）,3200,化学,4,素材・化学,-,-,7877.T
20260930,7878,光・彩,スタンダード（内国株式）,3800,その他製品,10,情報通信・サービスその他,-,-,7878.T
20260930,7879,ノダ,スタンダード（内国株式）,3800,その他製品,10,情報通信・サービスその他,-,-,7879.T
20260930,7883,サンメッセ,スタンダード（内国株式）,3800,その他製品,10,情報通信・サービスその他,-,-,7883.T
20260930,7885,タカノ,スタンダード（内国株式）,3800,その他製品,10,情報通信・サービスその他,-,-,7885.T
20260930,7886,ヤマト　モビリティ　＆　Ｍｆｇ．,スタンダード（内国株式）,3200,化学,4,素材・化学,-,-,7886.T
20260930,7887,南海プライウッド,スタンダード（内国株式）,3800,その他製品,10,情報通信・サービスその他,-,-,7887.T
20260930,7888,三光合成,プライム（内国株式）,3200,化学,4,素材・化学,7,TOPIX Small 2,7888.T
20260930,7893,プロネクサス,プライム（内国株式）,3800,その他製品,10,情報通信・サービスその他,7,TOPIX Small 2,7893.T
20260930,7896,セブン工業,スタンダード（内国株式）,3800,その他製品,10,情報通信・サービスその他,-,-,7896.T
20260930,7897,ホクシン,スタンダード（内国株式）,3800,その他製品,10,情報通信・サービスその他,-,-,7897.T
20260930,7898,ウッドワン,スタンダード（内国株式）,3800,その他製品,10,情報通信・サービスその他,-,-,7898.T
20260930,7901,マツモト,スタンダード（内国株式）,3800,その他製品,10,情報通信・サービスその他,-,-,7901.T
20260930,7902,ソノコム,スタンダード（内国株式）,3800,その他製品,10,情報通信・サービスその他,-,-,7902.T
20260930,7906,ヨネックス,スタンダード（内国株式）,3800,その他製品,10,情報通信・サービスその他,-,-,7906.T
20260930,7908,きもと,スタンダード（内国株式）,3200,化学,4,素材・化学,-,-,7908.T
20260930,7911,ＴＯＰＰＡＮホールディングス,プライム（内国株式）,3800,その他製品,10,情報通信・サービスその他,4,TOPIX Mid400,7911.T
20260930,7912,大日本印刷,プライム（内国株式）,3800,その他製品,10,情報通信・サービスその他,4,TOPIX Mid400,7912.T
20260930,7914,共同印刷,プライム（内国株式）,3800,その他製品,10,情報通信・サービスその他,7,TOPIX Small 2,7914.T
20260930,7915,ＮＩＳＳＨＡ,プライム（内国株式）,3800,その他製品,10,情報通信・サービスその他,6,TOPIX Small 1,7915.T
20260930,7916,光村印刷,スタンダード（内国株式）,3800,その他製品,10,情報通信・サービスその他,-,-,7916.T
20260930,7917,ＺＡＣＲＯＳ,プライム（内国株式）,3200,化学,4,素材・化学,7,TOPIX Small 2,7917.T
20260930,7918,ヴィア・ホールディングス,スタンダード（内国株式）,6100,小売業,14,小売,-,-,7918.T
20260930,7919,野崎印刷紙業,スタンダード（内国株式）,3800,その他製品,10,情報通信・サービスその他,-,-,7919.T
20260930,7921,ＴＡＫＡＲＡ　＆　ＣＯＭＰＡＮＹ,プライム（内国株式）,3800,その他製品,10,情報通信・サービスその他,7,TOPIX Small 2,7921.T
20260930,7927,ムトー精工,スタンダード（内国株式）,3200,化学,4,素材・化学,-,-,7927.T
20260930,7928,旭化学工業,スタンダード（内国株式）,3200,化学,4,素材・化学,-,-,7928.T
20260930,7931,未来工業,プライム（内国株式）,3200,化学,4,素材・化学,7,TOPIX Small 2,7931.T
20260930,7932,ニッピ,スタンダード（内国株式）,3800,その他製品,10,情報通信・サービスその他,-,-,7932.T
20260930,7936,アシックス,プライム（内国株式）,3800,その他製品,10,情報通信・サービスその他,2,TOPIX Large70,7936.T
20260930,7937,ツツミ,スタンダード（内国株式）,3800,その他製品,10,情報通信・サービスその他,7,TOPIX Small 2,7937.T
20260930,7938,リーガルコーポレーション,スタンダード（内国株式）,3800,その他製品,10,情報通信・サービスその他,-,-,7938.T
20260930,7939,研創,スタンダード（内国株式）,3800,その他製品,10,情報通信・サービスその他,-,-,7939.T
20260930,7942,ＪＳＰ,プライム（内国株式）,3200,化学,4,素材・化学,7,TOPIX Small 2,7942.T
20260930,7943,ニチハ,プライム（内国株式）,3400,ガラス・土石製品,3,建設・資材,6,TOPIX Small 1,7943.T
20260930,7944,ローランド,プライム（内国株式）,3800,その他製品,10,情報通信・サービスその他,6,TOPIX Small 1,7944.T
20260930,7946,光陽社,スタンダード（内国株式）,3800,その他製品,10,情報通信・サービスその他,-,-,7946.T
20260930,7947,エフピコ,プライム（内国株式）,3200,化学,4,素材・化学,6,TOPIX Small 1,7947.T
20260930,7949,小松ウオール工業,プライム（内国株式）,3800,その他製品,10,情報通信・サービスその他,7,TOPIX Small 2,7949.T
20260930,7951,ヤマハ,プライム（内国株式）,3800,その他製品,10,情報通信・サービスその他,4,TOPIX Mid400,7951.T
20260930,7952,河合楽器製作所,プライム（内国株式）,3800,その他製品,10,情報通信・サービスその他,7,TOPIX Small 2,7952.T
20260930,7953,菊水化学工業,スタンダード（内国株式）,3800,その他製品,10,情報通信・サービスその他,-,-,7953.T
20260930,7955,クリナップ,プライム（内国株式）,3800,その他製品,10,情報通信・サービスその他,7,TOPIX Small 2,7955.T
20260930,7956,ピジョン,プライム（内国株式）,3800,その他製品,10,情報通信・サービスその他,4,TOPIX Mid400,7956.T
20260930,7957,フジコピアン,スタンダード（内国株式）,3800,その他製品,10,情報通信・サービスその他,-,-,7957.T
20260930,7962,キングジム,プライム（内国株式）,3800,その他製品,10,情報通信・サービスその他,7,TOPIX Small 2,7962.T
20260930,7963,興研,スタンダード（内国株式）,3800,その他製品,10,情報通信・サービスその他,-,-,7963.T
20260930,7965,象印マホービン,プライム（内国株式）,3650,電気機器,9,電機・精密,6,TOPIX Small 1,7965.T
20260930,7966,リンテック,プライム（内国株式）,3800,その他製品,10,情報通信・サービスその他,6,TOPIX Small 1,7966.T
20260930,7970,信越ポリマー,プライム（内国株式）,3200,化学,4,素材・化学,6,TOPIX Small 1,7970.T
20260930,7971,東リ,スタンダード（内国株式）,3200,化学,4,素材・化学,-,-,7971.T
20260930,7972,イトーキ,プライム（内国株式）,3800,その他製品,10,情報通信・サービスその他,6,TOPIX Small 1,7972.T
20260930,7974,任天堂,プライム（内国株式）,3800,その他製品,10,情報通信・サービスその他,1,TOPIX Core30,7974.T
20260930,7975,リヒトラブ,スタンダード（内国株式）,3800,その他製品,10,情報通信・サービスその他,-,-,7975.T
20260930,7976,三菱鉛筆,プライム（内国株式）,3800,その他製品,10,情報通信・サービスその他,6,TOPIX Small 1,7976.T
20260930,7979,松風,プライム（内国株式）,3750,精密機器,9,電機・精密,7,TOPIX Small 2,7979.T
20260930,7980,重松製作所,スタンダード（内国株式）,3800,その他製品,10,情報通信・サービスその他,-,-,7980.T
20260930,7981,タカラスタンダード,プライム（内国株式）,3800,その他製品,10,情報通信・サービスその他,6,TOPIX Small 1,7981.T
20260930,7983,ミロク,スタンダード（内国株式）,3800,その他製品,10,情報通信・サービスその他,-,-,7983.T
20260930,7984,コクヨ,プライム（内国株式）,3800,その他製品,10,情報通信・サービスその他,4,TOPIX Mid400,7984.T
20260930,7985,ネポン,スタンダード（内国株式）,3550,金属製品,3,建設・資材,-,-,7985.T
20260930,7986,日本アイ・エス・ケイ,スタンダード（内国株式）,3800,その他製品,10,情報通信・サービスその他,-,-,7986.T
20260930,7987,ナカバヤシ,スタンダード（内国株式）,3800,その他製品,10,情報通信・サービスその他,7,TOPIX Small 2,7987.T
20260930,7988,ニフコ,プライム（内国株式）,3200,化学,4,素材・化学,4,TOPIX Mid400,7988.T
20260930,7989,立川ブラインド工業,プライム（内国株式）,3550,金属製品,3,建設・資材,7,TOPIX Small 2,7989.T
20260930,7990,グローブライド,プライム（内国株式）,3800,その他製品,10,情報通信・サービスその他,6,TOPIX Small 1,7990.T
20260930,7991,マミヤ・オーピー,スタンダード（内国株式）,3600,機械,8,機械,-,-,7991.T
20260930,7992,セーラー万年筆,スタンダード（内国株式）,3800,その他製品,10,情報通信・サービスその他,-,-,7992.T
20260930,7994,オカムラ,プライム（内国株式）,3800,その他製品,10,情報通信・サービスその他,6,TOPIX Small 1,7994.T
20260930,7995,バルカー,プライム（内国株式）,3200,化学,4,素材・化学,6,TOPIX Small 1,7995.T
20260930,7997,くろがね工作所,スタンダード（内国株式）,3800,その他製品,10,情報通信・サービスその他,-,-,7997.T
20260930,8001,伊藤忠商事,プライム（内国株式）,6050,卸売業,13,商社・卸売,1,TOPIX Core30,8001.T
20260930,8002,丸紅,プライム（内国株式）,6050,卸売業,13,商社・卸売,2,TOPIX Large70,8002.T
20260930,8005,スクロール,プライム（内国株式）,6100,小売業,14,小売,7,TOPIX Small 2,8005.T
20260930,8006,ユアサ・フナショク,スタンダード（内国株式）,6050,卸売業,13,商社・卸売,-,-,8006.T
20260930,8007,高島,プライム（内国株式）,6050,卸売業,13,商社・卸売,-,-,8007.T
20260930,8008,ヨンドシーホールディングス,プライム（内国株式）,6100,小売業,14,小売,6,TOPIX Small 1,8008.T
20260930,8011,三陽商会,プライム（内国株式）,3100,繊維製品,4,素材・化学,7,TOPIX Small 2,8011.T
20260930,8012,長瀬産業,プライム（内国株式）,6050,卸売業,13,商社・卸売,4,TOPIX Mid400,8012.T
20260930,8013,ナイガイ,スタンダード（内国株式）,3100,繊維製品,4,素材・化学,-,-,8013.T
20260930,8014,蝶理,プライム（内国株式）,6050,卸売業,13,商社・卸売,7,TOPIX Small 2,8014.T
20260930,8015,豊田通商,プライム（内国株式）,6050,卸売業,13,商社・卸売,2,TOPIX Large70,8015.T
20260930,8016,オンワードホールディングス,プライム（内国株式）,3100,繊維製品,4,素材・化学,6,TOPIX Small 1,8016.T
20260930,8018,三共生興,スタンダード（内国株式）,6050,卸売業,13,商社・卸売,7,TOPIX Small 2,8018.T
20260930,8020,兼松,プライム（内国株式）,6050,卸売業,13,商社・卸売,4,TOPIX Mid400,8020.T
20260930,8022,美津濃,プライム（内国株式）,3800,その他製品,10,情報通信・サービスその他,6,TOPIX Small 1,8022.T
20260930,8023,ＤＡＩＫＯ　ＸＴＥＣＨ,スタンダード（内国株式）,5250,情報・通信業,10,情報通信・サービスその他,-,-,8023.T
20260930,8025,ツカモトコーポレーション,スタンダード（内国株式）,6050,卸売業,13,商社・卸売,-,-,8025.T
20260930,8029,ルックホールディングス,スタンダード（内国株式）,3100,繊維製品,4,素材・化学,7,TOPIX Small 2,8029.T
20260930,8030,中央魚類,スタンダード（内国株式）,6050,卸売業,13,商社・卸売,-,-,8030.T
20260930,8031,三井物産,プライム（内国株式）,6050,卸売業,13,商社・卸売,1,TOPIX Core30,8031.T
20260930,8032,日本紙パルプ商事,プライム（内国株式）,6050,卸売業,13,商社・卸売,7,TOPIX Small 2,8032.T
20260930,8035,東京エレクトロン,プライム（内国株式）,3650,電気機器,9,電機・精密,1,TOPIX Core30,8035.T
20260930,8037,カメイ,プライム（内国株式）,6050,卸売業,13,商社・卸売,7,TOPIX Small 2,8037.T
20260930,8039,築地魚市場,スタンダード（内国株式）,6050,卸売業,13,商社・卸売,-,-,8039.T
20260930,8040,東京ソワール,スタンダード（内国株式）,3100,繊維製品,4,素材・化学,-,-,8040.T
20260930,8041,ＯＵＧホールディングス,スタンダード（内国株式）,6050,卸売業,13,商社・卸売,-,-,8041.T
20260930,8043,スターゼン,プライム（内国株式）,6050,卸売業,13,商社・卸売,7,TOPIX Small 2,8043.T
20260930,8045,横浜丸魚,スタンダード（内国株式）,6050,卸売業,13,商社・卸売,-,-,8045.T
20260930,8046,丸藤シートパイル,スタンダード（内国株式）,6050,卸売業,13,商社・卸売,-,-,8046.T
20260930,8050,セイコーグループ,プライム（内国株式）,3750,精密機器,9,電機・精密,6,TOPIX Small 1,8050.T
20260930,8051,山善,プライム（内国株式）,6050,卸売業,13,商社・卸売,6,TOPIX Small 1,8051.T
20260930,8052,椿本興業,プライム（内国株式）,6050,卸売業,13,商社・卸売,7,TOPIX Small 2,8052.T
20260930,8053,住友商事,プライム（内国株式）,6050,卸売業,13,商社・卸売,2,TOPIX Large70,8053.T
20260930,8056,ＢＩＰＲＯＧＹ,プライム（内国株式）,5250,情報・通信業,10,情報通信・サービスその他,4,TOPIX Mid400,8056.T
20260930,8057,内田洋行,プライム（内国株式）,6050,卸売業,13,商社・卸売,6,TOPIX Small 1,8057.T
20260930,8058,三菱商事,プライム（内国株式）,6050,卸売業,13,商社・卸売,1,TOPIX Core30,8058.T
20260930,8059,第一実業,プライム（内国株式）,6050,卸売業,13,商社・卸売,7,TOPIX Small 2,8059.T
20260930,8060,キヤノンマーケティングジャパン,プライム（内国株式）,6050,卸売業,13,商社・卸売,4,TOPIX Mid400,8060.T
20260930,8061,西華産業,プライム（内国株式）,6050,卸売業,13,商社・卸売,6,TOPIX Small 1,8061.T
20260930,8065,佐藤商事,プライム（内国株式）,6050,卸売業,13,商社・卸売,7,TOPIX Small 2,8065.T
20260930,8066,三谷商事,スタンダード（内国株式）,6050,卸売業,13,商社・卸売,-,-,8066.T
20260930,8070,東京産業,プライム（内国株式）,6050,卸売業,13,商社・卸売,7,TOPIX Small 2,8070.T
20260930,8074,ＹＵＡＳＡ,プライム（内国株式）,6050,卸売業,13,商社・卸売,6,TOPIX Small 1,8074.T
20260930,8075,神鋼商事,プライム（内国株式）,6050,卸売業,13,商社・卸売,7,TOPIX Small 2,8075.T
20260930,8076,カノークス,スタンダード（内国株式）,6050,卸売業,13,商社・卸売,-,-,8076.T
20260930,8077,トルク,スタンダード（内国株式）,6050,卸売業,13,商社・卸売,-,-,8077.T
20260930,8078,阪和興業,プライム（内国株式）,6050,卸売業,13,商社・卸売,6,TOPIX Small 1,8078.T
20260930,8079,正栄食品工業,プライム（内国株式）,6050,卸売業,13,商社・卸売,6,TOPIX Small 1,8079.T
20260930,8081,カナデン,プライム（内国株式）,6050,卸売業,13,商社・卸売,7,TOPIX Small 2,8081.T
20260930,8084,ＲＹＯＤＥＮ,プライム（内国株式）,6050,卸売業,13,商社・卸売,7,TOPIX Small 2,8084.T
20260930,8085,ナラサキ産業,スタンダード（内国株式）,6050,卸売業,13,商社・卸売,-,-,8085.T
20260930,8086,ニプロ,プライム（内国株式）,3750,精密機器,9,電機・精密,4,TOPIX Mid400,8086.T
20260930,8088,岩谷産業,プライム（内国株式）,6050,卸売業,13,商社・卸売,4,TOPIX Mid400,8088.T
20260930,8089,ナイス,スタンダード（内国株式）,6050,卸売業,13,商社・卸売,-,-,8089.T
20260930,8091,ニチモウ,プライム（内国株式）,6050,卸売業,13,商社・卸売,-,-,8091.T
20260930,8093,極東貿易,プライム（内国株式）,6050,卸売業,13,商社・卸売,7,TOPIX Small 2,8093.T
20260930,8095,アステナホールディングス,プライム（内国株式）,6050,卸売業,13,商社・卸売,7,TOPIX Small 2,8095.T
20260930,8097,三愛オブリ,プライム（内国株式）,6050,卸売業,13,商社・卸売,6,TOPIX Small 1,8097.T
20260930,8098,稲畑産業,プライム（内国株式）,6050,卸売業,13,商社・卸売,6,TOPIX Small 1,8098.T
20260930,8101,ＧＳＩクレオス,プライム（内国株式）,6050,卸売業,13,商社・卸売,7,TOPIX Small 2,8101.T
20260930,8103,明和産業,プライム（内国株式）,6050,卸売業,13,商社・卸売,7,TOPIX Small 2,8103.T
20260930,8104,クワザワホールディングス,スタンダード（内国株式）,6050,卸売業,13,商社・卸売,-,-,8104.T
20260930,8105,Ｂｉｔｃｏｉｎ　Ｊａｐａｎ,スタンダード（内国株式）,6050,卸売業,13,商社・卸売,-,-,8105.T
20260930,8107,キムラタン,スタンダード（内国株式）,3100,繊維製品,4,素材・化学,-,-,8107.T
20260930,8111,ゴールドウイン,プライム（内国株式）,3100,繊維製品,4,素材・化学,4,TOPIX Mid400,8111.T
20260930,8113,ユニ・チャーム,プライム（内国株式）,3200,化学,4,素材・化学,2,TOPIX Large70,8113.T
20260930,8115,ムーンバット,スタンダード（内国株式）,6050,卸売業,13,商社・卸売,-,-,8115.T
20260930,8117,中央自動車工業,スタンダード（内国株式）,6050,卸売業,13,商社・卸売,-,-,8117.T
20260930,8118,キング,スタンダード（内国株式）,3100,繊維製品,4,素材・化学,-,-,8118.T
20260930,8119,三栄コーポレーション,スタンダード（内国株式）,6050,卸売業,13,商社・卸売,-,-,8119.T
20260930,8123,川辺,スタンダード（内国株式）,6050,卸売業,13,商社・卸売,-,-,8123.T
20260930,8125,ワキタ,プライム（内国株式）,6050,卸売業,13,商社・卸売,6,TOPIX Small 1,8125.T
20260930,8127,ヤマトインターナショナル,スタンダード（内国株式）,3100,繊維製品,4,素材・化学,-,-,8127.T
20260930,8129,東邦ホールディングス,プライム（内国株式）,6050,卸売業,13,商社・卸売,4,TOPIX Mid400,8129.T
20260930,8130,サンゲツ,プライム（内国株式）,6050,卸売業,13,商社・卸売,6,TOPIX Small 1,8130.T
20260930,8131,ミツウロコグループホールディングス,スタンダード（内国株式）,6050,卸売業,13,商社・卸売,7,TOPIX Small 2,8131.T
20260930,8132,シナネンホールディングス,プライム（内国株式）,6050,卸売業,13,商社・卸売,7,TOPIX Small 2,8132.T
20260930,8133,伊藤忠エネクス,プライム（内国株式）,6050,卸売業,13,商社・卸売,6,TOPIX Small 1,8133.T
20260930,8135,ゼット,スタンダード（内国株式）,6050,卸売業,13,商社・卸売,-,-,8135.T
20260930,8136,サンリオ,プライム（内国株式）,6050,卸売業,13,商社・卸売,4,TOPIX Mid400,8136.T
20260930,8137,サンワテクノス,プライム（内国株式）,6050,卸売業,13,商社・卸売,7,TOPIX Small 2,8137.T
20260930,8138,三京化成,スタンダード（内国株式）,6050,卸売業,13,商社・卸売,-,-,8138.T
20260930,8139,ナガホリ,スタンダード（内国株式）,6050,卸売業,13,商社・卸売,-,-,8139.T
20260930,8141,新光商事,プライム（内国株式）,6050,卸売業,13,商社・卸売,7,TOPIX Small 2,8141.T
20260930,8142,トーホー,プライム（内国株式）,6050,卸売業,13,商社・卸売,7,TOPIX Small 2,8142.T
20260930,8143,ラピーヌ,スタンダード（内国株式）,3100,繊維製品,4,素材・化学,-,-,8143.T
20260930,8144,デンキョーグループホールディングス,スタンダード（内国株式）,6050,卸売業,13,商社・卸売,-,-,8144.T
20260930,8147,トミタ,スタンダード（内国株式）,6050,卸売業,13,商社・卸売,-,-,8147.T
20260930,8150,三信電気,プライム（内国株式）,6050,卸売業,13,商社・卸売,7,TOPIX Small 2,8150.T
20260930,8151,東陽テクニカ,プライム（内国株式）,6050,卸売業,13,商社・卸売,7,TOPIX Small 2,8151.T
20260930,8152,ソマール,スタンダード（内国株式）,6050,卸売業,13,商社・卸売,-,-,8152.T
20260930,8153,モスフードサービス,プライム（内国株式）,6050,卸売業,13,商社・卸売,6,TOPIX Small 1,8153.T
20260930,8154,加賀電子,プライム（内国株式）,6050,卸売業,13,商社・卸売,6,TOPIX Small 1,8154.T
20260930,8157,都築電気,プライム（内国株式）,5250,情報・通信業,10,情報通信・サービスその他,7,TOPIX Small 2,8157.T
20260930,8158,ソーダニッカ,プライム（内国株式）,6050,卸売業,13,商社・卸売,7,TOPIX Small 2,8158.T
20260930,8159,立花エレテック,プライム（内国株式）,6050,卸売業,13,商社・卸売,7,TOPIX Small 2,8159.T
20260930,8160,木曽路,プライム（内国株式）,6100,小売業,14,小売,6,TOPIX Small 1,8160.T
20260930,8163,ＳＲＳホールディングス,プライム（内国株式）,6100,小売業,14,小売,7,TOPIX Small 2,8163.T
20260930,8165,千趣会,スタンダード（内国株式）,6100,小売業,14,小売,7,TOPIX Small 2,8165.T
20260930,8166,タカキュー,スタンダード（内国株式）,6100,小売業,14,小売,-,-,8166.T
20260930,8167,リテールパートナーズ,プライム（内国株式）,6100,小売業,14,小売,7,TOPIX Small 2,8167.T
20260930,8173,Ｊｏｓｈｉｎ,プライム（内国株式）,6100,小売業,14,小売,6,TOPIX Small 1,8173.T
20260930,8174,日本瓦斯,プライム（内国株式）,6100,小売業,14,小売,4,TOPIX Mid400,8174.T
20260930,8179,ロイヤルホールディングス,プライム（内国株式）,6100,小売業,14,小売,6,TOPIX Small 1,8179.T
20260930,8181,東天紅,スタンダード（内国株式）,6100,小売業,14,小売,-,-,8181.T
20260930,8185,チヨダ,プライム（内国株式）,6100,小売業,14,小売,7,TOPIX Small 2,8185.T
20260930,8194,ライフコーポレーション,プライム（内国株式）,6100,小売業,14,小売,6,TOPIX Small 1,8194.T
20260930,8198,マックスバリュ東海,スタンダード（内国株式）,6100,小売業,14,小売,-,-,8198.T
20260930,8200,リンガーハット,プライム（内国株式）,6100,小売業,14,小売,6,TOPIX Small 1,8200.T
20260930,8202,ラオックスホールディングス,スタンダード（内国株式）,6100,小売業,14,小売,-,-,8202.T
20260930,8203,ＭｒＭａｘＨＤ,プライム（内国株式）,6100,小売業,14,小売,7,TOPIX Small 2,8203.T
20260930,8207,テンアライド,スタンダード（内国株式）,6100,小売業,14,小売,-,-,8207.T
20260930,8214,ＡＯＫＩホールディングス,プライム（内国株式）,6100,小売業,14,小売,6,TOPIX Small 1,8214.T
20260930,8217,オークワ,プライム（内国株式）,6100,小売業,14,小売,7,TOPIX Small 2,8217.T
20260930,8218,コメリ,プライム（内国株式）,6100,小売業,14,小売,6,TOPIX Small 1,8218.T
20260930,8219,青山商事,プライム（内国株式）,6100,小売業,14,小売,6,TOPIX Small 1,8219.T
20260930,8225,タカチホ,スタンダード（内国株式）,6050,卸売業,13,商社・卸売,-,-,8225.T
20260930,8226,理経,スタンダード（内国株式）,6050,卸売業,13,商社・卸売,-,-,8226.T
20260930,8227,しまむら,プライム（内国株式）,6100,小売業,14,小売,4,TOPIX Mid400,8227.T
20260930,8230,はせがわ,スタンダード（内国株式）,6100,小売業,14,小売,-,-,8230.T
20260930,8233,高島屋,プライム（内国株式）,6100,小売業,14,小売,4,TOPIX Mid400,8233.T
20260930,8237,松屋,プライム（内国株式）,6100,小売業,14,小売,6,TOPIX Small 1,8237.T
20260930,8242,エイチ・ツー・オー　リテイリング,プライム（内国株式）,6100,小売業,14,小売,4,TOPIX Mid400,8242.T
20260930,8244,近鉄百貨店,スタンダード（内国株式）,6100,小売業,14,小売,7,TOPIX Small 2,8244.T
20260930,8247,大和,スタンダード（内国株式）,6100,小売業,14,小売,-,-,8247.T
20260930,8252,丸井グループ,プライム（内国株式）,6100,小売業,14,小売,4,TOPIX Mid400,8252.T
20260930,8253,クレディセゾン,プライム（内国株式）,7200,その他金融業,16,金融（除く銀行）,4,TOPIX Mid400,8253.T
20260930,8254,さいか屋,スタンダード（内国株式）,6100,小売業,14,小売,-,-,8254.T
20260930,8255,アクシアル　リテイリング,プライム（内国株式）,6100,小売業,14,小売,7,TOPIX Small 2,8255.T
20260930,8260,井筒屋,スタンダード（内国株式）,6100,小売業,14,小売,-,-,8260.T
20260930,8267,イオン,プライム（内国株式）,6100,小売業,14,小売,2,TOPIX Large70,8267.T
20260930,8273,イズミ,プライム（内国株式）,6100,小売業,14,小売,6,TOPIX Small 1,8273.T
20260930,8275,フォーバル,スタンダード（内国株式）,6050,卸売業,13,商社・卸売,7,TOPIX Small 2,8275.T
20260930,8276,平和堂,プライム（内国株式）,6100,小売業,14,小売,6,TOPIX Small 1,8276.T
20260930,8278,フジ,プライム（内国株式）,6100,小売業,14,小売,6,TOPIX Small 1,8278.T
20260930,8281,ゼビオホールディングス,プライム（内国株式）,6100,小売業,14,小売,6,TOPIX Small 1,8281.T
20260930,8282,ケーズホールディングス,プライム（内国株式）,6100,小売業,14,小売,4,TOPIX Mid400,8282.T
20260930,8285,三谷産業,スタンダード（内国株式）,6050,卸売業,13,商社・卸売,7,TOPIX Small 2,8285.T
20260930,8291,日産東京販売ホールディングス,スタンダード（内国株式）,6100,小売業,14,小売,-,-,8291.T
20260930,8303,ＳＢＩ新生銀行,プライム（内国株式）,7050,銀行業,15,銀行,4,TOPIX Mid400,8303.T
20260930,8304,あおぞら銀行,プライム（内国株式）,7050,銀行業,15,銀行,4,TOPIX Mid400,8304.T
20260930,8306,三菱ＵＦＪフィナンシャル・グループ,プライム（内国株式）,7050,銀行業,15,銀行,1,TOPIX Core30,8306.T
20260930,8308,りそなホールディングス,プライム（内国株式）,7050,銀行業,15,銀行,2,TOPIX Large70,8308.T
20260930,8309,三井住友トラストグループ,プライム（内国株式）,7050,銀行業,15,銀行,2,TOPIX Large70,8309.T
20260930,8316,三井住友フィナンシャルグループ,プライム（内国株式）,7050,銀行業,15,銀行,1,TOPIX Core30,8316.T
20260930,8331,千葉銀行,プライム（内国株式）,7050,銀行業,15,銀行,4,TOPIX Mid400,8331.T
20260930,8334,群馬銀行,プライム（内国株式）,7050,銀行業,15,銀行,4,TOPIX Mid400,8334.T
20260930,8336,武蔵野銀行,プライム（内国株式）,7050,銀行業,15,銀行,6,TOPIX Small 1,8336.T
20260930,8337,千葉興業銀行,プライム（内国株式）,7050,銀行業,15,銀行,6,TOPIX Small 1,8337.T
20260930,8338,筑波銀行,プライム（内国株式）,7050,銀行業,15,銀行,7,TOPIX Small 2,8338.T
20260930,8341,七十七銀行,プライム（内国株式）,7050,銀行業,15,銀行,4,TOPIX Mid400,8341.T
20260930,8343,秋田銀行,プライム（内国株式）,7050,銀行業,15,銀行,7,TOPIX Small 2,8343.T
20260930,8344,山形銀行,プライム（内国株式）,7050,銀行業,15,銀行,7,TOPIX Small 2,8344.T
20260930,8345,岩手銀行,プライム（内国株式）,7050,銀行業,15,銀行,7,TOPIX Small 2,8345.T
20260930,8346,東邦銀行,プライム（内国株式）,7050,銀行業,15,銀行,6,TOPIX Small 1,8346.T
20260930,8349,東北銀行,スタンダード（内国株式）,7050,銀行業,15,銀行,-,-,8349.T
20260930,8354,ふくおかフィナンシャルグループ,プライム（内国株式）,7050,銀行業,15,銀行,4,TOPIX Mid400,8354.T
20260930,8358,スルガ銀行,プライム（内国株式）,7050,銀行業,15,銀行,6,TOPIX Small 1,8358.T
20260930,8359,八十二長野銀行,プライム（内国株式）,7050,銀行業,15,銀行,4,TOPIX Mid400,8359.T
20260930,8360,山梨中央銀行,プライム（内国株式）,7050,銀行業,15,銀行,6,TOPIX Small 1,8360.T
20260930,8361,大垣共立銀行,プライム（内国株式）,7050,銀行業,15,銀行,6,TOPIX Small 1,8361.T
20260930,8362,福井銀行,プライム（内国株式）,7050,銀行業,15,銀行,7,TOPIX Small 2,8362.T
20260930,8364,清水銀行,プライム（内国株式）,7050,銀行業,15,銀行,7,TOPIX Small 2,8364.T
20260930,8365,富山銀行,スタンダード（内国株式）,7050,銀行業,15,銀行,-,-,8365.T
20260930,8366,滋賀銀行,プライム（内国株式）,7050,銀行業,15,銀行,6,TOPIX Small 1,8366.T
20260930,8367,南都銀行,プライム（内国株式）,7050,銀行業,15,銀行,6,TOPIX Small 1,8367.T
20260930,8368,百五銀行,プライム（内国株式）,7050,銀行業,15,銀行,6,TOPIX Small 1,8368.T
20260930,8370,紀陽銀行,プライム（内国株式）,7050,銀行業,15,銀行,6,TOPIX Small 1,8370.T
20260930,8377,ほくほくフィナンシャルグループ,プライム（内国株式）,7050,銀行業,15,銀行,4,TOPIX Mid400,8377.T
20260930,8381,山陰合同銀行,プライム（内国株式）,7050,銀行業,15,銀行,6,TOPIX Small 1,8381.T
20260930,8383,鳥取銀行,スタンダード（内国株式）,7050,銀行業,15,銀行,-,-,8383.T
20260930,8386,百十四銀行,プライム（内国株式）,7050,銀行業,15,銀行,6,TOPIX Small 1,8386.T
20260930,8387,四国銀行,プライム（内国株式）,7050,銀行業,15,銀行,7,TOPIX Small 2,8387.T
20260930,8388,阿波銀行,プライム（内国株式）,7050,銀行業,15,銀行,6,TOPIX Small 1,8388.T
20260930,8392,大分銀行,プライム（内国株式）,7050,銀行業,15,銀行,7,TOPIX Small 2,8392.T
20260930,8393,宮崎銀行,プライム（内国株式）,7050,銀行業,15,銀行,7,TOPIX Small 2,8393.T
20260930,8395,佐賀銀行,プライム（内国株式）,7050,銀行業,15,銀行,7,TOPIX Small 2,8395.T
20260930,8399,琉球銀行,プライム（内国株式）,7050,銀行業,15,銀行,6,TOPIX Small 1,8399.T
20260930,8410,セブン銀行,プライム（内国株式）,7050,銀行業,15,銀行,4,TOPIX Mid400,8410.T
20260930,8411,みずほフィナンシャルグループ,プライム（内国株式）,7050,銀行業,15,銀行,1,TOPIX Core30,8411.T
20260930,8416,高知銀行,スタンダード（内国株式）,7050,銀行業,15,銀行,-,-,8416.T
20260930,8418,山口フィナンシャルグループ,プライム（内国株式）,7050,銀行業,15,銀行,4,TOPIX Mid400,8418.T
20260930,8424,芙蓉総合リース,プライム（内国株式）,7200,その他金融業,16,金融（除く銀行）,4,TOPIX Mid400,8424.T
20260930,8425,みずほリース,プライム（内国株式）,7200,その他金融業,16,金融（除く銀行）,6,TOPIX Small 1,8425.T
20260930,8439,東京センチュリー,プライム（内国株式）,7200,その他金融業,16,金融（除く銀行）,4,TOPIX Mid400,8439.T
20260930,8473,ＳＢＩホールディングス,プライム（内国株式）,7100,証券、商品先物取引業,16,金融（除く銀行）,4,TOPIX Mid400,8473.T
20260930,8508,Ｊトラスト,スタンダード（内国株式）,7200,その他金融業,16,金融（除く銀行）,-,-,8508.T
20260930,8511,日本証券金融,プライム（内国株式）,7200,その他金融業,16,金融（除く銀行）,6,TOPIX Small 1,8511.T
20260930,8518,日本アジア投資,スタンダード（内国株式）,7100,証券、商品先物取引業,16,金融（除く銀行）,-,-,8518.T
20260930,8522,名古屋銀行,プライム（内国株式）,7050,銀行業,15,銀行,6,TOPIX Small 1,8522.T
20260930,8524,北洋銀行,プライム（内国株式）,7050,銀行業,15,銀行,6,TOPIX Small 1,8524.T
20260930,8537,大光銀行,スタンダード（内国株式）,7050,銀行業,15,銀行,-,-,8537.T
20260930,8541,愛媛銀行,プライム（内国株式）,7050,銀行業,15,銀行,7,TOPIX Small 2,8541.T
20260930,8542,トマト銀行,スタンダード（内国株式）,7050,銀行業,15,銀行,-,-,8542.T
20260930,8544,京葉銀行,プライム（内国株式）,7050,銀行業,15,銀行,6,TOPIX Small 1,8544.T
20260930,8550,栃木銀行,プライム（内国株式）,7050,銀行業,15,銀行,7,TOPIX Small 2,8550.T
20260930,8551,北日本銀行,プライム（内国株式）,7050,銀行業,15,銀行,7,TOPIX Small 2,8551.T
20260930,8558,東和銀行,プライム（内国株式）,7050,銀行業,15,銀行,7,TOPIX Small 2,8558.T
20260930,8562,福島銀行,スタンダード（内国株式）,7050,銀行業,15,銀行,-,-,8562.T
20260930,8563,大東銀行,スタンダード（内国株式）,7050,銀行業,15,銀行,-,-,8563.T
20260930,8566,リコーリース,プライム（内国株式）,7200,その他金融業,16,金融（除く銀行）,6,TOPIX Small 1,8566.T
20260930,8570,イオンフィナンシャルサービス,プライム（内国株式）,7200,その他金融業,16,金融（除く銀行）,4,TOPIX Mid400,8570.T
20260930,8572,アコム,スタンダード（内国株式）,7200,その他金融業,16,金融（除く銀行）,4,TOPIX Mid400,8572.T
20260930,8584,ジャックス,プライム（内国株式）,7200,その他金融業,16,金融（除く銀行）,6,TOPIX Small 1,8584.T
20260930,8585,オリエントコーポレーション,プライム（内国株式）,7200,その他金融業,16,金融（除く銀行）,6,TOPIX Small 1,8585.T
20260930,8591,オリックス,プライム（内国株式）,7200,その他金融業,16,金融（除く銀行）,2,TOPIX Large70,8591.T
20260930,8593,三菱ＨＣキャピタル,プライム（内国株式）,7200,その他金融業,16,金融（除く銀行）,4,TOPIX Mid400,8593.T
20260930,8595,ジャフコ　グループ,プライム（内国株式）,7100,証券、商品先物取引業,16,金融（除く銀行）,4,TOPIX Mid400,8595.T
20260930,8596,九州リースサービス,スタンダード（内国株式）,7200,その他金融業,16,金融（除く銀行）,-,-,8596.T
20260930,8600,トモニホールディングス,プライム（内国株式）,7050,銀行業,15,銀行,6,TOPIX Small 1,8600.T
20260930,8601,大和証券グループ本社,プライム（内国株式）,7100,証券、商品先物取引業,16,金融（除く銀行）,4,TOPIX Mid400,8601.T
20260930,8604,野村ホールディングス,プライム（内国株式）,7100,証券、商品先物取引業,16,金融（除く銀行）,2,TOPIX Large70,8604.T
20260930,8609,岡三証券グループ,プライム（内国株式）,7100,証券、商品先物取引業,16,金融（除く銀行）,6,TOPIX Small 1,8609.T
20260930,8613,丸三証券,プライム（内国株式）,7100,証券、商品先物取引業,16,金融（除く銀行）,6,TOPIX Small 1,8613.T
20260930,8614,東洋証券,プライム（内国株式）,7100,証券、商品先物取引業,16,金融（除く銀行）,7,TOPIX Small 2,8614.T
20260930,8616,東海東京フィナンシャル・ホールディングス,プライム（内国株式）,7100,証券、商品先物取引業,16,金融（除く銀行）,6,TOPIX Small 1,8616.T
20260930,8617,光世証券,スタンダード（内国株式）,7100,証券、商品先物取引業,16,金融（除く銀行）,-,-,8617.T
20260930,8622,水戸証券,プライム（内国株式）,7100,証券、商品先物取引業,16,金融（除く銀行）,7,TOPIX Small 2,8622.T
20260930,8624,いちよし証券,プライム（内国株式）,7100,証券、商品先物取引業,16,金融（除く銀行）,7,TOPIX Small 2,8624.T
20260930,8628,松井証券,プライム（内国株式）,7100,証券、商品先物取引業,16,金融（除く銀行）,6,TOPIX Small 1,8628.T
20260930,8630,ＳＯＭＰＯホールディングス,プライム（内国株式）,7150,保険業,16,金融（除く銀行）,2,TOPIX Large70,8630.T
20260930,8697,日本取引所グループ,プライム（内国株式）,7200,その他金融業,16,金融（除く銀行）,2,TOPIX Large70,8697.T
20260930,8698,マネックスグループ,プライム（内国株式）,7100,証券、商品先物取引業,16,金融（除く銀行）,6,TOPIX Small 1,8698.T
20260930,8699,ＨＳホールディングス,スタンダード（内国株式）,7100,証券、商品先物取引業,16,金融（除く銀行）,-,-,8699.T
20260930,8700,丸八証券,スタンダード（内国株式）,7100,証券、商品先物取引業,16,金融（除く銀行）,-,-,8700.T
20260930,8704,トレイダーズホールディングス,スタンダード（内国株式）,7100,証券、商品先物取引業,16,金融（除く銀行）,-,-,8704.T
20260930,8705,日産証券グループ,スタンダード（内国株式）,7100,証券、商品先物取引業,16,金融（除く銀行）,-,-,8705.T
20260930,8706,極東証券,プライム（内国株式）,7100,証券、商品先物取引業,16,金融（除く銀行）,6,TOPIX Small 1,8706.T
20260930,8707,岩井コスモホールディングス,プライム（内国株式）,7100,証券、商品先物取引業,16,金融（除く銀行）,6,TOPIX Small 1,8707.T
20260930,8708,アイザワ証券グループ,プライム（内国株式）,7100,証券、商品先物取引業,16,金融（除く銀行）,7,TOPIX Small 2,8708.T
20260930,8713,フィデアホールディングス,プライム（内国株式）,7050,銀行業,15,銀行,7,TOPIX Small 2,8713.T
20260930,8714,池田泉州ホールディングス,プライム（内国株式）,7050,銀行業,15,銀行,6,TOPIX Small 1,8714.T
20260930,8715,アニコム　ホールディングス,プライム（内国株式）,7150,保険業,16,金融（除く銀行）,6,TOPIX Small 1,8715.T
20260930,8725,ＭＳ＆ＡＤインシュアランスグループホールディングス,プライム（内国株式）,7150,保険業,16,金融（除く銀行）,2,TOPIX Large70,8725.T
20260930,8729,ソニーフィナンシャルグループ,プライム（内国株式）,7150,保険業,16,金融（除く銀行）,1,TOPIX Core30,8729.T
20260930,8737,あかつき本社,スタンダード（内国株式）,7100,証券、商品先物取引業,16,金融（除く銀行）,-,-,8737.T
20260930,8739,スパークス・グループ,プライム（内国株式）,7100,証券、商品先物取引業,16,金融（除く銀行）,7,TOPIX Small 2,8739.T
20260930,8742,小林洋行,スタンダード（内国株式）,7100,証券、商品先物取引業,16,金融（除く銀行）,-,-,8742.T
20260930,8746,ｕｎｂａｎｋｅｄ,スタンダード（内国株式）,7100,証券、商品先物取引業,16,金融（除く銀行）,-,-,8746.T
20260930,8747,豊トラスティ証券,スタンダード（内国株式）,7100,証券、商品先物取引業,16,金融（除く銀行）,-,-,8747.T
20260930,8750,第一ライフグループ,プライム（内国株式）,7150,保険業,16,金融（除く銀行）,2,TOPIX Large70,8750.T
20260930,8766,東京海上ホールディングス,プライム（内国株式）,7150,保険業,16,金融（除く銀行）,1,TOPIX Core30,8766.T
20260930,8769,アドバンテッジリスクマネジメント,スタンダード（内国株式）,9050,サービス業,10,情報通信・サービスその他,-,-,8769.T
20260930,8771,イー・ギャランティ,プライム（内国株式）,7200,その他金融業,16,金融（除く銀行）,6,TOPIX Small 1,8771.T
20260930,8772,アサックス,スタンダード（内国株式）,7200,その他金融業,16,金融（除く銀行）,-,-,8772.T
20260930,8783,ａｂｃ,スタンダード（内国株式）,7200,その他金融業,16,金融（除く銀行）,-,-,8783.T
20260930,8789,フィンテック　グローバル,スタンダード（内国株式）,7200,その他金融業,16,金融（除く銀行）,-,-,8789.T
20260930,8793,ＮＥＣキャピタルソリューション,プライム（内国株式）,7200,その他金融業,16,金融（除く銀行）,7,TOPIX Small 2,8793.T
20260930,8795,Ｔ＆Ｄホールディングス,プライム（内国株式）,7150,保険業,16,金融（除く銀行）,4,TOPIX Mid400,8795.T
20260930,8798,アドバンスクリエイト,プライム（内国株式）,7150,保険業,16,金融（除く銀行）,7,TOPIX Small 2,8798.T
20260930,8801,三井不動産,プライム（内国株式）,8050,不動産業,17,不動産,2,TOPIX Large70,8801.T
20260930,8802,三菱地所,プライム（内国株式）,8050,不動産業,17,不動産,2,TOPIX Large70,8802.T
20260930,8803,平和不動産,プライム（内国株式）,8050,不動産業,17,不動産,6,TOPIX Small 1,8803.T
20260930,8804,東京建物,プライム（内国株式）,8050,不動産業,17,不動産,4,TOPIX Mid400,8804.T
20260930,8818,京阪神ビルディング,プライム（内国株式）,8050,不動産業,17,不動産,7,TOPIX Small 2,8818.T
20260930,8830,住友不動産,プライム（内国株式）,8050,不動産業,17,不動産,2,TOPIX Large70,8830.T
20260930,8835,太平洋興発,スタンダード（内国株式）,6050,卸売業,13,商社・卸売,-,-,8835.T
20260930,8836,ＲＩＳＥ,スタンダード（内国株式）,8050,不動産業,17,不動産,-,-,8836.T
20260930,8841,テーオーシー,スタンダード（内国株式）,8050,不動産業,17,不動産,7,TOPIX Small 2,8841.T
20260930,8844,コスモスイニシア,スタンダード（内国株式）,8050,不動産業,17,不動産,-,-,8844.T
20260930,8848,レオパレス２１,プライム（内国株式）,8050,不動産業,17,不動産,6,TOPIX Small 1,8848.T
20260930,8850,スターツコーポレーション,プライム（内国株式）,8050,不動産業,17,不動産,6,TOPIX Small 1,8850.T
20260930,8860,フジ住宅,プライム（内国株式）,8050,不動産業,17,不動産,7,TOPIX Small 2,8860.T
20260930,8864,空港施設,スタンダード（内国株式）,8050,不動産業,17,不動産,7,TOPIX Small 2,8864.T
20260930,8869,明和地所,スタンダード（内国株式）,8050,不動産業,17,不動産,7,TOPIX Small 2,8869.T
20260930,8871,ゴールドクレスト,スタンダード（内国株式）,8050,不動産業,17,不動産,6,TOPIX Small 1,8871.T
20260930,8876,リログループ,プライム（内国株式）,9050,サービス業,10,情報通信・サービスその他,4,TOPIX Mid400,8876.T
20260930,8877,エスリード,プライム（内国株式）,8050,不動産業,17,不動産,7,TOPIX Small 2,8877.T
20260930,8881,日神グループホールディングス,プライム（内国株式）,8050,不動産業,17,不動産,7,TOPIX Small 2,8881.T
20260930,8887,シーラホールディングス,スタンダード（内国株式）,8050,不動産業,17,不動産,-,-,8887.T
20260930,8891,ＡＭＧホールディングス,スタンダード（内国株式）,8050,不動産業,17,不動産,-,-,8891.T
20260930,8892,エスコン,プライム（内国株式）,8050,不動産業,17,不動産,6,TOPIX Small 1,8892.T
20260930,8894,ＲＥＶＯＬＵＴＩＯＮ,スタンダード（内国株式）,8050,不動産業,17,不動産,-,-,8894.T
20260930,8897,ＭＩＲＡＲＴＨホールディングス,プライム（内国株式）,8050,不動産業,17,不動産,6,TOPIX Small 1,8897.T
20260930,8898,センチュリー２１・ジャパン,スタンダード（内国株式）,8050,不動産業,17,不動産,-,-,8898.T
20260930,8904,ＡＶＡＮＴＩＡ,スタンダード（内国株式）,8050,不動産業,17,不動産,-,-,8904.T
20260930,8908,毎日コムネット,スタンダード（内国株式）,8050,不動産業,17,不動産,-,-,8908.T
20260930,8912,エリアクエスト,スタンダード（内国株式）,8050,不動産業,17,不動産,-,-,8912.T
20260930,8914,エリアリンク,スタンダード（内国株式）,8050,不動産業,17,不動産,-,-,8914.T
20260930,8917,ファースト住建,スタンダード（内国株式）,8050,不動産業,17,不動産,-,-,8917.T
20260930,8918,ランド,スタンダード（内国株式）,8050,不動産業,17,不動産,7,TOPIX Small 2,8918.T
20260930,8919,カチタス,プライム（内国株式）,8050,不動産業,17,不動産,6,TOPIX Small 1,8919.T
20260930,8920,東祥,スタンダード（内国株式）,9050,サービス業,10,情報通信・サービスその他,7,TOPIX Small 2,8920.T
20260930,8921,シーズクリエイト,PRO Market,8050,不動産業,17,不動産,-,-,8921.T
20260930,8923,トーセイ,プライム（内国株式）,8050,不動産業,17,不動産,6,TOPIX Small 1,8923.T
20260930,8927,明豊エンタープライズ,スタンダード（内国株式）,8050,不動産業,17,不動産,-,-,8927.T
20260930,8928,穴吹興産,スタンダード（内国株式）,8050,不動産業,17,不動産,-,-,8928.T
20260930,8929,青山財産ネットワークス,スタンダード（内国株式）,8050,不動産業,17,不動産,-,-,8929.T
20260930,8931,和田興産,スタンダード（内国株式）,8050,不動産業,17,不動産,-,-,8931.T
20260930,8934,サンフロンティア不動産,プライム（内国株式）,8050,不動産業,17,不動産,6,TOPIX Small 1,8934.T
20260930,8935,ＦＪネクストホールディングス,プライム（内国株式）,8050,不動産業,17,不動産,7,TOPIX Small 2,8935.T
20260930,8938,グローム・ホールディングス,グロース（内国株式）,8050,不動産業,17,不動産,-,-,8938.T
20260930,8944,ランドビジネス,スタンダード（内国株式）,8050,不動産業,17,不動産,-,-,8944.T
20260930,8945,サンネクスタグループ,スタンダード（内国株式）,8050,不動産業,17,不動産,-,-,8945.T
20260930,8946,ＡＳＩＡＮ　ＳＴＡＲ,スタンダード（内国株式）,8050,不動産業,17,不動産,-,-,8946.T
20260930,8995,誠建設工業,スタンダード（内国株式）,8050,不動産業,17,不動産,-,-,8995.T
20260930,8996,ハウスフリーダム,スタンダード（内国株式）,8050,不動産業,17,不動産,-,-,8996.T
20260930,8999,グランディハウス,プライム（内国株式）,8050,不動産業,17,不動産,7,TOPIX Small 2,8999.T
20260930,9001,東武鉄道,プライム（内国株式）,5050,陸運業,12,運輸・物流,4,TOPIX Mid400,9001.T
20260930,9003,相鉄ホールディングス,プライム（内国株式）,5050,陸運業,12,運輸・物流,4,TOPIX Mid400,9003.T
20260930,9005,東急,プライム（内国株式）,5050,陸運業,12,運輸・物流,4,TOPIX Mid400,9005.T
20260930,9006,京浜急行電鉄,プライム（内国株式）,5050,陸運業,12,運輸・物流,4,TOPIX Mid400,9006.T
20260930,9007,小田急電鉄,プライム（内国株式）,5050,陸運業,12,運輸・物流,4,TOPIX Mid400,9007.T
20260930,9008,京王電鉄,プライム（内国株式）,5050,陸運業,12,運輸・物流,4,TOPIX Mid400,9008.T
20260930,9009,京成電鉄,プライム（内国株式）,5050,陸運業,12,運輸・物流,4,TOPIX Mid400,9009.T
20260930,9010,富士急行,プライム（内国株式）,5050,陸運業,12,運輸・物流,6,TOPIX Small 1,9010.T
20260930,9012,秩父鉄道,スタンダード（内国株式）,5050,陸運業,12,運輸・物流,-,-,9012.T
20260930,9017,新潟交通,スタンダード（内国株式）,5050,陸運業,12,運輸・物流,-,-,9017.T
20260930,9020,東日本旅客鉄道,プライム（内国株式）,5050,陸運業,12,運輸・物流,2,TOPIX Large70,9020.T
20260930,9021,西日本旅客鉄道,プライム（内国株式）,5050,陸運業,12,運輸・物流,2,TOPIX Large70,9021.T
20260930,9022,東海旅客鉄道,プライム（内国株式）,5050,陸運業,12,運輸・物流,2,TOPIX Large70,9022.T
20260930,9023,東京地下鉄,プライム（内国株式）,5050,陸運業,12,運輸・物流,4,TOPIX Mid400,9023.T
20260930,9024,西武ホールディングス,プライム（内国株式）,5050,陸運業,12,運輸・物流,4,TOPIX Mid400,9024.T
20260930,9025,鴻池運輸,プライム（内国株式）,5050,陸運業,12,運輸・物流,6,TOPIX Small 1,9025.T
20260930,9028,ゼロ,スタンダード（内国株式）,5050,陸運業,12,運輸・物流,-,-,9028.T
20260930,9029,ヒガシホールディングス,スタンダード（内国株式）,5050,陸運業,12,運輸・物流,-,-,9029.T
20260930,9031,西日本鉄道,プライム（内国株式）,5050,陸運業,12,運輸・物流,4,TOPIX Mid400,9031.T
20260930,9033,広島電鉄,スタンダード（内国株式）,5050,陸運業,12,運輸・物流,-,-,9033.T
20260930,9034,南総通運,スタンダード（内国株式）,5050,陸運業,12,運輸・物流,-,-,9034.T
20260930,9036,東部ネットワーク,スタンダード（内国株式）,5050,陸運業,12,運輸・物流,-,-,9036.T
20260930,9037,ハマキョウレックス,プライム（内国株式）,5050,陸運業,12,運輸・物流,6,TOPIX Small 1,9037.T
20260930,9039,サカイ引越センター,プライム（内国株式）,5050,陸運業,12,運輸・物流,6,TOPIX Small 1,9039.T
20260930,9041,近鉄グループホールディングス,プライム（内国株式）,5050,陸運業,12,運輸・物流,4,TOPIX Mid400,9041.T
20260930,9042,阪急阪神ホールディングス,プライム（内国株式）,5050,陸運業,12,運輸・物流,4,TOPIX Mid400,9042.T
20260930,9044,ＮＡＮＫＡＩ,プライム（内国株式）,5050,陸運業,12,運輸・物流,4,TOPIX Mid400,9044.T
20260930,9045,京阪ホールディングス,プライム（内国株式）,5050,陸運業,12,運輸・物流,4,TOPIX Mid400,9045.T
20260930,9046,神戸電鉄,スタンダード（内国株式）,5050,陸運業,12,運輸・物流,7,TOPIX Small 2,9046.T
20260930,9048,名古屋鉄道,プライム（内国株式）,5050,陸運業,12,運輸・物流,4,TOPIX Mid400,9048.T
20260930,9049,京福電気鉄道,スタンダード（内国株式）,5050,陸運業,12,運輸・物流,-,-,9049.T
20260930,9051,センコン物流,スタンダード（内国株式）,5050,陸運業,12,運輸・物流,-,-,9051.T
20260930,9052,山陽電気鉄道,プライム（内国株式）,5050,陸運業,12,運輸・物流,7,TOPIX Small 2,9052.T
20260930,9057,遠州トラック,スタンダード（内国株式）,5050,陸運業,12,運輸・物流,-,-,9057.T
20260930,9059,カンダホールディングス,スタンダード（内国株式）,5050,陸運業,12,運輸・物流,-,-,9059.T
20260930,9060,日本ロジテム,スタンダード（内国株式）,5050,陸運業,12,運輸・物流,-,-,9060.T
20260930,9063,岡山県貨物運送,スタンダード（内国株式）,5050,陸運業,12,運輸・物流,-,-,9063.T
20260930,9064,ヤマトホールディングス,プライム（内国株式）,5050,陸運業,12,運輸・物流,4,TOPIX Mid400,9064.T
20260930,9065,山九,プライム（内国株式）,5050,陸運業,12,運輸・物流,4,TOPIX Mid400,9065.T
20260930,9068,丸全昭和運輸,プライム（内国株式）,5050,陸運業,12,運輸・物流,6,TOPIX Small 1,9068.T
20260930,9069,センコーグループホールディングス,プライム（内国株式）,5050,陸運業,12,運輸・物流,4,TOPIX Mid400,9069.T
20260930,9072,ニッコンホールディングス,プライム（内国株式）,5050,陸運業,12,運輸・物流,4,TOPIX Mid400,9072.T
20260930,9073,京極運輸商事,スタンダード（内国株式）,5050,陸運業,12,運輸・物流,-,-,9073.T
20260930,9074,日本石油輸送,スタンダード（内国株式）,5050,陸運業,12,運輸・物流,-,-,9074.T
20260930,9075,福山通運,プライム（内国株式）,5050,陸運業,12,運輸・物流,6,TOPIX Small 1,9075.T
20260930,9076,セイノーホールディングス,プライム（内国株式）,5050,陸運業,12,運輸・物流,4,TOPIX Mid400,9076.T
20260930,9081,神奈川中央交通,プライム（内国株式）,5050,陸運業,12,運輸・物流,7,TOPIX Small 2,9081.T
20260930,9082,大和自動車交通,スタンダード（内国株式）,5050,陸運業,12,運輸・物流,-,-,9082.T
20260930,9083,神姫バス,スタンダード（内国株式）,5050,陸運業,12,運輸・物流,-,-,9083.T
20260930,9087,タカセ,スタンダード（内国株式）,5050,陸運業,12,運輸・物流,-,-,9087.T
20260930,9090,ＡＺ－ＣＯＭ丸和ホールディングス,プライム（内国株式）,5050,陸運業,12,運輸・物流,6,TOPIX Small 1,9090.T
20260930,9101,日本郵船,プライム（内国株式）,5100,海運業,12,運輸・物流,2,TOPIX Large70,9101.T
20260930,9104,商船三井,プライム（内国株式）,5100,海運業,12,運輸・物流,2,TOPIX Large70,9104.T
20260930,9107,川崎汽船,プライム（内国株式）,5100,海運業,12,運輸・物流,4,TOPIX Mid400,9107.T
20260930,9110,ＮＳユナイテッド海運,プライム（内国株式）,5100,海運業,12,運輸・物流,6,TOPIX Small 1,9110.T
20260930,9115,明海グループ,スタンダード（内国株式）,5100,海運業,12,運輸・物流,-,-,9115.T
20260930,9119,飯野海運,プライム（内国株式）,5100,海運業,12,運輸・物流,6,TOPIX Small 1,9119.T
20260930,9127,玉井商船,スタンダード（内国株式）,5100,海運業,12,運輸・物流,-,-,9127.T
20260930,9130,共栄タンカー,スタンダード（内国株式）,5100,海運業,12,運輸・物流,-,-,9130.T
20260930,9142,九州旅客鉄道,プライム（内国株式）,5050,陸運業,12,運輸・物流,4,TOPIX Mid400,9142.T
20260930,9143,ＳＧホールディングス,プライム（内国株式）,5050,陸運業,12,運輸・物流,4,TOPIX Mid400,9143.T
20260930,9145,ビーイングホールディングス,スタンダード（内国株式）,5050,陸運業,12,運輸・物流,-,-,9145.T
20260930,9146,五健堂ホールディングス,PRO Market,5050,陸運業,12,運輸・物流,-,-,9146.T
20260930,9147,ＮＩＰＰＯＮ　ＥＸＰＲＥＳＳホールディングス,プライム（内国株式）,5050,陸運業,12,運輸・物流,4,TOPIX Mid400,9147.T
20260930,9149,大友ロジスティクスサービス,PRO Market,5050,陸運業,12,運輸・物流,-,-,9149.T
20260930,9156,はなホールディングス,PRO Market,9050,サービス業,10,情報通信・サービスその他,-,-,9156.T
20260930,9158,シーユーシー,グロース（内国株式）,9050,サービス業,10,情報通信・サービスその他,-,-,9158.T
20260930,9159,Ｗ　ＴＯＫＹＯ,グロース（内国株式）,9050,サービス業,10,情報通信・サービスその他,-,-,9159.T
20260930,9160,オンザページ,スタンダード（内国株式）,9050,サービス業,10,情報通信・サービスその他,-,-,9160.T
20260930,9162,ブリーチ,グロース（内国株式）,9050,サービス業,10,情報通信・サービスその他,-,-,9162.T
20260930,9163,ナレルグループ,グロース（内国株式）,9050,サービス業,10,情報通信・サービスその他,-,-,9163.T
20260930,9165,クオルテック,グロース（内国株式）,9050,サービス業,10,情報通信・サービスその他,-,-,9165.T
20260930,9166,ＧＥＮＤＡ,グロース（内国株式）,9050,サービス業,10,情報通信・サービスその他,-,-,9166.T
20260930,9168,ライズ・コンサルティング・グループ,グロース（内国株式）,9050,サービス業,10,情報通信・サービスその他,-,-,9168.T
20260930,9169,大伸社,PRO Market,9050,サービス業,10,情報通信・サービスその他,-,-,9169.T
20260930,9171,栗林商船,スタンダード（内国株式）,5100,海運業,12,運輸・物流,-,-,9171.T
20260930,9173,東海汽船,スタンダード（内国株式）,5100,海運業,12,運輸・物流,-,-,9173.T
20260930,9193,東京汽船,スタンダード（内国株式）,5200,倉庫・運輸関連業,12,運輸・物流,-,-,9193.T
20260930,9201,日本航空,プライム（内国株式）,5150,空運業,12,運輸・物流,4,TOPIX Mid400,9201.T
20260930,9202,ＡＮＡホールディングス,プライム（内国株式）,5150,空運業,12,運輸・物流,2,TOPIX Large70,9202.T
20260930,9204,スカイマーク,グロース（内国株式）,5150,空運業,12,運輸・物流,-,-,9204.T
20260930,9206,スターフライヤー,スタンダード（内国株式）,5150,空運業,12,運輸・物流,-,-,9206.T
20260930,9211,エフ・コード,グロース（内国株式）,9050,サービス業,10,情報通信・サービスその他,-,-,9211.T
20260930,9212,Ｇｒｅｅｎ　Ｅａｒｔｈ　Ｉｎｓｔｉｔｕｔｅ,スタンダード（内国株式）,9050,サービス業,10,情報通信・サービスその他,-,-,9212.T
20260930,9213,セイファート,スタンダード（内国株式）,9050,サービス業,10,情報通信・サービスその他,-,-,9213.T
20260930,9214,Ｒｅｃｏｖｅｒｙ　Ｉｎｔｅｒｎａｔｉｏｎａｌ,グロース（内国株式）,9050,サービス業,10,情報通信・サービスその他,-,-,9214.T
20260930,9215,ＣａＳｙ,グロース（内国株式）,9050,サービス業,10,情報通信・サービスその他,-,-,9215.T
20260930,9216,ビーウィズ,プライム（内国株式）,9050,サービス業,10,情報通信・サービスその他,7,TOPIX Small 2,9216.T
20260930,9218,メンタルヘルステクノロジーズ,グロース（内国株式）,9050,サービス業,10,情報通信・サービスその他,-,-,9218.T
20260930,9219,ギックス,グロース（内国株式）,9050,サービス業,10,情報通信・サービスその他,-,-,9219.T
20260930,9220,エフビー介護サービス,スタンダード（内国株式）,9050,サービス業,10,情報通信・サービスその他,-,-,9220.T
20260930,9221,フルハシＥＰＯ,スタンダード（内国株式）,9050,サービス業,10,情報通信・サービスその他,-,-,9221.T
20260930,9222,ｍａｎａｂｙ,PRO Market,9050,サービス業,10,情報通信・サービスその他,-,-,9222.T
20260930,9225,ブリッジコンサルティンググループ,グロース（内国株式）,9050,サービス業,10,情報通信・サービスその他,-,-,9225.T
20260930,9226,アイガー,PRO Market,9050,サービス業,10,情報通信・サービスその他,-,-,9226.T
20260930,9227,マイクロ波化学,グロース（内国株式）,9050,サービス業,10,情報通信・サービスその他,-,-,9227.T
20260930,9229,サンウェルズ,プライム（内国株式）,9050,サービス業,10,情報通信・サービスその他,7,TOPIX Small 2,9229.T
20260930,9233,アジア航測,スタンダード（内国株式）,5150,空運業,12,運輸・物流,-,-,9233.T
20260930,9235,売れるネット広告社グループ,グロース（内国株式）,9050,サービス業,10,情報通信・サービスその他,-,-,9235.T
20260930,9236,ジャパンＭ＆Ａソリューション,グロース（内国株式）,9050,サービス業,10,情報通信・サービスその他,-,-,9236.T
20260930,9237,笑美面,グロース（内国株式）,9050,サービス業,10,情報通信・サービスその他,-,-,9237.T
20260930,9238,バリュークリエーション,グロース（内国株式）,9050,サービス業,10,情報通信・サービスその他,-,-,9238.T
20260930,9239,ケーイーティ,PRO Market,9050,サービス業,10,情報通信・サービスその他,-,-,9239.T
20260930,9240,デリバリーコンサルティング,グロース（内国株式）,9050,サービス業,10,情報通信・サービスその他,-,-,9240.T
20260930,9241,フューチャーリンクネットワーク,グロース（内国株式）,9050,サービス業,10,情報通信・サービスその他,-,-,9241.T
20260930,9242,メディア総研,グロース（内国株式）,9050,サービス業,10,情報通信・サービスその他,-,-,9242.T
20260930,9243,富士テクノホールディングス,PRO Market,9050,サービス業,10,情報通信・サービスその他,-,-,9243.T
20260930,9244,デジタリフト,グロース（内国株式）,9050,サービス業,10,情報通信・サービスその他,-,-,9244.T
20260930,9245,リベロ,グロース（内国株式）,9050,サービス業,10,情報通信・サービスその他,-,-,9245.T
20260930,9246,プロジェクトホールディングス,グロース（内国株式）,9050,サービス業,10,情報通信・サービスその他,-,-,9246.T
20260930,9247,ＴＲＥホールディングス,プライム（内国株式）,9050,サービス業,10,情報通信・サービスその他,6,TOPIX Small 1,9247.T
20260930,9248,人・夢・技術グループ,スタンダード（内国株式）,9050,サービス業,10,情報通信・サービスその他,7,TOPIX Small 2,9248.T
20260930,9249,日本エコシステム,スタンダード（内国株式）,9050,サービス業,10,情報通信・サービスその他,-,-,9249.T
20260930,9250,ＧＲＣＳ,グロース（内国株式）,9050,サービス業,10,情報通信・サービスその他,-,-,9250.T
20260930,9251,ＡＢ＆Ｃｏｍｐａｎｙ,グロース（内国株式）,9050,サービス業,10,情報通信・サービスその他,-,-,9251.T
20260930,9252,ラストワンマイル,グロース（内国株式）,9050,サービス業,10,情報通信・サービスその他,-,-,9252.T
20260930,9253,スローガン,グロース（内国株式）,9050,サービス業,10,情報通信・サービスその他,-,-,9253.T
20260930,9254,ラバブルマーケティンググループ,グロース（内国株式）,9050,サービス業,10,情報通信・サービスその他,-,-,9254.T
20260930,9256,サクシード,グロース（内国株式）,9050,サービス業,10,情報通信・サービスその他,-,-,9256.T
20260930,9257,ＹＣＰホールディングス（グローバル）リミテッド　ＪＤＲ,グロース（外国株式）,9050,サービス業,10,情報通信・サービスその他,-,-,9257.T
20260930,9258,ＣＳ－Ｃ,グロース（内国株式）,9050,サービス業,10,情報通信・サービスその他,-,-,9258.T
20260930,9259,タカヨシホールディングス,グロース（内国株式）,9050,サービス業,10,情報通信・サービスその他,-,-,9259.T
20260930,9262,シルバーライフ,スタンダード（内国株式）,6100,小売業,14,小売,7,TOPIX Small 2,9262.T
20260930,9264,ポエック,スタンダード（内国株式）,6050,卸売業,13,商社・卸売,-,-,9264.T
20260930,9265,ヤマシタヘルスケアホールディングス,スタンダード（内国株式）,6050,卸売業,13,商社・卸売,-,-,9265.T
20260930,9267,Ｇｅｎｋｙ　ＤｒｕｇＳｔｏｒｅｓ,プライム（内国株式）,6100,小売業,14,小売,6,TOPIX Small 1,9267.T
20260930,9268,オプティマスグループ,スタンダード（内国株式）,6050,卸売業,13,商社・卸売,-,-,9268.T
20260930,9270,バリュエンスホールディングス,グロース（内国株式）,6050,卸売業,13,商社・卸売,-,-,9270.T
20260930,9271,和心,グロース（内国株式）,6100,小売業,14,小売,-,-,9271.T
20260930,9272,ブティックス,グロース（内国株式）,9050,サービス業,10,情報通信・サービスその他,-,-,9272.T
20260930,9273,コーア商事ホールディングス,プライム（内国株式）,6050,卸売業,13,商社・卸売,7,TOPIX Small 2,9273.T
20260930,9274,ＫＰＰグループホールディングス,プライム（内国株式）,6050,卸売業,13,商社・卸売,6,TOPIX Small 1,9274.T
20260930,9278,ブックオフグループホールディングス,プライム（内国株式）,6100,小売業,14,小売,7,TOPIX Small 2,9278.T
20260930,9279,ギフトホールディングス,プライム（内国株式）,6100,小売業,14,小売,7,TOPIX Small 2,9279.T
20260930,9301,三菱倉庫,プライム（内国株式）,5200,倉庫・運輸関連業,12,運輸・物流,4,TOPIX Mid400,9301.T
20260930,9302,三井倉庫ホールディングス,プライム（内国株式）,5200,倉庫・運輸関連業,12,運輸・物流,4,TOPIX Mid400,9302.T
20260930,9303,住友倉庫,プライム（内国株式）,5200,倉庫・運輸関連業,12,運輸・物流,6,TOPIX Small 1,9303.T
20260930,9304,澁澤倉庫,プライム（内国株式）,5200,倉庫・運輸関連業,12,運輸・物流,7,TOPIX Small 2,9304.T
20260930,9305,ヤマタネ,プライム（内国株式）,6050,卸売業,13,商社・卸売,7,TOPIX Small 2,9305.T
20260930,9306,東陽倉庫,スタンダード（内国株式）,5200,倉庫・運輸関連業,12,運輸・物流,-,-,9306.T
20260930,9307,杉村倉庫,スタンダード（内国株式）,5200,倉庫・運輸関連業,12,運輸・物流,-,-,9307.T
20260930,9308,乾汽船,スタンダード（内国株式）,5100,海運業,12,運輸・物流,7,TOPIX Small 2,9308.T
20260930,9310,日本トランスシティ,プライム（内国株式）,5200,倉庫・運輸関連業,12,運輸・物流,7,TOPIX Small 2,9310.T
20260930,9311,アサガミ,スタンダード（内国株式）,5200,倉庫・運輸関連業,12,運輸・物流,-,-,9311.T
20260930,9312,ケイヒン,スタンダード（内国株式）,5200,倉庫・運輸関連業,12,運輸・物流,-,-,9312.T
20260930,9313,丸八倉庫,スタンダード（内国株式）,5200,倉庫・運輸関連業,12,運輸・物流,-,-,9313.T
20260930,9319,中央倉庫,プライム（内国株式）,5200,倉庫・運輸関連業,12,運輸・物流,7,TOPIX Small 2,9319.T
20260930,9322,川西倉庫,スタンダード（内国株式）,5200,倉庫・運輸関連業,12,運輸・物流,-,-,9322.T
20260930,9324,安田倉庫,プライム（内国株式）,5200,倉庫・運輸関連業,12,運輸・物流,7,TOPIX Small 2,9324.T
20260930,9325,ファイズホールディングス,スタンダード（内国株式）,5200,倉庫・運輸関連業,12,運輸・物流,-,-,9325.T
20260930,9326,関通ホールディングス,グロース（内国株式）,5200,倉庫・運輸関連業,12,運輸・物流,-,-,9326.T
20260930,9327,イー・ロジット,スタンダード（内国株式）,5200,倉庫・運輸関連業,12,運輸・物流,-,-,9327.T
20260930,9330,揚羽,グロース（内国株式）,9050,サービス業,10,情報通信・サービスその他,-,-,9330.T
20260930,9331,キャスター,グロース（内国株式）,9050,サービス業,10,情報通信・サービスその他,-,-,9331.T
20260930,9332,ＮＩＳＳＯホールディングス,プライム（内国株式）,9050,サービス業,10,情報通信・サービスその他,7,TOPIX Small 2,9332.T
20260930,9334,アイビスホールディングス,PRO Market,9050,サービス業,10,情報通信・サービスその他,-,-,9334.T
20260930,9335,テクノクリエイティブ,PRO Market,9050,サービス業,10,情報通信・サービスその他,-,-,9335.T
20260930,9336,大栄環境,プライム（内国株式）,9050,サービス業,10,情報通信・サービスその他,6,TOPIX Small 1,9336.T
20260930,9337,トリドリ,グロース（内国株式）,9050,サービス業,10,情報通信・サービスその他,-,-,9337.T
20260930,9339,コーチ・エィ,スタンダード（内国株式）,9050,サービス業,10,情報通信・サービスその他,-,-,9339.T
20260930,9340,アソインターナショナル,スタンダード（内国株式）,9050,サービス業,10,情報通信・サービスその他,-,-,9340.T
20260930,9341,ＧＥＮＯＶＡ,プライム（内国株式）,9050,サービス業,10,情報通信・サービスその他,7,TOPIX Small 2,9341.T
20260930,9342,スマサポ,グロース（内国株式）,9050,サービス業,10,情報通信・サービスその他,-,-,9342.T
20260930,9343,アイビス,グロース（内国株式）,9050,サービス業,10,情報通信・サービスその他,-,-,9343.T
20260930,9344,アクシスコンサルティング,グロース（内国株式）,9050,サービス業,10,情報通信・サービスその他,-,-,9344.T
20260930,9345,ビズメイツ,グロース（内国株式）,9050,サービス業,10,情報通信・サービスその他,-,-,9345.T
20260930,9346,ココルポート,グロース（内国株式）,9050,サービス業,10,情報通信・サービスその他,-,-,9346.T
20260930,9347,日本管財ホールディングス,プライム（内国株式）,9050,サービス業,10,情報通信・サービスその他,7,TOPIX Small 2,9347.T
20260930,9348,ｉｓｐａｃｅ,グロース（内国株式）,9050,サービス業,10,情報通信・サービスその他,-,-,9348.T
20260930,9351,東洋埠頭,スタンダード（内国株式）,5200,倉庫・運輸関連業,12,運輸・物流,-,-,9351.T
20260930,9353,櫻島埠頭,スタンダード（内国株式）,5200,倉庫・運輸関連業,12,運輸・物流,-,-,9353.T
20260930,9355,リンコーコーポレーション,スタンダード（内国株式）,5200,倉庫・運輸関連業,12,運輸・物流,-,-,9355.T
20260930,9360,鈴与シンワート,スタンダード（内国株式）,5250,情報・通信業,10,情報通信・サービスその他,-,-,9360.T
20260930,9361,伏木海陸運送,スタンダード（内国株式）,5200,倉庫・運輸関連業,12,運輸・物流,-,-,9361.T
20260930,9362,兵機海運,スタンダード（内国株式）,5200,倉庫・運輸関連業,12,運輸・物流,-,-,9362.T
20260930,9363,大運,スタンダード（内国株式）,5200,倉庫・運輸関連業,12,運輸・物流,-,-,9363.T
20260930,9364,上組,プライム（内国株式）,5200,倉庫・運輸関連業,12,運輸・物流,4,TOPIX Mid400,9364.T
20260930,9365,トレーディア,スタンダード（内国株式）,5200,倉庫・運輸関連業,12,運輸・物流,-,-,9365.T
20260930,9366,サンリツ,スタンダード（内国株式）,5200,倉庫・運輸関連業,12,運輸・物流,-,-,9366.T
20260930,9367,大東港運,スタンダード（内国株式）,5200,倉庫・運輸関連業,12,運輸・物流,-,-,9367.T
20260930,9368,キムラユニティー,スタンダード（内国株式）,5200,倉庫・運輸関連業,12,運輸・物流,-,-,9368.T
20260930,9369,キユーソー流通システム,スタンダード（内国株式）,5200,倉庫・運輸関連業,12,運輸・物流,7,TOPIX Small 2,9369.T
20260930,9376,ユーラシア旅行社,スタンダード（内国株式）,9050,サービス業,10,情報通信・サービスその他,-,-,9376.T
20260930,9380,東海運,スタンダード（内国株式）,5200,倉庫・運輸関連業,12,運輸・物流,-,-,9380.T
20260930,9381,エーアイテイー,プライム（内国株式）,5200,倉庫・運輸関連業,12,運輸・物流,7,TOPIX Small 2,9381.T
20260930,9385,ショーエイコーポレーション,スタンダード（内国株式）,3200,化学,4,素材・化学,-,-,9385.T
20260930,9399,ビート・ホールディングス・リミテッド,スタンダード（外国株式）,5250,情報・通信業,10,情報通信・サービスその他,-,-,9399.T
20260930,9401,ＴＢＳホールディングス,プライム（内国株式）,5250,情報・通信業,10,情報通信・サービスその他,4,TOPIX Mid400,9401.T
20260930,9404,日本テレビホールディングス,プライム（内国株式）,5250,情報・通信業,10,情報通信・サービスその他,4,TOPIX Mid400,9404.T
20260930,9405,朝日放送グループホールディングス,プライム（内国株式）,5250,情報・通信業,10,情報通信・サービスその他,7,TOPIX Small 2,9405.T
20260930,9408,ＢＳＮメディアホールディングス,スタンダード（内国株式）,5250,情報・通信業,10,情報通信・サービスその他,-,-,9408.T
20260930,9409,テレビ朝日ホールディングス,プライム（内国株式）,5250,情報・通信業,10,情報通信・サービスその他,6,TOPIX Small 1,9409.T
20260930,9412,スカパーＪＳＡＴ,プライム（内国株式）,5250,情報・通信業,10,情報通信・サービスその他,6,TOPIX Small 1,9412.T
20260930,9413,テレビ東京ホールディングス,プライム（内国株式）,5250,情報・通信業,10,情報通信・サービスその他,6,TOPIX Small 1,9413.T
20260930,9414,日本ＢＳ放送,スタンダード（内国株式）,5250,情報・通信業,10,情報通信・サービスその他,-,-,9414.T
20260930,9416,ビジョン,プライム（内国株式）,5250,情報・通信業,10,情報通信・サービスその他,6,TOPIX Small 1,9416.T
20260930,9417,スマートバリュー,スタンダード（内国株式）,5250,情報・通信業,10,情報通信・サービスその他,-,-,9417.T
20260930,9418,Ｕ－ＮＥＸＴ　ＨＯＬＤＩＮＧＳ,プライム（内国株式）,5250,情報・通信業,10,情報通信・サービスその他,6,TOPIX Small 1,9418.T
20260930,9419,ワイヤレスゲート,スタンダード（内国株式）,5250,情報・通信業,10,情報通信・サービスその他,-,-,9419.T
20260930,9421,エヌジェイホールディングス,スタンダード（内国株式）,5250,情報・通信業,10,情報通信・サービスその他,-,-,9421.T
20260930,9423,フォーバル・リアルストレート,スタンダード（内国株式）,5250,情報・通信業,10,情報通信・サービスその他,-,-,9423.T
20260930,9424,日本通信,プライム（内国株式）,5250,情報・通信業,10,情報通信・サービスその他,7,TOPIX Small 2,9424.T
20260930,9425,ＲｅＹｕｕ　Ｊａｐａｎ,スタンダード（内国株式）,5250,情報・通信業,10,情報通信・サービスその他,-,-,9425.T
20260930,9428,クロップス,スタンダード（内国株式）,5250,情報・通信業,10,情報通信・サービスその他,-,-,9428.T
20260930,9432,ＮＴＴ,プライム（内国株式）,5250,情報・通信業,10,情報通信・サービスその他,1,TOPIX Core30,9432.T
20260930,9433,ＫＤＤＩ,プライム（内国株式）,5250,情報・通信業,10,情報通信・サービスその他,1,TOPIX Core30,9433.T
20260930,9434,ソフトバンク,プライム（内国株式）,5250,情報・通信業,10,情報通信・サービスその他,1,TOPIX Core30,9434.T
20260930,9435,光通信,プライム（内国株式）,5250,情報・通信業,10,情報通信・サービスその他,4,TOPIX Mid400,9435.T
20260930,9436,沖縄セルラー電話,スタンダード（内国株式）,5250,情報・通信業,10,情報通信・サービスその他,-,-,9436.T
20260930,9438,エムティーアイ,プライム（内国株式）,5250,情報・通信業,10,情報通信・サービスその他,7,TOPIX Small 2,9438.T
20260930,9439,エム・エイチ・グループ,スタンダード（内国株式）,9050,サービス業,10,情報通信・サービスその他,-,-,9439.T
20260930,9441,ベルパーク,スタンダード（内国株式）,5250,情報・通信業,10,情報通信・サービスその他,-,-,9441.T
20260930,9444,トーシンホールディングス,スタンダード（内国株式）,5250,情報・通信業,10,情報通信・サービスその他,-,-,9444.T
20260930,9445,フォーバルテレコム,スタンダード（内国株式）,5250,情報・通信業,10,情報通信・サービスその他,-,-,9445.T
20260930,9446,サカイホールディングス,スタンダード（内国株式）,5250,情報・通信業,10,情報通信・サービスその他,-,-,9446.T
20260930,9449,ＧＭＯインターネットグループ,プライム（内国株式）,5250,情報・通信業,10,情報通信・サービスその他,4,TOPIX Mid400,9449.T
20260930,9450,ファイバーゲート,スタンダード（内国株式）,5250,情報・通信業,10,情報通信・サービスその他,7,TOPIX Small 2,9450.T
20260930,9466,アイドママーケティングコミュニケーション,スタンダード（内国株式）,5250,情報・通信業,10,情報通信・サービスその他,-,-,9466.T
20260930,9467,アルファポリス,グロース（内国株式）,5250,情報・通信業,10,情報通信・サービスその他,-,-,9467.T
20260930,9468,ＫＡＤＯＫＡＷＡ,プライム（内国株式）,5250,情報・通信業,10,情報通信・サービスその他,4,TOPIX Mid400,9468.T
20260930,9470,学研ホールディングス,プライム（内国株式）,5250,情報・通信業,10,情報通信・サービスその他,7,TOPIX Small 2,9470.T
20260930,9474,ゼンリン,プライム（内国株式）,5250,情報・通信業,10,情報通信・サービスその他,7,TOPIX Small 2,9474.T
20260930,9475,昭文社ホールディングス,スタンダード（内国株式）,5250,情報・通信業,10,情報通信・サービスその他,-,-,9475.T
20260930,9476,中央経済社ホールディングス,スタンダード（内国株式）,5250,情報・通信業,10,情報通信・サービスその他,-,-,9476.T
20260930,9478,ＳＥホールディングス・アンド・インキュベーションズ,スタンダード（内国株式）,5250,情報・通信業,10,情報通信・サービスその他,-,-,9478.T
20260930,9501,東京電力ホールディングス,プライム（内国株式）,4050,電気・ガス業,11,電力・ガス,4,TOPIX Mid400,9501.T
20260930,9502,中部電力,プライム（内国株式）,4050,電気・ガス業,11,電力・ガス,4,TOPIX Mid400,9502.T
20260930,9503,関西電力,プライム（内国株式）,4050,電気・ガス業,11,電力・ガス,4,TOPIX Mid400,9503.T
20260930,9504,中国電力,プライム（内国株式）,4050,電気・ガス業,11,電力・ガス,4,TOPIX Mid400,9504.T
20260930,9505,北陸電力,プライム（内国株式）,4050,電気・ガス業,11,電力・ガス,4,TOPIX Mid400,9505.T
20260930,9506,東北電力,プライム（内国株式）,4050,電気・ガス業,11,電力・ガス,4,TOPIX Mid400,9506.T
20260930,9507,四国電力,プライム（内国株式）,4050,電気・ガス業,11,電力・ガス,4,TOPIX Mid400,9507.T
20260930,9509,北海道電力,プライム（内国株式）,4050,電気・ガス業,11,電力・ガス,4,TOPIX Mid400,9509.T
20260930,9511,沖縄電力,プライム（内国株式）,4050,電気・ガス業,11,電力・ガス,6,TOPIX Small 1,9511.T
20260930,9513,電源開発,プライム（内国株式）,4050,電気・ガス業,11,電力・ガス,4,TOPIX Mid400,9513.T
20260930,9514,エフオン,スタンダード（内国株式）,4050,電気・ガス業,11,電力・ガス,7,TOPIX Small 2,9514.T
20260930,9517,イーレックス,プライム（内国株式）,4050,電気・ガス業,11,電力・ガス,7,TOPIX Small 2,9517.T
20260930,9519,レノバ,プライム（内国株式）,4050,電気・ガス業,11,電力・ガス,6,TOPIX Small 1,9519.T
20260930,9531,東京瓦斯,プライム（内国株式）,4050,電気・ガス業,11,電力・ガス,4,TOPIX Mid400,9531.T
20260930,9532,大阪瓦斯,プライム（内国株式）,4050,電気・ガス業,11,電力・ガス,4,TOPIX Mid400,9532.T
20260930,9533,東邦瓦斯,プライム（内国株式）,4050,電気・ガス業,11,電力・ガス,4,TOPIX Mid400,9533.T
20260930,9534,北海道瓦斯,プライム（内国株式）,4050,電気・ガス業,11,電力・ガス,7,TOPIX Small 2,9534.T
20260930,9535,広島ガス,プライム（内国株式）,4050,電気・ガス業,11,電力・ガス,7,TOPIX Small 2,9535.T
20260930,9536,西部ガスホールディングス,プライム（内国株式）,4050,電気・ガス業,11,電力・ガス,7,TOPIX Small 2,9536.T
20260930,9537,北陸瓦斯,スタンダード（内国株式）,4050,電気・ガス業,11,電力・ガス,-,-,9537.T
20260930,9539,京葉瓦斯,スタンダード（内国株式）,4050,電気・ガス業,11,電力・ガス,-,-,9539.T
20260930,9543,静岡ガス,プライム（内国株式）,4050,電気・ガス業,11,電力・ガス,6,TOPIX Small 1,9543.T
20260930,9551,メタウォーター,プライム（内国株式）,4050,電気・ガス業,11,電力・ガス,6,TOPIX Small 1,9551.T
20260930,9552,クオンツ総研ホールディングス,プライム（内国株式）,9050,サービス業,10,情報通信・サービスその他,6,TOPIX Small 1,9552.T
20260930,9553,マイクロアド,グロース（内国株式）,9050,サービス業,10,情報通信・サービスその他,-,-,9553.T
20260930,9554,ＡＶｉＣ,グロース（内国株式）,9050,サービス業,10,情報通信・サービスその他,-,-,9554.T
20260930,9556,ＩＮＴＬＯＯＰ,グロース（内国株式）,9050,サービス業,10,情報通信・サービスその他,-,-,9556.T
20260930,9557,エアークローゼット,グロース（内国株式）,9050,サービス業,10,情報通信・サービスその他,-,-,9557.T
20260930,9558,ジャパニアス,グロース（内国株式）,9050,サービス業,10,情報通信・サービスその他,-,-,9558.T
20260930,9560,プログリット,グロース（内国株式）,9050,サービス業,10,情報通信・サービスその他,-,-,9560.T
20260930,9561,グラッドキューブ,グロース（内国株式）,9050,サービス業,10,情報通信・サービスその他,-,-,9561.T
20260930,9562,ビジネスコーチ,グロース（内国株式）,9050,サービス業,10,情報通信・サービスその他,-,-,9562.T
20260930,9563,Ａｔｌａｓ　Ｔｅｃｈｎｏｌｏｇｉｅｓ,グロース（内国株式）,9050,サービス業,10,情報通信・サービスその他,-,-,9563.T
20260930,9564,ＦＣＥ,スタンダード（内国株式）,9050,サービス業,10,情報通信・サービスその他,-,-,9564.T
20260930,9565,ＧＬＯＥ,グロース（内国株式）,9050,サービス業,10,情報通信・サービスその他,-,-,9565.T
20260930,9601,松竹,プライム（内国株式）,5250,情報・通信業,10,情報通信・サービスその他,6,TOPIX Small 1,9601.T
20260930,9602,東宝,プライム（内国株式）,5250,情報・通信業,10,情報通信・サービスその他,4,TOPIX Mid400,9602.T
20260930,9603,エイチ・アイ・エス,プライム（内国株式）,9050,サービス業,10,情報通信・サービスその他,6,TOPIX Small 1,9603.T
20260930,9605,東映,プライム（内国株式）,5250,情報・通信業,10,情報通信・サービスその他,6,TOPIX Small 1,9605.T
20260930,9610,ウィルソン・ラーニング　ワールドワイド,スタンダード（内国株式）,9050,サービス業,10,情報通信・サービスその他,-,-,9610.T
20260930,9612,ラックランド,プライム（内国株式）,9050,サービス業,10,情報通信・サービスその他,7,TOPIX Small 2,9612.T
20260930,9616,共立メンテナンス,プライム（内国株式）,9050,サービス業,10,情報通信・サービスその他,4,TOPIX Mid400,9616.T
20260930,9619,イチネンホールディングス,プライム（内国株式）,9050,サービス業,10,情報通信・サービスその他,7,TOPIX Small 2,9619.T
20260930,9621,建設技術研究所,プライム（内国株式）,9050,サービス業,10,情報通信・サービスその他,6,TOPIX Small 1,9621.T
20260930,9622,スペース,プライム（内国株式）,9050,サービス業,10,情報通信・サービスその他,7,TOPIX Small 2,9622.T
20260930,9625,セレスポ,スタンダード（内国株式）,9050,サービス業,10,情報通信・サービスその他,-,-,9625.T
20260930,9627,アインホールディングス,プライム（内国株式）,6100,小売業,14,小売,4,TOPIX Mid400,9627.T
20260930,9628,燦ホールディングス,プライム（内国株式）,9050,サービス業,10,情報通信・サービスその他,7,TOPIX Small 2,9628.T
20260930,9629,ピー・シー・エー,プライム（内国株式）,5250,情報・通信業,10,情報通信・サービスその他,7,TOPIX Small 2,9629.T
20260930,9632,スバル興業,スタンダード（内国株式）,9050,サービス業,10,情報通信・サービスその他,7,TOPIX Small 2,9632.T
20260930,9633,東京テアトル,スタンダード（内国株式）,8050,不動産業,17,不動産,-,-,9633.T
20260930,9635,武蔵野興業,スタンダード（内国株式）,9050,サービス業,10,情報通信・サービスその他,-,-,9635.T
20260930,9636,きんえい,スタンダード（内国株式）,9050,サービス業,10,情報通信・サービスその他,-,-,9636.T
20260930,9639,三協フロンテア,スタンダード（内国株式）,9050,サービス業,10,情報通信・サービスその他,-,-,9639.T
20260930,9640,セゾンテクノロジー,スタンダード（内国株式）,5250,情報・通信業,10,情報通信・サービスその他,-,-,9640.T
20260930,9644,タナベコンサルティンググループ,プライム（内国株式）,9050,サービス業,10,情報通信・サービスその他,7,TOPIX Small 2,9644.T
20260930,9647,協和コンサルタンツ,スタンダード（内国株式）,9050,サービス業,10,情報通信・サービスその他,-,-,9647.T
20260930,9651,日本プロセス,スタンダード（内国株式）,5250,情報・通信業,10,情報通信・サービスその他,-,-,9651.T
20260930,9656,グリーンランドリゾート,スタンダード（内国株式）,9050,サービス業,10,情報通信・サービスその他,-,-,9656.T
20260930,9658,ビジネスブレイン太田昭和,プライム（内国株式）,5250,情報・通信業,10,情報通信・サービスその他,7,TOPIX Small 2,9658.T
20260930,9661,歌舞伎座,スタンダード（内国株式）,9050,サービス業,10,情報通信・サービスその他,-,-,9661.T
20260930,9663,ナガワ,プライム（内国株式）,9050,サービス業,10,情報通信・サービスその他,7,TOPIX Small 2,9663.T
20260930,9672,東京都競馬,プライム（内国株式）,9050,サービス業,10,情報通信・サービスその他,6,TOPIX Small 1,9672.T
20260930,9678,カナモト,プライム（内国株式）,9050,サービス業,10,情報通信・サービスその他,6,TOPIX Small 1,9678.T
20260930,9679,ホウライ,スタンダード（内国株式）,9050,サービス業,10,情報通信・サービスその他,-,-,9679.T
20260930,9682,ＤＴＳ,プライム（内国株式）,5250,情報・通信業,10,情報通信・サービスその他,6,TOPIX Small 1,9682.T
20260930,9684,スクウェア・エニックス・ホールディングス,プライム（内国株式）,5250,情報・通信業,10,情報通信・サービスその他,4,TOPIX Mid400,9684.T
20260930,9685,ＫＹＣＯＭホールディングス,スタンダード（内国株式）,5250,情報・通信業,10,情報通信・サービスその他,-,-,9685.T
20260930,9686,東洋テック,スタンダード（内国株式）,9050,サービス業,10,情報通信・サービスその他,-,-,9686.T
20260930,9687,ＫＳＫ,スタンダード（内国株式）,5250,情報・通信業,10,情報通信・サービスその他,-,-,9687.T
20260930,9691,両毛システムズ,スタンダード（内国株式）,5250,情報・通信業,10,情報通信・サービスその他,-,-,9691.T
20260930,9692,シーイーシー,プライム（内国株式）,5250,情報・通信業,10,情報通信・サービスその他,6,TOPIX Small 1,9692.T
20260930,9697,カプコン,プライム（内国株式）,5250,情報・通信業,10,情報通信・サービスその他,4,TOPIX Mid400,9697.T
20260930,9698,クレオ,スタンダード（内国株式）,5250,情報・通信業,10,情報通信・サービスその他,-,-,9698.T
20260930,9699,ニシオホールディングス,プライム（内国株式）,9050,サービス業,10,情報通信・サービスその他,6,TOPIX Small 1,9699.T
20260930,9701,東京會舘,スタンダード（内国株式）,9050,サービス業,10,情報通信・サービスその他,-,-,9701.T
20260930,9702,アイ・エス・ビー,プライム（内国株式）,5250,情報・通信業,10,情報通信・サービスその他,7,TOPIX Small 2,9702.T
20260930,9704,アゴーラ　ホスピタリティー　グループ,スタンダード（内国株式）,9050,サービス業,10,情報通信・サービスその他,-,-,9704.T
20260930,9706,日本空港ビルデング,プライム（内国株式）,8050,不動産業,17,不動産,4,TOPIX Mid400,9706.T
20260930,9708,帝国ホテル,スタンダード（内国株式）,9050,サービス業,10,情報通信・サービスその他,-,-,9708.T
20260930,9709,ＮＣＳ＆Ａ,スタンダード（内国株式）,5250,情報・通信業,10,情報通信・サービスその他,-,-,9709.T
20260930,9713,ロイヤルホテル,スタンダード（内国株式）,9050,サービス業,10,情報通信・サービスその他,-,-,9713.T
20260930,9715,トランス・コスモス,プライム（内国株式）,9050,サービス業,10,情報通信・サービスその他,6,TOPIX Small 1,9715.T
20260930,9716,乃村工藝社,プライム（内国株式）,9050,サービス業,10,情報通信・サービスその他,6,TOPIX Small 1,9716.T
20260930,9720,ホテル、ニューグランド,スタンダード（内国株式）,9050,サービス業,10,情報通信・サービスその他,-,-,9720.T
20260930,9722,藤田観光,プライム（内国株式）,9050,サービス業,10,情報通信・サービスその他,6,TOPIX Small 1,9722.T
20260930,9723,京都ホテル,スタンダード（内国株式）,9050,サービス業,10,情報通信・サービスその他,-,-,9723.T
20260930,9726,ＫＮＴ－ＣＴホールディングス,スタンダード（内国株式）,9050,サービス業,10,情報通信・サービスその他,7,TOPIX Small 2,9726.T
20260930,9729,トーカイ,プライム（内国株式）,9050,サービス業,10,情報通信・サービスその他,7,TOPIX Small 2,9729.T
20260930,9731,白洋舎,スタンダード（内国株式）,9050,サービス業,10,情報通信・サービスその他,-,-,9731.T
20260930,9733,ナガセ,スタンダード（内国株式）,9050,サービス業,10,情報通信・サービスその他,-,-,9733.T
20260930,9735,セコム,プライム（内国株式）,9050,サービス業,10,情報通信・サービスその他,2,TOPIX Large70,9735.T
20260930,9739,ＮＳＷ,プライム（内国株式）,5250,情報・通信業,10,情報通信・サービスその他,7,TOPIX Small 2,9739.T
20260930,9740,セントラル警備保障,プライム（内国株式）,9050,サービス業,10,情報通信・サービスその他,7,TOPIX Small 2,9740.T
20260930,9742,アイネス,プライム（内国株式）,5250,情報・通信業,10,情報通信・サービスその他,7,TOPIX Small 2,9742.T
20260930,9743,丹青社,プライム（内国株式）,9050,サービス業,10,情報通信・サービスその他,6,TOPIX Small 1,9743.T
20260930,9744,メイテックグループホールディングス,プライム（内国株式）,9050,サービス業,10,情報通信・サービスその他,4,TOPIX Mid400,9744.T
20260930,9746,ＴＫＣ,プライム（内国株式）,5250,情報・通信業,10,情報通信・サービスその他,6,TOPIX Small 1,9746.T
20260930,9753,アイエックス・ナレッジ,スタンダード（内国株式）,5250,情報・通信業,10,情報通信・サービスその他,-,-,9753.T
20260930,9755,応用地質,プライム（内国株式）,9050,サービス業,10,情報通信・サービスその他,7,TOPIX Small 2,9755.T
20260930,9757,船井総研ホールディングス,プライム（内国株式）,9050,サービス業,10,情報通信・サービスその他,6,TOPIX Small 1,9757.T
20260930,9759,ＮＳＤ,プライム（内国株式）,5250,情報・通信業,10,情報通信・サービスその他,4,TOPIX Mid400,9759.T
20260930,9760,進学会ホールディングス,スタンダード（内国株式）,9050,サービス業,10,情報通信・サービスその他,-,-,9760.T
20260930,9761,東海リース,スタンダード（内国株式）,9050,サービス業,10,情報通信・サービスその他,-,-,9761.T
20260930,9763,丸建リース,スタンダード（内国株式）,6050,卸売業,13,商社・卸売,-,-,9763.T
20260930,9765,オオバ,プライム（内国株式）,9050,サービス業,10,情報通信・サービスその他,-,-,9765.T
20260930,9766,コナミグループ,プライム（内国株式）,5250,情報・通信業,10,情報通信・サービスその他,4,TOPIX Mid400,9766.T
20260930,9767,日建工学,スタンダード（内国株式）,9050,サービス業,10,情報通信・サービスその他,-,-,9767.T
20260930,9768,いであ,スタンダード（内国株式）,9050,サービス業,10,情報通信・サービスその他,-,-,9768.T
20260930,9769,学究社,プライム（内国株式）,9050,サービス業,10,情報通信・サービスその他,7,TOPIX Small 2,9769.T
20260930,9778,昴,スタンダード（内国株式）,9050,サービス業,10,情報通信・サービスその他,-,-,9778.T
20260930,9780,ハリマビステム,スタンダード（内国株式）,9050,サービス業,10,情報通信・サービスその他,-,-,9780.T
20260930,9782,ディーエムエス,スタンダード（内国株式）,9050,サービス業,10,情報通信・サービスその他,-,-,9782.T
20260930,9788,ナック,プライム（内国株式）,9050,サービス業,10,情報通信・サービスその他,7,TOPIX Small 2,9788.T
20260930,9790,福井コンピュータホールディングス,プライム（内国株式）,5250,情報・通信業,10,情報通信・サービスその他,7,TOPIX Small 2,9790.T
20260930,9791,ビケンテクノ,スタンダード（内国株式）,9050,サービス業,10,情報通信・サービスその他,-,-,9791.T
20260930,9793,ダイセキ,プライム（内国株式）,9050,サービス業,10,情報通信・サービスその他,6,TOPIX Small 1,9793.T
20260930,9795,ステップ,プライム（内国株式）,9050,サービス業,10,情報通信・サービスその他,7,TOPIX Small 2,9795.T
20260930,9799,旭情報サービス,スタンダード（内国株式）,5250,情報・通信業,10,情報通信・サービスその他,-,-,9799.T
20260930,9812,テーオーホールディングス,スタンダード（内国株式）,6100,小売業,14,小売,-,-,9812.T
20260930,9816,ストライダーズ,スタンダード（内国株式）,8050,不動産業,17,不動産,-,-,9816.T
20260930,9818,大丸エナウィン,スタンダード（内国株式）,6050,卸売業,13,商社・卸売,-,-,9818.T
20260930,9820,エムティジェネックス,スタンダード（内国株式）,8050,不動産業,17,不動産,-,-,9820.T
20260930,9823,マミーマートホールディングス,スタンダード（内国株式）,6100,小売業,14,小売,-,-,9823.T
20260930,9824,泉州電業,プライム（内国株式）,6050,卸売業,13,商社・卸売,6,TOPIX Small 1,9824.T
20260930,9827,リリカラ,スタンダード（内国株式）,6050,卸売業,13,商社・卸売,-,-,9827.T
20260930,9828,Ｇｅｎｋｉ　Ｇｌｏｂａｌ　Ｄｉｎｉｎｇ　Ｃｏｎｃｅｐｔｓ,スタンダード（内国株式）,6100,小売業,14,小売,6,TOPIX Small 1,9828.T
20260930,9830,トラスコ中山,プライム（内国株式）,6050,卸売業,13,商社・卸売,6,TOPIX Small 1,9830.T
20260930,9831,ヤマダホールディングス,プライム（内国株式）,6100,小売業,14,小売,4,TOPIX Mid400,9831.T
20260930,9832,オートバックスセブン,プライム（内国株式）,6050,卸売業,13,商社・卸売,6,TOPIX Small 1,9832.T
20260930,9835,ジュンテンドー,スタンダード（内国株式）,6100,小売業,14,小売,-,-,9835.T
20260930,9837,モリト,プライム（内国株式）,6050,卸売業,13,商社・卸売,7,TOPIX Small 2,9837.T
20260930,9842,アークランズ,プライム（内国株式）,6100,小売業,14,小売,6,TOPIX Small 1,9842.T
20260930,9843,ニトリホールディングス,プライム（内国株式）,6100,小売業,14,小売,4,TOPIX Mid400,9843.T
20260930,9845,パーカーコーポレーション,スタンダード（内国株式）,3200,化学,4,素材・化学,-,-,9845.T
20260930,9846,天満屋ストア,スタンダード（内国株式）,6100,小売業,14,小売,-,-,9846.T
20260930,9849,共同紙販ホールディングス,スタンダード（内国株式）,6050,卸売業,13,商社・卸売,-,-,9849.T
20260930,9850,グルメ杵屋,プライム（内国株式）,6100,小売業,14,小売,7,TOPIX Small 2,9850.T
20260930,9853,銀座ルノアール,スタンダード（内国株式）,6100,小売業,14,小売,-,-,9853.T
20260930,9854,愛眼,スタンダード（内国株式）,6100,小売業,14,小売,-,-,9854.T
20260930,9856,ケーユーホールディングス,スタンダード（内国株式）,6100,小売業,14,小売,7,TOPIX Small 2,9856.T
20260930,9857,英和,スタンダード（内国株式）,6050,卸売業,13,商社・卸売,-,-,9857.T
20260930,9861,吉野家ホールディングス,プライム（内国株式）,6100,小売業,14,小売,4,TOPIX Mid400,9861.T
20260930,9867,ソレキア,スタンダード（内国株式）,6050,卸売業,13,商社・卸売,-,-,9867.T
20260930,9869,加藤産業,プライム（内国株式）,6050,卸売業,13,商社・卸売,6,TOPIX Small 1,9869.T
20260930,9872,北恵,スタンダード（内国株式）,6050,卸売業,13,商社・卸売,-,-,9872.T
20260930,9876,コックス,スタンダード（内国株式）,6100,小売業,14,小売,-,-,9876.T
20260930,9878,セキド,スタンダード（内国株式）,6100,小売業,14,小売,-,-,9878.T
20260930,9880,イノテック,プライム（内国株式）,3650,電気機器,9,電機・精密,7,TOPIX Small 2,9880.T
20260930,9882,イエローハット,プライム（内国株式）,6050,卸売業,13,商社・卸売,6,TOPIX Small 1,9882.T
20260930,9885,シャルレ,スタンダード（内国株式）,6050,卸売業,13,商社・卸売,-,-,9885.T
20260930,9887,松屋フーズホールディングス,プライム（内国株式）,6100,小売業,14,小売,6,TOPIX Small 1,9887.T
20260930,9888,ＵＥＸ,スタンダード（内国株式）,6050,卸売業,13,商社・卸売,-,-,9888.T
20260930,9889,ＪＢＣＣホールディングス,プライム（内国株式）,5250,情報・通信業,10,情報通信・サービスその他,6,TOPIX Small 1,9889.T
20260930,9890,マキヤ,スタンダード（内国株式）,6100,小売業,14,小売,-,-,9890.T
20260930,9895,コンセック,スタンダード（内国株式）,6050,卸売業,13,商社・卸売,-,-,9895.T
20260930,9896,ＪＫホールディングス,スタンダード（内国株式）,6050,卸売業,13,商社・卸売,7,TOPIX Small 2,9896.T
20260930,9900,サガミホールディングス,プライム（内国株式）,6100,小売業,14,小売,6,TOPIX Small 1,9900.T
20260930,9902,日伝,プライム（内国株式）,6050,卸売業,13,商社・卸売,7,TOPIX Small 2,9902.T
20260930,9903,カンセキ,スタンダード（内国株式）,6100,小売業,14,小売,-,-,9903.T
20260930,9904,ベリテ,スタンダード（内国株式）,6100,小売業,14,小売,-,-,9904.T
20260930,9906,藤井産業,スタンダード（内国株式）,6050,卸売業,13,商社・卸売,-,-,9906.T
20260930,9908,日本電計,スタンダード（内国株式）,6050,卸売業,13,商社・卸売,-,-,9908.T
20260930,9913,日邦産業,スタンダード（内国株式）,6050,卸売業,13,商社・卸売,-,-,9913.T
20260930,9928,ミロク情報サービス,プライム（内国株式）,5250,情報・通信業,10,情報通信・サービスその他,7,TOPIX Small 2,9928.T
20260930,9929,平和紙業,スタンダード（内国株式）,6050,卸売業,13,商社・卸売,-,-,9929.T
20260930,9930,北沢産業,スタンダード（内国株式）,6050,卸売業,13,商社・卸売,-,-,9930.T
20260930,9932,杉本商事,プライム（内国株式）,6050,卸売業,13,商社・卸売,7,TOPIX Small 2,9932.T
20260930,9934,因幡電機産業,プライム（内国株式）,6050,卸売業,13,商社・卸売,4,TOPIX Mid400,9934.T
20260930,9936,王将フードサービス,プライム（内国株式）,6100,小売業,14,小売,6,TOPIX Small 1,9936.T
20260930,9941,太洋物産,スタンダード（内国株式）,6050,卸売業,13,商社・卸売,-,-,9941.T
20260930,9946,ミニストップ,プライム（内国株式）,6100,小売業,14,小売,7,TOPIX Small 2,9946.T
20260930,9948,アークス,プライム（内国株式）,6100,小売業,14,小売,6,TOPIX Small 1,9948.T
20260930,9950,ハチバン,スタンダード（内国株式）,6100,小売業,14,小売,-,-,9950.T
20260930,9955,ヨンキュウ,スタンダード（内国株式）,6050,卸売業,13,商社・卸売,-,-,9955.T
20260930,9956,バローホールディングス,プライム（内国株式）,6100,小売業,14,小売,6,TOPIX Small 1,9956.T
20260930,9959,アシードホールディングス,スタンダード（内国株式）,6100,小売業,14,小売,-,-,9959.T
20260930,9960,東テク,プライム（内国株式）,6050,卸売業,13,商社・卸売,6,TOPIX Small 1,9960.T
20260930,9962,ミスミグループ本社,プライム（内国株式）,6050,卸売業,13,商社・卸売,4,TOPIX Mid400,9962.T
20260930,9969,ショクブン,スタンダード（内国株式）,6100,小売業,14,小売,-,-,9969.T
20260930,9972,アルテック,スタンダード（内国株式）,6050,卸売業,13,商社・卸売,-,-,9972.T
20260930,9973,ＫＯＺＯホールディングス,スタンダード（内国株式）,6100,小売業,14,小売,-,-,9973.T
20260930,9974,ベルク,プライム（内国株式）,6100,小売業,14,小売,6,TOPIX Small 1,9974.T
20260930,9976,セキチュー,スタンダード（内国株式）,6100,小売業,14,小売,-,-,9976.T
20260930,9978,文教堂グループホールディングス,スタンダード（内国株式）,6100,小売業,14,小売,-,-,9978.T
20260930,9979,大庄,スタンダード（内国株式）,6100,小売業,14,小売,7,TOPIX Small 2,9979.T
20260930,9980,ＭＲＫホールディングス,スタンダード（内国株式）,6100,小売業,14,小売,-,-,9980.T
20260930,9982,タキヒヨー,スタンダード（内国株式）,6050,卸売業,13,商社・卸売,-,-,9982.T
20260930,9983,ファーストリテイリング,プライム（内国株式）,6100,小売業,14,小売,1,TOPIX Core30,9983.T
20260930,9984,ソフトバンクグループ,プライム（内国株式）,5250,情報・通信業,10,情報通信・サービスその他,1,TOPIX Core30,9984.T
20260930,9986,蔵王産業,スタンダード（内国株式）,6050,卸売業,13,商社・卸売,-,-,9986.T
20260930,9987,スズケン,プライム（内国株式）,6050,卸売業,13,商社・卸売,4,TOPIX Mid400,9987.T
20260930,9989,サンドラッグ,プライム（内国株式）,6100,小売業,14,小売,4,TOPIX Mid400,9989.T
20260930,9990,サックスバー　ホールディングス,プライム（内国株式）,6100,小売業,14,小売,7,TOPIX Small 2,9990.T
20260930,9991,ジェコス,プライム（内国株式）,6050,卸売業,13,商社・卸売,7,TOPIX Small 2,9991.T
20260930,9993,ヤマザワ,スタンダード（内国株式）,6100,小売業,14,小売,-,-,9993.T
20260930,9994,やまや,スタンダード（内国株式）,6100,小売業,14,小売,-,-,9994.T
20260930,9996,サトー商会,スタンダード（内国株式）,6050,卸売業,13,商社・卸売,-,-,9996.T
20260930,9997,ベルーナ,プライム（内国株式）,6100,小売業,14,小売,6,TOPIX Small 1,9997.T
20260930,3670,協立情報通信,スタンダード（内国株式）,5250,情報・通信業,10,情報通信・サービスその他,-,-,3670.T
